# frame	rmsd_ca_A	rg_ca_A	end_to_end_A	n_residues	n_atoms	pct_helix	pct_strand	ss_string	cluster_id
0	8.653	9.746	30.407	10	135	0.0	80.0	CEEEEEEEEC	1
1	8.550	9.702	29.933	10	135	0.0	70.0	CEEEECEEEC	1
2	7.684	9.143	28.083	10	135	0.0	70.0	CEEEEECEEC	1
3	7.428	8.924	27.245	10	135	0.0	50.0	CCECCEEEEC	1
4	7.038	8.728	25.217	10	135	0.0	80.0	CEEEEEEEEC	1
5	6.809	8.649	24.024	10	135	0.0	80.0	CEEEEEEEEC	1
6	7.279	8.893	27.142	10	135	0.0	60.0	CEEEEECCEC	1
7	7.435	8.773	26.503	10	135	0.0	70.0	CEEEEECEEC	1
8	7.493	8.971	27.350	10	135	0.0	70.0	CEEEEECEEC	1
9	7.208	8.904	26.633	10	135	0.0	70.0	CEEEEECEEC	1
10	7.485	8.966	27.500	10	135	0.0	60.0	CEEEEECCEC	1
11	6.912	8.703	26.299	10	135	0.0	70.0	CEEEEECEEC	1
12	6.982	8.710	26.473	10	135	0.0	50.0	CCCEEECEEC	1
13	6.529	8.414	25.178	10	135	0.0	60.0	CEECEECEEC	1
14	5.618	8.079	20.682	10	135	0.0	60.0	CEEEECCEEC	3
15	5.169	7.819	18.443	10	135	10.0	50.0	CEECEEHECC	3
16	6.932	8.728	25.827	10	135	0.0	80.0	CEEEEEEEEC	1
17	7.264	8.615	26.237	10	135	0.0	60.0	CECECEEEEC	1
18	7.570	8.731	27.339	10	135	0.0	70.0	CEEECEEEEC	1
19	7.368	8.334	25.531	10	135	0.0	60.0	CECECEEEEC	1
20	4.217	6.414	14.393	10	135	0.0	60.0	CECECEEEEC	0
21	3.931	6.368	13.546	10	135	0.0	40.0	CCCECECEEC	0
22	3.877	6.113	10.924	10	135	0.0	20.0	CECCCECCCC	0
23	3.565	6.018	11.518	10	135	0.0	50.0	CCCECEEEEC	0
24	5.657	7.721	23.268	10	135	10.0	60.0	CEEEHEEECC	4
25	6.175	7.956	24.365	10	135	0.0	60.0	CEEECEEECC	4
26	3.952	6.318	9.969	10	135	10.0	50.0	CEEEECHECC	0
27	4.343	6.643	12.386	10	135	10.0	50.0	CEEEECHECC	0
28	4.397	6.382	12.276	10	135	10.0	40.0	CEECECHECC	0
29	4.305	6.538	12.084	10	135	10.0	60.0	CEEEECHEEC	0
30	4.481	6.780	13.066	10	135	10.0	10.0	CCCCECHCCC	0
31	4.595	6.847	13.957	10	135	10.0	50.0	CEEEECHECC	0
32	3.202	5.790	9.926	10	135	0.0	40.0	CECECCECEC	0
33	3.179	5.651	9.706	10	135	0.0	30.0	CECCCECECC	0
34	6.793	8.924	26.310	10	135	0.0	70.0	CEECEEEEEC	1
35	7.184	9.151	27.862	10	135	0.0	80.0	CEEEEEEEEC	1
36	3.992	5.710	13.024	10	135	0.0	30.0	CECCCECCEC	0
37	3.727	5.734	13.130	10	135	0.0	30.0	CCCECEECCC	0
38	4.243	6.738	12.924	10	135	10.0	60.0	CEEEEEHECC	0
39	4.054	6.563	11.797	10	135	10.0	30.0	CECEECHCCC	0
40	3.854	6.358	10.494	10	135	10.0	60.0	CEEEEEHECC	0
41	4.086	6.526	11.514	10	135	10.0	60.0	CEEEEEHECC	0
42	5.677	7.490	20.224	10	135	10.0	40.0	CCECCHEEEC	5
43	5.741	7.776	20.953	10	135	10.0	50.0	CECECHEEEC	5
44	4.312	6.672	13.078	10	135	10.0	40.0	CECCEEHECC	0
45	3.699	6.442	10.134	10	135	0.0	50.0	CEECEECECC	0
46	3.967	6.583	10.826	10	135	0.0	60.0	CEEEEECECC	0
47	3.828	6.581	10.667	10	135	0.0	60.0	CEEEEECECC	0
48	6.650	8.110	24.896	10	135	0.0	60.0	CEEECCEEEC	1
49	7.015	8.361	26.197	10	135	0.0	60.0	CEEEECCEEC	1
50	4.478	6.992	13.972	10	135	0.0	50.0	CEECEECECC	0
51	4.358	6.788	12.923	10	135	0.0	50.0	CEEECECECC	0
52	4.490	6.718	12.773	10	135	0.0	40.0	CEECCECECC	0
53	4.775	6.690	14.925	10	135	0.0	30.0	CEECCECCCC	0
54	4.881	6.756	14.376	10	135	0.0	30.0	CCEECECCCC	0
55	4.527	6.687	13.535	10	135	0.0	50.0	CEEECECECC	0
56	6.678	8.331	25.815	10	135	0.0	60.0	CEEECECEEC	1
57	6.640	8.464	26.057	10	135	0.0	60.0	CEEEEECECC	1
58	7.363	8.900	27.709	10	135	0.0	80.0	CEEEEEEEEC	1
59	6.985	8.595	26.530	10	135	0.0	60.0	CCEEEEECEC	1
60	3.419	5.899	9.984	10	135	0.0	60.0	CEEECECEEC	0
61	3.396	5.887	8.845	10	135	0.0	60.0	CEEECECEEC	0
62	3.446	5.521	7.122	10	135	0.0	40.0	CEECCECCEC	0
63	3.636	5.590	7.478	10	135	10.0	50.0	CEEEHECCEC	0
64	3.656	5.656	8.158	10	135	0.0	50.0	CEEECECCEC	0
65	3.348	5.620	7.285	10	135	0.0	60.0	CEEECECEEC	0
66	5.980	8.153	24.080	10	135	0.0	70.0	CEEEEECEEC	1
67	6.024	8.203	24.091	10	135	0.0	70.0	CCEEEEEEEC	1
68	3.426	5.552	7.456	10	135	0.0	50.0	CEEECECCEC	0
69	3.402	5.671	7.651	10	135	0.0	50.0	CEEECECCEC	0
70	4.770	7.388	19.287	10	135	0.0	60.0	CEEECCEEEC	1
71	5.367	7.727	22.019	10	135	0.0	60.0	CEEECECEEC	1
72	3.175	6.057	13.296	10	135	20.0	20.0	CEEHCCCHCC	0
73	3.059	5.978	13.114	10	135	20.0	40.0	CEEHEECHCC	0
74	2.988	5.981	12.990	10	135	20.0	40.0	CEEHEECHCC	0
75	3.140	6.073	13.769	10	135	20.0	30.0	CEEHECCHCC	0
76	3.600	5.919	9.241	10	135	10.0	50.0	CCEEHECEEC	0
77	3.379	6.051	9.427	10	135	0.0	60.0	CEEECECEEC	0
78	3.883	6.218	12.145	10	135	10.0	40.0	CEEECCHECC	0
79	4.025	6.357	12.951	10	135	10.0	50.0	CEEECEHECC	0
80	4.093	6.169	13.118	10	135	10.0	30.0	CEECCEHCCC	0
81	4.420	6.418	14.580	10	135	0.0	20.0	CCECCCCECC	0
82	3.482	6.562	13.937	10	135	20.0	20.0	CCEHECCHCC	0
83	3.375	6.359	11.070	10	135	10.0	40.0	CEECEECHCC	0
84	3.524	5.793	9.860	10	135	0.0	40.0	CEEECECCCC	0
85	3.623	5.900	10.254	10	135	0.0	50.0	CEEECECECC	0
86	3.381	5.712	8.448	10	135	0.0	40.0	CEEECECCCC	0
87	3.760	6.042	11.757	10	135	10.0	40.0	CEEEHECCCC	0
88	3.833	6.094	12.230	10	135	10.0	30.0	CCEECECCHC	0
89	3.811	6.021	11.537	10	135	0.0	40.0	CEEECECCCC	0
90	4.275	6.268	12.254	10	135	0.0	50.0	CEEECECECC	0
91	4.175	6.107	11.901	10	135	0.0	40.0	CEEECCCECC	0
92	3.487	5.749	9.479	10	135	10.0	50.0	CEEEHECECC	0
93	3.413	5.622	8.938	10	135	10.0	50.0	CEEEHECECC	0
94	3.550	5.922	9.920	10	135	0.0	30.0	CCEECECCCC	0
95	3.512	5.858	9.835	10	135	10.0	40.0	CEEEHECCCC	0
96	4.630	6.519	15.139	10	135	10.0	30.0	CEECHECCCC	0
97	4.318	6.348	14.215	10	135	0.0	30.0	CEECCECCCC	0
98	4.301	6.405	12.854	10	135	0.0	20.0	CEECCCCCCC	0
99	4.463	6.691	13.557	10	135	0.0	40.0	CEEECECCCC	0
100	4.443	6.625	12.709	10	135	0.0	30.0	CEECCECCCC	0
101	4.518	6.745	13.250	10	135	0.0	40.0	CEECCEECCC	0
102	4.431	6.726	13.164	10	135	0.0	50.0	CEEECEECCC	0
103	4.185	6.674	12.012	10	135	0.0	40.0	CEECCEECCC	0
104	4.630	6.908	14.083	10	135	0.0	50.0	CEEECEECCC	0
105	4.363	6.845	13.248	10	135	0.0	40.0	CEEECCECCC	0
106	4.725	6.410	14.366	10	135	0.0	40.0	CEEECECCCC	0
107	4.749	6.450	15.739	10	135	10.0	40.0	CEEEHECCCC	0
108	4.148	6.323	13.154	10	135	20.0	30.0	CEEEHCHCCC	0
109	3.660	6.021	10.232	10	135	10.0	30.0	CEECCCHECC	0
110	3.742	6.013	10.807	10	135	10.0	50.0	CEEECEHECC	0
111	4.008	6.165	12.075	10	135	20.0	50.0	CEEEHEHECC	0
112	3.888	6.206	12.186	10	135	10.0	40.0	CCEECEHECC	0
113	3.784	6.093	11.307	10	135	10.0	40.0	CEEECCHECC	0
114	4.949	6.912	15.976	10	135	0.0	50.0	CEEECECECC	0
115	5.016	7.083	17.809	10	135	10.0	30.0	CCEECECCHC	0
116	5.105	7.013	18.540	10	135	10.0	40.0	CEEECECCHC	0
117	4.929	6.801	17.367	10	135	20.0	30.0	CEECHECCHC	0
118	3.699	6.175	11.043	10	135	10.0	50.0	CEEECEHECC	0
119	3.550	6.038	10.100	10	135	10.0	50.0	CCEEEEHECC	0
120	4.185	6.330	11.093	10	135	10.0	60.0	CEEEEEHECC	0
121	3.884	6.097	9.351	10	135	10.0	40.0	CECECEHECC	0
122	4.747	6.911	16.273	10	135	10.0	40.0	CEEECECCHC	0
123	4.899	7.054	16.384	10	135	10.0	30.0	CEEECCCCHC	0
124	4.900	7.038	16.584	10	135	10.0	50.0	CEEECECEHC	0
125	4.691	6.896	15.479	10	135	10.0	40.0	CEEECCCEHC	0
126	2.654	5.441	9.151	10	135	0.0	10.0	CCCCCECCCC	0
127	2.728	5.251	9.289	10	135	10.0	20.0	CCCCCECEHC	0
128	4.865	6.914	16.715	10	135	10.0	40.0	CEECCECEHC	0
129	4.828	6.800	16.046	10	135	10.0	30.0	CEECCECCHC	0
130	2.789	5.409	10.587	10	135	0.0	30.0	CCCECECECC	0
131	2.901	5.507	11.657	10	135	10.0	10.0	CCCECCCCHC	0
132	2.746	5.547	12.122	10	135	10.0	10.0	CCCCCECCHC	0
133	2.688	5.431	11.390	10	135	10.0	20.0	CCCCCECEHC	0
134	4.792	6.352	13.168	10	135	0.0	40.0	CEEECECCCC	0
135	4.977	6.598	15.754	10	135	0.0	40.0	CEECCECECC	0
136	2.343	5.166	5.478	10	135	0.0	40.0	CEEECECCCC	2
137	2.383	5.215	6.189	10	135	0.0	30.0	CEEECCCCCC	2
138	2.692	5.517	9.787	10	135	10.0	0.0	CCCCCCCCHC	0
139	2.661	5.334	9.295	10	135	10.0	30.0	CCCEEECCHC	0
140	2.690	5.469	10.590	10	135	10.0	20.0	CCCECECCHC	0
141	2.655	5.505	9.839	10	135	0.0	20.0	CCCECECCCC	0
142	2.772	5.422	11.321	10	135	10.0	30.0	CCCECECEHC	0
143	2.703	5.441	10.085	10	135	10.0	20.0	CCCECCCEHC	0
144	4.162	5.660	11.353	10	135	10.0	30.0	CEEEHCCCCC	0
145	4.034	5.612	10.919	10	135	0.0	40.0	CEEECCECCC	0
146	4.140	5.828	11.395	10	135	0.0	30.0	CECECCECCC	0
147	4.386	5.936	13.857	10	135	0.0	40.0	CEEECCECCC	0
148	2.408	5.051	5.417	10	135	0.0	30.0	CEEECCCCCC	2
149	2.438	5.250	6.300	10	135	0.0	30.0	CEEECCCCCC	2
150	4.450	6.147	14.835	10	135	0.0	30.0	CEEECCCCCC	0
151	4.448	6.105	15.429	10	135	0.0	40.0	CEEECCECCC	0
152	5.025	7.385	18.326	10	135	10.0	60.0	CEEEEEHECC	0
153	4.919	7.291	17.530	10	135	10.0	50.0	CEEEECHECC	0
154	3.451	5.865	12.129	10	135	10.0	30.0	CEECHECCCC	0
155	3.879	6.124	12.704	10	135	0.0	40.0	CEEECECCCC	0
156	3.582	6.538	11.857	10	135	10.0	50.0	CEEEECHECC	0
157	3.877	6.560	11.127	10	135	10.0	60.0	CEEEEEHECC	0
158	3.136	5.556	9.631	10	135	0.0	40.0	CEEECECCCC	0
159	3.501	5.866	11.149	10	135	0.0	30.0	CCCECECECC	0
160	3.338	5.716	10.189	10	135	0.0	40.0	CEECCECECC	0
161	3.017	5.738	9.669	10	135	0.0	50.0	CEEECECECC	0
162	4.264	6.822	14.312	10	135	10.0	60.0	CEEEEEHECC	0
163	4.197	6.827	13.400	10	135	10.0	60.0	CEEEEEHECC	0
164	3.105	5.874	9.689	10	135	10.0	40.0	CEEEHECCCC	0
165	3.409	5.902	11.848	10	135	20.0	40.0	CEECHECEHC	0
166	3.501	5.984	11.035	10	135	0.0	40.0	CEEECECCCC	0
167	3.312	5.776	10.452	10	135	10.0	50.0	CEEEHECECC	0
168	2.481	5.282	8.339	10	135	0.0	30.0	CCCEEECCCC	0
169	2.591	5.358	8.772	10	135	10.0	10.0	CECCCCCCHC	0
170	3.261	6.009	10.239	10	135	20.0	50.0	CEEEHECEHC	0
171	3.219	5.850	9.826	10	135	0.0	40.0	CEEECECCCC	0
172	3.238	5.661	8.224	10	135	0.0	40.0	CEEECECCCC	0
173	3.291	5.792	10.719	10	135	20.0	40.0	CCEEHECEHC	0
174	3.248	5.602	8.971	10	135	10.0	30.0	CCEEHECCCC	0
175	3.141	5.654	8.077	10	135	20.0	40.0	CCEEHECEHC	0
176	2.493	5.285	9.115	10	135	10.0	30.0	CCCECECEHC	0
177	2.387	5.376	8.432	10	135	10.0	20.0	CECCCCCEHC	0
178	2.618	5.385	8.726	10	135	0.0	10.0	CCCCCCCECC	0
179	2.866	5.502	11.528	10	135	10.0	20.0	CCCCCECEHC	0
180	3.437	6.464	12.818	10	135	10.0	50.0	CEEEEEHCCC	0
181	3.686	6.439	12.351	10	135	10.0	50.0	CEEEEEHCCC	0
182	3.091	5.539	7.110	10	135	0.0	40.0	CEEECECCCC	0
183	3.247	5.691	8.525	10	135	10.0	40.0	CEEEHECCCC	0
184	3.383	6.028	10.118	10	135	10.0	50.0	CEEEHECECC	0
185	3.397	5.797	8.396	10	135	0.0	50.0	CEEECECECC	0
186	4.274	6.405	11.978	10	135	0.0	40.0	CEEECECCCC	0
187	4.600	6.641	13.805	10	135	0.0	20.0	CEECCCCCCC	0
188	3.381	5.611	8.667	10	135	10.0	40.0	CEEEHECCCC	0
189	3.607	5.633	8.985	10	135	0.0	40.0	CCEECECECC	0
190	2.950	5.644	8.582	10	135	0.0	30.0	CCCEEECCCC	0
191	2.950	5.509	6.368	10	135	0.0	30.0	CCCEEECCCC	0
192	3.646	6.115	10.178	10	135	0.0	50.0	CEEEEECCCC	0
193	3.530	6.188	10.049	10	135	0.0	50.0	CEEEEECCCC	0
194	3.336	5.973	8.295	10	135	0.0	50.0	CEEEEECCCC	0
195	3.092	5.916	6.887	10	135	0.0	40.0	CEEECECCCC	0
196	4.834	6.596	14.213	10	135	0.0	30.0	CEECCECCCC	0
197	4.491	6.442	13.560	10	135	0.0	40.0	CEEECECCCC	0
198	2.970	5.868	6.923	10	135	0.0	40.0	CEEEECCCCC	0
199	2.999	6.093	7.466	10	135	0.0	50.0	CEEEEECCCC	0
200	3.449	5.314	4.407	10	135	0.0	20.0	CCCECECCCC	0
201	3.173	5.166	4.160	10	135	0.0	20.0	CCCCECCECC	0
202	3.233	5.268	3.470	10	135	0.0	30.0	CECCECCECC	0
203	3.266	5.311	4.408	10	135	0.0	40.0	CECCEECECC	0
204	3.039	6.051	7.624	10	135	0.0	30.0	CCEECECCCC	0
205	2.834	5.683	5.596	10	135	0.0	30.0	CEEECCCCCC	0
206	2.997	5.794	6.449	10	135	0.0	40.0	CEEECECCCC	0
207	3.165	6.091	8.396	10	135	0.0	30.0	CEECCECCCC	0
208	3.080	4.745	4.124	10	135	0.0	30.0	CECCCECECC	0
209	3.137	4.939	4.691	10	135	0.0	40.0	CECEEECCCC	0
210	2.971	5.884	6.491	10	135	0.0	50.0	CEEECECECC	0
211	2.870	6.011	6.002	10	135	0.0	30.0	CEEECCCCCC	0
212	3.275	5.028	4.473	10	135	0.0	40.0	CECEECCECC	0
213	3.281	5.257	4.278	10	135	0.0	50.0	CECEEECECC	0
214	3.388	5.349	5.738	10	135	0.0	20.0	CCCECECCCC	0
215	3.244	5.387	4.343	10	135	0.0	40.0	CECEECCECC	0
216	3.130	5.245	4.537	10	135	0.0	30.0	CECCCECECC	0
217	3.158	5.196	4.307	10	135	0.0	40.0	CCCEEECECC	0
218	3.114	5.186	4.313	10	135	0.0	20.0	CCCCEECCCC	0
219	3.227	4.931	4.778	10	135	0.0	40.0	CECCEECECC	0
220	3.377	5.049	4.089	10	135	0.0	30.0	CECEECCCCC	0
221	3.355	5.191	4.887	10	135	0.0	40.0	CECEEECCCC	0
222	3.259	5.864	8.068	10	135	0.0	40.0	CEEECECCCC	0
223	3.308	5.800	8.107	10	135	0.0	40.0	CEEECECCCC	0
224	3.008	5.754	7.283	10	135	0.0	30.0	CEEECCCCCC	0
225	3.209	5.721	7.646	10	135	0.0	20.0	CCECCECCCC	0
226	2.599	5.996	8.746	10	135	10.0	50.0	CEEECECEHC	0
227	2.705	6.044	10.462	10	135	10.0	30.0	CCEECECCHC	0
228	4.800	5.807	15.782	10	135	0.0	40.0	CEEECCECCC	0
229	5.058	5.995	15.733	10	135	0.0	40.0	CEEECCECCC	0
230	3.296	5.775	10.910	10	135	0.0	30.0	CEECCECCCC	0
231	3.072	5.456	8.002	10	135	0.0	30.0	CECECECCCC	0
232	4.846	5.981	16.289	10	135	0.0	40.0	CEEECCECCC	0
233	4.632	5.905	14.783	10	135	0.0	40.0	CEEECCECCC	0
234	2.846	6.228	12.130	10	135	10.0	40.0	CEEEECCCHC	0
235	2.866	6.279	13.407	10	135	10.0	40.0	CEEECECCHC	0
236	4.458	5.586	12.468	10	135	0.0	40.0	CEEECCECCC	0
237	4.253	5.664	13.249	10	135	0.0	30.0	CEEECCCCCC	0
238	3.708	5.896	11.777	10	135	10.0	50.0	CEEEHECECC	0
239	3.220	5.661	7.880	10	135	0.0	40.0	CEEECECCCC	0
240	3.034	5.321	5.656	10	135	10.0	50.0	CEEEHECECC	0
241	2.846	5.307	6.286	10	135	10.0	40.0	CECEHECECC	0
242	4.534	5.661	14.129	10	135	0.0	30.0	CEECCCECCC	0
243	4.276	5.707	13.911	10	135	10.0	40.0	CEEEHCECCC	0
244	4.133	5.901	13.436	10	135	0.0	40.0	CEEECCECCC	0
245	4.095	5.855	13.577	10	135	0.0	40.0	CEEECCECCC	0
246	3.172	5.883	7.319	10	135	0.0	60.0	CEEEEECECC	0
247	3.036	5.843	6.591	10	135	0.0	50.0	CEEECECECC	0
248	4.502	5.897	14.013	10	135	10.0	40.0	CEEEHCECCC	0
249	4.328	5.665	11.572	10	135	0.0	40.0	CEEECCECCC	0
250	3.193	5.982	7.785	10	135	0.0	50.0	CEEECECECC	0
251	3.007	5.848	7.108	10	135	0.0	40.0	CEEECECCCC	0
252	3.081	5.876	7.781	10	135	0.0	40.0	CEEEECCCCC	0
253	3.108	5.708	6.761	10	135	0.0	40.0	CEEECECCCC	0
254	3.223	5.808	7.200	10	135	0.0	50.0	CEEEEECCCC	0
255	3.055	5.795	6.698	10	135	0.0	50.0	CEEEEECCCC	0
256	4.001	5.576	12.113	10	135	0.0	40.0	CECEEECCCC	0
257	3.767	5.606	11.050	10	135	0.0	50.0	CEEEEECCCC	0
258	3.765	6.041	11.458	10	135	0.0	40.0	CEEEECCCCC	0
259	3.876	6.122	11.147	10	135	0.0	40.0	CEEEECCCCC	0
260	3.896	6.260	11.337	10	135	0.0	50.0	CCEEEECECC	0
261	3.334	5.984	8.206	10	135	0.0	30.0	CCEECECCCC	0
262	2.774	6.065	9.919	10	135	0.0	50.0	CEEEEECCCC	0
263	2.378	5.847	10.126	10	135	0.0	30.0	CCEECECCCC	0
264	2.496	5.993	12.150	10	135	0.0	40.0	CEEECECCCC	0
265	2.626	5.964	11.813	10	135	10.0	50.0	CEEEEECCHC	0
266	3.349	5.826	8.411	10	135	0.0	30.0	CCEECECCCC	0
267	3.294	5.877	8.532	10	135	0.0	20.0	CCEECCCCCC	0
268	3.588	5.309	5.410	10	135	0.0	40.0	CECEEECCCC	0
269	3.465	5.522	5.573	10	135	0.0	40.0	CECEECCECC	0
270	3.233	5.538	5.593	10	135	0.0	40.0	CECEEECCCC	0
271	3.388	5.488	5.985	10	135	0.0	40.0	CECEECCECC	0
272	3.164	5.677	10.839	10	135	0.0	30.0	CCCEEECCCC	0
273	2.752	5.344	9.791	10	135	0.0	40.0	CECECECECC	0
274	3.201	5.193	4.159	10	135	0.0	40.0	CCCEEECECC	0
275	3.246	5.286	4.373	10	135	0.0	20.0	CCCECECCCC	0
276	3.135	5.590	9.332	10	135	0.0	40.0	CEEECECCCC	0
277	3.461	5.708	9.759	10	135	0.0	40.0	CEEECECCCC	0
278	3.298	5.731	10.044	10	135	10.0	40.0	CEEEHECCCC	0
279	3.226	5.675	10.188	10	135	10.0	40.0	CEEEHECCCC	0
280	3.142	5.609	8.029	10	135	20.0	30.0	CEEEHCCCHC	0
281	3.156	5.542	8.290	10	135	10.0	50.0	CEEEHECECC	0
282	3.318	5.531	9.213	10	135	10.0	40.0	CEEEHECCCC	0
283	3.239	5.716	10.200	10	135	10.0	40.0	CEEEHECCCC	0
284	3.323	5.197	4.600	10	135	0.0	40.0	CCCEEECECC	0
285	3.336	5.308	4.288	10	135	0.0	40.0	CCCEEECECC	0
286	3.117	5.479	9.027	10	135	10.0	50.0	CEEEHECECC	0
287	3.129	5.537	8.334	10	135	10.0	40.0	CEEEHECCCC	0
288	3.128	5.622	9.656	10	135	0.0	30.0	CECECECCCC	0
289	3.150	5.580	8.778	10	135	10.0	40.0	CEEEHECCCC	0
290	2.792	5.436	8.327	10	135	10.0	40.0	CEEEHECCCC	0
291	3.129	5.593	9.437	10	135	0.0	40.0	CEEECECCCC	0
292	3.348	5.260	4.734	10	135	0.0	40.0	CCCEEECECC	0
293	3.265	5.196	4.383	10	135	0.0	30.0	CECEECCCCC	0
294	3.067	5.789	7.164	10	135	0.0	20.0	CCCECECCCC	0
295	2.958	5.860	6.933	10	135	0.0	30.0	CEECCECCCC	0
296	3.085	5.852	8.193	10	135	0.0	30.0	CEECCECCCC	0
297	3.061	5.868	8.439	10	135	0.0	40.0	CEEECECCCC	0
298	3.167	5.197	5.486	10	135	0.0	40.0	CECEEECCCC	0
299	3.072	5.285	4.280	10	135	0.0	40.0	CECEEECCCC	0
300	3.378	5.759	9.380	10	135	0.0	30.0	CEECCECCCC	0
301	3.343	5.567	9.119	10	135	10.0	50.0	CEEEHECECC	0
302	3.283	5.716	9.692	10	135	10.0	40.0	CEEEHECCCC	0
303	3.213	5.672	8.604	10	135	0.0	40.0	CEEECECCCC	0
304	3.296	5.775	8.945	10	135	10.0	30.0	CCEEHECCCC	0
305	3.268	5.619	10.115	10	135	20.0	40.0	CEEEHECCHC	0
306	2.495	6.029	9.941	10	135	10.0	40.0	CEEECECCHC	0
307	2.508	6.026	9.286	10	135	10.0	40.0	CEECCECEHC	0
308	3.200	5.563	7.956	10	135	0.0	40.0	CEEECECCCC	0
309	3.103	5.450	6.913	10	135	10.0	40.0	CEEEHECCCC	0
310	2.684	6.029	11.578	10	135	10.0	60.0	CEEEEECEHC	0
311	2.542	5.975	9.971	10	135	10.0	40.0	CEEECECCHC	0
312	3.822	5.866	10.978	10	135	10.0	50.0	CEEEHECECC	0
313	3.578	5.805	10.555	10	135	0.0	40.0	CEEECECCCC	0
314	2.365	5.665	6.901	10	135	10.0	50.0	CECEEECEHC	0
315	2.223	5.717	6.340	10	135	10.0	40.0	CEEECECCHC	0
316	3.277	5.360	4.478	10	135	0.0	40.0	CCCEEECECC	0
317	3.326	5.344	4.442	10	135	0.0	30.0	CCCEEECCCC	0
318	2.372	5.604	5.842	10	135	10.0	40.0	CEEECECCHC	0
319	2.073	5.514	5.194	10	135	10.0	20.0	CEECCCCCHC	0
320	2.135	5.595	6.239	10	135	10.0	30.0	CEECCECCHC	0
321	1.952	5.496	5.834	10	135	10.0	30.0	CEEECCCCHC	0
322	2.550	5.710	6.424	10	135	10.0	40.0	CEECCECEHC	0
323	2.707	5.561	5.184	10	135	10.0	40.0	CEEECECCHC	0
324	3.055	5.877	8.080	10	135	0.0	50.0	CEEEEECCCC	0
325	3.055	5.756	6.905	10	135	0.0	50.0	CEEEEECCCC	0
326	3.028	5.805	7.261	10	135	0.0	40.0	CEEECECCCC	0
327	3.041	5.877	7.001	10	135	0.0	40.0	CEEECECCCC	0
328	2.636	5.466	4.161	10	135	10.0	30.0	CEECCECCHC	0
329	2.537	5.465	4.662	10	135	10.0	40.0	CEEECECCHC	0
330	3.262	5.403	4.801	10	135	0.0	10.0	CCCECCCCCC	0
331	3.351	5.323	5.029	10	135	0.0	30.0	CECECCCECC	0
332	5.499	6.314	17.603	10	135	0.0	40.0	CEEECCECCC	0
333	5.133	6.202	17.189	10	135	0.0	20.0	CCECCCECCC	0
334	5.071	6.323	17.118	10	135	0.0	40.0	CEEECCECCC	0
335	5.299	6.704	18.469	10	135	0.0	30.0	CCEECCECCC	0
336	5.048	6.376	17.311	10	135	0.0	40.0	CEEECCECCC	0
337	5.326	6.603	19.128	10	135	0.0	40.0	CEEECCECCC	0
338	3.225	5.138	4.901	10	135	0.0	20.0	CCCCEECCCC	0
339	3.121	5.382	4.449	10	135	0.0	30.0	CCCEEECCCC	0
340	3.178	5.782	7.877	10	135	0.0	30.0	CCEECECCCC	0
341	3.044	5.667	6.597	10	135	0.0	50.0	CEEEEECCCC	0
342	3.208	5.864	8.139	10	135	0.0	40.0	CEEECECCCC	0
343	3.330	5.847	7.124	10	135	0.0	50.0	CEEEEECCCC	0
344	2.306	5.695	7.214	10	135	10.0	40.0	CEEECECCHC	0
345	2.491	5.695	6.051	10	135	10.0	30.0	CEECCECCHC	0
346	3.815	5.942	9.629	10	135	10.0	40.0	CEECCECEHC	0
347	3.974	6.396	12.008	10	135	0.0	50.0	CEEECECECC	0
348	3.946	6.321	11.622	10	135	10.0	40.0	CEEECECCHC	0
349	4.381	6.697	14.089	10	135	10.0	30.0	CEECCECCHC	0
350	2.560	5.554	4.766	10	135	10.0	50.0	CEEECECEHC	0
351	2.429	5.612	5.196	10	135	10.0	20.0	CEECCCCCHC	0
352	3.495	5.875	8.782	10	135	0.0	40.0	CEEECECCCC	0
353	3.373	5.976	10.176	10	135	20.0	50.0	CEEEHECEHC	0
354	2.524	5.998	8.249	10	135	10.0	30.0	CEEECCCCHC	0
355	2.818	6.084	9.794	10	135	10.0	40.0	CEEEECCCHC	0
356	3.437	6.114	10.571	10	135	10.0	30.0	CCECCECEHC	0
357	3.448	6.077	9.618	10	135	0.0	40.0	CEEECECCCC	0
358	3.909	6.315	11.735	10	135	0.0	40.0	CEEECECCCC	0
359	3.799	6.312	11.448	10	135	0.0	50.0	CEEECECECC	0
360	2.627	5.842	8.341	10	135	10.0	60.0	CEEEEECEHC	0
361	2.577	5.960	9.508	10	135	10.0	50.0	CEEECECEHC	0
362	2.554	5.796	8.475	10	135	10.0	50.0	CEEECECEHC	0
363	2.381	5.833	8.738	10	135	10.0	40.0	CEEECECCHC	0
364	4.333	6.224	13.277	10	135	0.0	50.0	CEEEEECCCC	0
365	4.333	6.233	13.220	10	135	0.0	50.0	CEEEEECCCC	0
366	2.323	5.648	6.494	10	135	10.0	30.0	CEEECCCCHC	0
367	2.108	5.466	5.282	10	135	10.0	40.0	CEEECECCHC	0
368	4.234	6.221	13.278	10	135	0.0	50.0	CEEEEECCCC	0
369	4.020	5.906	12.673	10	135	0.0	60.0	CEEEEECECC	0
370	2.674	5.516	4.940	10	135	10.0	40.0	CEEECECCHC	0
371	2.471	5.565	4.932	10	135	10.0	40.0	CEEECECCHC	0
372	2.755	5.264	7.353	10	135	0.0	20.0	CCCCECCCCE	0
373	2.801	5.278	6.247	10	135	0.0	50.0	CEEEEECCCC	0
374	3.209	5.762	8.502	10	135	0.0	30.0	CCCEEECCCC	0
375	2.802	5.465	5.745	10	135	0.0	50.0	CEEEEECCCC	0
376	3.156	5.808	8.842	10	135	10.0	40.0	CEEECCCEHC	0
377	3.533	6.110	10.698	10	135	0.0	40.0	CEEECECCCC	0
378	3.085	5.134	4.100	10	135	0.0	40.0	CECEEECCCC	0
379	3.319	5.220	4.905	10	135	0.0	30.0	CCCEEECCCC	0
380	3.182	5.319	4.665	10	135	0.0	30.0	CCCEECCECC	0
381	3.223	5.433	4.307	10	135	0.0	30.0	CCCECECECC	0
382	4.375	6.498	14.238	10	135	0.0	40.0	CCEECECECC	0
383	3.984	6.386	13.005	10	135	10.0	20.0	CEECCCCCHC	0
384	3.061	5.405	4.775	10	135	0.0	50.0	CECEEECECC	0
385	3.076	5.262	4.429	10	135	0.0	30.0	CECEECCCCC	0
386	2.415	5.526	4.816	10	135	10.0	40.0	CEEECECCHC	0
387	1.928	5.516	6.220	10	135	10.0	40.0	CEEECECCHC	0
388	3.083	4.941	5.064	10	135	0.0	20.0	CCCEECCCCC	0
389	3.287	5.272	4.069	10	135	0.0	20.0	CCCCCECECC	0
390	3.346	5.193	4.419	10	135	0.0	40.0	CECEEECCCC	0
391	3.355	5.155	4.214	10	135	0.0	30.0	CCCCEECECC	0
392	2.677	5.346	8.920	10	135	0.0	20.0	CCCECECCCC	0
393	2.823	5.421	10.135	10	135	10.0	10.0	CCCCCECCHC	0
394	2.326	5.591	4.934	10	135	0.0	50.0	CEEECCCEEC	0
395	2.517	5.728	5.790	10	135	0.0	40.0	CEECCECECC	0
396	3.405	5.226	4.462	10	135	0.0	50.0	CECEEECECC	0
397	3.273	5.216	4.206	10	135	0.0	30.0	CCCEEECCCC	0
398	4.734	6.573	15.509	10	135	0.0	30.0	CEECCECCCC	0
399	5.167	6.739	16.587	10	135	0.0	30.0	CEECCECCCC	0
400	3.880	6.468	13.696	10	135	0.0	30.0	CEECCECCCC	0
401	3.518	6.021	11.527	10	135	10.0	50.0	CEEEHECECC	0
402	2.765	5.529	10.400	10	135	10.0	10.0	CCCECCCCHC	0
403	2.883	5.605	9.266	10	135	0.0	20.0	CCCCEECCCC	0
404	3.431	5.374	4.534	10	135	0.0	40.0	CECEEECCCC	0
405	3.095	5.248	4.178	10	135	0.0	40.0	CCCEEECECC	0
406	3.260	5.511	5.069	10	135	0.0	40.0	CCCEEECECC	0
407	3.265	5.242	4.375	10	135	0.0	30.0	CECEECCCCC	0
408	3.923	6.574	14.010	10	135	0.0	20.0	CEECCCCCCC	0
409	4.216	6.650	14.728	10	135	0.0	40.0	CEEECECCCC	0
410	3.279	5.326	4.493	10	135	0.0	30.0	CECECECCCC	0
411	3.183	5.166	4.345	10	135	0.0	20.0	CCCCEECCCC	0
412	2.645	5.336	4.728	10	135	10.0	40.0	CCEECECEHC	0
413	2.649	5.415	6.213	10	135	0.0	30.0	CCEECECCCC	0
414	2.771	5.576	6.717	10	135	10.0	20.0	CCECCECCHC	0
415	2.637	5.504	7.397	10	135	0.0	30.0	CCEECECCCC	0
416	4.522	6.611	13.293	10	135	0.0	40.0	CEECCECECC	0
417	4.548	6.527	13.461	10	135	0.0	40.0	CEECCECECC	0
418	4.508	6.514	13.281	10	135	10.0	40.0	CEEEHECCCC	0
419	4.360	6.193	12.401	10	135	0.0	30.0	CEECCECCCC	0
420	3.248	5.467	4.794	10	135	0.0	10.0	CCCCCCCECC	0
421	3.124	5.183	3.814	10	135	0.0	20.0	CCCECCCECC	0
422	3.482	5.430	8.176	10	135	0.0	50.0	CCEEEECECC	0
423	3.358	5.212	8.590	10	135	0.0	30.0	CCEEECCCCC	0
424	3.119	5.294	7.046	10	135	0.0	30.0	CCCCEECECC	0
425	2.919	5.295	6.975	10	135	0.0	30.0	CCCECECECC	0
426	3.294	5.974	9.254	10	135	0.0	40.0	CCEEEECCCC	0
427	3.213	6.065	8.302	10	135	0.0	50.0	CEEEEECCCC	0
428	2.872	5.835	10.547	10	135	10.0	20.0	CCCECECCHC	0
429	2.969	5.938	10.864	10	135	10.0	30.0	CCEECECCHC	0
430	3.696	6.147	11.419	10	135	10.0	40.0	CEECCECEHC	0
431	3.686	6.351	12.456	10	135	0.0	30.0	CEECCECCCC	0
432	3.178	5.899	7.112	10	135	0.0	30.0	CEECCECCCC	0
433	3.099	5.606	6.306	10	135	0.0	40.0	CEEECECCCC	0
434	3.865	6.282	12.807	10	135	10.0	50.0	CEEECECEHC	0
435	3.919	6.400	12.233	10	135	0.0	40.0	CEEECECCCC	0
436	3.166	5.004	4.783	10	135	0.0	40.0	CECEEECCCC	0
437	3.142	5.102	5.302	10	135	0.0	20.0	CCCCEECCCC	0
438	2.933	5.928	6.218	10	135	0.0	40.0	CEEECECCCC	0
439	3.071	5.732	6.957	10	135	0.0	40.0	CEEECECCCC	0
440	3.210	5.307	4.608	10	135	0.0	30.0	CCCEEECCCC	0
441	3.163	5.306	4.341	10	135	0.0	50.0	CECEEECECC	0
442	3.033	5.279	4.395	10	135	0.0	20.0	CCCCCECECC	0
443	3.367	5.277	5.262	10	135	0.0	30.0	CCCEECCECC	0
444	3.214	5.099	4.504	10	135	0.0	50.0	CECEEECECC	0
445	3.308	5.213	4.340	10	135	0.0	40.0	CECEEECCCC	0
446	4.813	6.243	15.724	10	135	20.0	50.0	CEEEHHEECC	0
447	5.179	6.551	18.747	10	135	10.0	40.0	CEEECHECCC	0
448	3.375	5.819	10.002	10	135	0.0	40.0	CEEECECCCC	0
449	3.248	5.662	9.270	10	135	0.0	50.0	CEEECECECC	0
450	5.019	6.585	16.122	10	135	0.0	30.0	CEEECCCCCC	0
451	5.221	6.807	16.283	10	135	0.0	40.0	CEEECECCCC	0
452	3.494	6.064	11.357	10	135	10.0	50.0	CEEEHECECC	0
453	4.106	6.454	13.300	10	135	10.0	40.0	CEECCECEHC	0
454	4.481	6.502	13.732	10	135	0.0	30.0	CEECCECCCC	0
455	4.822	6.684	14.667	10	135	0.0	40.0	CEEECECCCC	0
456	2.236	5.521	5.045	10	135	10.0	30.0	CEEECCCCHC	0
457	2.149	5.469	5.091	10	135	10.0	40.0	CEEECECCHC	0
458	3.098	6.062	11.853	10	135	10.0	30.0	CEECCECCHC	0
459	2.996	5.846	10.856	10	135	10.0	50.0	CEEEEECCHC	0
460	3.182	5.895	10.309	10	135	10.0	20.0	CEECCCCCHC	0
461	3.132	6.106	11.944	10	135	10.0	40.0	CEEECECCHC	0
462	3.101	5.875	7.838	10	135	0.0	50.0	CEEECECECC	0
463	2.945	5.888	6.829	10	135	0.0	50.0	CEEEEECCCC	0
464	3.280	5.843	7.669	10	135	0.0	40.0	CEEECECCCC	0
465	3.109	5.694	7.355	10	135	0.0	30.0	CEEECCCCCC	0
466	4.311	5.923	13.623	10	135	0.0	30.0	CECECCECCC	0
467	4.498	5.645	13.403	10	135	0.0	30.0	CECECCECCC	0
468	4.513	5.694	13.465	10	135	0.0	30.0	CECECCECCC	0
469	5.049	6.151	16.533	10	135	0.0	10.0	CCCCCCECCC	0
470	2.928	5.784	6.082	10	135	0.0	40.0	CEEECECCCC	0
471	3.246	6.102	8.667	10	135	0.0	30.0	CEECCECCCC	0
472	3.289	5.908	8.425	10	135	0.0	40.0	CEEEECCCCC	0
473	3.490	5.953	9.835	10	135	0.0	40.0	CEEECECCCC	0
474	3.188	5.875	8.441	10	135	0.0	30.0	CCEECECCCC	0
475	3.524	6.106	10.311	10	135	0.0	40.0	CEEECECCCC	0
476	2.618	5.534	5.763	10	135	0.0	50.0	CEEEEECCCC	0
477	2.629	5.337	4.975	10	135	10.0	50.0	CEEEEECCHC	0
478	2.910	5.814	7.836	10	135	10.0	50.0	CEEEEECCHC	0
479	2.467	5.562	5.975	10	135	0.0	50.0	CEEEEECCCC	0
480	3.198	5.059	4.633	10	135	0.0	10.0	CECCCCCCCC	0
481	3.171	5.049	3.930	10	135	0.0	40.0	CECEEECCCC	0
482	3.308	5.266	3.732	10	135	0.0	30.0	CECCCECECC	0
483	3.276	5.186	3.739	10	135	0.0	50.0	CECEEECECC	0
484	2.391	5.579	4.687	10	135	10.0	30.0	CEECCECCHC	0
485	2.289	5.436	4.923	10	135	10.0	40.0	CEEECECCHC	0
486	2.329	5.568	4.556	10	135	10.0	30.0	CEECCECCHC	0
487	2.343	5.540	6.794	10	135	10.0	40.0	CCEEEECCHC	0
488	3.344	5.393	4.796	10	135	0.0	40.0	CECEEECCCC	0
489	3.190	5.103	3.946	10	135	0.0	40.0	CECEECCECC	0
490	2.293	5.473	5.395	10	135	10.0	50.0	CEEEEECCHC	0
491	2.278	5.566	5.860	10	135	10.0	40.0	CEEEECCCHC	0
492	2.259	5.511	5.472	10	135	10.0	50.0	CEEEEECCHC	0
493	2.273	5.526	5.605	10	135	10.0	40.0	CEECCECEHC	0
494	2.234	5.541	4.657	10	135	10.0	30.0	CEEECCCCHC	0
495	2.555	5.472	4.758	10	135	10.0	30.0	CCEECECCHC	0
496	4.988	6.437	17.673	10	135	0.0	30.0	CCEECCECCC	0
497	5.318	6.594	18.986	10	135	0.0	30.0	CEEECCCCCC	0
498	3.343	5.393	3.496	10	135	0.0	40.0	CCCEEECECC	0
499	3.138	5.219	4.728	10	135	0.0	40.0	CCCEEECECC	0
500	2.538	5.870	9.204	10	135	10.0	40.0	CEEECECCHC	0
501	2.361	5.581	9.259	10	135	10.0	30.0	CEEECCCCHC	0
502	4.527	6.254	11.947	10	135	0.0	20.0	CCECCECCCC	0
503	4.531	6.066	12.763	10	135	0.0	30.0	CECECECCCC	0
504	3.379	5.101	4.330	10	135	0.0	50.0	CECEEECECC	0
505	3.391	5.401	4.771	10	135	0.0	30.0	CCCCEECECC	0
506	3.244	5.404	4.592	10	135	0.0	30.0	CCCEEECCCC	0
507	3.029	5.297	4.692	10	135	0.0	30.0	CCCCEECECC	0
508	2.813	5.442	5.569	10	135	10.0	60.0	CEEEEECEHC	0
509	2.403	5.318	5.426	10	135	10.0	60.0	CEEEEECEHC	0
510	2.582	6.034	9.151	10	135	10.0	40.0	CEEECECCHC	0
511	2.792	6.014	9.362	10	135	10.0	50.0	CEEEEECCHC	0
512	2.686	5.402	4.448	10	135	10.0	40.0	CCEECECEHC	0
513	2.778	5.796	7.800	10	135	10.0	30.0	CEECCECCHC	0
514	3.098	5.217	4.836	10	135	0.0	50.0	CECEEECECC	0
515	3.275	5.066	4.425	10	135	0.0	40.0	CECEECCECC	0
516	2.514	5.827	7.162	10	135	0.0	60.0	CEEEEECECC	0
517	2.615	5.503	5.441	10	135	0.0	40.0	CEEECECCCC	0
518	3.177	5.297	4.397	10	135	0.0	30.0	CCCEEECCCC	0
519	2.927	5.124	4.645	10	135	0.0	40.0	CECEEECCCC	0
520	3.110	6.047	10.226	10	135	10.0	40.0	CEEECECCHC	0
521	3.130	5.836	8.525	10	135	10.0	40.0	CEEECECCHC	0
522	3.267	5.281	4.034	10	135	0.0	40.0	CCCEEECECC	0
523	3.120	5.230	4.590	10	135	0.0	40.0	CECEEECCCC	0
524	3.049	5.922	11.014	10	135	0.0	30.0	CEEECCCCCC	0
525	3.093	6.076	11.726	10	135	0.0	40.0	CEEECECCCC	0
526	3.342	6.291	12.151	10	135	10.0	50.0	CEEEEECCHC	0
527	3.383	6.124	12.879	10	135	10.0	50.0	CEEEEECCHC	0
528	4.321	6.085	12.906	10	135	0.0	40.0	CEEECCECCC	0
529	4.342	6.143	13.375	10	135	0.0	40.0	CCEECEECCC	0
530	3.005	6.121	10.664	10	135	0.0	60.0	CEEEEECECC	0
531	3.119	5.858	9.483	10	135	10.0	40.0	CEEECECCHC	0
532	3.031	5.621	7.986	10	135	10.0	40.0	CEEECECCHC	0
533	3.054	5.423	7.452	10	135	10.0	30.0	CEECCECCHC	0
534	2.440	5.754	9.572	10	135	0.0	40.0	CEEECECCCC	0
535	2.337	5.591	8.593	10	135	10.0	50.0	CEEECECEHC	0
536	2.375	5.771	9.196	10	135	0.0	50.0	CEEECECECC	0
537	2.487	5.804	9.442	10	135	10.0	40.0	CEEECECCHC	0
538	2.309	5.728	9.467	10	135	10.0	30.0	CEEECCCCHC	0
539	2.349	5.622	8.540	10	135	0.0	40.0	CEEECECCCC	0
540	2.366	5.801	9.925	10	135	10.0	40.0	CEEECECCHC	0
541	2.255	5.614	7.568	10	135	0.0	50.0	CEEEEECCCC	0
542	2.397	5.705	8.165	10	135	0.0	40.0	CEEECECCCC	0
543	2.275	5.716	6.542	10	135	0.0	50.0	CEEEEECCCC	0
544	2.357	5.683	7.777	10	135	0.0	30.0	CEECCCCECC	0
545	2.496	5.777	7.828	10	135	0.0	40.0	CEEECCCECC	0
546	2.262	5.447	5.699	10	135	0.0	40.0	CEEECECCCC	0
547	2.271	5.584	6.170	10	135	0.0	50.0	CEEECECECC	0
548	2.417	5.784	6.838	10	135	0.0	50.0	CEEECECECC	0
549	2.475	5.699	6.360	10	135	10.0	40.0	CEEECECCHC	0
550	3.139	5.137	4.684	10	135	0.0	30.0	CECEECCCCC	0
551	3.032	5.268	4.515	10	135	0.0	40.0	CECCEECECC	0
552	3.264	5.736	7.817	10	135	0.0	30.0	CEECCECCCC	0
553	2.975	5.965	6.779	10	135	0.0	30.0	CEECCECCCC	0
554	2.098	5.613	7.754	10	135	0.0	40.0	CEEECECCCC	0
555	2.120	5.630	8.124	10	135	10.0	30.0	CECCCECEHC	0
556	2.267	5.539	6.951	10	135	10.0	50.0	CEEEECCEHC	0
557	2.038	5.561	8.255	10	135	0.0	50.0	CEEECECECC	0
558	2.049	5.413	5.441	10	135	10.0	40.0	CEEECCCEHC	0
559	2.012	5.432	5.671	10	135	10.0	40.0	CECECECEHC	0
560	2.448	5.788	6.695	10	135	10.0	30.0	CECECECCHC	0
561	2.365	5.676	5.705	10	135	10.0	40.0	CEEECECCHC	0
562	2.659	5.610	9.105	10	135	0.0	40.0	CCCEEECECC	0
563	2.767	5.686	9.405	10	135	10.0	30.0	CCCEEECCHC	0
564	2.220	5.692	6.656	10	135	0.0	40.0	CEEECECCCC	0
565	2.337	5.618	5.848	10	135	0.0	30.0	CEEECCCCCC	0
566	2.717	5.662	9.703	10	135	0.0	30.0	CCCEECCECC	0
567	2.713	5.527	9.255	10	135	0.0	30.0	CCCEEECCCC	0
568	3.295	5.142	3.988	10	135	0.0	30.0	CCCEEECCCC	0
569	3.239	5.180	4.321	10	135	0.0	30.0	CCCEECCECC	0
570	3.276	5.265	4.242	10	135	0.0	50.0	CECEEECECC	0
571	3.145	5.101	4.278	10	135	0.0	40.0	CCCEEECECC	0
572	3.013	5.525	9.972	10	135	0.0	40.0	CECEEECCCC	0
573	3.201	5.773	11.917	10	135	0.0	30.0	CECCEECCCC	0
574	3.407	5.205	4.956	10	135	0.0	40.0	CCCEEECECC	0
575	3.187	5.383	4.631	10	135	0.0	30.0	CCCEECCECC	0
576	2.931	5.686	10.062	10	135	0.0	30.0	CECECECCCC	0
577	2.961	5.702	8.583	10	135	0.0	30.0	CCCECECECC	0
578	3.410	5.470	4.763	10	135	0.0	50.0	CECEEECECC	0
579	3.399	5.338	4.726	10	135	0.0	30.0	CECEECCCCC	0
580	3.109	5.132	4.782	10	135	0.0	40.0	CECEEECCCC	0
581	3.269	5.341	4.035	10	135	0.0	40.0	CCCEEECECC	0
582	3.253	5.089	3.977	10	135	0.0	30.0	CCCEECCECC	0
583	3.354	5.210	4.558	10	135	0.0	20.0	CCCECECCCC	0
584	3.368	5.174	4.657	10	135	0.0	30.0	CCCEEECCCC	0
585	3.289	5.265	4.295	10	135	0.0	30.0	CECCEECCCC	0
586	2.241	5.737	7.854	10	135	0.0	40.0	CEEECECCCC	0
587	2.497	5.686	8.797	10	135	0.0	30.0	CEEECCCCCC	0
588	2.400	5.586	9.086	10	135	0.0	40.0	CEEECECCCC	0
589	2.294	5.610	8.023	10	135	10.0	40.0	CEECCECEHC	0
590	2.529	5.738	10.459	10	135	10.0	40.0	CEECCECEHC	0
591	2.496	5.571	9.818	10	135	0.0	30.0	CEECCECCCC	0
592	2.349	5.720	8.961	10	135	10.0	40.0	CEEECECCHC	0
593	2.623	5.989	11.356	10	135	10.0	50.0	CEEECECEHC	0
594	2.301	5.564	6.839	10	135	0.0	30.0	CECECECCCC	0
595	2.313	5.614	5.725	10	135	10.0	40.0	CEEECECCHC	0
596	2.223	5.569	7.297	10	135	10.0	20.0	CCCECECCHC	0
597	2.307	5.543	9.599	10	135	0.0	40.0	CEEECECCCC	0
598	3.395	5.963	8.907	10	135	0.0	60.0	CEEEEECECC	0
599	3.589	6.081	9.603	10	135	0.0	50.0	CCEEEECECC	0
600	2.215	5.678	6.674	10	135	10.0	30.0	CCEECECCHC	0
601	2.079	5.546	5.896	10	135	0.0	30.0	CCEECECCCC	0
602	3.154	5.167	3.706	10	135	0.0	30.0	CECECCCECC	0
603	3.158	4.989	3.979	10	135	0.0	40.0	CECEEECCCC	0
604	2.139	5.499	5.620	10	135	0.0	40.0	CEEECECCCC	0
605	2.355	5.771	6.904	10	135	0.0	40.0	CEEECECCCC	0
606	3.458	5.795	9.327	10	135	0.0	50.0	CECEEECECC	0
607	3.697	5.895	10.538	10	135	0.0	40.0	CECEECCECC	0
608	1.894	5.467	7.551	10	135	0.0	40.0	CEEECECCCC	0
609	2.057	5.411	7.347	10	135	0.0	40.0	CCEECECECC	0
610	2.016	5.441	7.657	10	135	0.0	40.0	CCEECECECC	0
611	2.095	5.486	7.489	10	135	0.0	30.0	CCEECECCCC	0
612	3.464	5.572	7.145	10	135	0.0	30.0	CECECECCCC	0
613	3.213	5.474	6.872	10	135	0.0	30.0	CECECECCCC	0
614	2.211	5.531	6.514	10	135	0.0	40.0	CEEECCCECC	0
615	2.275	5.320	4.427	10	135	10.0	30.0	CCEECECCHC	0
616	4.477	6.450	13.341	10	135	10.0	40.0	CEEEHECCCC	0
617	4.702	6.385	13.187	10	135	0.0	30.0	CCEECECCCC	0
618	3.171	5.003	4.732	10	135	0.0	40.0	CECEECCECC	0
619	3.254	5.177	4.009	10	135	0.0	10.0	CCCCCECCCC	0
620	3.174	5.192	4.072	10	135	0.0	30.0	CECEECCCCC	0
621	3.422	5.192	5.845	10	135	0.0	30.0	CCCEECCECC	0
622	2.431	5.327	4.963	10	135	10.0	30.0	CECECECCHC	0
623	2.056	5.392	5.467	10	135	0.0	30.0	CEECCECCCC	0
624	3.163	5.422	4.396	10	135	0.0	50.0	CECEEECECC	0
625	3.115	5.387	4.765	10	135	0.0	20.0	CCCCEECCCC	0
626	3.677	6.040	10.549	10	135	0.0	40.0	CEECEECCCC	0
627	3.589	6.040	10.840	10	135	0.0	50.0	CEEEEECCCC	0
628	3.638	6.026	10.982	10	135	0.0	50.0	CEEEEECCCC	0
629	3.257	5.991	9.078	10	135	0.0	50.0	CEEEEECCCC	0
630	3.567	6.067	9.771	10	135	0.0	40.0	CEECCECECC	0
631	3.337	5.865	8.281	10	135	0.0	40.0	CEEECECCCC	0
632	2.884	5.559	6.806	10	135	10.0	30.0	CEECCECCHC	0
633	3.001	5.218	5.616	10	135	10.0	40.0	CEEECECCHC	0
634	3.724	5.941	10.495	10	135	0.0	40.0	CEEECECCCC	0
635	3.779	5.802	11.270	10	135	0.0	40.0	CEECEECCCC	0
636	2.931	5.386	6.081	10	135	10.0	30.0	CCEECECCHC	0
637	2.963	5.267	5.942	10	135	10.0	40.0	CEEECECCHC	0
638	2.941	5.380	5.045	10	135	10.0	40.0	CEEECECCHC	0
639	2.813	5.317	4.794	10	135	10.0	40.0	CEEECECCHC	0
640	1.989	5.387	6.091	10	135	10.0	30.0	CCEECECCHC	0
641	2.082	5.550	6.924	10	135	0.0	60.0	CEEEEECECC	0
642	2.084	5.402	5.752	10	135	0.0	30.0	CEECCCCECC	0
643	2.002	5.354	6.427	10	135	10.0	50.0	CCEEEECEHC	0
644	2.955	5.461	5.984	10	135	10.0	40.0	CEEECECCHC	0
645	2.770	5.351	6.035	10	135	10.0	40.0	CEEECECCHC	0
646	2.834	5.492	5.593	10	135	10.0	30.0	CEECCECCHC	0
647	2.803	5.360	5.346	10	135	10.0	30.0	CCEECECCHC	0
648	2.719	5.401	4.681	10	135	10.0	20.0	CCEECCCCHC	0
649	2.970	5.327	5.958	10	135	10.0	40.0	CEEECECCHC	0
650	3.101	5.151	5.437	10	135	0.0	40.0	CEEECECCCC	0
651	3.073	5.101	5.519	10	135	0.0	20.0	CCECCECCCC	0
652	3.366	5.613	10.675	10	135	0.0	40.0	CCEEEECCCC	0
653	3.674	5.887	11.256	10	135	0.0	50.0	CEEEEECCCC	0
654	2.245	5.577	7.590	10	135	10.0	40.0	CECEECCEHC	0
655	1.884	5.522	7.545	10	135	10.0	10.0	CCCECCCCHC	0
656	2.066	5.506	7.826	10	135	10.0	40.0	CEEECECCHC	0
657	2.018	5.589	7.946	10	135	0.0	40.0	CEECCECECC	0
658	3.527	5.166	5.233	10	135	0.0	30.0	CECCEECCCC	0
659	3.516	5.259	5.833	10	135	0.0	40.0	CECEEECCCC	0
660	2.498	5.866	10.805	10	135	0.0	40.0	CEEECECCCC	0
661	2.991	6.331	11.701	10	135	0.0	40.0	CEEECECCCC	0
662	3.330	5.206	5.329	10	135	0.0	30.0	CCCEEECCCC	0
663	3.206	5.082	4.847	10	135	0.0	30.0	CCCEEECCCC	0
664	3.447	5.253	5.876	10	135	0.0	30.0	CECEECCCCC	0
665	3.327	5.266	4.221	10	135	0.0	30.0	CCCCEECECC	0
666	2.178	5.470	5.829	10	135	10.0	30.0	CEEECCCCHC	0
667	2.028	5.548	6.620	10	135	0.0	50.0	CEEECECECC	0
668	3.263	6.407	10.880	10	135	0.0	50.0	CEEECECECC	0
669	2.825	6.220	11.920	10	135	0.0	50.0	CEEECECECC	0
670	2.351	5.500	6.313	10	135	10.0	40.0	CEEECECCHC	0
671	1.800	5.401	5.194	10	135	0.0	20.0	CCEECCCCCC	0
672	2.726	6.090	10.723	10	135	0.0	50.0	CEEECECECC	0
673	2.809	6.169	10.797	10	135	10.0	50.0	CCEEEECEHC	0
674	2.034	5.623	7.753	10	135	10.0	50.0	CEEECECEHC	0
675	1.977	5.612	8.231	10	135	10.0	30.0	CECECCCEHC	0
676	2.410	5.684	6.673	10	135	0.0	50.0	CEEEEECCCC	0
677	1.960	5.431	6.251	10	135	10.0	40.0	CEEECECCHC	0
678	2.242	5.672	8.184	10	135	0.0	40.0	CEEECECCCC	0
679	2.172	5.574	7.686	10	135	0.0	30.0	CCEECECCCC	0
680	2.309	5.721	7.838	10	135	10.0	30.0	CEECCECCHC	0
681	2.334	5.751	7.643	10	135	0.0	50.0	CEEECECECC	0
682	2.099	5.599	7.035	10	135	10.0	40.0	CEEECECCHC	0
683	2.151	5.662	8.104	10	135	10.0	30.0	CEECCECCHC	0
684	3.497	5.406	4.361	10	135	0.0	20.0	CECECCCCCC	0
685	3.320	5.221	4.619	10	135	0.0	30.0	CECECECCCC	0
686	2.381	5.563	5.342	10	135	10.0	30.0	CECECECCHC	0
687	2.243	5.633	6.375	10	135	0.0	40.0	CEEECECCCC	0
688	2.229	5.594	6.487	10	135	10.0	50.0	CEEECECEHC	0
689	2.099	5.480	5.638	10	135	0.0	40.0	CEECEECCCC	0
690	2.206	5.592	6.858	10	135	0.0	50.0	CEEECECECC	0
691	2.373	5.834	8.547	10	135	10.0	50.0	CEEECECEHC	0
692	2.299	5.711	8.720	10	135	10.0	40.0	CEECECCEHC	0
693	2.319	5.663	8.939	10	135	0.0	50.0	CEEECECECC	0
694	2.503	5.833	8.998	10	135	10.0	30.0	CECECECCHC	0
695	2.253	5.692	8.674	10	135	0.0	50.0	CEEECECECC	0
696	2.982	5.051	4.631	10	135	0.0	20.0	CECCECCCCC	0
697	3.438	5.122	4.216	10	135	0.0	30.0	CCCCEECECC	0
698	2.488	5.464	4.967	10	135	10.0	20.0	CECCCECCHC	0
699	2.480	5.540	5.840	10	135	10.0	20.0	CECCCECCHC	0
700	2.579	5.866	8.329	10	135	0.0	40.0	CEEECCCECC	0
701	2.293	5.664	6.321	10	135	0.0	50.0	CEEECECECC	0
702	2.278	5.407	4.898	10	135	0.0	50.0	CECEEECECC	0
703	2.251	5.377	5.718	10	135	0.0	40.0	CECECECECC	0
704	2.388	5.461	5.508	10	135	10.0	40.0	CECECECEHC	0
705	2.481	5.550	5.235	10	135	10.0	50.0	CECEEECEHC	0
706	2.026	5.563	7.758	10	135	0.0	30.0	CCEECCCECC	0
707	2.312	5.777	9.400	10	135	0.0	40.0	CEEECECCCC	0
708	2.280	5.588	6.124	10	135	10.0	50.0	CEEECECEHC	0
709	2.374	5.620	6.153	10	135	0.0	40.0	CEEECECCCC	0
710	2.078	5.534	7.067	10	135	0.0	30.0	CECECECCCC	0
711	2.333	5.492	5.563	10	135	0.0	40.0	CEEECECCCC	0
712	2.191	5.519	5.658	10	135	10.0	40.0	CEEECCCEHC	0
713	2.058	5.575	6.361	10	135	10.0	40.0	CEEECECCHC	0
714	2.198	5.614	6.564	10	135	0.0	30.0	CEEECCCCCC	0
715	1.841	5.349	5.640	10	135	10.0	30.0	CEECCECCHC	0
716	2.827	5.434	5.295	10	135	10.0	40.0	CEEECECCHC	0
717	2.615	5.517	5.216	10	135	0.0	30.0	CEECCECCCC	0
718	2.567	5.952	10.067	10	135	10.0	40.0	CEEECECCHC	0
719	2.471	5.706	8.228	10	135	10.0	50.0	CEEECECEHC	0
720	2.536	5.596	5.805	10	135	10.0	40.0	CEEECECCHC	0
721	2.607	5.454	4.784	10	135	0.0	40.0	CEEECECCCC	0
722	2.307	5.444	5.137	10	135	10.0	30.0	CCEECECCHC	0
723	2.646	5.454	4.825	10	135	0.0	40.0	CEEECECCCC	0
724	2.587	5.479	5.496	10	135	10.0	40.0	CEEECECCHC	0
725	2.783	5.453	3.988	10	135	10.0	30.0	CEECCECCHC	0
726	2.058	5.437	8.973	10	135	0.0	30.0	CCEECECCCC	0
727	2.594	5.775	10.066	10	135	10.0	50.0	CEEECECEHC	0
728	2.609	5.181	5.786	10	135	20.0	30.0	CEEHECCCHC	0
729	2.429	5.313	5.702	10	135	0.0	40.0	CEECEECCCC	0
730	2.670	5.267	5.327	10	135	10.0	40.0	CEECEECCHC	0
731	2.757	5.464	5.348	10	135	10.0	40.0	CEEECECCHC	0
732	3.347	5.441	4.464	10	135	0.0	40.0	CCCEEECECC	0
733	3.070	5.454	5.051	10	135	0.0	50.0	CECEEECECC	0
734	3.397	5.421	4.551	10	135	0.0	40.0	CECEEECCCC	0
735	3.223	5.328	4.262	10	135	0.0	30.0	CCCEEECCCC	0
736	3.177	5.481	4.588	10	135	0.0	30.0	CCCEECCECC	0
737	3.232	5.201	3.958	10	135	0.0	30.0	CECCEECCCC	0
738	2.026	5.523	7.354	10	135	0.0	30.0	CEEECCCCCC	0
739	2.434	5.774	7.750	10	135	0.0	20.0	CCCCCECECC	0
740	3.064	5.118	6.329	10	135	10.0	40.0	CEEECECCHC	0
741	3.178	4.971	5.327	10	135	10.0	30.0	CCEECECCHC	0
742	3.200	4.944	6.235	10	135	10.0	20.0	CCCECECCHC	0
743	3.069	5.140	5.773	10	135	10.0	30.0	CCEECECCHC	0
744	3.285	4.996	5.900	10	135	10.0	30.0	CECECECCHC	0
745	3.394	4.845	5.174	10	135	10.0	10.0	CECCCCCCHC	0
746	2.021	5.425	7.003	10	135	10.0	40.0	CEEECECCHC	0
747	2.084	5.568	7.047	10	135	10.0	50.0	CEEECECEHC	0
748	3.014	5.269	5.841	10	135	10.0	40.0	CEEECECCHC	0
749	2.873	5.405	6.633	10	135	10.0	30.0	CEECCECCHC	0
750	2.806	5.444	7.452	10	135	10.0	40.0	CEECEECCHC	0
751	2.830	5.374	5.604	10	135	10.0	30.0	CEECCECCHC	0
752	2.329	5.621	8.285	10	135	10.0	40.0	CEEECECCHC	0
753	2.535	5.757	10.416	10	135	0.0	30.0	CEEECCCCCC	0
754	3.150	5.228	6.479	10	135	10.0	40.0	CCEEEECCHC	0
755	3.279	5.237	6.902	10	135	10.0	40.0	CEEECECCHC	0
756	3.110	5.111	6.140	10	135	10.0	30.0	CECECECCHC	0
757	3.007	5.305	6.401	10	135	10.0	30.0	CEEECCCCHC	0
758	2.993	5.261	5.794	10	135	10.0	40.0	CEECEECCHC	0
759	2.994	5.314	7.319	10	135	10.0	40.0	CEECEECCHC	0
760	2.919	5.144	5.116	10	135	10.0	20.0	CCEECCCCHC	0
761	2.987	5.101	5.226	10	135	10.0	30.0	CCEECECCHC	0
762	3.050	5.332	5.630	10	135	10.0	40.0	CEEECECCHC	0
763	2.694	5.372	5.727	10	135	10.0	40.0	CEEECECCHC	0
764	2.807	5.422	5.636	10	135	10.0	40.0	CEEECECCHC	0
765	2.790	5.378	5.717	10	135	10.0	30.0	CECECECCHC	0
766	1.983	5.508	6.156	10	135	10.0	30.0	CEEECCCCHC	0
767	2.251	5.591	5.959	10	135	10.0	30.0	CCEECECCHC	0
768	3.910	6.070	11.588	10	135	10.0	30.0	CHCEEECCCC	0
769	3.618	5.928	9.295	10	135	0.0	20.0	CCCCEECCCC	0
770	2.689	5.347	4.437	10	135	10.0	40.0	CEEECECCHC	0
771	2.757	5.375	5.033	10	135	0.0	50.0	CEEEEECCCC	0
772	2.666	5.429	5.644	10	135	0.0	40.0	CEEECECCCC	0
773	2.285	5.436	4.993	10	135	10.0	40.0	CEEECECCHC	0
774	2.804	5.348	5.797	10	135	10.0	40.0	CEECCECEHC	0
775	2.955	5.340	5.642	10	135	10.0	40.0	CEEECCCEHC	0
776	2.768	5.313	6.214	10	135	10.0	20.0	CECECCCCHC	0
777	2.976	5.322	6.133	10	135	10.0	50.0	CECEEECEHC	0
778	2.631	5.327	4.517	10	135	0.0	40.0	CCEEEECCCC	0
779	2.619	5.286	5.440	10	135	10.0	50.0	CEEEEECCHC	0
780	2.887	5.351	5.580	10	135	10.0	40.0	CEEECECCHC	0
781	3.306	5.181	7.047	10	135	10.0	30.0	CCEECECCHC	0
782	2.693	5.273	5.242	10	135	10.0	40.0	CEEEECCCHC	0
783	2.764	5.301	5.420	10	135	10.0	40.0	CEEECECCHC	0
784	2.259	5.685	7.727	10	135	10.0	50.0	CEEECECEHC	0
785	2.299	5.587	9.014	10	135	10.0	30.0	CECCCECEHC	0
786	3.038	5.339	6.136	10	135	10.0	40.0	CEEECECCHC	0
787	3.105	5.395	6.024	10	135	10.0	40.0	CEEECECCHC	0
788	2.286	5.526	7.080	10	135	10.0	30.0	CEECCECCHC	0
789	2.703	5.900	7.573	10	135	10.0	40.0	CEECCECEHC	0
790	2.699	6.171	10.117	10	135	0.0	40.0	CEEECECCCC	0
791	2.666	5.947	10.553	10	135	10.0	50.0	CEEECECEHC	0
792	2.912	5.542	6.420	10	135	10.0	40.0	CEEECECCHC	0
793	2.609	5.352	4.577	10	135	10.0	40.0	CEEECECCHC	0
794	4.722	6.044	13.756	10	135	10.0	40.0	CEEEHECCCC	0
795	4.515	6.063	13.962	10	135	0.0	40.0	CEEECECCCC	0
796	2.807	5.291	5.342	10	135	10.0	40.0	CEEECECCHC	0
797	2.680	5.248	5.273	10	135	10.0	30.0	CCEECECCHC	0
798	4.470	6.089	13.458	10	135	0.0	30.0	CEECCECCCC	0
799	4.527	6.210	13.236	10	135	0.0	40.0	CEEECECCCC	0
800	2.982	5.894	6.654	10	135	0.0	50.0	CEEECECECC	0
801	2.812	5.880	5.609	10	135	0.0	30.0	CEEECCCCCC	0
802	2.968	5.838	6.980	10	135	0.0	60.0	CEEEEECECC	0
803	3.011	5.805	7.374	10	135	0.0	40.0	CEEECECCCC	0
804	4.415	6.205	13.365	10	135	10.0	40.0	CEEEHECCCC	0
805	4.238	6.300	11.059	10	135	0.0	30.0	CEECCECCCC	0
806	2.788	5.654	6.149	10	135	0.0	30.0	CEECCECCCC	0
807	2.955	5.621	6.734	10	135	0.0	40.0	CEEECECCCC	0
808	3.229	5.813	7.977	10	135	0.0	30.0	CEECCECCCC	0
809	3.093	5.762	6.537	10	135	0.0	40.0	CEEECECCCC	0
810	3.009	5.680	5.302	10	135	0.0	40.0	CEEECECCCC	0
811	3.071	5.772	6.037	10	135	0.0	40.0	CEEECECCCC	0
812	2.123	5.573	6.355	10	135	0.0	30.0	CEECCECCCC	0
813	2.140	5.529	5.993	10	135	0.0	40.0	CEEECECCCC	0
814	2.274	5.601	8.321	10	135	10.0	50.0	CEEECECEHC	0
815	2.330	5.679	8.027	10	135	10.0	50.0	CEEECECEHC	0
816	2.354	5.628	5.710	10	135	10.0	40.0	CEEECECCHC	0
817	2.369	5.543	5.060	10	135	0.0	40.0	CEEECECCCC	0
818	4.854	6.622	14.591	10	135	0.0	40.0	CEEECCCECC	0
819	4.577	6.475	13.353	10	135	0.0	40.0	CEEECECCCC	0
820	3.245	5.856	7.571	10	135	0.0	30.0	CCEECECCCC	0
821	3.220	5.790	6.980	10	135	0.0	40.0	CEEECECCCC	0
822	2.271	5.685	5.384	10	135	0.0	40.0	CEEECECCCC	0
823	2.061	5.462	4.465	10	135	0.0	30.0	CEEECCCCCC	0
824	2.276	5.681	6.709	10	135	10.0	50.0	CEEECECEHC	0
825	2.067	5.387	5.950	10	135	10.0	40.0	CEEECCCEHC	0
826	4.848	6.931	14.824	10	135	0.0	40.0	CEEECECCCC	0
827	4.702	6.770	13.751	10	135	0.0	40.0	CEEECCCECC	0
828	3.247	5.107	4.647	10	135	0.0	30.0	CCCEEECCCC	0
829	3.589	5.451	5.125	10	135	0.0	30.0	CCCEEECCCC	0
830	3.529	5.772	9.041	10	135	0.0	30.0	CCEECECCCC	0
831	3.697	5.599	9.574	10	135	0.0	50.0	CEEEEECCCC	0
832	3.400	5.734	9.397	10	135	0.0	40.0	CEEECECCCC	0
833	3.556	5.636	9.581	10	135	0.0	50.0	CEEEEECCCC	0
834	2.151	5.536	6.316	10	135	10.0	50.0	CEEECECEHC	0
835	2.214	5.529	5.720	10	135	0.0	40.0	CEEECECCCC	0
836	2.253	5.542	6.509	10	135	0.0	50.0	CEEEEECCCC	0
837	1.960	5.464	6.503	10	135	0.0	30.0	CCEECECCCC	0
838	2.527	5.675	5.228	10	135	10.0	20.0	CCCECECCHC	0
839	2.480	5.344	4.385	10	135	10.0	50.0	CECEEECEHC	0
840	2.346	5.687	6.827	10	135	10.0	50.0	CEEECECEHC	0
841	2.070	5.597	8.213	10	135	0.0	50.0	CEEECECECC	0
842	3.655	5.798	11.215	10	135	0.0	50.0	CEEEEECCCC	0
843	3.638	5.672	11.114	10	135	0.0	50.0	CEECEECECC	0
844	2.608	6.058	10.217	10	135	0.0	20.0	CCECCECCCC	0
845	2.133	5.428	6.624	10	135	0.0	30.0	CEECECCCCC	0
846	2.391	5.578	7.211	10	135	0.0	30.0	CCEECECCCC	0
847	2.222	5.607	7.382	10	135	10.0	40.0	CEEECECCHC	0
848	3.436	5.666	5.395	10	135	0.0	30.0	CCCEEECCCC	0
849	3.408	5.634	5.097	10	135	0.0	30.0	CECCEECCCC	0
850	2.490	5.632	6.368	10	135	10.0	40.0	CEECCECEHC	0
851	2.057	5.484	6.783	10	135	10.0	20.0	CECECCCCHC	0
852	1.896	5.459	7.036	10	135	10.0	30.0	CCEECECCHC	0
853	1.970	5.501	8.377	10	135	10.0	40.0	CEEECCCEHC	0
854	2.091	5.578	9.672	10	135	10.0	40.0	CCEECECEHC	0
855	2.225	5.557	7.516	10	135	10.0	30.0	CEECCECCHC	0
856	2.064	5.521	6.954	10	135	10.0	40.0	CEEECECCHC	0
857	2.159	5.475	6.175	10	135	10.0	50.0	CEEECECEHC	0
858	2.174	5.494	5.547	10	135	10.0	20.0	CCCECECCHC	0
859	2.116	5.432	5.752	10	135	0.0	40.0	CEEECECCCC	0
860	2.353	5.719	7.413	10	135	0.0	40.0	CEEECECCCC	0
861	2.074	5.340	5.351	10	135	10.0	30.0	CEECCECCHC	0
862	2.159	5.517	6.213	10	135	0.0	40.0	CCEECECECC	0
863	2.234	5.512	5.714	10	135	10.0	20.0	CECCCECCHC	0
864	1.775	5.506	7.910	10	135	0.0	40.0	CCEECECECC	0
865	2.098	5.552	8.481	10	135	0.0	30.0	CCECCECECC	0
866	2.345	5.645	8.485	10	135	0.0	40.0	CEEECECCCC	0
867	2.485	5.885	7.753	10	135	0.0	40.0	CEEECECCCC	0
868	2.275	5.636	7.023	10	135	10.0	40.0	CEEECECCHC	0
869	2.458	5.753	9.459	10	135	0.0	60.0	CEEEEECECC	0
870	2.233	5.626	6.676	10	135	10.0	50.0	CEEECECEHC	0
871	1.950	5.491	6.657	10	135	10.0	30.0	CCEECECCHC	0
872	2.063	5.445	6.412	10	135	10.0	40.0	CEEECECCHC	0
873	2.058	5.590	7.184	10	135	10.0	40.0	CEEECCCEHC	0
874	3.247	5.877	7.373	10	135	0.0	30.0	CCEECECCCC	0
875	3.262	5.733	7.783	10	135	0.0	40.0	CEEECECCCC	0
876	1.984	5.409	5.455	10	135	10.0	40.0	CCEECECEHC	0
877	2.032	5.421	5.152	10	135	10.0	30.0	CCEECECCHC	0
878	2.281	5.415	5.788	10	135	10.0	30.0	CEECCECCHC	0
879	2.560	5.348	4.351	10	135	10.0	40.0	CEEECECCHC	0
880	3.347	5.325	4.908	10	135	0.0	30.0	CCCEEECCCC	0
881	3.428	5.227	4.156	10	135	0.0	30.0	CECCECCECC	0
882	3.014	5.768	6.679	10	135	0.0	50.0	CEEECECECC	0
883	3.207	5.786	6.651	10	135	0.0	30.0	CCEECECCCC	0
884	2.376	5.375	4.604	10	135	10.0	40.0	CEEECECCHC	0
885	2.290	5.477	5.024	10	135	10.0	20.0	CCECCECCHC	0
886	3.278	5.896	8.358	10	135	0.0	30.0	CEECCECCCC	0
887	3.024	5.996	7.361	10	135	0.0	30.0	CEECCECCCC	0
888	3.438	5.524	5.998	10	135	0.0	20.0	CECCCECCCC	0
889	3.667	5.386	5.840	10	135	0.0	20.0	CCCECECCCC	0
890	3.085	5.888	7.749	10	135	0.0	50.0	CEEECECECC	0
891	3.000	5.976	6.665	10	135	0.0	40.0	CEEECECCCC	0
892	3.366	5.333	7.302	10	135	10.0	20.0	CECECCCCHC	0
893	3.338	5.381	7.734	10	135	10.0	40.0	CEEECECCHC	0
894	3.747	5.888	7.664	10	135	0.0	10.0	CCCECCCCCC	0
895	3.776	5.843	8.032	10	135	0.0	40.0	CECEEECCCC	0
896	3.314	5.533	8.387	10	135	0.0	20.0	CECECCCCCC	0
897	3.141	5.474	7.593	10	135	10.0	40.0	CEEECECCHC	0
898	2.872	5.383	6.939	10	135	10.0	30.0	CECECECCHC	0
899	2.790	5.263	4.388	10	135	10.0	20.0	CECCCECCHC	0
900	2.814	5.316	5.184	10	135	10.0	20.0	CCCECECCHC	0
901	2.891	5.297	5.534	10	135	10.0	20.0	CCEECCCCHC	0
902	3.171	6.278	12.234	10	135	10.0	40.0	CEEECECCHC	0
903	2.968	6.059	9.238	10	135	10.0	30.0	CECECECCHC	0
904	3.095	5.463	7.237	10	135	10.0	40.0	CEEECECCHC	0
905	2.833	5.382	6.085	10	135	10.0	20.0	CEECCCCCHC	0
906	4.283	5.987	11.133	10	135	10.0	40.0	CECEHECECC	0
907	4.276	6.112	9.996	10	135	0.0	10.0	CECCCCCCCC	0
908	2.752	5.247	4.328	10	135	10.0	30.0	CCEECECCHC	0
909	2.668	5.307	5.535	10	135	10.0	40.0	CEEECECCHC	0
910	2.761	5.357	5.249	10	135	10.0	40.0	CEEECECCHC	0
911	2.984	5.444	5.828	10	135	10.0	20.0	CCEECCCCHC	0
912	2.457	5.536	5.345	10	135	10.0	30.0	CECECCCEHC	0
913	2.285	5.251	4.410	10	135	10.0	30.0	CCEECECCHC	0
914	2.795	5.314	5.484	10	135	10.0	40.0	CEEECECCHC	0
915	2.775	5.224	5.419	10	135	10.0	40.0	CEECEECCHC	0
916	2.612	5.595	4.628	10	135	10.0	40.0	CCEECECEHC	0
917	2.467	5.617	6.263	10	135	10.0	30.0	CECEECCCHC	0
918	3.173	5.030	5.747	10	135	0.0	50.0	CEEEEECCCC	0
919	3.516	5.311	7.875	10	135	0.0	40.0	CECEEECCCC	0
920	3.470	5.274	7.397	10	135	10.0	20.0	CECCCECCHC	0
921	3.315	5.265	6.073	10	135	10.0	30.0	CECECECCHC	0
922	2.456	5.429	3.876	10	135	10.0	20.0	CCCECCCEHC	0
923	2.575	5.339	4.843	10	135	10.0	50.0	CECEEECEHC	0
924	2.547	5.627	6.244	10	135	10.0	50.0	CEEECECEHC	0
925	2.315	5.457	5.590	10	135	10.0	40.0	CECECECEHC	0
926	3.397	5.269	5.771	10	135	0.0	20.0	CCCCEECCCC	0
927	3.377	5.166	5.024	10	135	0.0	50.0	CECEEECECC	0
928	3.134	4.982	4.729	10	135	0.0	20.0	CCCCECCCCE	0
929	3.009	4.790	5.020	10	135	0.0	30.0	CECCCECECC	0
930	3.098	4.976	4.969	10	135	0.0	0.0	CCCCCCCCCC	0
931	3.208	4.999	4.764	10	135	0.0	40.0	CECEECCECC	0
932	2.774	5.338	4.929	10	135	10.0	40.0	CEEECECCHC	0
933	2.539	5.447	5.163	10	135	10.0	40.0	CEEECECCHC	0
934	2.941	5.668	6.057	10	135	0.0	60.0	CEEEEECECC	0
935	2.491	5.362	4.825	10	135	0.0	60.0	CEEEEECECC	0
936	3.256	5.184	5.118	10	135	0.0	20.0	CCCEECCCCC	0
937	3.167	4.902	4.075	10	135	0.0	40.0	CECCEECECC	0
938	3.207	5.164	4.701	10	135	0.0	20.0	CECECCCCCC	0
939	3.396	5.268	5.215	10	135	0.0	30.0	CCCEEECCCC	0
940	3.190	5.203	4.390	10	135	0.0	30.0	CECECECCCC	0
941	3.223	5.006	4.191	10	135	0.0	40.0	CCCEEECECC	0
942	3.216	5.171	4.089	10	135	0.0	40.0	CECEECCECC	0
943	3.350	5.159	3.976	10	135	0.0	40.0	CECEEECCCC	0
944	3.267	5.353	4.529	10	135	0.0	30.0	CCCEEECCCC	0
945	3.280	5.286	5.297	10	135	0.0	30.0	CCCEEECCCC	0
946	4.071	5.995	10.400	10	135	0.0	40.0	CECEEECCCC	0
947	3.665	5.779	6.867	10	135	0.0	10.0	CCCCCECCCC	0
948	3.184	5.247	4.863	10	135	0.0	40.0	CCCEEECECC	0
949	3.260	5.213	3.758	10	135	0.0	30.0	CCCEEECCCC	0
950	2.600	5.471	4.630	10	135	10.0	40.0	CECEEECCHC	0
951	2.548	5.448	4.971	10	135	10.0	30.0	CECECECCHC	0
952	2.517	5.713	9.083	10	135	0.0	40.0	CEEECECCCC	0
953	2.383	5.692	7.697	10	135	10.0	40.0	CEEECECCHC	0
954	2.494	5.426	4.579	10	135	10.0	20.0	CCCECECCHC	0
955	2.480	5.467	4.404	10	135	10.0	50.0	CEEECECEHC	0
956	3.659	5.588	6.718	10	135	0.0	40.0	CECEEECCCC	0
957	3.757	5.673	6.048	10	135	0.0	20.0	CCCECECCCC	0
958	2.278	5.599	5.883	10	135	10.0	40.0	CEEECECCHC	0
959	2.457	5.588	5.374	10	135	10.0	20.0	CECCCCCEHC	0
960	2.492	5.500	4.655	10	135	10.0	30.0	CCEECECCHC	0
961	2.395	5.620	5.865	10	135	10.0	30.0	CECECECCHC	0
962	3.140	5.060	4.639	10	135	0.0	10.0	CCCECCCCCC	0
963	3.235	5.290	4.471	10	135	0.0	20.0	CECCCECCCC	0
964	2.353	5.506	5.965	10	135	10.0	20.0	CCCECCCEHC	0
965	2.432	5.518	4.860	10	135	10.0	50.0	CECEEECEHC	0
966	2.411	5.506	5.153	10	135	10.0	30.0	CCCECECEHC	0
967	2.616	5.594	5.631	10	135	10.0	20.0	CCCECCCEHC	0
968	3.451	5.674	6.124	10	135	0.0	40.0	CECEEECCCC	0
969	3.396	5.377	6.047	10	135	0.0	40.0	CCCEEECECC	0
970	2.974	5.710	6.546	10	135	10.0	40.0	CEEECECCHC	0
971	3.029	5.365	5.961	10	135	0.0	30.0	CCEECECCCC	0
972	3.564	5.546	5.356	10	135	0.0	40.0	CCCEEECECC	0
973	3.381	5.521	4.560	10	135	0.0	50.0	CECEEECECC	0
974	3.537	5.547	5.127	10	135	0.0	40.0	CCCEEECECC	0
975	3.708	5.488	6.271	10	135	0.0	30.0	CCCEEECCCC	0
976	2.494	5.443	5.432	10	135	10.0	30.0	CECECECCHC	0
977	2.466	5.345	4.362	10	135	10.0	10.0	CCCCCECCHC	0
978	3.321	5.660	5.677	10	135	0.0	30.0	CECECECCCC	0
979	3.297	5.392	4.978	10	135	0.0	40.0	CECEEECCCC	0
980	2.315	5.593	5.513	10	135	0.0	20.0	CCCECCCECC	0
981	2.757	5.559	5.145	10	135	10.0	40.0	CCEECECEHC	0
982	2.412	5.446	4.554	10	135	10.0	20.0	CCCECECCHC	0
983	2.463	5.479	4.331	10	135	10.0	20.0	CCCCCECEHC	0
984	2.281	5.707	7.306	10	135	0.0	60.0	CEEECECEEC	0
985	2.132	5.555	7.253	10	135	0.0	40.0	CCEECECCEC	0
986	2.458	5.462	4.079	10	135	10.0	20.0	CECECCCCHC	0
987	2.393	5.543	5.147	10	135	10.0	40.0	CECEEECCHC	0
988	2.397	5.451	4.630	10	135	10.0	40.0	CECECECEHC	0
989	2.508	5.316	4.323	10	135	10.0	10.0	CCCECCCCHC	0
990	3.379	5.262	3.877	10	135	0.0	20.0	CCCECECCCC	0
991	3.111	5.247	4.428	10	135	0.0	30.0	CCCECECECC	0
992	3.241	5.388	5.149	10	135	0.0	30.0	CECCEECCCC	0
993	3.228	5.135	3.822	10	135	0.0	30.0	CECEECCCCC	0
994	2.482	5.340	3.993	10	135	0.0	50.0	CEEEEECCCC	0
995	2.485	5.473	4.990	10	135	0.0	40.0	CECEEECCCC	0
996	2.339	5.624	6.436	10	135	10.0	40.0	CEEECCCEHC	0
997	2.235	5.520	5.528	10	135	10.0	30.0	CEEECCCCHC	0
998	2.277	5.532	5.820	10	135	10.0	30.0	CEEECCCCHC	0
999	2.155	5.612	6.430	10	135	0.0	40.0	CEEECECCCC	0
1000	2.515	5.534	5.244	10	135	10.0	40.0	CCECEECEHC	0
1001	2.327	5.647	6.525	10	135	10.0	30.0	CECECECCHC	0
1002	2.081	5.567	6.121	10	135	0.0	30.0	CCEECECCCC	0
1003	2.224	5.479	6.517	10	135	0.0	40.0	CEECCECECC	0
1004	2.326	5.327	4.273	10	135	10.0	40.0	CCEECECEHC	0
1005	2.564	5.474	4.800	10	135	0.0	60.0	CEEEEECECC	0
1006	2.459	5.368	4.134	10	135	10.0	30.0	CEEECCCCHC	0
1007	2.508	5.458	4.878	10	135	10.0	50.0	CEEEEECCHC	0
1008	2.355	5.489	5.770	10	135	0.0	40.0	CEEECECCCC	0
1009	2.582	5.378	5.026	10	135	0.0	30.0	CEEECCCCCC	0
1010	2.629	5.443	4.577	10	135	0.0	20.0	CCCECECCCC	0
1011	2.750	5.482	5.810	10	135	10.0	40.0	CEEECECCHC	0
1012	2.986	5.318	5.518	10	135	0.0	20.0	CECCCECCCC	0
1013	2.840	5.523	5.659	10	135	0.0	40.0	CEEECECCCC	0
1014	3.123	4.933	3.921	10	135	0.0	10.0	CCCECCCCCC	0
1015	3.057	4.981	4.850	10	135	0.0	10.0	CCCCECCCCC	0
1016	2.308	5.685	6.584	10	135	10.0	40.0	CEEECECCHC	0
1017	2.415	5.825	8.008	10	135	10.0	30.0	CCEECECCHC	0
1018	2.579	5.709	7.445	10	135	10.0	40.0	CCEECECEHC	0
1019	2.377	5.665	6.144	10	135	10.0	40.0	CEEECECCHC	0
1020	3.851	6.009	11.156	10	135	0.0	60.0	CEEEEECECC	0
1021	4.001	6.015	12.606	10	135	0.0	50.0	CEEEEECCCC	0
1022	3.914	6.118	12.589	10	135	0.0	50.0	CEEEEECCCC	0
1023	4.070	6.202	13.283	10	135	0.0	50.0	CEEEEECCCC	0
1024	3.226	5.235	3.705	10	135	0.0	40.0	CECEEECCCC	0
1025	3.339	5.126	3.496	10	135	0.0	40.0	CECEEECCCC	0
1026	2.407	5.489	4.872	10	135	10.0	40.0	CECECECEHC	0
1027	2.535	5.567	5.054	10	135	10.0	30.0	CECECECCHC	0
1028	3.313	5.329	4.040	10	135	0.0	20.0	CCCCEECCCC	0
1029	3.122	5.307	3.946	10	135	0.0	10.0	CCCECCCCCC	0
1030	2.783	5.558	5.222	10	135	10.0	40.0	CEEECECCHC	0
1031	2.779	5.569	6.652	10	135	10.0	20.0	CECCCECCHC	0
1032	3.930	5.987	12.134	10	135	0.0	50.0	CEEEEECCCC	0
1033	3.852	5.916	11.078	10	135	0.0	40.0	CEEEECCCCC	0
1034	2.497	5.465	4.921	10	135	0.0	10.0	CCCECCCCCC	0
1035	2.431	5.472	4.079	10	135	10.0	30.0	CCCECECEHC	0
1036	3.711	5.705	11.429	10	135	0.0	50.0	CEEEEECCCC	0
1037	3.602	5.790	11.042	10	135	0.0	50.0	CEEEEECCCC	0
1038	3.371	5.332	4.555	10	135	0.0	50.0	CECEEECECC	0
1039	3.446	5.373	5.528	10	135	0.0	30.0	CCCEEECCCC	0
1040	4.037	5.894	12.600	10	135	0.0	60.0	CEEEEECECC	0
1041	3.662	5.730	10.010	10	135	0.0	60.0	CEEEEECECC	0
1042	3.291	5.449	5.050	10	135	0.0	50.0	CECEEECECC	0
1043	3.276	5.297	5.223	10	135	0.0	30.0	CECECCCECC	0
1044	2.466	5.511	5.461	10	135	10.0	40.0	CEEECECCHC	0
1045	2.748	5.292	5.171	10	135	10.0	20.0	CEECCCCCHC	0
1046	3.900	6.029	12.097	10	135	0.0	50.0	CCEEEECECC	0
1047	3.695	5.999	11.516	10	135	0.0	40.0	CEECEECCCC	0
1048	3.809	5.863	10.962	10	135	0.0	40.0	CEECEECCCC	0
1049	3.855	6.021	11.912	10	135	0.0	40.0	CEECEECCCC	0
1050	2.558	5.608	5.573	10	135	10.0	0.0	CCCCCCCCHC	0
1051	2.466	5.464	6.013	10	135	10.0	30.0	CECECECCHC	0
1052	2.463	5.536	5.080	10	135	10.0	40.0	CECECECEHC	0
1053	2.446	5.350	3.894	10	135	10.0	50.0	CECEEECEHC	0
1054	2.186	5.623	7.030	10	135	0.0	50.0	CEEECECECC	0
1055	2.178	5.540	6.697	10	135	0.0	50.0	CEEECECECC	0
1056	2.595	5.575	5.251	10	135	10.0	30.0	CCEECECCHC	0
1057	2.372	5.470	4.798	10	135	10.0	40.0	CCEEEECCHC	0
1058	2.586	5.461	4.620	10	135	10.0	40.0	CCCEEECEHC	0
1059	2.469	5.630	5.566	10	135	10.0	40.0	CEEEECCCHC	0
1060	2.409	5.613	6.123	10	135	10.0	30.0	CCCEECCEHC	0
1061	2.520	5.457	4.496	10	135	10.0	50.0	CEEEEECCHC	0
1062	3.201	5.145	4.043	10	135	0.0	20.0	CECECCCCCC	0
1063	3.278	5.077	4.000	10	135	0.0	40.0	CECEEECCCC	0
1064	2.441	5.841	9.723	10	135	0.0	40.0	CEECCECECC	0
1065	2.194	5.576	7.776	10	135	0.0	30.0	CCEECECCCC	0
1066	2.449	5.648	7.748	10	135	10.0	40.0	CEEECECCHC	0
1067	2.213	5.585	8.228	10	135	10.0	20.0	CCECCECCHC	0
1068	2.481	5.366	4.493	10	135	10.0	40.0	CCEECECEHC	0
1069	2.569	5.413	4.573	10	135	0.0	50.0	CEEECECECC	0
1070	2.572	5.396	4.657	10	135	0.0	50.0	CCEEEECECC	0
1071	2.400	5.420	4.132	10	135	0.0	10.0	CCECCCCCCC	0
1072	3.171	5.816	8.905	10	135	0.0	40.0	CEEECECCCC	0
1073	3.224	5.735	8.901	10	135	0.0	30.0	CEECCCCECC	0
1074	2.520	5.635	5.649	10	135	10.0	40.0	CCEECECEHC	0
1075	2.403	5.359	4.374	10	135	0.0	40.0	CCEECECECC	0
1076	3.355	5.368	4.643	10	135	0.0	40.0	CCCEEECECC	0
1077	3.226	5.324	5.965	10	135	0.0	30.0	CCCEEECCCC	0
1078	2.187	5.567	8.386	10	135	10.0	50.0	CEECEECEHC	0
1079	2.249	5.729	8.243	10	135	0.0	50.0	CEEECECECC	0
1080	2.092	5.697	8.313	10	135	10.0	60.0	CEEEEECEHC	0
1081	2.285	5.754	7.851	10	135	0.0	30.0	CEECCECCCC	0
1082	2.108	5.530	6.388	10	135	10.0	40.0	CEEECECCHC	0
1083	2.000	5.441	6.693	10	135	0.0	30.0	CCECCECECC	0
1084	2.497	5.627	5.224	10	135	10.0	40.0	CCEECECEHC	0
1085	2.530	5.688	6.169	10	135	0.0	20.0	CCCECECCCC	0
1086	2.388	5.555	5.398	10	135	10.0	40.0	CCCEEECEHC	0
1087	2.491	5.552	4.813	10	135	10.0	30.0	CCECEECCHC	0
1088	1.999	5.502	6.905	10	135	0.0	20.0	CCECCECCCC	0
1089	2.088	5.594	6.436	10	135	0.0	40.0	CEEECECCCC	0
1090	2.430	5.539	6.284	10	135	10.0	50.0	CECEEECEHC	0
1091	2.624	5.547	4.703	10	135	10.0	30.0	CCCEEECCHC	0
1092	2.113	5.630	6.799	10	135	0.0	40.0	CEEECECCCC	0
1093	2.182	5.655	6.853	10	135	0.0	30.0	CEECCECCCC	0
1094	2.245	5.740	8.005	10	135	10.0	40.0	CEEECECCHC	0
1095	2.336	5.524	8.447	10	135	0.0	30.0	CEECCECCCC	0
1096	2.225	5.556	8.877	10	135	10.0	10.0	CCECCCCCHC	0
1097	2.341	5.684	6.123	10	135	10.0	40.0	CEEECECCHC	0
1098	2.502	5.483	5.154	10	135	10.0	30.0	CCCECECEHC	0
1099	2.517	5.600	5.531	10	135	10.0	40.0	CECECECEHC	0
1100	2.268	5.773	7.373	10	135	0.0	20.0	CEECCCCCCC	0
1101	2.523	5.546	5.347	10	135	0.0	40.0	CEEECECCCC	0
1102	3.303	5.315	5.236	10	135	0.0	10.0	CCCCECCCCC	0
1103	3.182	5.019	4.420	10	135	0.0	30.0	CCCEEECCCC	0
1104	3.241	4.995	4.220	10	135	0.0	30.0	CCCEEECCCC	0
1105	3.395	5.182	4.267	10	135	0.0	30.0	CCCCEECECC	0
1106	2.718	6.048	11.518	10	135	10.0	30.0	CEECCECCHC	0
1107	2.240	5.854	9.436	10	135	10.0	30.0	CEECCECCHC	0
1108	2.001	5.542	6.228	10	135	10.0	40.0	CEEECECCHC	0
1109	2.254	5.581	5.926	10	135	10.0	40.0	CEEECECCHC	0
1110	2.358	5.566	5.437	10	135	10.0	40.0	CEEECECCHC	0
1111	2.393	5.686	5.413	10	135	10.0	40.0	CEEECECCHC	0
1112	2.143	5.516	6.142	10	135	10.0	40.0	CEEECECCHC	0
1113	2.197	5.451	5.231	10	135	10.0	40.0	CEEECECCHC	0
1114	2.463	5.565	8.530	10	135	10.0	40.0	CEEECECCHC	0
1115	2.656	5.856	6.825	10	135	0.0	30.0	CEEECCCCCC	0
1116	2.234	5.509	5.959	10	135	10.0	50.0	CEEECECEHC	0
1117	2.127	5.539	7.950	10	135	0.0	40.0	CEEECECCCC	0
1118	2.502	5.667	5.551	10	135	10.0	40.0	CEEECECCHC	0
1119	2.340	5.648	6.039	10	135	10.0	40.0	CEEECECCHC	0
1120	2.652	5.516	4.532	10	135	0.0	40.0	CEEECECCCC	0
1121	2.443	5.494	5.224	10	135	10.0	20.0	CCCECECCHC	0
1122	2.520	5.469	4.752	10	135	0.0	20.0	CCCCCECECC	0
1123	2.784	5.457	5.761	10	135	0.0	40.0	CEEECECCCC	0
1124	2.027	5.495	5.580	10	135	10.0	30.0	CEECCECCHC	0
1125	2.516	5.742	6.342	10	135	10.0	30.0	CEECCECCHC	0
1126	3.348	5.648	4.829	10	135	0.0	50.0	CECEEECECC	0
1127	3.367	5.653	5.331	10	135	0.0	30.0	CCCEEECCCC	0
1128	2.534	5.360	4.609	10	135	10.0	30.0	CEEECCCCHC	0
1129	2.739	5.401	5.282	10	135	10.0	20.0	CCEECCCCHC	0
1130	2.922	5.404	5.521	10	135	10.0	30.0	CCEECCCEHC	0
1131	2.885	5.369	4.599	10	135	0.0	40.0	CEEECECCCC	0
1132	2.881	5.239	4.786	10	135	10.0	20.0	CCEECCCCHC	0
1133	2.792	5.355	4.735	10	135	0.0	30.0	CCEECCCECC	0
1134	2.893	5.323	5.682	10	135	10.0	40.0	CEEECCCEHC	0
1135	3.112	5.556	7.330	10	135	0.0	30.0	CEEECCCCCC	0
1136	2.618	6.102	10.378	10	135	0.0	40.0	CEEECECCCC	0
1137	2.249	5.516	9.130	10	135	0.0	30.0	CCECCECECC	0
1138	2.723	5.196	4.063	10	135	0.0	40.0	CCCEEECECC	0
1139	2.605	5.311	5.402	10	135	0.0	40.0	CCCEEECECC	0
1140	2.890	5.672	5.360	10	135	0.0	20.0	CECCECCCCC	0
1141	2.955	5.651	4.135	10	135	0.0	40.0	CECECECECC	0
1142	2.297	5.810	9.301	10	135	10.0	40.0	CEEECECCHC	0
1143	2.203	5.509	8.458	10	135	0.0	40.0	CEEECECCCC	0
1144	2.377	5.699	7.511	10	135	0.0	50.0	CEEECECECC	0
1145	2.576	5.681	9.720	10	135	0.0	40.0	CEEECCCECC	0
1146	2.597	5.766	9.383	10	135	10.0	40.0	CCEECECEHC	0
1147	2.398	5.529	7.515	10	135	0.0	20.0	CECCCECCCC	0
1148	2.316	5.724	7.490	10	135	10.0	30.0	CEECCECCHC	0
1149	2.490	5.680	8.174	10	135	0.0	50.0	CEEECECECC	0
1150	3.308	5.671	5.787	10	135	0.0	30.0	CCCECECECC	0
1151	3.240	5.602	5.659	10	135	0.0	30.0	CECECECCCC	0
1152	2.499	5.654	10.028	10	135	10.0	50.0	CEEECECEHC	0
1153	2.127	5.606	8.514	10	135	0.0	30.0	CCEECECCCC	0
1154	2.910	5.885	6.754	10	135	0.0	30.0	CEECCECCCC	0
1155	3.123	5.933	8.622	10	135	0.0	40.0	CEECCECECC	0
1156	3.441	5.244	5.215	10	135	0.0	20.0	CCCCEECCCC	0
1157	3.361	5.232	3.821	10	135	0.0	30.0	CCCEEECCCC	0
1158	3.238	5.241	4.345	10	135	0.0	40.0	CECCEECECC	0
1159	3.087	5.019	4.214	10	135	0.0	50.0	CECEEECECC	0
1160	3.498	5.431	5.131	10	135	0.0	40.0	CECEEECCCC	0
1161	3.361	5.288	4.476	10	135	0.0	40.0	CECEEECCCC	0
1162	2.345	5.478	7.138	10	135	10.0	20.0	CCCECECCHC	0
1163	2.506	5.753	9.144	10	135	0.0	50.0	CEEECECECC	0
1164	2.562	5.616	9.032	10	135	0.0	30.0	CECECECCCC	0
1165	2.794	5.845	10.284	10	135	0.0	20.0	CCCECECCCC	0
1166	2.989	5.402	8.597	10	135	0.0	50.0	CCEEEECECC	0
1167	3.051	5.588	9.295	10	135	0.0	40.0	CEEECECCCC	0
1168	2.740	5.678	8.381	10	135	0.0	20.0	CCCECECCCC	0
1169	2.769	5.604	8.746	10	135	0.0	20.0	CCCECECCCC	0
1170	2.183	5.481	4.885	10	135	10.0	40.0	CEEECECCHC	0
1171	2.349	5.551	4.664	10	135	10.0	40.0	CEEECECCHC	0
1172	2.620	5.760	8.829	10	135	0.0	30.0	CECECECCCC	0
1173	2.549	5.773	9.537	10	135	10.0	40.0	CECECECEHC	0
1174	2.445	5.753	7.136	10	135	10.0	30.0	CEEECCCCHC	0
1175	2.384	5.772	7.284	10	135	10.0	30.0	CEEECCCCHC	0
1176	2.903	5.415	6.425	10	135	0.0	40.0	CEEECECCCC	0
1177	2.836	5.382	6.346	10	135	0.0	40.0	CEEECECCCC	0
1178	2.754	5.646	5.005	10	135	0.0	30.0	CCEECECCCC	0
1179	3.203	6.050	7.513	10	135	0.0	40.0	CEEECECCCC	0
1180	2.305	5.648	7.001	10	135	10.0	40.0	CCEECECEHC	0
1181	2.347	5.667	8.141	10	135	0.0	50.0	CEEECECECC	0
1182	2.980	5.540	5.238	10	135	0.0	40.0	CEEECECCCC	0
1183	2.919	5.279	4.166	10	135	0.0	30.0	CEECCECCCC	0
1184	2.998	5.508	5.549	10	135	0.0	40.0	CEEECECCCC	0
1185	2.927	5.578	5.766	10	135	0.0	40.0	CEEECECCCC	0
1186	2.317	5.585	4.982	10	135	10.0	20.0	CEECCCCCHC	0
1187	2.149	5.519	5.475	10	135	10.0	40.0	CEEECECCHC	0
1188	2.054	5.496	4.992	10	135	10.0	40.0	CEEECECCHC	0
1189	1.971	5.536	5.975	10	135	10.0	20.0	CCEECCCCHC	0
1190	2.816	5.349	4.534	10	135	0.0	30.0	CEEECCCCCC	0
1191	2.761	5.464	5.342	10	135	0.0	40.0	CEEECECCCC	0
1192	2.152	5.553	5.594	10	135	10.0	40.0	CEEECECCHC	0
1193	2.326	5.570	6.013	10	135	10.0	30.0	CEECCECCHC	0
1194	3.472	5.490	5.342	10	135	0.0	40.0	CECEEECCCC	0
1195	3.642	5.549	5.054	10	135	0.0	50.0	CECEEECECC	0
1196	3.497	5.374	4.979	10	135	0.0	30.0	CCCEEECCCC	0
1197	3.857	5.401	6.446	10	135	0.0	30.0	CCCEEECCCC	0
1198	2.534	5.669	9.544	10	135	10.0	50.0	CEEECECEHC	0
1199	2.311	5.716	9.845	10	135	0.0	40.0	CEECCECECC	0
1200	2.087	5.626	6.912	10	135	10.0	30.0	CEECCECCHC	0
1201	2.428	5.828	7.483	10	135	10.0	40.0	CEEECCCEHC	0
1202	3.640	5.579	6.159	10	135	0.0	30.0	CCCEEECCCC	0
1203	3.642	5.631	5.717	10	135	0.0	40.0	CCCEEECECC	0
1204	2.407	5.583	4.866	10	135	10.0	30.0	CEECCECCHC	0
1205	2.398	5.591	4.679	10	135	10.0	40.0	CEEECECCHC	0
1206	2.439	5.585	4.497	10	135	10.0	40.0	CEEECECCHC	0
1207	2.082	5.526	5.485	10	135	10.0	40.0	CEEECECCHC	0
1208	2.402	5.669	7.251	10	135	10.0	40.0	CEEECECCHC	0
1209	2.815	5.507	5.262	10	135	10.0	20.0	CEECCCCCHC	0
1210	2.539	5.629	8.064	10	135	0.0	40.0	CEEECECCCC	0
1211	2.564	5.631	9.846	10	135	0.0	20.0	CCCECECCCC	0
1212	3.244	5.622	8.111	10	135	10.0	50.0	CEEEEECCHC	0
1213	3.434	5.801	8.875	10	135	10.0	50.0	CEEEEECCHC	0
1214	3.842	5.559	6.822	10	135	0.0	20.0	CCCECECCCC	0
1215	3.649	5.350	4.466	10	135	0.0	30.0	CECECECCCC	0
1216	2.266	5.701	7.015	10	135	10.0	40.0	CEEECECCHC	0
1217	2.391	5.673	7.669	10	135	0.0	50.0	CEEEEECCCC	0
1218	3.463	5.305	5.327	10	135	0.0	40.0	CECEECCECC	0
1219	3.566	5.319	6.191	10	135	0.0	20.0	CCCECECCCC	0
1220	2.501	5.626	6.308	10	135	0.0	40.0	CEECEECCCC	0
1221	2.270	5.556	6.732	10	135	0.0	40.0	CEEECECCCC	0
1222	2.014	5.470	5.226	10	135	0.0	30.0	CCEECECCCC	0
1223	2.211	5.589	6.182	10	135	10.0	30.0	CEECCECCHC	0
1224	3.006	5.581	6.406	10	135	0.0	40.0	CEEECECCCC	0
1225	2.907	5.739	5.356	10	135	0.0	40.0	CEECCECECC	0
1226	2.213	5.465	7.730	10	135	10.0	50.0	CEEECECEHC	0
1227	2.317	5.701	7.967	10	135	0.0	50.0	CEEECECECC	0
1228	3.225	5.051	7.456	10	135	10.0	30.0	CCECEECCHC	0
1229	2.857	5.029	4.806	10	135	20.0	30.0	CEEHECCCHC	0
1230	2.779	5.171	4.821	10	135	10.0	30.0	CEECECCCHC	0
1231	2.689	5.242	6.114	10	135	20.0	30.0	CEEHCECCHC	0
1232	3.706	5.548	5.659	10	135	0.0	20.0	CCCCEECCCC	0
1233	3.304	5.396	4.803	10	135	0.0	30.0	CCCEEECCCC	0
1234	2.732	6.057	11.838	10	135	0.0	40.0	CEECCECECC	0
1235	2.806	6.041	11.145	10	135	10.0	40.0	CEEECECCHC	0
1236	2.533	5.792	11.280	10	135	0.0	40.0	CEEECECCCC	0
1237	2.561	5.913	10.704	10	135	0.0	40.0	CEEECECCCC	0
1238	2.816	5.356	5.406	10	135	10.0	30.0	CCCECECEHC	0
1239	2.952	5.283	5.266	10	135	0.0	50.0	CEEEEECCCC	0
1240	2.855	5.415	6.096	10	135	10.0	40.0	CEEECECCHC	0
1241	3.055	5.353	6.388	10	135	10.0	40.0	CEEECECCHC	0
1242	2.935	5.523	5.428	10	135	0.0	40.0	CECCEECECC	0
1243	3.003	5.270	4.030	10	135	0.0	40.0	CECEEECCCC	0
1244	3.111	5.325	4.417	10	135	0.0	0.0	CCCCCCCCCC	0
1245	3.226	5.365	4.729	10	135	0.0	40.0	CCCEEECECC	0
1246	3.132	5.111	3.959	10	135	0.0	30.0	CCCEEECCCC	0
1247	3.441	5.066	4.026	10	135	0.0	10.0	CCCCECCCCC	0
1248	3.230	5.255	3.725	10	135	0.0	30.0	CECECECCCC	0
1249	3.250	5.361	4.302	10	135	0.0	40.0	CECEEECCCC	0
1250	3.608	5.511	9.996	10	135	0.0	50.0	CEEEEECCCC	0
1251	3.818	5.860	11.118	10	135	0.0	50.0	CEEEEECCCC	0
1252	2.581	5.293	4.210	10	135	10.0	10.0	CCCCCCCEHC	0
1253	2.604	5.388	4.167	10	135	0.0	30.0	CCCECECECC	0
1254	2.320	5.629	6.404	10	135	0.0	20.0	CCCECECCCC	0
1255	2.216	5.652	7.632	10	135	0.0	30.0	CEEECCCCCC	0
1256	2.332	5.654	6.671	10	135	10.0	40.0	CEEECECCHC	0
1257	2.227	5.622	7.231	10	135	10.0	40.0	CECECECEHC	0
1258	2.576	5.426	4.523	10	135	10.0	40.0	CECECECEHC	0
1259	2.443	5.441	4.652	10	135	10.0	40.0	CEEECECCHC	0
1260	3.801	5.897	11.603	10	135	0.0	50.0	CEEEECCECC	0
1261	3.681	5.807	11.393	10	135	0.0	50.0	CEEEEECCCC	0
1262	2.437	5.593	5.329	10	135	0.0	20.0	CCCECCCECC	0
1263	2.543	5.472	4.499	10	135	10.0	30.0	CEECCECCHC	0
1264	3.055	6.256	10.501	10	135	0.0	60.0	CEEEEECECC	0
1265	3.125	6.398	12.360	10	135	10.0	40.0	CEEECECCHC	0
1266	2.559	6.054	10.901	10	135	0.0	50.0	CEEEEECCCC	0
1267	2.758	5.935	11.980	10	135	0.0	40.0	CEEECECCCC	0
1268	3.678	5.799	12.008	10	135	0.0	40.0	CEECECCECC	0
1269	3.664	5.873	11.127	10	135	0.0	60.0	CEEEEECECC	0
1270	3.419	5.741	9.563	10	135	0.0	50.0	CEEEEECCCC	0
1271	3.530	5.978	11.340	10	135	0.0	60.0	CEEEEECECC	0
1272	4.389	6.299	13.221	10	135	0.0	40.0	CEEECECCCC	0
1273	4.361	6.398	12.519	10	135	10.0	40.0	CEECHECECC	0
1274	4.161	6.250	11.738	10	135	0.0	20.0	CEECCCCCCC	0
1275	4.492	6.412	13.690	10	135	0.0	30.0	CCEECCCECC	0
1276	2.788	5.686	5.565	10	135	10.0	20.0	CECECCCCHC	0
1277	2.272	5.464	5.318	10	135	10.0	40.0	CEECEECCHC	0
1278	2.662	5.479	4.372	10	135	0.0	40.0	CEEECECCCC	0
1279	2.456	5.526	4.846	10	135	10.0	30.0	CECECCCEHC	0
1280	2.519	5.631	5.221	10	135	0.0	30.0	CCEECECCCC	0
1281	2.587	5.586	5.987	10	135	10.0	30.0	CECECECCHC	0
1282	2.430	5.605	5.124	10	135	0.0	30.0	CCEECCCECC	0
1283	2.465	5.633	5.439	10	135	10.0	20.0	CCCECECCHC	0
1284	5.078	6.914	17.458	10	135	0.0	40.0	CEEECECCCC	0
1285	4.892	6.607	14.656	10	135	0.0	30.0	CEECCECCCC	0
1286	2.605	5.532	5.619	10	135	10.0	40.0	CECECECEHC	0
1287	2.566	5.560	5.015	10	135	0.0	40.0	CECEECCECC	0
1288	2.467	5.674	6.966	10	135	0.0	40.0	CEEECECCCC	0
1289	2.342	5.613	6.822	10	135	0.0	30.0	CEEECCCCCC	0
1290	2.900	5.383	4.735	10	135	10.0	40.0	CEEECECCHC	0
1291	3.074	5.224	5.087	10	135	10.0	30.0	CEECCECCHC	0
1292	3.191	5.101	5.930	10	135	10.0	20.0	CCCECECCHC	0
1293	3.132	5.156	5.200	10	135	10.0	30.0	CECECECCHC	0
1294	3.321	4.921	5.545	10	135	10.0	30.0	CECECECCHC	0
1295	3.395	4.885	5.843	10	135	10.0	20.0	CCEECCCCHC	0
1296	2.459	5.652	8.747	10	135	0.0	40.0	CEEECECCCC	0
1297	2.255	5.722	8.701	10	135	0.0	40.0	CEEECECCCC	0
1298	2.138	5.504	7.008	10	135	0.0	40.0	CCEECECECC	0
1299	2.183	5.454	6.277	10	135	10.0	50.0	CEEECECEHC	0
1300	2.033	5.482	7.118	10	135	0.0	40.0	CEECCECECC	0
1301	2.129	5.514	7.499	10	135	0.0	40.0	CEECCECECC	0
1302	3.441	5.908	9.587	10	135	0.0	40.0	CEEECECCCC	0
1303	3.331	5.859	9.351	10	135	0.0	40.0	CEEECECCCC	0
1304	3.436	6.011	9.352	10	135	0.0	40.0	CEEECECCCC	0
1305	3.514	5.906	10.549	10	135	0.0	40.0	CEEECECCCC	0
1306	2.881	5.196	4.598	10	135	10.0	40.0	CEECEECCHC	0
1307	3.072	5.201	6.112	10	135	10.0	20.0	CCEECCCCHC	0
1308	2.798	5.283	4.984	10	135	10.0	20.0	CECCCECCHC	0
1309	2.555	5.308	5.142	10	135	10.0	30.0	CEECCECCHC	0
1310	2.667	5.292	5.418	10	135	10.0	40.0	CEEECECCHC	0
1311	2.627	5.425	5.221	10	135	10.0	20.0	CEECCCCCHC	0
1312	2.187	5.537	6.420	10	135	0.0	40.0	CCEECECECC	0
1313	2.270	5.683	6.640	10	135	10.0	40.0	CEEECECCHC	0
1314	2.826	5.608	7.952	10	135	10.0	40.0	CEEECECCHC	0
1315	2.845	5.396	5.130	10	135	10.0	30.0	CECECECCHC	0
1316	3.008	5.440	6.521	10	135	10.0	60.0	CEEEEECEHC	0
1317	2.971	5.327	5.769	10	135	0.0	40.0	CECCEECECC	0
1318	2.354	5.281	5.430	10	135	10.0	30.0	CECECCCEHC	0
1319	2.643	5.327	4.499	10	135	0.0	50.0	CEEECECECC	0
1320	2.461	5.484	5.259	10	135	0.0	40.0	CEEECECCCC	0
1321	2.650	5.488	4.829	10	135	0.0	40.0	CEEECECCCC	0
1322	3.759	5.770	10.673	10	135	0.0	40.0	CEEEECCCCC	0
1323	3.827	6.078	10.929	10	135	0.0	40.0	CEECCECECC	0
1324	3.427	5.380	4.392	10	135	0.0	30.0	CCCEEECCCC	0
1325	3.406	5.375	5.002	10	135	0.0	10.0	CCCCECCCCC	0
1326	2.319	5.609	6.746	10	135	10.0	40.0	CEECCECEHC	0
1327	2.006	5.507	8.522	10	135	0.0	40.0	CEEECECCCC	0
1328	2.293	5.668	8.197	10	135	0.0	30.0	CEECCECCCC	0
1329	2.273	5.710	6.922	10	135	0.0	50.0	CEECEECECC	0
1330	2.206	5.587	6.686	10	135	10.0	40.0	CEEECCCEHC	0
1331	2.233	5.640	6.070	10	135	0.0	30.0	CEECCECCCC	0
1332	2.362	5.773	8.280	10	135	0.0	50.0	CEEECECECC	0
1333	2.621	5.718	7.998	10	135	10.0	40.0	CEECEECCHC	0
1334	2.512	5.684	7.960	10	135	0.0	40.0	CEEECECCCC	0
1335	2.287	5.566	6.549	10	135	10.0	40.0	CEEECECCHC	0
1336	2.706	5.859	7.545	10	135	10.0	40.0	CEECCECEHC	0
1337	2.740	5.953	9.895	10	135	10.0	30.0	CEECCECCHC	0
1338	4.857	6.512	16.001	10	135	10.0	30.0	CEECHECCCC	0
1339	4.733	6.309	13.806	10	135	0.0	20.0	CECCCECCCC	0
1340	2.955	5.647	4.381	10	135	0.0	40.0	CCCEEECCEC	0
1341	3.021	5.309	3.692	10	135	0.0	40.0	CCCEEECCEC	0
1342	2.008	5.605	5.717	10	135	0.0	50.0	CEEECECECC	0
1343	2.314	5.535	5.645	10	135	0.0	40.0	CEEECECCCC	0
1344	2.253	5.551	5.459	10	135	0.0	50.0	CEEECECECC	0
1345	2.501	5.588	5.209	10	135	10.0	20.0	CECCCECCHC	0
1346	2.408	5.476	4.977	10	135	10.0	40.0	CEEECECCHC	0
1347	2.703	5.530	5.095	10	135	10.0	40.0	CEEECECCHC	0
1348	2.422	5.599	5.999	10	135	10.0	40.0	CEEECECCHC	0
1349	2.412	5.424	4.621	10	135	0.0	40.0	CEEECECCCC	0
1350	3.394	5.424	4.876	10	135	0.0	20.0	CCCCEECCCC	0
1351	3.356	5.370	4.386	10	135	0.0	40.0	CCCEEECCEC	0
1352	2.724	5.427	6.529	10	135	10.0	30.0	CECECECCHC	0
1353	2.794	5.351	5.708	10	135	10.0	30.0	CCEECECCHC	0
1354	3.129	5.782	7.046	10	135	0.0	40.0	CEEECECCCC	0
1355	3.173	5.907	7.212	10	135	0.0	40.0	CEEECECCCC	0
1356	2.656	5.307	4.846	10	135	10.0	50.0	CEEEEECCHC	0
1357	2.682	5.199	5.449	10	135	10.0	40.0	CCEEEECCHC	0
1358	2.021	5.417	5.911	10	135	10.0	50.0	CEEEEECCHC	0
1359	2.405	5.524	5.621	10	135	0.0	50.0	CEEECECECC	0
1360	3.523	5.426	5.516	10	135	0.0	40.0	CECEEECCCC	0
1361	3.762	5.628	6.089	10	135	0.0	40.0	CCCEEECCEC	0
1362	3.963	5.847	10.312	10	135	0.0	40.0	CEEECECCCC	0
1363	3.963	5.932	11.271	10	135	0.0	40.0	CEEECECCCC	0
1364	3.875	5.791	9.944	10	135	10.0	40.0	CEEEHECCCC	0
1365	3.792	5.731	9.895	10	135	0.0	40.0	CEEECECCCC	0
1366	2.138	5.416	6.147	10	135	10.0	30.0	CCECCECEHC	0
1367	2.096	5.458	4.995	10	135	10.0	30.0	CCEECCCEHC	0
1368	2.221	5.550	5.676	10	135	0.0	20.0	CCEECCCCCC	0
1369	2.846	5.730	5.906	10	135	10.0	50.0	CEEEEECCHC	0
1370	2.468	5.370	4.634	10	135	10.0	40.0	CEEECECCHC	0
1371	3.106	5.396	6.013	10	135	10.0	30.0	CECECECCHC	0
1372	3.999	5.529	11.586	10	135	0.0	10.0	CCCCCECCCC	0
1373	3.897	5.388	11.276	10	135	0.0	20.0	CCCECECCCC	0
1374	3.787	5.280	9.718	10	135	0.0	10.0	CCCCCECCCC	0
1375	3.760	5.047	9.131	10	135	0.0	20.0	CCCECECCCC	0
1376	3.201	5.731	7.960	10	135	0.0	50.0	CEEEEECCCC	0
1377	3.167	5.965	6.939	10	135	0.0	40.0	CEEECECCCC	0
1378	2.183	5.548	6.270	10	135	10.0	40.0	CCEECECEHC	0
1379	2.157	5.588	6.745	10	135	10.0	40.0	CEEECCCEHC	0
1380	1.982	5.466	7.254	10	135	0.0	40.0	CEEECCCECC	0
1381	2.162	5.451	5.033	10	135	10.0	40.0	CEEECECCHC	0
1382	2.065	5.513	6.780	10	135	0.0	30.0	CCEECECCCC	0
1383	2.182	5.583	5.779	10	135	10.0	40.0	CEEECECCHC	0
1384	2.149	5.549	5.720	10	135	0.0	40.0	CEEECCCECC	0
1385	2.458	5.660	7.432	10	135	10.0	30.0	CCEECECCHC	0
1386	2.923	5.263	6.219	10	135	10.0	40.0	CEEECECCHC	0
1387	2.622	5.434	5.489	10	135	10.0	30.0	CEECCECCHC	0
1388	2.305	5.651	7.573	10	135	10.0	40.0	CEEECECCHC	0
1389	2.440	5.732	9.015	10	135	10.0	20.0	CCEECCCCHC	0
1390	2.985	5.380	7.500	10	135	10.0	40.0	CEEECECCHC	0
1391	2.731	5.375	5.246	10	135	10.0	40.0	CEEECECCHC	0
1392	2.633	5.414	5.540	10	135	10.0	20.0	CECECCCCHC	0
1393	2.801	5.379	5.359	10	135	10.0	40.0	CEEECECCHC	0
1394	2.116	5.645	7.110	10	135	10.0	40.0	CEEECECCHC	0
1395	2.554	5.645	5.880	10	135	10.0	30.0	CECECECCHC	0
1396	2.491	5.502	5.148	10	135	10.0	30.0	CCCECECEHC	0
1397	2.466	5.519	4.923	10	135	0.0	40.0	CEEECECCCC	0
1398	3.482	5.805	8.367	10	135	0.0	40.0	CCCEEECECC	0
1399	3.537	5.790	9.650	10	135	0.0	40.0	CCEEEECCCC	0
1400	2.361	5.634	7.402	10	135	10.0	40.0	CEEECECCHC	0
1401	2.057	5.546	6.637	10	135	10.0	30.0	CCEECECCHC	0
1402	2.199	5.701	7.700	10	135	10.0	50.0	CEEECECEHC	0
1403	2.087	5.605	7.765	10	135	0.0	30.0	CEEECCCCCC	0
1404	2.660	5.421	5.259	10	135	10.0	30.0	CCEECECCHC	0
1405	2.743	5.448	6.055	10	135	10.0	40.0	CEEECECCHC	0
1406	2.496	5.293	4.135	10	135	10.0	40.0	CECCEECEHC	0
1407	2.476	5.414	4.499	10	135	10.0	30.0	CCCEEECCHC	0
1408	2.220	5.563	7.601	10	135	0.0	30.0	CECCCECECC	0
1409	2.142	5.502	8.755	10	135	0.0	40.0	CCEECECECC	0
1410	2.438	5.624	6.069	10	135	10.0	30.0	CCEECCCEHC	0
1411	2.433	5.585	5.802	10	135	10.0	40.0	CECECECEHC	0
1412	2.909	5.573	8.145	10	135	10.0	30.0	CEEECCCCHC	0
1413	2.883	5.336	6.074	10	135	10.0	40.0	CEEECECCHC	0
1414	2.899	5.303	5.168	10	135	10.0	20.0	CCCECECCHC	0
1415	2.677	5.325	5.476	10	135	10.0	40.0	CEEECECCHC	0
1416	2.657	5.297	4.705	10	135	10.0	40.0	CEEECECCHC	0
1417	2.581	5.426	5.458	10	135	10.0	40.0	CEEECECCHC	0
1418	2.573	5.863	9.630	10	135	0.0	50.0	CEECEECECC	0
1419	2.373	5.743	8.374	10	135	10.0	50.0	CEEECECEHC	0
1420	2.222	5.760	8.239	10	135	10.0	30.0	CEEECCCCHC	0
1421	2.017	5.580	6.084	10	135	10.0	20.0	CEECCCCCHC	0
1422	3.774	5.673	10.125	10	135	0.0	30.0	CCCEEECCCC	0
1423	4.038	5.773	11.116	10	135	0.0	40.0	CECEEECCCC	0
1424	2.422	5.592	8.058	10	135	0.0	40.0	CEEECECCCC	0
1425	2.235	5.700	7.952	10	135	0.0	40.0	CEEECECCCC	0
1426	3.944	6.024	12.560	10	135	0.0	40.0	CCEEEECCCC	0
1427	3.793	5.957	12.951	10	135	0.0	50.0	CEEEEECCCC	0
1428	4.190	6.085	13.461	10	135	0.0	60.0	CEEEEECECC	0
1429	3.906	6.099	10.771	10	135	0.0	50.0	CECEEECECC	0
1430	2.587	5.464	5.277	10	135	0.0	50.0	CEEEEECCCC	0
1431	2.404	5.463	4.950	10	135	10.0	30.0	CECECECCHC	0
1432	2.715	5.933	10.974	10	135	10.0	50.0	CEEECECEHC	0
1433	2.875	6.179	9.681	10	135	0.0	40.0	CEEECECCCC	0
1434	2.550	5.608	5.572	10	135	10.0	40.0	CEEECECCHC	0
1435	2.584	5.607	5.106	10	135	10.0	40.0	CEEECCCEHC	0
1436	2.420	5.362	4.789	10	135	10.0	50.0	CEEEEECCHC	0
1437	2.594	5.500	4.671	10	135	10.0	40.0	CECEEECCHC	0
1438	2.597	5.481	4.668	10	135	10.0	30.0	CCCEECCEHC	0
1439	2.553	5.397	4.440	10	135	10.0	40.0	CECEEECCHC	0
1440	3.954	5.935	11.376	10	135	0.0	50.0	CEEEEECCCC	0
1441	4.169	6.093	13.040	10	135	0.0	50.0	CEEEEECCCC	0
1442	2.437	5.789	7.834	10	135	0.0	30.0	CCECEECCCC	0
1443	2.310	5.730	6.609	10	135	10.0	50.0	CEEECECEHC	0
1444	2.168	5.558	7.278	10	135	0.0	40.0	CEEECECCCC	0
1445	2.124	5.621	6.765	10	135	10.0	40.0	CEEECECCHC	0
1446	2.050	5.601	6.543	10	135	0.0	30.0	CCEECCCECC	0
1447	1.957	5.590	7.496	10	135	0.0	30.0	CEEECCCCCC	0
1448	3.204	5.187	3.873	10	135	0.0	20.0	CCCECECCCC	0
1449	3.148	5.185	4.105	10	135	0.0	40.0	CCCEEECECC	0
1450	3.205	5.243	4.181	10	135	0.0	30.0	CCCEEECCCC	0
1451	3.384	5.338	4.698	10	135	0.0	30.0	CCCEECCECC	0
1452	2.174	5.573	6.905	10	135	0.0	50.0	CEEEEECCCC	0
1453	2.190	5.476	4.684	10	135	10.0	40.0	CEEECECCHC	0
1454	2.791	5.366	5.728	10	135	10.0	50.0	CEEEEECCHC	0
1455	2.850	5.365	5.875	10	135	10.0	30.0	CECECECCHC	0
1456	2.215	5.454	5.645	10	135	10.0	40.0	CEEECECCHC	0
1457	2.080	5.476	6.391	10	135	10.0	40.0	CEEECECCHC	0
1458	2.175	5.545	5.769	10	135	10.0	40.0	CEEECECCHC	0
1459	2.213	5.683	7.548	10	135	0.0	40.0	CEEECECCCC	0
1460	3.177	5.071	4.132	10	135	0.0	20.0	CCCCEECCCC	0
1461	3.090	4.928	5.003	10	135	0.0	30.0	CECECECCCC	0
1462	3.698	6.084	11.017	10	135	0.0	50.0	CEEEEECCCC	0
1463	3.615	6.045	10.660	10	135	0.0	50.0	CEEEEECCCC	0
1464	2.941	5.197	4.796	10	135	10.0	30.0	CEECCECCHC	0
1465	3.105	5.270	5.328	10	135	10.0	40.0	CEEECECCHC	0
1466	2.389	5.644	7.685	10	135	10.0	20.0	CCCECECCHC	0
1467	2.383	5.649	7.412	10	135	10.0	40.0	CECECECEHC	0
1468	2.151	5.541	6.817	10	135	10.0	50.0	CEEECECEHC	0
1469	2.207	5.494	6.365	10	135	0.0	50.0	CEEECECECC	0
1470	3.937	5.934	11.271	10	135	0.0	50.0	CEEEEECCCC	0
1471	3.924	6.036	11.961	10	135	0.0	50.0	CEEEEECCCC	0
1472	2.225	5.465	4.995	10	135	10.0	50.0	CEEECECEHC	0
1473	2.476	5.512	5.854	10	135	10.0	50.0	CEEEEECCHC	0
1474	4.085	5.985	12.549	10	135	0.0	50.0	CEEEEECCCC	0
1475	4.130	6.031	12.783	10	135	0.0	40.0	CCEEEECCCC	0
1476	3.919	5.979	11.153	10	135	0.0	40.0	CCEEEECCCC	0
1477	3.740	5.863	11.121	10	135	0.0	50.0	CCEEEECECC	0
1478	3.727	5.936	10.874	10	135	0.0	40.0	CEECEECCCC	0
1479	3.776	5.954	10.732	10	135	0.0	60.0	CEEEEECECC	0
1480	3.913	6.079	12.149	10	135	0.0	50.0	CEEEEECCCC	0
1481	3.878	5.948	11.769	10	135	0.0	60.0	CEEEEECECC	0
1482	3.908	6.005	11.982	10	135	0.0	60.0	CEEEEECECC	0
1483	3.882	6.046	11.876	10	135	0.0	60.0	CEEEEECECC	0
1484	2.850	5.165	5.401	10	135	10.0	40.0	CEECEECCHC	0
1485	3.026	5.202	6.438	10	135	10.0	30.0	CCECEECCHC	0
1486	2.954	5.213	5.965	10	135	10.0	30.0	CEEECCCCHC	0
1487	2.797	5.339	5.516	10	135	10.0	40.0	CEEECECCHC	0
1488	2.762	5.391	5.251	10	135	10.0	40.0	CEEECECCHC	0
1489	2.537	5.450	4.887	10	135	10.0	40.0	CEEECECCHC	0
1490	4.751	6.739	14.411	10	135	0.0	40.0	CEEECECCCC	0
1491	4.532	6.529	12.489	10	135	0.0	40.0	CEECCECECC	0
1492	4.803	6.653	14.628	10	135	0.0	50.0	CEEECECECC	0
1493	4.408	6.421	12.079	10	135	0.0	30.0	CEEECCCCCC	0
1494	4.363	6.512	11.680	10	135	0.0	40.0	CEEECCCECC	0
1495	4.627	6.529	13.548	10	135	0.0	30.0	CEECCECCCC	0
1496	2.545	5.749	7.255	10	135	0.0	30.0	CECCEECCCC	0
1497	2.424	5.719	8.327	10	135	10.0	40.0	CEEECECCHC	0
1498	2.514	5.636	8.869	10	135	0.0	20.0	CCCECECCCC	0
1499	2.310	5.610	6.398	10	135	0.0	30.0	CCEECECCCC	0
1500	2.247	5.520	8.005	10	135	10.0	20.0	CECCCECCHC	0
1501	2.065	5.512	7.313	10	135	0.0	30.0	CCEECECCCC	0
1502	2.319	5.576	7.261	10	135	10.0	30.0	CCCEEECCHC	0
1503	2.158	5.588	7.506	10	135	10.0	10.0	CCCECCCCHC	0
1504	2.203	5.618	6.662	10	135	0.0	30.0	CCEECECCCC	0
1505	2.372	5.475	4.649	10	135	10.0	30.0	CCEECECCHC	0
1506	2.655	5.425	4.995	10	135	10.0	40.0	CEEECECCHC	0
1507	2.529	5.439	4.688	10	135	10.0	50.0	CEEEEECCHC	0
1508	2.170	5.577	8.758	10	135	0.0	40.0	CEEECECCCC	0
1509	2.159	5.425	7.054	10	135	10.0	30.0	CCEECECCHC	0
1510	2.059	5.439	5.794	10	135	10.0	40.0	CEEECECCHC	0
1511	2.091	5.480	6.268	10	135	10.0	40.0	CEEECECCHC	0
1512	2.589	5.459	4.331	10	135	0.0	40.0	CECECECECC	0
1513	2.612	5.456	4.061	10	135	10.0	30.0	CCEECECCHC	0
1514	2.041	5.531	6.546	10	135	10.0	50.0	CEEECECEHC	0
1515	1.733	5.393	6.614	10	135	10.0	60.0	CEEEEECEHC	0
1516	2.370	5.579	5.177	10	135	10.0	30.0	CECECECCHC	0
1517	2.459	5.579	6.133	10	135	10.0	30.0	CCCEEECCHC	0
1518	2.611	5.539	5.356	10	135	10.0	40.0	CCEECECEHC	0
1519	2.368	5.670	5.455	10	135	10.0	40.0	CEEECECCHC	0
1520	3.763	5.962	11.556	10	135	0.0	50.0	CEEEEECCCC	0
1521	3.952	5.958	11.530	10	135	0.0	60.0	CEEEEECECC	0
1522	2.450	5.574	4.522	10	135	10.0	50.0	CEEECECEHC	0
1523	2.502	5.697	5.918	10	135	10.0	20.0	CECCCECCHC	0
1524	3.711	5.936	11.025	10	135	0.0	60.0	CEEEEECECC	0
1525	3.899	6.053	10.800	10	135	0.0	40.0	CECEEECCCC	0
1526	3.873	5.970	11.504	10	135	0.0	50.0	CEEEEECCCC	0
1527	4.001	5.971	11.948	10	135	0.0	50.0	CEEEEECCCC	0
1528	4.745	6.756	13.927	10	135	0.0	50.0	CEEECECECC	0
1529	4.817	6.802	15.233	10	135	0.0	40.0	CEEECECCCC	0
1530	2.642	5.315	4.357	10	135	10.0	40.0	CEEECECCHC	0
1531	2.888	5.831	7.616	10	135	0.0	50.0	CEEEEECCCC	0
1532	2.363	5.587	6.153	10	135	0.0	10.0	CCCCCECCCC	0
1533	2.655	5.521	4.763	10	135	10.0	40.0	CECECECEHC	0
1534	2.431	5.477	4.763	10	135	10.0	40.0	CCEECECEHC	0
1535	2.460	5.355	4.024	10	135	10.0	20.0	CCCCCECEHC	0
1536	2.501	5.608	4.465	10	135	0.0	40.0	CECECECECC	0
1537	2.420	5.760	6.730	10	135	0.0	20.0	CCCECECCCC	0
1538	4.064	6.129	12.710	10	135	0.0	50.0	CEEEEECCCC	0
1539	3.884	6.106	12.472	10	135	0.0	50.0	CEEEEECCCC	0
1540	3.585	5.899	10.690	10	135	0.0	50.0	CEEEEECCCC	0
1541	3.769	5.931	11.935	10	135	0.0	50.0	CEEEEECCCC	0
1542	2.984	6.323	12.748	10	135	0.0	40.0	CEEECECCCC	0
1543	3.338	6.456	13.354	10	135	0.0	50.0	CEEECECECC	0
1544	3.110	6.342	11.453	10	135	0.0	40.0	CEEECECCCC	0
1545	3.055	6.131	10.165	10	135	0.0	50.0	CEEECECECC	0
1546	3.805	5.955	11.201	10	135	0.0	40.0	CEEEECCCCC	0
1547	4.009	5.993	12.392	10	135	0.0	60.0	CEEEEECECC	0
1548	3.964	6.094	12.071	10	135	0.0	50.0	CEEEEECCCC	0
1549	4.079	5.981	11.545	10	135	0.0	50.0	CCEEEECECC	0
1550	2.475	5.628	5.866	10	135	10.0	10.0	CCCECCCCHC	0
1551	2.496	5.635	5.415	10	135	0.0	40.0	CECEEECCCC	0
1552	2.430	5.388	4.714	10	135	10.0	60.0	CEEEEECEHC	0
1553	2.347	5.252	3.809	10	135	10.0	20.0	CCCEECCCHC	0
1554	3.782	5.969	11.015	10	135	0.0	30.0	CCEEECCCCC	0
1555	3.909	5.919	11.661	10	135	0.0	60.0	CEEEEECECC	0
1556	4.794	6.475	13.528	10	135	0.0	40.0	CEEECECCCC	0
1557	4.720	6.634	13.627	10	135	0.0	30.0	CCEECECCCC	0
1558	3.333	5.727	7.675	10	135	0.0	40.0	CECCEECECC	0
1559	3.540	5.941	10.786	10	135	0.0	40.0	CCEEEECCCC	0
1560	3.790	6.003	11.431	10	135	0.0	50.0	CCEEEECECC	0
1561	4.112	6.176	11.997	10	135	0.0	50.0	CEEEEECCCC	0
1562	4.363	6.512	12.766	10	135	0.0	30.0	CEECCECCCC	0
1563	4.313	6.428	12.605	10	135	0.0	20.0	CEECCCCCCC	0
1564	2.467	5.467	4.585	10	135	0.0	30.0	CCCECECECC	0
1565	2.477	5.585	5.142	10	135	0.0	30.0	CECECECCCC	0
1566	4.540	6.340	13.455	10	135	0.0	30.0	CEECCECCCC	0
1567	4.521	6.058	12.539	10	135	10.0	40.0	CEEEHECCCC	0
1568	3.837	5.973	11.237	10	135	0.0	50.0	CEEEEECCCC	0
1569	3.769	5.886	11.468	10	135	0.0	40.0	CCEEEECCCC	0
1570	3.926	5.907	11.545	10	135	0.0	50.0	CEEEEECCCC	0
1571	4.088	6.130	12.523	10	135	0.0	50.0	CCEEEECECC	0
1572	3.795	5.922	11.055	10	135	0.0	50.0	CEEEEECCCC	0
1573	3.518	5.725	9.196	10	135	0.0	50.0	CEEEEECCCC	0
1574	3.450	5.513	5.788	10	135	0.0	30.0	CCCEEECCCC	0
1575	3.535	5.471	5.384	10	135	0.0	30.0	CECECECCCC	0
1576	3.857	6.186	11.293	10	135	0.0	50.0	CEEEEECCCC	0
1577	3.512	5.843	10.131	10	135	0.0	40.0	CCEEEECCCC	0
1578	3.708	5.867	9.697	10	135	0.0	40.0	CECEEECCCC	0
1579	3.511	5.801	10.140	10	135	0.0	40.0	CECEEECCCC	0
1580	2.505	5.595	4.908	10	135	10.0	10.0	CCCCCECCHC	0
1581	2.580	5.682	5.862	10	135	0.0	40.0	CECECECECC	0
1582	2.380	5.459	4.489	10	135	10.0	40.0	CECECECEHC	0
1583	2.443	5.532	4.942	10	135	10.0	50.0	CECEEECEHC	0
1584	2.515	5.411	4.692	10	135	10.0	50.0	CECEEECEHC	0
1585	2.313	5.347	4.279	10	135	0.0	50.0	CEEECECECC	0
1586	2.437	5.630	5.926	10	135	0.0	30.0	CECECECCCC	0
1587	2.543	5.443	4.863	10	135	10.0	40.0	CEEECECCHC	0
1588	3.983	6.258	11.092	10	135	0.0	40.0	CECEEECCCC	0
1589	3.921	6.189	11.933	10	135	0.0	50.0	CECEEECECC	0
1590	3.119	5.678	7.412	10	135	10.0	20.0	CCCECECCHC	0
1591	2.914	5.361	6.620	10	135	10.0	30.0	CECECECCHC	0
1592	2.405	5.599	6.505	10	135	0.0	50.0	CEEEEECCCC	0
1593	2.565	5.584	4.952	10	135	0.0	60.0	CEEEEECECC	0
1594	2.575	5.633	6.428	10	135	10.0	50.0	CEEEEECCHC	0
1595	2.387	5.440	4.881	10	135	10.0	20.0	CCCECCCEHC	0
1596	2.374	5.445	4.491	10	135	10.0	10.0	CCCECCCCHC	0
1597	2.609	5.541	4.730	10	135	0.0	30.0	CECECECCCC	0
1598	2.377	5.449	4.074	10	135	10.0	40.0	CEEECECCHC	0
1599	2.420	5.606	6.394	10	135	10.0	40.0	CCEEECCEHC	0
1600	3.026	5.563	12.358	10	135	0.0	30.0	CECCCECECC	0
1601	2.885	5.366	10.967	10	135	10.0	20.0	CCCECCCEHC	0
1602	2.870	5.502	11.580	10	135	10.0	20.0	CCCECECCHC	0
1603	2.577	5.411	10.703	10	135	10.0	10.0	CCCECCCCHC	0
1604	3.104	5.809	12.381	10	135	10.0	30.0	CCCCEECEHC	0
1605	2.779	5.725	11.217	10	135	0.0	30.0	CECCCECECC	0
1606	2.568	5.582	6.996	10	135	10.0	40.0	CEEECECCHC	0
1607	2.427	5.688	8.052	10	135	10.0	30.0	CEEECCCCHC	0
1608	2.781	5.398	7.418	10	135	0.0	40.0	CEEECECCCC	0
1609	2.771	5.439	6.184	10	135	0.0	40.0	CEEECECCCC	0
1610	2.519	5.323	5.407	10	135	0.0	30.0	CEECCECCCC	0
1611	2.641	5.418	5.705	10	135	0.0	30.0	CEECCECCCC	0
1612	2.409	5.350	4.360	10	135	0.0	30.0	CECECECCCC	0
1613	2.538	5.501	4.637	10	135	10.0	20.0	CCEECCCCHC	0
1614	2.562	5.469	4.101	10	135	10.0	40.0	CEECCECEHC	0
1615	2.119	5.591	7.404	10	135	10.0	20.0	CCCCCECEHC	0
1616	3.147	5.911	8.617	10	135	0.0	40.0	CEEECECCCC	0
1617	3.221	6.031	10.080	10	135	0.0	40.0	CEEECECCCC	0
1618	3.649	6.042	10.585	10	135	0.0	30.0	CEECCECCCC	0
1619	3.560	5.909	10.235	10	135	0.0	50.0	CEEEEECCCC	0
1620	2.952	5.737	12.580	10	135	0.0	40.0	CECCEECECC	0
1621	2.591	5.359	10.325	10	135	10.0	20.0	CCCCCECEHC	0
1622	2.898	5.453	9.912	10	135	10.0	30.0	CCCEEECCHC	0
1623	3.035	5.816	11.013	10	135	10.0	30.0	CCCEEECCHC	0
1624	3.179	5.937	6.876	10	135	0.0	60.0	CEEEEECECC	0
1625	3.002	5.827	6.522	10	135	0.0	50.0	CEEEEECCCC	0
1626	2.388	5.415	5.153	10	135	10.0	40.0	CECECECEHC	0
1627	2.625	5.803	5.937	10	135	0.0	30.0	CECCCECECC	0
1628	2.985	5.912	7.295	10	135	0.0	50.0	CEEEEECCCC	0
1629	3.047	6.039	6.873	10	135	0.0	40.0	CEEECECCCC	0
1630	2.497	5.312	4.184	10	135	10.0	30.0	CCEECCCEHC	0
1631	2.930	5.424	5.257	10	135	10.0	50.0	CEEECECEHC	0
1632	2.725	5.299	4.442	10	135	10.0	40.0	CEEECECCHC	0
1633	2.803	5.408	5.444	10	135	10.0	10.0	CCCCCECCHC	0
1634	3.133	5.624	8.379	10	135	0.0	10.0	CCCCECCCCC	0
1635	3.473	5.580	9.284	10	135	10.0	20.0	CHCECECCCC	0
1636	3.307	5.508	8.625	10	135	0.0	20.0	CCCECECCCC	0
1637	3.151	5.565	8.619	10	135	10.0	20.0	CHCECECCCC	0
1638	3.382	5.340	7.750	10	135	10.0	40.0	CEEECECCHC	0
1639	2.973	5.279	5.518	10	135	10.0	20.0	CCEECCCCHC	0
1640	3.436	5.617	10.122	10	135	10.0	30.0	CHCCEECECC	0
1641	3.379	5.541	9.837	10	135	10.0	30.0	CHCCEECECC	0
1642	3.119	5.567	8.568	10	135	0.0	20.0	CCCECECCCC	0
1643	3.218	5.596	8.781	10	135	10.0	20.0	CHCEECCCCC	0
1644	2.594	5.548	4.797	10	135	10.0	20.0	CECCCECCHC	0
1645	2.490	5.552	6.002	10	135	10.0	40.0	CECEECCEHC	0
1646	2.402	5.550	4.524	10	135	0.0	40.0	CCEECECECC	0
1647	2.609	5.410	4.115	10	135	0.0	30.0	CCEECECCCC	0
1648	2.326	5.347	5.198	10	135	10.0	40.0	CECECECEHC	0
1649	2.570	5.456	5.321	10	135	10.0	30.0	CEECCECCHC	0
1650	3.266	5.654	8.835	10	135	10.0	30.0	CHCEEECCCC	0
1651	3.185	5.571	9.492	10	135	10.0	0.0	CHCCCCCCCC	0
1652	2.788	5.122	4.147	10	135	10.0	30.0	CCEECECCHC	0
1653	2.661	5.214	5.029	10	135	0.0	50.0	CCEEEECECC	0
1654	3.250	5.564	8.437	10	135	0.0	30.0	CCCEEECCCC	0
1655	3.399	5.642	9.574	10	135	10.0	40.0	CHCEEECECC	0
1656	2.793	5.319	9.158	10	135	10.0	10.0	CCCCCECCHC	0
1657	2.608	5.418	9.594	10	135	10.0	20.0	CCCECCCEHC	0
1658	2.338	5.443	4.823	10	135	10.0	30.0	CCEECECCHC	0
1659	2.616	5.502	4.784	10	135	10.0	30.0	CECECCCEHC	0
1660	2.377	5.452	5.182	10	135	10.0	40.0	CCEECECEHC	0
1661	2.406	5.594	4.994	10	135	10.0	30.0	CECECCCEHC	0
1662	2.944	5.408	10.411	10	135	0.0	40.0	CECECECECC	0
1663	2.649	5.378	9.434	10	135	10.0	20.0	CCCECECCHC	0
1664	2.536	5.476	9.174	10	135	10.0	20.0	CECECCCCHC	0
1665	2.712	5.344	8.271	10	135	10.0	20.0	CECCCECCHC	0
1666	2.569	5.552	5.244	10	135	10.0	20.0	CCCEECCCHC	0
1667	2.453	5.587	5.339	10	135	10.0	10.0	CCCCCECCHC	0
1668	2.462	5.494	4.618	10	135	10.0	40.0	CCCEEECEHC	0
1669	2.662	5.746	6.390	10	135	10.0	30.0	CECCEECCHC	0
1670	3.222	5.569	10.612	10	135	10.0	30.0	CHCEEECCCC	0
1671	3.603	5.757	10.781	10	135	10.0	40.0	CHCEEECECC	0
1672	3.739	5.899	10.909	10	135	10.0	30.0	CHCEEECCCC	0
1673	3.884	6.048	10.763	10	135	10.0	20.0	CHCCEECCCC	0
1674	4.542	6.366	14.107	10	135	0.0	30.0	CEECCECCCC	0
1675	4.339	6.225	12.896	10	135	10.0	20.0	CEECHCCCCC	0
1676	2.939	5.345	5.801	10	135	0.0	60.0	CEEEEECECC	0
1677	3.142	5.396	6.555	10	135	10.0	40.0	CEEECECCHC	0
1678	3.102	5.534	6.436	10	135	10.0	30.0	CEEECCCCHC	0
1679	2.944	5.406	4.660	10	135	0.0	40.0	CEEEECCCCC	0
1680	4.429	6.433	12.462	10	135	0.0	40.0	CEEECECCCC	0
1681	4.697	6.609	13.724	10	135	0.0	50.0	CEEECECECC	0
1682	4.417	6.716	12.785	10	135	0.0	30.0	CEECCECCCC	0
1683	4.018	6.155	10.346	10	135	0.0	50.0	CEEECECECC	0
1684	2.980	5.735	6.390	10	135	10.0	50.0	CEEEEECCHC	0
1685	2.511	5.446	5.093	10	135	0.0	60.0	CEEEEECECC	0
1686	3.032	5.516	7.038	10	135	10.0	40.0	CHCEEECECC	0
1687	3.386	5.657	10.526	10	135	10.0	30.0	CHCEEECCCC	0
1688	2.420	5.505	4.790	10	135	10.0	40.0	CEEECCCEHC	0
1689	2.525	5.603	5.822	10	135	10.0	40.0	CECCEECEHC	0
1690	2.452	5.411	4.094	10	135	10.0	20.0	CCECCCCEHC	0
1691	2.778	5.626	4.941	10	135	0.0	30.0	CCEECECCCC	0
1692	2.948	5.513	6.141	10	135	0.0	50.0	CEEEEECCCC	0
1693	3.163	5.672	8.190	10	135	10.0	60.0	CEEEEECEHC	0
1694	3.539	5.704	9.736	10	135	10.0	40.0	CECEEECCHC	0
1695	3.136	5.443	6.581	10	135	0.0	50.0	CEEEEECCCC	0
1696	2.696	5.376	4.379	10	135	0.0	40.0	CEEECECCCC	0
1697	2.313	5.344	3.844	10	135	0.0	10.0	CCCCCCCECC	0
1698	3.430	5.697	9.498	10	135	10.0	30.0	CHCEEECCCC	0
1699	3.698	5.782	10.052	10	135	10.0	40.0	CHCEEECECC	0
1700	2.884	5.348	4.553	10	135	10.0	50.0	CEEECECEHC	0
1701	2.741	5.512	5.049	10	135	0.0	50.0	CEEECECECC	0
1702	2.700	5.426	4.096	10	135	0.0	30.0	CCCECECECC	0
1703	2.826	5.457	5.727	10	135	10.0	30.0	CECECECCHC	0
1704	3.088	5.241	5.826	10	135	10.0	50.0	CEEECECEHC	0
1705	3.294	5.309	6.758	10	135	0.0	30.0	CEEECCCCCC	0
1706	2.553	5.603	5.272	10	135	0.0	40.0	CCEECECECC	0
1707	2.498	5.375	4.167	10	135	10.0	30.0	CCCECECEHC	0
1708	3.255	5.494	9.502	10	135	0.0	20.0	CCCCEECCCC	0
1709	3.283	5.631	10.698	10	135	10.0	20.0	CHCCEECCCC	0
1710	2.638	5.296	8.809	10	135	10.0	30.0	CECCCECEHC	0
1711	2.660	5.331	8.998	10	135	0.0	10.0	CECCCCCCCC	0
1712	3.220	5.600	9.039	10	135	10.0	30.0	CHCEEECCCC	0
1713	3.660	5.786	11.542	10	135	10.0	30.0	CHCEECCECC	0
1714	3.637	5.616	10.241	10	135	10.0	30.0	CHCEEECCCC	0
1715	3.533	5.670	10.164	10	135	10.0	30.0	CHCCEECECC	0
1716	2.808	5.246	4.922	10	135	10.0	40.0	CEEECECCHC	0
1717	2.902	5.136	4.757	10	135	10.0	20.0	CCECCCCEHC	0
1718	2.744	5.338	4.910	10	135	10.0	10.0	CCCCCCCEHC	0
1719	2.645	5.381	4.497	10	135	10.0	50.0	CECEEECEHC	0
1720	2.610	5.560	4.399	10	135	10.0	30.0	CEECCECCHC	0
1721	2.496	5.494	4.964	10	135	0.0	40.0	CEEECCCECC	0
1722	2.572	5.426	4.800	10	135	10.0	50.0	CEEEEECCHC	0
1723	2.690	5.555	4.795	10	135	10.0	30.0	CEEECCCCHC	0
1724	2.770	5.434	5.000	10	135	10.0	30.0	CEECCECCHC	0
1725	2.929	5.254	4.976	10	135	10.0	10.0	CECCCCCCHC	0
1726	2.670	5.394	4.820	10	135	10.0	40.0	CEEECECCHC	0
1727	2.542	5.363	4.339	10	135	0.0	50.0	CEEEEECCCC	0
1728	3.298	5.468	6.687	10	135	10.0	40.0	CEECCECEHC	0
1729	3.072	5.456	5.868	10	135	10.0	40.0	CEEECECCHC	0
1730	2.915	5.232	4.769	10	135	10.0	50.0	CEEEEECCHC	0
1731	2.924	5.417	5.025	10	135	0.0	30.0	CECCCECECC	0
1732	3.200	5.704	11.109	10	135	0.0	20.0	CCCECECCCC	0
1733	2.758	5.526	10.145	10	135	10.0	40.0	CECEEECCHC	0
1734	2.845	5.477	10.464	10	135	0.0	30.0	CECECCCECC	0
1735	2.804	5.426	9.148	10	135	0.0	20.0	CCCECECCCC	0
1736	3.260	5.354	4.734	10	135	0.0	40.0	CECEEECCCC	0
1737	3.148	5.188	3.998	10	135	0.0	40.0	CECEEECCCC	0
1738	3.270	5.153	4.347	10	135	0.0	30.0	CCCEEECCCC	0
1739	3.243	5.276	5.031	10	135	0.0	30.0	CCCEEECCCC	0
1740	2.881	5.467	10.719	10	135	0.0	30.0	CECCCECECC	0
1741	2.610	5.259	9.311	10	135	10.0	20.0	CECCCECCHC	0
1742	2.467	5.619	5.875	10	135	10.0	40.0	CECEEECCHC	0
1743	2.486	5.371	4.264	10	135	10.0	40.0	CECEEECCHC	0
1744	2.697	5.365	9.561	10	135	10.0	20.0	CECECCCCHC	0
1745	2.736	5.236	8.950	10	135	10.0	30.0	CECECCCEHC	0
1746	2.669	5.336	9.560	10	135	10.0	40.0	CECECECEHC	0
1747	2.771	5.432	10.711	10	135	0.0	30.0	CECCCECECC	0
1748	2.506	5.638	5.794	10	135	10.0	50.0	CECEEECEHC	0
1749	2.552	5.468	4.256	10	135	10.0	40.0	CECEECCEHC	0
1750	2.518	5.457	4.247	10	135	10.0	40.0	CEEECCCEHC	0
1751	2.391	5.379	4.531	10	135	10.0	40.0	CEEECECCHC	0
1752	3.760	6.004	10.601	10	135	10.0	30.0	CHCEEECCCC	0
1753	3.315	5.611	8.772	10	135	10.0	10.0	CHCCCECCCC	0
1754	3.329	5.662	10.392	10	135	0.0	20.0	CCCCEECCCC	0
1755	3.361	5.662	10.100	10	135	10.0	30.0	CHCEEECCCC	0
1756	2.924	5.368	11.770	10	135	0.0	30.0	CCCECECECC	0
1757	2.932	5.634	12.266	10	135	0.0	30.0	CECCCECECC	0
1758	2.859	5.628	11.530	10	135	0.0	10.0	CCCCCECCCC	0
1759	2.801	5.419	9.216	10	135	10.0	30.0	CCCEEECCHC	0
1760	2.656	5.377	9.643	10	135	10.0	30.0	CECCCECEHC	0
1761	2.784	5.173	9.369	10	135	10.0	30.0	CCCEEECCHC	0
1762	2.740	5.369	9.501	10	135	10.0	30.0	CCCECECEHC	0
1763	2.939	5.337	10.231	10	135	10.0	20.0	CCCCCECEHC	0
1764	2.842	5.356	9.525	10	135	10.0	10.0	CCCCCECCHC	0
1765	2.564	5.340	8.841	10	135	10.0	30.0	CECECECCHC	0
1766	2.699	5.323	9.524	10	135	10.0	40.0	CCCEEECEHC	0
1767	2.679	5.419	9.889	10	135	10.0	20.0	CECCCECCHC	0
1768	2.655	5.831	6.851	10	135	10.0	30.0	CECECECCHC	0
1769	2.451	5.690	5.429	10	135	0.0	10.0	CCCCECCCCC	0
1770	4.709	6.712	13.789	10	135	0.0	40.0	CEEECCCECC	0
1771	4.532	6.388	12.343	10	135	10.0	30.0	CEECHECCCC	0
1772	2.536	5.651	5.547	10	135	0.0	30.0	CEEECCCCCC	0
1773	2.722	5.769	6.704	10	135	10.0	40.0	CCEECECEHC	0
1774	2.513	5.566	5.297	10	135	10.0	30.0	CCCCEECEHC	0
1775	2.498	5.667	6.148	10	135	10.0	30.0	CCCECECEHC	0
1776	2.562	5.581	5.987	10	135	10.0	20.0	CCCECCCEHC	0
1777	2.539	5.469	4.436	10	135	10.0	30.0	CECECCCEHC	0
1778	2.550	5.488	5.213	10	135	10.0	40.0	CECECECEHC	0
1779	2.524	5.589	5.124	10	135	10.0	40.0	CEEECECCHC	0
1780	3.705	5.942	10.978	10	135	10.0	30.0	CHCEEECCCC	0
1781	3.705	6.051	10.550	10	135	10.0	30.0	CHCEEECCCC	0
1782	4.006	6.041	12.119	10	135	0.0	40.0	CECEEECCCC	0
1783	3.956	5.877	11.015	10	135	0.0	50.0	CEEEEECCCC	0
1784	3.607	5.877	10.860	10	135	10.0	30.0	CHCEEECCCC	0
1785	3.822	6.024	11.005	10	135	10.0	30.0	CHCEEECCCC	0
1786	3.575	5.897	9.348	10	135	10.0	30.0	CHCEEECCCC	0
1787	3.391	5.822	9.037	10	135	10.0	30.0	CHCEEECCCC	0
1788	3.422	5.768	9.806	10	135	10.0	20.0	CHCCEECCCC	0
1789	3.573	5.692	10.198	10	135	10.0	30.0	CHCCEECECC	0
1790	3.852	5.926	11.695	10	135	0.0	50.0	CEEEEECCCC	0
1791	4.077	5.978	11.805	10	135	0.0	40.0	CCEEEECCCC	0
1792	2.771	5.772	7.004	10	135	20.0	20.0	CHCEECCCHC	0
1793	2.662	5.777	6.753	10	135	20.0	30.0	CHEECECCHC	0
1794	2.608	5.790	6.654	10	135	10.0	30.0	CHCEEECCCC	0
1795	3.095	5.955	8.763	10	135	10.0	40.0	CCEEEECCHC	0
1796	2.594	5.557	7.092	10	135	10.0	40.0	CCEEEECCHC	0
1797	2.854	5.436	6.299	10	135	10.0	30.0	CCECEECCHC	0
1798	3.643	5.949	11.883	10	135	0.0	50.0	CEEEEECCCC	0
1799	3.438	5.919	10.174	10	135	0.0	50.0	CCEEEECECC	0
1800	2.857	5.581	7.711	10	135	10.0	30.0	CCCEEECCHC	0
1801	2.859	5.638	8.329	10	135	10.0	40.0	CCCEEECEHC	0
1802	3.130	5.472	8.637	10	135	0.0	40.0	CCEEEECCCC	0
1803	2.958	5.363	8.371	10	135	0.0	60.0	CEEEEECECC	0
1804	3.064	5.573	7.094	10	135	0.0	60.0	CEEEEECECC	0
1805	2.732	5.644	5.657	10	135	0.0	50.0	CEEEEECCCC	0
1806	2.680	5.435	5.720	10	135	10.0	30.0	CCEECECCHC	0
1807	2.531	5.362	5.480	10	135	10.0	30.0	CCEECCCEHC	0
1808	3.183	5.784	7.177	10	135	0.0	50.0	CEEEEECCCC	0
1809	3.342	5.977	8.807	10	135	0.0	40.0	CCEEECCECC	0
1810	2.530	5.538	5.858	10	135	10.0	30.0	CECCCECEHC	0
1811	2.446	5.539	5.860	10	135	10.0	30.0	CECCEECCHC	0
1812	2.437	5.414	4.379	10	135	10.0	30.0	CECECCCEHC	0
1813	2.214	5.399	4.559	10	135	10.0	20.0	CCCECECCHC	0
1814	3.249	5.226	3.948	10	135	0.0	30.0	CECECECCCC	0
1815	3.184	5.104	4.555	10	135	0.0	30.0	CCCEEECCCC	0
1816	2.380	5.446	4.478	10	135	10.0	30.0	CECECECCHC	0
1817	2.353	5.455	4.967	10	135	10.0	40.0	CEECCECEHC	0
1818	3.210	5.057	4.779	10	135	0.0	20.0	CCCECECCCC	0
1819	3.179	5.017	4.230	10	135	0.0	50.0	CECEEECECC	0
1820	2.393	5.463	5.479	10	135	10.0	30.0	CECECECCHC	0
1821	2.559	5.468	5.099	10	135	10.0	40.0	CCCEEECEHC	0
1822	3.236	5.009	4.157	10	135	0.0	20.0	CCCECECCCC	0
1823	3.149	5.132	3.864	10	135	0.0	30.0	CCCEEECCCC	0
1824	3.119	5.056	4.452	10	135	0.0	40.0	CECCEECECC	0
1825	3.345	5.119	4.233	10	135	0.0	10.0	CECCCCCCCC	0
1826	2.550	5.506	4.793	10	135	10.0	40.0	CECEEECCHC	0
1827	2.361	5.576	5.964	10	135	10.0	20.0	CCCECECCHC	0
1828	3.153	5.220	4.141	10	135	0.0	20.0	CECCCECCCC	0
1829	3.080	5.121	4.430	10	135	0.0	20.0	CCCEECCCCC	0
1830	3.209	5.694	12.045	10	135	10.0	20.0	CECECCCCHC	0
1831	2.882	5.567	11.788	10	135	0.0	40.0	CECECECECC	0
1832	2.685	5.532	10.386	10	135	0.0	40.0	CCCEEECECC	0
1833	2.766	5.401	10.569	10	135	10.0	30.0	CECECECCHC	0
1834	2.726	5.428	9.124	10	135	0.0	20.0	CECCCCCECC	0
1835	2.555	5.377	8.596	10	135	10.0	30.0	CCCEEECCHC	0
1836	3.655	5.830	10.677	10	135	10.0	30.0	CHCEEECCCC	0
1837	3.833	5.961	10.838	10	135	10.0	30.0	CHCEEECCCC	0
1838	2.657	5.353	8.543	10	135	10.0	10.0	CCCCCECCHC	0
1839	2.660	5.328	7.918	10	135	0.0	30.0	CECECECCCC	0
1840	2.920	5.601	9.240	10	135	0.0	40.0	CECEEECCCC	0
1841	2.845	5.641	7.417	10	135	10.0	30.0	CECECECCHC	0
1842	2.858	5.262	5.546	10	135	10.0	60.0	CEEEEECEHC	0
1843	2.680	5.532	6.271	10	135	10.0	40.0	CEEECECCHC	0
1844	2.839	5.751	9.392	10	135	10.0	30.0	CCCEEECCHC	0
1845	2.828	5.602	8.852	10	135	0.0	30.0	CECECECCCC	0
1846	2.917	5.427	5.912	10	135	10.0	40.0	CEEECECCHC	0
1847	3.085	5.370	7.136	10	135	10.0	50.0	CECEEECEHC	0
1848	2.894	5.889	6.390	10	135	0.0	40.0	CEEECECCCC	0
1849	3.219	5.972	7.638	10	135	0.0	40.0	CEEECCCECC	0
1850	2.910	5.696	8.667	10	135	10.0	40.0	CEEECECCHC	0
1851	2.818	5.914	9.409	10	135	10.0	40.0	CEEEECCCHC	0
1852	2.527	5.641	5.988	10	135	10.0	50.0	CCEEEECEHC	0
1853	2.532	5.503	4.920	10	135	10.0	50.0	CECEEECEHC	0
1854	2.971	5.845	9.649	10	135	10.0	60.0	CEEEEECEHC	0
1855	2.790	5.406	5.174	10	135	10.0	50.0	CEEECECEHC	0
1856	2.283	5.562	6.444	10	135	10.0	30.0	CCCECECEHC	0
1857	2.658	5.689	5.728	10	135	10.0	30.0	CECECECCHC	0
1858	2.529	5.656	6.236	10	135	10.0	30.0	CECCCECEHC	0
1859	2.410	5.626	5.809	10	135	10.0	10.0	CCCCCCCEHC	0
1860	2.575	5.558	5.044	10	135	10.0	50.0	CECEEECEHC	0
1861	2.636	5.753	7.124	10	135	10.0	30.0	CECECECCHC	0
1862	3.524	5.819	10.334	10	135	10.0	30.0	CHCECECECC	0
1863	3.525	5.759	11.014	10	135	10.0	30.0	CHCEEECCCC	0
1864	2.444	5.426	4.793	10	135	10.0	50.0	CECEEECEHC	0
1865	2.408	5.616	5.907	10	135	10.0	30.0	CECECCCEHC	0
1866	2.598	5.842	7.413	10	135	0.0	40.0	CECECECECC	0
1867	2.644	5.831	7.985	10	135	10.0	30.0	CCCECECEHC	0
1868	2.448	5.589	6.082	10	135	10.0	30.0	CECECECCHC	0
1869	2.353	5.505	5.470	10	135	10.0	40.0	CCEECECEHC	0
1870	2.785	5.758	6.762	10	135	0.0	40.0	CEECEECCCC	0
1871	3.224	6.039	8.258	10	135	0.0	40.0	CEEECCCECC	0
1872	3.073	6.032	8.052	10	135	0.0	50.0	CEEEECCECC	0
1873	2.960	5.971	6.634	10	135	0.0	40.0	CEEECCCECC	0
1874	2.404	5.558	4.664	10	135	0.0	30.0	CCCECECECC	0
1875	2.345	5.484	5.395	10	135	10.0	30.0	CCCECECEHC	0
1876	2.514	5.689	5.640	10	135	10.0	40.0	CECECECEHC	0
1877	2.266	5.564	5.353	10	135	10.0	20.0	CECECCCCHC	0
1878	2.922	5.715	8.544	10	135	0.0	40.0	CECCEECECC	0
1879	2.876	5.578	6.503	10	135	0.0	30.0	CCCEEECCCC	0
1880	3.049	5.785	9.432	10	135	0.0	40.0	CECEEECCCC	0
1881	2.751	5.668	7.863	10	135	0.0	40.0	CCCEEECECC	0
1882	2.980	5.758	8.467	10	135	10.0	40.0	CEECEECCHC	0
1883	2.798	5.668	8.671	10	135	10.0	60.0	CEEEEECEHC	0
1884	2.968	5.557	10.460	10	135	0.0	40.0	CECECECECC	0
1885	2.629	5.377	8.944	10	135	0.0	30.0	CCCECECECC	0
1886	2.540	5.677	6.323	10	135	10.0	20.0	CECECCCCHC	0
1887	2.659	5.523	4.745	10	135	10.0	20.0	CECECCCCHC	0
1888	2.597	5.389	4.481	10	135	10.0	30.0	CCCEECCEHC	0
1889	2.436	5.660	5.513	10	135	10.0	20.0	CECECCCCHC	0
1890	3.505	5.758	11.278	10	135	10.0	40.0	CHCEEECECC	0
1891	3.301	5.657	10.360	10	135	10.0	30.0	CHCEEECCCC	0
1892	2.615	5.582	6.609	10	135	10.0	40.0	CECEEECCHC	0
1893	2.388	5.495	4.674	10	135	10.0	20.0	CCCECECCHC	0
1894	2.932	5.728	11.942	10	135	0.0	30.0	CECECECCCC	0
1895	3.036	5.584	12.236	10	135	0.0	30.0	CECCCECECC	0
1896	2.897	5.576	11.239	10	135	0.0	20.0	CCCCCECECC	0
1897	3.090	5.806	12.754	10	135	10.0	30.0	CCCECECEHC	0
1898	2.712	5.290	4.969	10	135	10.0	40.0	CECEECCEHC	0
1899	3.242	5.354	5.247	10	135	10.0	30.0	CECCEECCHC	0
1900	4.145	6.166	12.936	10	135	10.0	30.0	CHCEEECCCC	0
1901	3.423	5.626	9.243	10	135	10.0	30.0	CHCEEECCCC	0
1902	2.908	5.720	8.578	10	135	10.0	30.0	CECCEECCHC	0
1903	2.842	5.734	9.256	10	135	10.0	40.0	CECEEECCHC	0
1904	3.080	5.778	7.591	10	135	0.0	60.0	CEEEEECECC	0
1905	3.025	5.830	6.244	10	135	0.0	30.0	CEEECCCCCC	0
1906	2.434	5.533	5.590	10	135	10.0	40.0	CECECECEHC	0
1907	2.551	5.805	6.373	10	135	10.0	20.0	CCCECECCHC	0
1908	3.339	6.029	11.984	10	135	0.0	20.0	CCCEECCCCC	0
1909	2.993	5.870	11.322	10	135	0.0	50.0	CECEEECECC	0
1910	2.906	5.961	10.856	10	135	10.0	30.0	CCCEEECCHC	0
1911	3.216	5.911	10.009	10	135	0.0	20.0	CCCCEECCCC	0
1912	2.525	5.821	7.441	10	135	10.0	40.0	CECECECEHC	0
1913	2.452	5.483	4.222	10	135	10.0	10.0	CCCECCCCHC	0
1914	3.109	5.831	9.433	10	135	10.0	30.0	CCECEECCHC	0
1915	3.076	5.827	9.595	10	135	10.0	60.0	CEEEEECEHC	0
1916	2.580	5.573	4.908	10	135	10.0	40.0	CEEECECCHC	0
1917	2.683	5.629	5.310	10	135	10.0	30.0	CECECECCHC	0
1918	2.878	5.441	6.333	10	135	0.0	40.0	CCEECECECC	0
1919	2.983	5.636	7.455	10	135	0.0	40.0	CEEECECCCC	0
1920	2.760	5.623	4.305	10	135	10.0	40.0	CECEECCEHC	0
1921	2.567	5.562	6.216	10	135	10.0	60.0	CEEEEECEHC	0
1922	2.508	5.462	5.057	10	135	10.0	50.0	CEEEEECCHC	0
1923	2.637	5.551	5.127	10	135	10.0	30.0	CECECECCHC	0
1924	2.520	5.520	3.892	10	135	10.0	40.0	CCEECECEHC	0
1925	2.525	5.529	4.581	10	135	0.0	30.0	CECECECCCC	0
1926	2.605	5.698	7.962	10	135	10.0	50.0	CEECEECEHC	0
1927	2.853	5.884	9.488	10	135	10.0	60.0	CEEEEECEHC	0
1928	2.511	5.538	4.758	10	135	10.0	30.0	CECECCCEHC	0
1929	2.498	5.294	4.272	10	135	10.0	30.0	CCCECECEHC	0
1930	2.766	5.857	9.034	10	135	10.0	50.0	CEEEEECCHC	0
1931	2.839	5.817	9.800	10	135	10.0	50.0	CEEEEECCHC	0
1932	3.287	5.708	10.014	10	135	10.0	30.0	CHCEEECCCC	0
1933	3.126	5.612	8.632	10	135	10.0	30.0	CHCCEECECC	0
1934	2.943	5.940	10.213	10	135	10.0	60.0	CEEEEECEHC	0
1935	2.799	5.885	9.693	10	135	10.0	50.0	CEEEEECCHC	0
1936	2.920	5.945	10.116	10	135	10.0	50.0	CEEEEECCHC	0
1937	2.824	5.703	8.301	10	135	10.0	60.0	CEEEEECEHC	0
1938	2.904	5.744	9.490	10	135	10.0	60.0	CEEEEECEHC	0
1939	2.864	5.696	8.523	10	135	10.0	60.0	CEEEEECEHC	0
1940	3.073	5.974	10.890	10	135	10.0	50.0	CEEEEECCHC	0
1941	2.651	5.668	9.562	10	135	10.0	60.0	CEEEEECEHC	0
1942	2.524	5.469	4.083	10	135	0.0	30.0	CCCEEECCCC	0
1943	2.507	5.465	4.852	10	135	10.0	20.0	CCCECECCHC	0
1944	2.331	5.535	5.120	10	135	0.0	0.0	CCCCCCCCCC	0
1945	2.607	5.556	5.446	10	135	10.0	40.0	CEEECECCHC	0
1946	2.347	5.527	5.472	10	135	0.0	30.0	CECECECCCC	0
1947	2.538	5.605	5.518	10	135	0.0	20.0	CCCECECCCC	0
1948	3.063	5.877	9.922	10	135	10.0	50.0	CEEEEECCHC	0
1949	3.064	5.864	9.820	10	135	10.0	40.0	CEEEECCCHC	0
1950	3.750	6.447	15.382	10	135	0.0	50.0	CECEEECECC	0
1951	3.753	6.140	14.529	10	135	0.0	30.0	CCCECECECC	0
1952	3.448	6.023	14.348	10	135	0.0	40.0	CECECECECC	0
1953	3.120	5.707	10.767	10	135	0.0	30.0	CECCCECECC	0
1954	2.610	5.397	5.137	10	135	10.0	30.0	CEEECCCCHC	0
1955	3.200	5.332	7.116	10	135	10.0	30.0	CECECECCHC	0
1956	2.849	5.788	10.272	10	135	0.0	20.0	CECCCECCCC	0
1957	2.895	5.795	9.537	10	135	10.0	30.0	CECECECCHC	0
1958	2.671	5.393	5.080	10	135	10.0	40.0	CECECECEHC	0
1959	2.730	5.502	6.157	10	135	10.0	40.0	CEEECECCHC	0
1960	2.587	5.441	5.149	10	135	10.0	30.0	CECECECCHC	0
1961	2.542	5.409	4.641	10	135	10.0	20.0	CECCCECCHC	0
1962	2.853	5.261	4.640	10	135	10.0	40.0	CEECEECCHC	0
1963	2.583	5.281	5.492	10	135	10.0	50.0	CEEEEECCHC	0
1964	3.113	5.480	9.205	10	135	10.0	30.0	CHCECECECC	0
1965	3.191	5.524	10.079	10	135	10.0	20.0	CHCCCECECC	0
1966	2.392	5.614	7.199	10	135	10.0	40.0	CEEECECCHC	0
1967	1.971	5.421	6.022	10	135	0.0	30.0	CEEECCCCCC	0
1968	2.037	5.457	8.865	10	135	10.0	40.0	CCEEEECCHC	0
1969	2.140	5.593	9.198	10	135	10.0	20.0	CCECCECCHC	0
1970	1.834	5.401	8.435	10	135	0.0	30.0	CEECCECCCC	0
1971	2.218	5.485	8.169	10	135	10.0	20.0	CCCCCECEHC	0
1972	3.217	5.587	8.752	10	135	10.0	40.0	CHCEEECECC	0
1973	3.829	5.804	11.756	10	135	10.0	30.0	CHCCEECECC	0
1974	3.346	5.677	10.611	10	135	10.0	10.0	CHCECCCCCC	0
1975	3.379	5.603	8.822	10	135	10.0	20.0	CHCECECCCC	0
1976	3.791	5.765	10.545	10	135	10.0	40.0	CHCEEECECC	0
1977	3.660	5.699	11.476	10	135	0.0	20.0	CCCCECCCCE	0
1978	2.759	5.459	6.976	10	135	10.0	60.0	CEEEEECEHC	0
1979	2.633	5.693	7.795	10	135	10.0	50.0	CEEEEECCHC	0
1980	3.496	5.584	9.912	10	135	10.0	40.0	CHCEEECECC	0
1981	3.464	5.662	9.892	10	135	0.0	20.0	CCCECECCCC	0
1982	2.570	5.296	6.542	10	135	10.0	40.0	CEEEECCCHC	0
1983	2.651	5.236	5.347	10	135	10.0	50.0	CEEEEECCHC	0
1984	3.100	5.540	9.559	10	135	10.0	20.0	CHCEECCCCC	0
1985	3.612	5.853	9.802	10	135	10.0	30.0	CHCECECECC	0
1986	2.552	5.509	4.772	10	135	10.0	20.0	CECCCECCHC	0
1987	2.367	5.369	4.236	10	135	10.0	10.0	CCCCCECCHC	0
1988	3.000	5.483	11.756	10	135	10.0	30.0	CCCECECEHC	0
1989	2.817	5.627	11.495	10	135	10.0	10.0	CCCCCECCHC	0
1990	2.771	5.589	6.737	10	135	10.0	30.0	CECECCCEHC	0
1991	2.782	5.476	5.338	10	135	10.0	20.0	CECECCCCHC	0
1992	2.790	5.413	11.342	10	135	0.0	10.0	CCCCCECCCC	0
1993	2.839	5.497	9.912	10	135	0.0	20.0	CCCECECCCC	0
1994	2.947	5.560	7.108	10	135	10.0	40.0	CEEECECCHC	0
1995	2.735	5.282	5.477	10	135	10.0	40.0	CEEECECCHC	0
1996	2.503	5.399	5.279	10	135	10.0	40.0	CEEECECCHC	0
1997	2.695	5.276	5.300	10	135	10.0	20.0	CECECCCCHC	0
1998	2.655	5.593	5.978	10	135	10.0	30.0	CEEECCCCHC	0
1999	2.650	5.329	4.629	10	135	10.0	30.0	CEECCECCHC	0
2000	2.810	5.108	5.395	10	135	10.0	40.0	CEEECECCHC	0
