# frame	rmsd_ca_A	rg_ca_A	end_to_end_A	n_residues	n_atoms	pct_helix	pct_strand	ss_string	cluster_id
0	16.308	19.344	62.480	20	301	0.0	80.0	CEEEEEEEEECEEECEEEEC	12
1	15.970	19.015	60.592	20	301	0.0	70.0	CEEEEEEECCCCEEEEEEEC	12
2	15.082	18.211	58.195	20	301	0.0	60.0	CEEEEEECCECCEECEECEC	12
3	14.234	17.459	57.040	20	301	0.0	60.0	CEEEEEEECCCEEECECCEC	12
4	14.026	17.223	55.799	20	301	0.0	65.0	CEEEEEEECCCEEECEECEC	12
5	14.379	17.515	57.340	20	301	0.0	60.0	CEEEEECECCEEEECECECC	12
6	13.832	17.006	54.867	20	301	0.0	65.0	CEEEEEEECCCCEECEEEEC	7
7	13.137	16.234	52.693	20	301	0.0	55.0	CEEEEEEECCCCECCEEECC	7
8	13.037	15.989	52.135	20	301	0.0	65.0	CEEEEEECCECCEECEEEEC	7
9	13.191	16.091	52.430	20	301	0.0	60.0	CEEECEECCECEEECEEECC	7
10	13.164	16.062	52.791	20	301	0.0	75.0	CEEEEEECCECEEEEEEEEC	7
11	13.142	16.007	52.378	20	301	0.0	70.0	CEEECEEECECEEEEECEEC	7
12	12.615	15.467	51.507	20	301	0.0	65.0	CEEEECEECECCEECEEEEC	7
13	12.436	15.249	50.103	20	301	0.0	75.0	CEEEEEEECECEEECEEEEC	7
14	12.206	15.104	49.829	20	301	0.0	60.0	CEEECEEECECEEECECECC	7
15	11.956	14.894	48.790	20	301	0.0	65.0	CEEECEEECECECEECEEEC	7
16	13.290	16.042	53.052	20	301	0.0	75.0	CEEEEEEECECECEEEEEEC	14
17	13.099	15.821	51.823	20	301	0.0	60.0	CEEEEEECCECCCEEEEECC	14
18	12.736	15.774	51.276	20	301	0.0	75.0	CEEEEEEECCCEEEEEEEEC	7
19	12.630	15.614	50.189	20	301	0.0	65.0	CCCEEEEECECEEEEEEECC	7
20	13.239	16.048	54.180	20	301	0.0	70.0	CEEEEEEECECCCEEEEEEC	14
21	12.602	15.373	51.655	20	301	5.0	70.0	CEEEEEEECECCHEEEEEEC	14
22	12.169	15.729	50.447	20	301	0.0	55.0	CEECEECECCCECCEEEEEC	8
23	11.976	15.350	48.663	20	301	0.0	40.0	CECCCECECCCECECEEECC	8
24	11.693	15.066	48.295	20	301	0.0	45.0	CECECECECCCCCECEEEEC	8
25	11.866	15.267	49.009	20	301	5.0	45.0	CECEECCEHCCECECEECEC	8
26	12.056	15.508	50.507	20	301	0.0	45.0	CEEEEECCCCCECECEECCC	8
27	11.712	15.158	49.827	20	301	0.0	50.0	CEEEEECCCCCECECEECEC	8
28	11.986	15.382	50.082	20	301	0.0	50.0	CEEEEECCCECECECECECC	8
29	12.287	15.600	51.424	20	301	0.0	65.0	CEEEEECECECECEEEEECC	8
30	12.447	15.821	52.126	20	301	0.0	60.0	CEEECCCECECECEEEEEEC	8
31	11.938	15.276	49.885	20	301	0.0	60.0	CECEECCECECECEEEEEEC	8
32	10.335	13.093	42.384	20	301	0.0	55.0	CEEEEEECCECCCCCEEEEC	9
33	10.555	13.211	42.910	20	301	0.0	55.0	CEEEEEECCCCECCCEEEEC	9
34	12.352	15.070	49.702	20	301	0.0	65.0	CEEEEEECCECECEEEECEC	17
35	11.995	14.835	48.746	20	301	0.0	35.0	CEEECECCCECECCCECCCC	17
36	10.929	13.793	46.260	20	301	0.0	50.0	CEEEEEECCCCECCCEEECC	9
37	10.648	13.638	44.828	20	301	0.0	55.0	CEEEEEECCECECCCEEECC	9
38	10.650	13.854	45.093	20	301	0.0	55.0	CEEEEEEECCCCCCCEEEEC	9
39	10.743	13.998	45.009	20	301	0.0	65.0	CEEEEEEECECECCCEEEEC	9
40	10.614	13.808	44.908	20	301	0.0	55.0	CEEEEEECCCCECCCEEEEC	9
41	10.288	13.564	43.833	20	301	0.0	40.0	CEEEEEECCCCCCCCECECC	9
42	10.927	13.192	43.015	20	301	10.0	50.0	CEEHEEECCECEHCCEECEC	15
43	10.485	12.812	41.579	20	301	10.0	55.0	CEEHEEEECECEHCCECEEC	15
44	10.141	12.574	40.745	20	301	10.0	55.0	CEEHEEEECECEHCCEECEC	15
45	10.052	12.670	40.894	20	301	10.0	60.0	CEEHECEECECEHECEEEEC	15
46	10.012	12.311	43.173	20	301	10.0	55.0	CEEEEECEHECCHCEEEECC	6
47	9.873	12.056	42.364	20	301	10.0	40.0	CCEEEECEHECCHCCECECC	6
48	10.404	12.554	43.787	20	301	5.0	50.0	CEEECECECECCCCEEEEHC	6
49	10.525	12.819	44.104	20	301	10.0	40.0	CEECCECECCCHHCEEEECC	6
50	10.451	12.683	43.253	20	301	5.0	45.0	CEEECECECECCCCEECEHC	6
51	10.273	12.575	44.290	20	301	20.0	50.0	CEEEEECECCCHHHEEEEHC	6
52	10.266	12.804	44.677	20	301	15.0	45.0	CEEEEECEHCCHCCEECEHC	6
53	10.215	13.014	44.652	20	301	5.0	50.0	CEEEEECECECCCCEEECHC	6
54	8.748	11.635	38.743	20	301	0.0	45.0	CEEEEEEECCCCCCCECCEC	5
55	8.840	11.610	38.376	20	301	0.0	50.0	CEEEEEECCECCCCCEEECC	5
56	9.433	12.073	40.997	20	301	5.0	45.0	CEEEEECECCCCCCEEECHC	6
57	9.326	12.065	41.582	20	301	5.0	50.0	CEEEEECECECCCCEECEHC	6
58	8.906	11.912	38.684	20	301	0.0	60.0	CEEEEEEECCCECCCEEEEC	5
59	8.914	11.932	38.294	20	301	5.0	40.0	CEEEEEECCCCCCHCCECEC	5
60	9.306	12.397	41.975	20	301	10.0	50.0	CEEEEECCCECCCHEEEEHC	6
61	9.103	12.203	41.395	20	301	20.0	50.0	CEEEEECECCCHHHEEEEHC	6
62	8.240	11.558	37.095	20	301	5.0	50.0	CEEEEEECHCCECCCECEEC	5
63	8.125	11.413	35.695	20	301	5.0	55.0	CEEEEEECHCCECCCEEEEC	5
64	7.374	10.988	33.792	20	301	5.0	55.0	CEEECEEEHCCECCCEEEEC	5
65	7.070	10.783	32.644	20	301	10.0	60.0	CEEEEEEEHECECHCEECEC	5
66	6.980	10.894	32.841	20	301	5.0	45.0	CCEECEEEHCCECCCEEECC	5
67	6.977	10.853	32.009	20	301	0.0	40.0	CCEECEECCCCECCCEEECC	5
68	7.073	10.838	31.231	20	301	5.0	50.0	CEEEEEECHCCECCCEEECC	5
69	6.644	10.584	30.156	20	301	5.0	45.0	CEECECECHCCECCCEEEEC	5
70	7.998	11.539	35.423	20	301	10.0	45.0	CEEEEECCCCCCHCEEEEHC	6
71	8.258	11.729	36.844	20	301	10.0	40.0	CCEEEECCCCCCHCEEEEHC	6
72	6.462	10.270	30.297	20	301	5.0	55.0	CEEEEEECCHCECCCEEEEC	5
73	6.537	10.290	30.728	20	301	0.0	50.0	CEEECEECCCCECCCEEEEC	5
74	6.623	10.191	30.433	20	301	5.0	55.0	CEEEEEECHCCECCCEEEEC	5
75	6.842	10.136	31.041	20	301	5.0	50.0	CEEEEEECHCCCCCCEEEEC	5
76	7.407	10.628	33.388	20	301	0.0	45.0	CEEEECECCCCECCCEEECC	5
77	7.293	10.776	34.416	20	301	5.0	25.0	CEEECCECHCCCCCCCECCC	5
78	7.460	10.885	33.672	20	301	5.0	45.0	CCEEECEEHCCECCCEECEC	5
79	7.563	11.032	33.380	20	301	5.0	45.0	CEEEECECHCCECCCEEECC	5
80	8.620	11.375	36.172	20	301	10.0	40.0	CHEEEECECCCCCECCEEHC	16
81	8.642	11.712	36.472	20	301	10.0	40.0	CHEEEECECCCCCCCEEEHC	16
82	7.691	11.016	32.235	20	301	5.0	45.0	CEEECEECCCCECHCEEECC	5
83	7.388	10.902	32.066	20	301	5.0	45.0	CECEEEECHCCECCCEECEC	5
84	7.997	11.324	33.785	20	301	15.0	40.0	CHEEEECECCCCCHCEEEHC	16
85	7.898	11.430	34.661	20	301	10.0	35.0	CHEEEECCCCCECCCEECHC	16
86	7.199	10.348	28.622	20	301	5.0	35.0	CCEEEEECHCCCCCCCEECC	5
87	7.471	10.559	30.646	20	301	10.0	40.0	CEEECEECHCCCCHCEEECC	5
88	7.643	10.663	31.753	20	301	5.0	50.0	CEEECEECHCCECCCEEEEC	5
89	8.066	11.059	34.750	20	301	5.0	30.0	CECECEECHCCCCCCEECCC	5
90	7.756	8.604	30.643	20	301	15.0	25.0	CECEHCCCCCCCHHCCEEEC	13
91	7.817	8.691	31.805	20	301	10.0	35.0	CECECCCCCECEHHCCEEEC	13
92	7.197	10.093	32.981	20	301	5.0	35.0	CCEECCCECCCECCCEEEHC	18
93	7.162	10.087	32.202	20	301	5.0	40.0	CEEEECCCCCCECCCEEEHC	18
94	7.487	8.178	30.016	20	301	15.0	30.0	CCEEHCCCCCCCHHCEEEEC	13
95	7.336	8.137	29.515	20	301	15.0	40.0	CEEEHCCCCECEHHCCEEEC	13
96	7.576	10.416	32.265	20	301	5.0	45.0	CCEEEEEEHCCCCCCEEECC	5
97	7.601	10.244	31.705	20	301	5.0	50.0	CCEEEEEEHCCECCCEEECC	5
98	7.909	10.427	33.391	20	301	5.0	45.0	CCEEEEECHECECCCEECCC	5
99	7.924	10.403	33.546	20	301	10.0	55.0	CEEEEEEEHECECCHEECCC	5
100	8.288	10.580	33.325	20	301	5.0	40.0	CEEEEEECHCCECCCECCCC	5
101	8.483	10.431	34.055	20	301	5.0	40.0	CEEECEECHCCECCCEECCC	5
102	6.824	7.790	25.947	20	301	10.0	30.0	CEEEHCCCCCCCCHCCEEEC	13
103	7.134	7.679	27.029	20	301	15.0	25.0	CECEHCCCCECCHHCCCEEC	13
104	7.461	9.407	31.670	20	301	5.0	35.0	CECEECCCCCCECCCEEEHC	2
105	7.246	9.016	30.475	20	301	0.0	45.0	CEEEECCECCCECCCEEECC	2
106	7.159	8.890	28.284	20	301	0.0	40.0	CEEEECCCCCCECCCEEECC	2
107	7.369	8.886	28.922	20	301	0.0	40.0	CEEEECCECCCECCCCEECC	2
108	7.196	8.819	28.000	20	301	5.0	35.0	CEEEECCCCCCEHCCEECCC	2
109	6.996	8.579	26.918	20	301	5.0	40.0	CEECECCECCCEHCCEECEC	2
110	7.146	8.815	26.898	20	301	5.0	35.0	CEEEECCCCCCEHCCCEECC	2
111	7.107	8.757	26.899	20	301	5.0	35.0	CEEEECCECCCCHCCECCEC	2
112	8.563	10.848	37.648	20	301	10.0	50.0	CEEECECECECHHCCEEEEC	1
113	8.608	10.716	37.293	20	301	15.0	40.0	CEEECECEHCCHHCCEECEC	1
114	8.492	10.567	36.561	20	301	10.0	40.0	CEEECECCCCCHHCCEEEEC	1
115	8.478	10.619	36.808	20	301	15.0	40.0	CEEEEECCHCCHHCCECEEC	1
116	6.877	8.708	28.250	20	301	0.0	40.0	CECEECCECCCCCCCEEEEC	2
117	6.969	8.890	28.531	20	301	5.0	40.0	CEEECCCECCCCHCCEEEEC	2
118	7.023	8.678	28.198	20	301	5.0	40.0	CEEEECCCCCCCHCCEEEEC	2
119	7.053	8.722	27.958	20	301	5.0	45.0	CEEEECCCCCCEHCCEEEEC	2
120	7.156	8.570	27.393	20	301	5.0	35.0	CEEECCCCCCCEHCCEEECC	2
121	7.106	8.520	26.719	20	301	10.0	30.0	CEEEECCCCCCEHCCECCHC	2
122	6.828	6.967	17.964	20	301	10.0	40.0	CEEEHECCCCCECHCCEEEC	3
123	6.774	6.886	17.611	20	301	10.0	40.0	CEEEHECCCECECHCCCEEC	3
124	8.482	9.978	33.383	20	301	15.0	40.0	CEEEEECECCCHHCCEECHC	1
125	8.331	9.999	32.153	20	301	20.0	35.0	CEEEECCCHCCHHCCEEEHC	1
126	8.384	9.736	32.307	20	301	15.0	30.0	CEEEECCCHCCHHCCCEECC	1
127	8.415	9.778	32.258	20	301	15.0	45.0	CEEEECCECECHHCCEEEHC	1
128	6.704	6.753	17.831	20	301	10.0	35.0	CEEEHCCCCCCECHCEECEC	3
129	6.833	6.765	18.422	20	301	10.0	35.0	CEEEHECCCECECHCCCCEC	3
130	6.804	6.819	18.336	20	301	10.0	40.0	CEEEHCCCCECECHCEECEC	3
131	6.986	6.642	18.571	20	301	0.0	10.0	CCECCCCCCCECCCCCCCCC	3
132	7.096	6.720	18.664	20	301	0.0	10.0	CCECCCCCCCECCCCCCCCC	3
133	6.871	6.687	17.451	20	301	10.0	30.0	CEEEHCCCCECECHCCCCEC	3
134	8.127	9.194	30.030	20	301	5.0	40.0	CEEEEECEHCCCCCCCEECC	1
135	8.337	9.247	31.397	20	301	10.0	45.0	CEEEEECCCECCHCCEEEHC	1
136	8.324	8.924	29.486	20	301	20.0	45.0	CEEEEECEHCCHHCCEEEHC	1
137	8.205	8.885	28.830	20	301	20.0	25.0	CEEECECCHCCHHCCCECHC	1
138	6.513	6.632	16.694	20	301	10.0	40.0	CECEHCCCCECECHCEEEEC	3
139	6.648	6.850	17.625	20	301	10.0	35.0	CEEEHCCCCECECHCCECEC	3
140	7.235	8.540	27.342	20	301	10.0	25.0	CEEECCCCCCCCHCCECEHC	2
141	7.020	8.551	27.454	20	301	10.0	25.0	CEEECCCCCCCCHCCECEHC	2
142	8.007	9.159	27.685	20	301	15.0	40.0	CCEEEECECCCHHCCEEEHC	1
143	7.836	8.741	26.888	20	301	20.0	35.0	CEEEEECEHCCHHCCCECHC	1
144	7.828	8.658	26.409	20	301	15.0	35.0	CECEECCEHCCHHCCEEECC	1
145	7.767	8.688	26.614	20	301	15.0	35.0	CECECECEHCCHHCCEEECC	1
146	7.787	8.874	28.284	20	301	10.0	35.0	CECEEECECCCHHCCEECCC	1
147	7.825	8.900	27.700	20	301	10.0	30.0	CEEEECCECCCHHCCCECCC	1
148	6.751	6.890	17.692	20	301	10.0	35.0	CECEHECCCCCECHCCEEEC	3
149	6.703	6.795	17.477	20	301	10.0	35.0	CECCHCCCCECECHCEEEEC	3
150	6.701	6.993	18.236	20	301	10.0	40.0	CCEEHECCCECECHCEECEC	3
151	6.495	6.759	16.358	20	301	10.0	35.0	CECEHECCCECECHCCEECC	3
152	6.405	8.125	26.719	20	301	5.0	40.0	CEEEECCCCCCCHCCEEEEC	2
153	6.764	8.446	27.349	20	301	5.0	40.0	CEECECCCCCCEHCCEEEEC	2
154	6.851	6.989	18.244	20	301	10.0	45.0	CEEEHCCCCECECHCEEEEC	3
155	7.104	7.151	19.757	20	301	10.0	35.0	CECEHCCCCECECHCEEECC	3
156	6.949	7.057	19.913	20	301	0.0	10.0	CCECCCCCCCECCCCCCCCC	3
157	6.880	7.177	19.913	20	301	10.0	25.0	CEECHECCCCCECHCCCCEC	3
158	6.723	7.915	25.872	20	301	5.0	50.0	CEEEECCECCCEHCCEEEEC	2
159	6.830	8.183	27.720	20	301	5.0	35.0	CEECECCCCCCCHCCEEEEC	2
160	6.875	8.184	27.455	20	301	5.0	35.0	CEEEECCCCCCCHCCEECEC	2
161	6.949	7.907	24.859	20	301	5.0	35.0	CEECECCECCCEHCCCECEC	2
162	7.104	8.005	25.519	20	301	5.0	25.0	CEECECCCCCCCHCCEECCC	2
163	7.115	7.942	26.150	20	301	10.0	35.0	CEEEECCCHCCCHCCCEEEC	2
164	6.054	6.585	11.910	20	301	10.0	25.0	CEECHCCCCCCECHCCCEEC	3
165	6.094	6.551	11.785	20	301	10.0	40.0	CCEEHCCCCECECHCEEEEC	3
166	6.176	6.529	11.672	20	301	10.0	40.0	CEEEHCCCCECECHCEECEC	3
167	6.163	6.508	10.455	20	301	10.0	30.0	CEEEHCCCCCCCCHCCEEEC	3
168	7.765	8.240	24.172	20	301	20.0	35.0	CEECHCCECECHHCCEEEHC	1
169	7.489	8.208	24.119	20	301	20.0	30.0	CEEEHECEHCCHHCCCECCC	1
170	7.301	8.233	23.044	20	301	20.0	35.0	CEEEHECECCCHHCCEECHC	1
171	7.307	8.156	22.161	20	301	25.0	30.0	CCEEHECCHCCHHCCEEEHC	1
172	7.071	8.571	25.839	20	301	5.0	35.0	CECEECCCCCCEHCCECEEC	2
173	6.888	8.598	26.085	20	301	5.0	35.0	CECEECCCCCCEHCCECEEC	2
174	6.780	8.285	25.703	20	301	5.0	25.0	CCCECCCCCCCEHCCECEEC	2
175	6.855	8.374	26.998	20	301	5.0	30.0	CEEEECCCCCCCHCCECCEC	2
176	7.102	8.163	21.048	20	301	15.0	30.0	CECCHECECECHHCCEECCC	1
177	7.155	8.026	21.199	20	301	20.0	35.0	CEEEHECCCCCHHCCEEEHC	1
178	7.316	8.287	22.595	20	301	20.0	25.0	CEEEHCCECCCHHCCCECHC	1
179	7.418	8.277	22.994	20	301	20.0	35.0	CEEEHECEHCCHHCCEECCC	1
180	7.123	8.102	21.357	20	301	20.0	40.0	CEEEHECCHECHHCCEEECC	1
181	6.940	7.848	18.285	20	301	20.0	35.0	CEEEHECCHCCCHCCEEEHC	1
182	6.993	8.010	20.037	20	301	25.0	25.0	CCCCHECEHCCHHCCEEEHC	1
183	7.019	8.196	20.569	20	301	10.0	40.0	CEEEHECECCCCHCCEEECC	1
184	6.865	8.107	20.426	20	301	10.0	25.0	CECCHECECCCCHCCEECCC	1
185	7.064	8.252	21.108	20	301	20.0	30.0	CECEHECECCCHHCCCEEHC	1
186	6.853	7.967	19.763	20	301	25.0	25.0	CEECHECCHCCHHCCCEEHC	1
187	6.997	7.889	19.679	20	301	10.0	35.0	CECECECECECCHCCCEEHC	1
188	6.819	8.047	26.116	20	301	5.0	35.0	CEEECCCCCCCCHCCEEEEC	2
189	6.944	8.215	25.446	20	301	5.0	35.0	CECEECCECCCCHCCEEECC	2
190	6.353	7.984	19.138	20	301	25.0	35.0	CEEEHECEHCCHHCCEECHC	1
191	6.613	7.955	19.689	20	301	5.0	35.0	CEEECECECCCCCCCCEEHC	1
192	6.546	8.156	19.614	20	301	15.0	30.0	CECCHCCECECCHCCEEEHC	1
193	6.516	8.224	20.982	20	301	15.0	35.0	CECEHECEHCCCCCCEEEHC	1
194	6.599	8.025	20.130	20	301	5.0	30.0	CEECHECECCCCCCCEECCC	1
195	6.772	8.101	20.663	20	301	10.0	35.0	CEEEHECECCCCHCCEECCC	1
196	6.800	8.030	19.593	20	301	10.0	30.0	CECCHECECECCCCCEECHC	1
197	7.039	7.866	20.017	20	301	15.0	25.0	CECCHCCECCCCHCCEEEHC	1
198	7.197	7.893	20.881	20	301	15.0	40.0	CECEHECECECHCCCEEEHC	1
199	7.376	8.025	22.029	20	301	20.0	20.0	CCCEHCCCHCCHHCCEEECC	1
200	7.177	7.867	22.195	20	301	25.0	30.0	CECEHECEHCCHHCCCEEHC	1
201	7.127	7.845	20.733	20	301	20.0	30.0	CECCHECECCCHHCCEEEHC	1
202	5.897	6.195	6.870	20	301	5.0	20.0	CCCECCCCCCCECHCCCEEC	3
203	5.857	6.280	8.332	20	301	5.0	20.0	CCCECCCCCCCECHCCCEEC	3
204	7.436	8.238	22.852	20	301	15.0	20.0	CCCEHCCECCCHHCCCEECC	1
205	7.251	8.264	23.070	20	301	20.0	15.0	CCCCHECCCCCHHCCEECHC	1
206	6.807	7.788	22.306	20	301	5.0	40.0	CEEEECCCCCCEHCCEECEC	2
207	6.879	7.771	20.900	20	301	5.0	20.0	CECECCCCCCCCHCCEECCC	2
208	7.360	7.971	21.324	20	301	20.0	25.0	CECCHECECECHHCCCECHC	1
209	7.198	7.736	20.699	20	301	20.0	35.0	CECEHECECCCHHCCEEEHC	1
210	6.958	7.607	20.381	20	301	20.0	35.0	CECEHECCCECHHCCEEEHC	1
211	7.467	7.930	21.961	20	301	15.0	35.0	CECECECECCCHHCCEEEHC	1
212	7.197	7.916	20.390	20	301	20.0	35.0	CECCHECEHECHHCCEEECC	1
213	7.212	7.799	19.930	20	301	15.0	15.0	CECCHCCCCECCHCCCCEHC	1
214	5.937	6.136	6.617	20	301	5.0	20.0	CECCCCCCCECCCHCCEECC	3
215	6.082	6.097	6.842	20	301	5.0	30.0	CECCCCCCCCCECHCEEEEC	3
216	6.036	6.194	6.894	20	301	5.0	30.0	CECECCCCCCCECHCCEEEC	3
217	5.936	6.112	5.442	20	301	5.0	35.0	CECECCCCCCCECHCEEEEC	3
218	5.817	6.226	5.964	20	301	5.0	30.0	CECECCCCCECCCHCEEECC	3
219	5.840	6.159	6.482	20	301	0.0	40.0	CECECCCCCECECCCEEEEC	3
220	6.495	7.674	22.099	20	301	0.0	35.0	CCECECCECCCCCCCEEEEC	2
221	6.695	7.784	22.455	20	301	0.0	40.0	CECEECCECCCCCCCEEEEC	2
222	6.629	7.747	22.486	20	301	0.0	30.0	CEECCCCECCCECCCEECCC	2
223	6.683	7.872	21.982	20	301	5.0	40.0	CEEEECCECCCEHCCEECCC	2
224	6.239	7.732	21.459	20	301	5.0	40.0	CEEEECCECCCEHCCEECCC	2
225	6.235	7.491	20.006	20	301	5.0	30.0	CECEECCCCCCEHCCEECCC	2
226	7.256	7.740	21.235	20	301	15.0	15.0	CCCCHCCCCCCHHCCEEECC	1
227	7.309	7.937	23.060	20	301	25.0	20.0	CCCCHCCEHCCHHCCEEEHC	1
228	6.509	7.821	21.930	20	301	5.0	35.0	CEEEECCECCCCHCCEECCC	2
229	6.496	7.788	22.904	20	301	5.0	30.0	CECECCCECCCEHCCCEECC	2
230	7.121	8.042	20.487	20	301	15.0	25.0	CCCECECECCCHHCCEECHC	1
231	7.175	7.834	19.638	20	301	15.0	35.0	CCCEHECECCCHHCEEEECC	1
232	7.363	7.884	20.244	20	301	20.0	30.0	CCCECECEHECHHCCEECHC	1
233	7.532	7.895	19.498	20	301	15.0	25.0	CCCECECEHCCHHCCCEECC	1
234	6.417	7.707	20.293	20	301	5.0	30.0	CECEECCECCCCHCCCECEC	2
235	6.477	7.705	21.568	20	301	5.0	30.0	CEEECCCECCCCHCCEECCC	2
236	6.885	7.993	19.731	20	301	25.0	30.0	CCCEHECEHCCHHCCEEEHC	1
237	6.968	8.201	20.956	20	301	20.0	25.0	CCCEHECCCECHHCCEECHC	1
238	6.631	7.969	23.664	20	301	5.0	45.0	CEEEECCECCCEHCCEEECC	2
239	6.489	7.889	22.459	20	301	0.0	30.0	CECEECCCCCCCCCCEEECC	2
240	6.465	7.834	22.354	20	301	5.0	20.0	CECCCCCCCCCEHCCEECCC	2
241	6.441	7.891	22.692	20	301	0.0	35.0	CECEECCECCCCCCCEECEC	2
242	6.026	6.136	6.410	20	301	5.0	35.0	CECECCCCCECECHCCEEEC	3
243	6.080	6.170	7.382	20	301	5.0	25.0	CCCECCCCCECECHCCCEEC	3
244	6.298	7.654	21.518	20	301	5.0	25.0	CEEECCCCCCCCHCCCECEC	2
245	6.159	7.647	20.390	20	301	5.0	35.0	CEEEECCECCCCHCCECECC	2
246	7.607	8.158	22.949	20	301	20.0	30.0	CHCEHECECCCHCCCEEEHC	1
247	7.873	8.318	22.534	20	301	20.0	30.0	CHCEHECECECCHCCEECHC	1
248	6.055	7.661	22.012	20	301	5.0	40.0	CEEEECCECCCCHCCEEECC	2
249	6.172	7.695	22.247	20	301	0.0	35.0	CEEEECCCCCCCCCCEEECC	2
250	6.301	7.939	23.303	20	301	5.0	40.0	CEEEECCCCCCEHCCEEECC	2
251	6.786	8.296	24.504	20	301	5.0	40.0	CEEECCCECCCCHCCEEEEC	2
252	6.587	8.066	24.227	20	301	5.0	30.0	CECECCCCCCCCHCCEEEEC	2
253	6.604	8.139	25.047	20	301	5.0	20.0	CECEECCCCCCCHCCCECCC	2
254	6.528	8.272	26.015	20	301	5.0	30.0	CEEECCCECCCEHCCCECCC	2
255	6.548	8.210	26.748	20	301	5.0	40.0	CEEEECCECCCCHCCEEECC	2
256	7.864	8.223	21.992	20	301	10.0	35.0	CHCEHECECECCCCCEEECC	1
257	7.862	8.224	21.937	20	301	20.0	25.0	CHCEHECEHCCCCCCEECHC	1
258	7.911	8.219	23.385	20	301	20.0	25.0	CHCCHECCHECCCCCEEEHC	1
259	7.868	8.347	23.328	20	301	20.0	25.0	CHCEHECECCCHCCCEECHC	1
260	7.973	8.120	22.870	20	301	10.0	25.0	CHCEHECECCCCCCCEECCC	1
261	7.644	8.049	20.772	20	301	10.0	35.0	CHCEHECECECCCCCEEECC	1
262	7.365	8.175	22.222	20	301	20.0	30.0	CHCEHECEHCCCCCCEEEHC	1
263	7.462	8.029	21.236	20	301	20.0	30.0	CHCEHECECECHCCCCEEHC	1
264	6.600	8.359	26.366	20	301	5.0	30.0	CECEECCCCCCCHCCEEECC	2
265	6.472	8.317	25.763	20	301	5.0	45.0	CECEECCECCCEHCCEEEEC	2
266	6.278	8.304	24.930	20	301	5.0	40.0	CEEEECCCCCCCHCCEEEEC	2
267	6.100	8.315	24.059	20	301	5.0	40.0	CECEECCCCCCEHCCEEEEC	2
268	5.935	8.185	22.695	20	301	0.0	40.0	CEEEECCECCCECCCECCEC	2
269	5.799	8.244	21.821	20	301	5.0	35.0	CEEECCCCCCCEHCCCEEEC	2
270	5.966	8.601	24.634	20	301	5.0	40.0	CEEECCCECCCEHCCCEEEC	2
271	5.792	8.257	23.029	20	301	5.0	30.0	CECECCCCCCCCHCCEEEEC	2
272	5.944	8.610	22.149	20	301	5.0	40.0	CCEEECCECCCCHCCEEEEC	2
273	6.096	8.482	22.597	20	301	5.0	30.0	CECECCCCCCCCHCCEEEEC	2
274	6.167	8.313	23.764	20	301	5.0	35.0	CCCEECCECCCEHCCCEEEC	2
275	6.103	8.314	23.123	20	301	5.0	30.0	CCCEECCECCCCHCCECEEC	2
276	7.533	8.494	27.141	20	301	20.0	30.0	CHCCHECEHECCHCCEEECC	1
277	7.708	8.456	25.146	20	301	20.0	25.0	CHCCHECEHCCCHCECEECC	1
278	6.327	8.372	23.168	20	301	5.0	45.0	CEEEECCECCCEHCCEEECC	2
279	6.188	8.362	24.883	20	301	5.0	35.0	CEEECCCECCCCHCCEEECC	2
280	6.034	8.143	23.840	20	301	5.0	40.0	CEEEECCECCCCHCCCEEEC	2
281	6.046	8.143	23.952	20	301	5.0	45.0	CEEEECCCCCCEHCCEEEEC	2
282	6.247	8.220	24.429	20	301	0.0	35.0	CEEEECCECCCCCCCCCEEC	2
283	6.199	8.250	23.587	20	301	5.0	40.0	CECCECCECCCEHCCEEEEC	2
284	6.052	8.074	22.286	20	301	10.0	20.0	CECCCCCCHCCCHCCEEECC	2
285	6.094	8.628	25.374	20	301	5.0	45.0	CEEEECCCCCCEHCCEEEEC	2
286	4.442	7.712	20.460	20	301	10.0	15.0	CECHCCCCCCCCCCCCEEHC	0
287	4.581	7.612	19.858	20	301	5.0	10.0	CCCCCCCCCCCCCCCCEEHC	0
288	4.730	7.811	21.506	20	301	5.0	15.0	CECCCCHCCCCCCCCCEECC	0
289	4.513	7.784	20.645	20	301	0.0	30.0	CECCCCCECCCECCCEEECC	0
290	7.803	8.293	21.733	20	301	30.0	35.0	CHCEHECEHECHHCCEEEHC	1
291	7.781	8.205	20.515	20	301	25.0	25.0	CHCEHECECCCHHCCCEEHC	1
292	6.533	8.430	25.681	20	301	5.0	25.0	CECCECCCCCCCHCCECEEC	2
293	6.530	8.205	25.806	20	301	5.0	25.0	CEECCCCCCCCCHCCCEEEC	2
294	6.467	8.199	24.396	20	301	5.0	30.0	CEEECCCECCCCHCCECCEC	2
295	6.634	8.261	23.902	20	301	0.0	30.0	CCEEECCCCCCECCCECECC	2
296	6.684	8.110	25.405	20	301	0.0	20.0	CEEECCCCCCCCCCCECCCC	2
297	6.526	8.120	25.052	20	301	5.0	45.0	CCEEECCECCCEHCCEEEEC	2
298	6.386	8.023	24.710	20	301	0.0	40.0	CEEEECCECCCCCCCEECEC	2
299	6.620	8.332	25.657	20	301	0.0	45.0	CEEEECCECCCCCCCEEEEC	2
300	6.888	8.491	26.638	20	301	10.0	30.0	CEEECCCCHCCEHCCEECCC	2
301	6.794	8.557	27.571	20	301	5.0	30.0	CEEECCCECCCEHCCCECCC	2
302	4.100	7.225	18.065	20	301	5.0	20.0	CCCCCHCECCCCCCCEEECC	0
303	4.205	7.355	17.706	20	301	15.0	20.0	CCCCCHHECCCCCCCEEEHC	0
304	4.211	7.274	17.645	20	301	5.0	20.0	CCCCCCHECCCECCCEECCC	0
305	4.218	7.411	17.296	20	301	5.0	20.0	CCCCCCHECCCCCCCEEECC	0
306	4.163	7.386	16.866	20	301	5.0	15.0	CCCCCCCECCCECCCCECHC	0
307	4.114	7.057	16.709	20	301	10.0	15.0	CCCCCCHCCCCCCCCEEEHC	0
308	4.164	7.268	17.238	20	301	10.0	20.0	CCCCCCHECCCECCCCEEHC	0
309	4.213	7.313	17.433	20	301	10.0	10.0	CCCCCCHCCCCCCCCCEEHC	0
310	4.136	7.465	18.221	20	301	5.0	20.0	CCCCCHCECCCCCCCEEECC	0
311	4.169	7.329	18.084	20	301	10.0	25.0	CCCCCHCECCCECCCEEEHC	0
312	4.266	7.371	17.470	20	301	5.0	20.0	CCCCCCHECCCCCCCEEECC	0
313	4.164	7.290	16.861	20	301	10.0	20.0	CCCCCHCCCCCECCCEEEHC	0
314	4.078	7.129	16.237	20	301	10.0	25.0	CCCCCCHECCCECCCEEEHC	0
315	4.235	7.289	17.958	20	301	15.0	15.0	CCCCCCHECCCCCHCCEEHC	0
316	4.259	7.232	17.087	20	301	5.0	20.0	CCCCCHCECCCCCCCEEECC	0
317	4.192	7.337	17.682	20	301	10.0	10.0	CCCCCHCCCCCCCCCCEEHC	0
318	6.418	8.138	25.838	20	301	5.0	35.0	CEEEECCCCCCCHCCECEEC	2
319	6.282	8.022	25.440	20	301	5.0	35.0	CEEECCCCCCCEHCCCEEEC	2
320	4.186	7.375	16.770	20	301	10.0	20.0	CCCCCHCECCCECCCEECHC	0
321	4.256	7.360	18.389	20	301	10.0	10.0	CCCCCCHECCCCCCCCECHC	0
322	6.068	7.957	24.100	20	301	5.0	35.0	CEEECCCCCCCEHCCEECEC	2
323	6.352	8.226	24.601	20	301	5.0	30.0	CEEECCCCCCCEHCCECCEC	2
324	4.088	7.477	16.621	20	301	10.0	20.0	CCCCCCHECCCCCCCEEEHC	0
325	4.090	7.130	15.964	20	301	5.0	15.0	CCCCCHCECCCCCCCCEECC	0
326	4.071	7.319	16.463	20	301	5.0	10.0	CCCCCCHECCCCCCCCECCC	0
327	3.767	7.436	15.996	20	301	5.0	20.0	CCCCCCHECCCCCCCEEECC	0
328	6.664	8.476	25.963	20	301	10.0	30.0	CECEECCCCCCEHCCECEHC	2
329	6.490	8.509	25.637	20	301	5.0	25.0	CECCECCCCCCCHCCEEECC	2
330	6.449	8.342	26.041	20	301	0.0	25.0	CEEECCCCCCCCCCCCEECC	2
331	6.433	8.406	25.604	20	301	5.0	25.0	CEEECCCCCCCCCCCEECHC	2
332	6.630	8.529	26.500	20	301	5.0	35.0	CEEEECCCCCCECCCECEHC	2
333	6.568	8.499	27.106	20	301	5.0	25.0	CEEECCCCCCCCHCCCEECC	2
334	6.655	8.578	27.455	20	301	0.0	40.0	CEEEECCCCCCECCCEEECC	2
335	6.671	8.675	27.751	20	301	10.0	35.0	CEEEECCCCCCEHCCECEHC	2
336	6.476	8.584	27.242	20	301	5.0	30.0	CEEECCCCCCCCHCCEEECC	2
337	6.790	8.925	27.441	20	301	0.0	35.0	CEEECCCCCCCECCCEEECC	2
338	4.061	7.462	17.985	20	301	5.0	25.0	CCCCCCHECCCECCCEEECC	0
339	4.231	7.403	18.318	20	301	5.0	25.0	CCCCCHCECCCECCCEEECC	0
340	7.576	8.015	21.747	20	301	15.0	25.0	CHCEHECCCCCHCCCEEECC	1
341	7.796	8.232	21.598	20	301	20.0	25.0	CHCEHECECCCHCCCEECHC	1
342	7.948	8.084	20.540	20	301	20.0	30.0	CCCCHECECECHHCCEEEHC	1
343	7.971	8.163	20.448	20	301	15.0	20.0	CCCCHECECCCCHCCCEEHC	1
344	7.963	8.059	20.561	20	301	25.0	30.0	CHCEHECCCECHHCCEEEHC	1
345	7.921	8.202	21.504	20	301	20.0	25.0	CCCCHECECCCHHCCEEEHC	1
346	7.730	7.915	20.808	20	301	20.0	30.0	CHCEHECECCCHHCCEEECC	1
347	7.981	8.211	21.363	20	301	20.0	30.0	CHCEHECECCCCHCCEEEHC	1
348	7.990	8.287	21.983	20	301	30.0	25.0	CHCCHECEHCCHHCCEEEHC	1
349	7.919	8.284	21.756	20	301	20.0	25.0	CHCEHECCCCCHHCCEEECC	1
350	4.347	7.508	18.048	20	301	5.0	20.0	CCCCCHCECCCCCCCEEECC	0
351	4.181	7.448	17.187	20	301	0.0	20.0	CCCCCCCECCCCCCCEEECC	0
352	3.932	7.322	16.556	20	301	5.0	25.0	CCCCCHCECCCECCCEEECC	0
353	4.117	7.415	16.606	20	301	10.0	25.0	CCCCCHCECCCECCCEEEHC	0
354	4.032	7.430	16.789	20	301	10.0	25.0	CCCCCHCECCCECCCEEEHC	0
355	4.087	7.630	17.553	20	301	5.0	25.0	CCCCCHCECCCECCCEEECC	0
356	4.109	7.317	16.861	20	301	5.0	20.0	CCCCCHCECCCCCCCEEECC	0
357	3.986	7.488	16.672	20	301	5.0	15.0	CCCCCHCECCCCCCCCEECC	0
358	4.041	7.426	16.844	20	301	15.0	25.0	CCCCCHCECHCECCCEEEHC	0
359	3.976	7.534	17.006	20	301	5.0	20.0	CCCCCHCECCCECCCCEECC	0
360	4.085	7.578	16.918	20	301	5.0	25.0	CCCCCHCECCCECCCEEECC	0
361	3.947	7.434	16.230	20	301	5.0	20.0	CCCCCHCECCCECCCCEECC	0
362	3.912	7.380	16.055	20	301	5.0	20.0	CCCCCCCECCCCCCCEEEHC	0
363	3.849	7.306	15.908	20	301	5.0	20.0	CCCCCCCECCCCCCCEEEHC	0
364	3.879	7.374	16.539	20	301	10.0	25.0	CCCCCCCECCCECCHEEEHC	0
365	3.907	7.571	18.226	20	301	0.0	20.0	CCCCCCCECCCECCCCEECC	0
366	4.196	7.453	16.612	20	301	5.0	20.0	CCCCCCCECCCECCCEECHC	0
367	4.136	7.478	17.487	20	301	10.0	10.0	CCCCCHCECCCCCCCCECHC	0
368	7.727	8.163	22.145	20	301	20.0	30.0	CHCCHECECECCHCCEEEHC	1
369	7.706	8.212	22.452	20	301	20.0	20.0	CHCEHCCECCCHHCCECECC	1
370	4.366	7.388	17.639	20	301	5.0	10.0	CCCCCCHECCCCCCCCECCC	0
371	4.103	7.292	16.507	20	301	5.0	25.0	CCCCCHCECCCECCCEEECC	0
372	4.135	7.347	16.686	20	301	10.0	15.0	CCCCCHCECCCCCHCEECCC	0
373	4.195	7.421	16.917	20	301	0.0	25.0	CCCCCCCECCCECCCEEECC	0
374	4.260	7.577	18.316	20	301	5.0	15.0	CCCCCCHECCCCCCCEECCC	0
375	4.098	7.309	17.080	20	301	0.0	25.0	CCCCCCCECCCECCCEEECC	0
376	4.094	7.473	17.663	20	301	5.0	25.0	CCCCCHCECCCECCCEEECC	0
377	4.112	7.564	17.524	20	301	5.0	20.0	CCCCCCHCCCCECCCEEECC	0
378	3.964	7.604	17.259	20	301	10.0	20.0	CCCCCHCECCCCCCCEEEHC	0
379	4.066	7.516	17.063	20	301	10.0	15.0	CCCCCHCECCCECCCCECHC	0
380	4.078	7.570	17.395	20	301	5.0	25.0	CCCCCCCECCCECCCEEEHC	0
381	4.043	7.615	17.968	20	301	10.0	25.0	CCCCCHCECCCECCCEEEHC	0
382	6.483	8.094	25.324	20	301	10.0	25.0	CECEHCCCCCCECCCECEHC	2
383	6.429	8.126	25.298	20	301	5.0	30.0	CEEECCCCCCCCCCCEEEHC	2
384	3.906	7.237	16.398	20	301	5.0	25.0	CCCCCHCECCCECCCEEECC	0
385	3.828	7.345	17.240	20	301	15.0	25.0	CCCCCHHECCCECHCEEECC	0
386	4.007	7.295	16.778	20	301	10.0	20.0	CCCCCHCECCCCCCCEEEHC	0
387	3.951	7.310	17.012	20	301	10.0	10.0	CCCCCHCECCCCCCCCECHC	0
388	8.101	8.500	24.143	20	301	20.0	15.0	CCCCHCCECCCHHCCEECHC	1
389	7.967	8.372	23.669	20	301	15.0	25.0	CCCEHCCECCCHHCCEEECC	1
390	7.807	8.201	22.201	20	301	25.0	30.0	CHCEHECECECHHCCEECHC	1
391	7.676	7.941	20.169	20	301	20.0	20.0	CHCCHCCECCCHHCCEEECC	1
392	4.365	7.714	18.446	20	301	5.0	25.0	CCCCCCHECCCECCCEEECC	0
393	4.409	7.770	18.807	20	301	5.0	20.0	CCCCCCHECCCCCCCEEECC	0
394	7.974	8.020	19.989	20	301	20.0	25.0	CCCCHECCCECHHCCEEEHC	1
395	7.757	7.905	19.890	20	301	15.0	30.0	CCCCHECECECHHCEEECCC	1
396	4.320	7.629	18.726	20	301	10.0	20.0	CCCCCCHCCCCECCCEEEHC	0
397	4.327	7.648	18.445	20	301	10.0	15.0	CCCCCHCCCCCECCCCEEHC	0
398	8.031	8.163	21.846	20	301	15.0	30.0	CHCECECCCECCHCCEEEHC	1
399	8.065	8.190	22.172	20	301	15.0	25.0	CCCCHCCECECCHCCEEEHC	1
400	4.252	7.558	18.486	20	301	5.0	15.0	CCCCCHCECCCCCCCCEECC	0
401	4.157	7.539	17.601	20	301	5.0	20.0	CCCCCHCECCCCCCCEEECC	0
402	4.081	7.693	17.565	20	301	10.0	5.0	CCCCCHCCCCCCCCCCECHC	0
403	4.067	7.471	17.222	20	301	10.0	25.0	CCCCCHCECCCECCCEEEHC	0
404	4.228	7.451	18.020	20	301	10.0	5.0	CCCCCHCCCCCCCCCCECHC	0
405	4.363	7.486	19.667	20	301	5.0	15.0	CCCCCCCECCCCCCCCEEHC	0
406	4.419	7.600	19.927	20	301	5.0	15.0	CCCCCHCECCCCCCCCEECC	0
407	4.001	7.425	17.741	20	301	10.0	20.0	CCCCCHCECCCCCCCEEEHC	0
408	3.919	7.363	16.451	20	301	5.0	25.0	CCCCCHCECCCECCCEEECC	0
409	3.988	7.283	16.335	20	301	10.0	10.0	CCCCCHCCCCCCCCCCEEHC	0
410	4.074	7.432	16.806	20	301	10.0	15.0	CCCCCHCECCCCCCCCEEHC	0
411	4.344	7.679	19.306	20	301	5.0	15.0	CCCCCHCCCCCCCCCEEECC	0
412	6.105	7.687	24.069	20	301	5.0	35.0	CEEEHCCCCCCECCCEECEC	2
413	6.091	7.969	24.035	20	301	0.0	25.0	CECECCCCCCCECCCECCEC	2
414	5.940	7.974	24.767	20	301	0.0	35.0	CEEECCCCCCCCCCCEEEEC	2
415	6.167	7.955	25.274	20	301	0.0	40.0	CEEECCCCCCCECCCEEEEC	2
416	3.861	7.490	16.709	20	301	0.0	15.0	CCCCCCCCCCCECCCCEECC	0
417	3.793	7.325	16.853	20	301	10.0	15.0	CCCCCCHECCCECCCCECHC	0
418	6.099	7.792	23.225	20	301	5.0	30.0	CCEEHCCCCCCECCCECEEC	2
419	5.944	7.811	22.534	20	301	5.0	25.0	CCCEHCCCCCCCCCCEEEEC	2
420	4.316	7.400	18.066	20	301	5.0	25.0	CCCCCCHECCCECCCEEECC	0
421	4.133	7.378	18.180	20	301	10.0	5.0	CCCCCHCCCCCCCCCCECHC	0
422	4.192	7.377	17.659	20	301	5.0	20.0	CCCCCHCECCCCCCCEEECC	0
423	4.005	7.342	17.165	20	301	0.0	25.0	CCCCCCCECCCECCCEEECC	0
424	4.088	7.490	17.099	20	301	10.0	10.0	CCCCCHCCCCCCCCCCEEHC	0
425	3.899	7.511	16.719	20	301	5.0	20.0	CCCCCHCECCCCCCCEEECC	0
426	3.886	7.387	16.254	20	301	15.0	10.0	CCCCCHHECCCCCCCCECHC	0
427	3.969	7.223	16.686	20	301	5.0	15.0	CCCCCCCECCCECCCCECHC	0
428	3.914	7.301	16.265	20	301	5.0	15.0	CCCCCHCECCCCCCCCEECC	0
429	3.852	7.268	16.204	20	301	5.0	20.0	CCCCCHCECCCCCCCEEECC	0
430	3.993	7.685	18.258	20	301	15.0	10.0	CCCHCHCECCCCCCCCECHC	0
431	4.138	7.472	17.766	20	301	10.0	15.0	CCCCCCHECCCCCCCEECHC	0
432	4.070	7.523	18.423	20	301	5.0	15.0	CCCCCHCECCCCCCCCEECC	0
433	4.100	7.369	17.551	20	301	5.0	20.0	CCCCCHCECCCECCCCEECC	0
434	4.013	7.322	16.792	20	301	10.0	25.0	CCCCCHHECCCECCCEEECC	0
435	3.986	7.351	17.013	20	301	5.0	20.0	CCCCCHCECCCCCCCEEECC	0
436	7.434	8.041	22.709	20	301	25.0	25.0	CHCEHECEHECCHCCECCHC	1
437	7.827	8.092	22.510	20	301	20.0	25.0	CHCEHECECCCCHCCEECHC	1
438	4.047	7.349	17.460	20	301	5.0	20.0	CCCCCHCECCCCCCCEEECC	0
439	3.895	7.447	16.922	20	301	5.0	25.0	CCCCCCHECCCECCCEEECC	0
440	4.105	7.316	16.967	20	301	5.0	10.0	CCCCCCHECCCCCCCCECCC	0
441	3.947	7.362	16.697	20	301	10.0	15.0	CCCCCHCECCCCCCCCEEHC	0
442	7.215	8.314	24.506	20	301	25.0	30.0	CHCEHECECECHHCCEECHC	1
443	7.268	8.381	24.819	20	301	25.0	20.0	CHCCHECEHCCCHCCEECHC	1
444	7.441	8.438	23.872	20	301	25.0	25.0	CHCEHECECCCHHCCEECHC	1
445	7.259	8.409	24.650	20	301	30.0	20.0	CHCEHECEHECHHCCCCCHC	1
446	4.188	7.763	18.684	20	301	5.0	20.0	CCCCCHCECCCCCCCEEECC	0
447	4.057	7.376	17.685	20	301	0.0	20.0	CCCCCCCECCCCCCCEEECC	0
448	5.865	7.760	22.058	20	301	0.0	30.0	CEEEECCCCCCECCCCECCC	2
449	5.787	7.729	21.712	20	301	5.0	35.0	CEEEECCCCCCECCCCEEHC	2
450	5.780	7.894	21.550	20	301	0.0	30.0	CEEEECCCCCCCCCCEECCC	2
451	5.744	8.041	21.811	20	301	5.0	30.0	CEEECCCCCCCCCCCEEEHC	2
452	4.189	7.448	18.500	20	301	15.0	15.0	CCCCCHCCCCCCCCHEEEHC	0
453	4.504	7.729	18.886	20	301	15.0	25.0	CCCCCHCECCCECCHEEEHC	0
454	6.082	7.995	24.908	20	301	0.0	40.0	CEEEECCCCCCECCCEEECC	2
455	5.984	7.987	24.893	20	301	0.0	30.0	CEEECCCCCCCECCCCEECC	2
456	4.160	7.320	17.727	20	301	25.0	20.0	CCCHCHHECCCECHCEECHC	0
457	4.072	7.329	17.742	20	301	20.0	25.0	CCCCCHHECCCECHCEEEHC	0
458	6.114	8.224	24.599	20	301	0.0	35.0	CEEEECCCCCCCCCCEEECC	2
459	6.228	8.192	25.357	20	301	0.0	40.0	CEEEECCCCCCECCCECEEC	2
460	5.973	8.136	25.468	20	301	0.0	25.0	CCECECCCCCCCCCCECEEC	2
461	6.035	8.000	25.169	20	301	0.0	35.0	CECEECCCCCCECCCEECEC	2
462	7.458	8.013	21.547	20	301	20.0	20.0	CHCEHCCCHECCHCCCEECC	1
463	7.482	7.879	20.983	20	301	15.0	20.0	CHCEHECECCCCHCCECCCC	1
464	7.373	7.897	21.841	20	301	20.0	25.0	CHCEHECECECCHCCCCEHC	1
465	7.502	7.937	22.120	20	301	20.0	35.0	CHCEHECECECCHCCEEEHC	1
466	4.028	7.423	16.565	20	301	10.0	10.0	CCCCCCHECCCCCCCCECHC	0
467	3.951	7.270	16.203	20	301	10.0	10.0	CCCCCCHCCCCCCCCCEEHC	0
468	3.931	7.153	16.542	20	301	10.0	15.0	CCCCCHCCCCCECCCEECHC	0
469	4.077	7.327	17.557	20	301	10.0	15.0	CCCCCHCECCCCCCCCEEHC	0
470	5.494	7.800	21.814	20	301	0.0	35.0	CEECECCCCCCECCCEEECC	2
471	5.728	8.050	23.503	20	301	0.0	40.0	CEEEECCCCCCECCCEEECC	2
472	3.892	7.335	16.929	20	301	15.0	20.0	CCCCCCHECCCECHCEECHC	0
473	4.048	7.185	16.759	20	301	15.0	5.0	CCCCCCCCHCCCCHCCECHC	0
474	7.983	8.228	23.437	20	301	25.0	25.0	CHCEHCCCCECHHCCEEEHC	1
475	7.676	7.917	21.578	20	301	20.0	30.0	CCCEHCCECECHHCCEEEHC	1
476	4.124	7.080	16.967	20	301	10.0	25.0	CCCCCCHECCCECCCEEEHC	0
477	4.051	7.152	16.680	20	301	10.0	20.0	CCCCCCCECHCCCCCEEEHC	0
478	7.543	8.133	21.904	20	301	20.0	20.0	CHCEHCCCCECHHCCEECCC	1
479	7.735	8.039	21.079	20	301	25.0	20.0	CHCEHCCCHECHHCCEECCC	1
480	4.154	7.305	17.494	20	301	15.0	10.0	CCCCCCHCCCCCCHCECEHC	0
481	4.053	7.420	17.555	20	301	5.0	25.0	CCCCCCHECCCECCCEEECC	0
482	4.107	7.331	17.486	20	301	5.0	25.0	CCCCCCHECCCECCCEEECC	0
483	4.146	7.321	16.928	20	301	15.0	20.0	CCCCCHCCCCCECHCEEEHC	0
484	4.081	7.313	16.135	20	301	15.0	20.0	CCCCCHHECCCECHCCEECC	0
485	4.006	7.103	15.657	20	301	10.0	20.0	CCCCCCHECCCECHCCEECC	0
486	4.120	7.356	16.465	20	301	15.0	25.0	CCCCCCHECHCECHCEEECC	0
487	4.373	7.127	16.102	20	301	10.0	15.0	CCCHCCCCCCCECCCCEEHC	0
488	4.312	7.368	17.008	20	301	10.0	25.0	CCCCCCCECHCECCHEEECC	0
489	4.206	7.383	17.461	20	301	10.0	25.0	CCCCCHHECCCECCCEEECC	0
490	4.078	7.279	16.321	20	301	5.0	20.0	CCCCCCHECCCCCCCEEECC	0
491	4.154	7.431	16.479	20	301	10.0	20.0	CCCCCHCECCCCCCHEEECC	0
492	4.070	7.452	16.580	20	301	15.0	20.0	CCCCCCHECHCECCCEECHC	0
493	4.169	7.428	17.012	20	301	15.0	20.0	CCCCCHCECHCCCCCEEEHC	0
494	4.006	7.213	16.023	20	301	5.0	15.0	CCCCCHCECCCCCCCEECCC	0
495	4.298	7.383	17.472	20	301	5.0	20.0	CCCCCCCECHCCCCCEEECC	0
496	6.774	7.112	18.139	20	301	15.0	25.0	CCCHECCCCECHCEHCEECC	19
497	6.884	7.102	19.140	20	301	15.0	20.0	CCCHCCCCCECHCEHCEECC	19
498	7.281	8.220	23.319	20	301	15.0	25.0	CHCEHECEHCCCCCCEECCC	1
499	7.580	8.489	24.250	20	301	20.0	35.0	CHCEHECECECCHCCEEEHC	1
500	7.824	8.454	24.726	20	301	25.0	30.0	CHCEHECECCCHHCCEEEHC	1
501	7.797	8.119	24.201	20	301	20.0	25.0	CHCCHECEHECCHCCEECCC	1
502	7.787	8.308	22.539	20	301	15.0	30.0	CHCECECEHCCCHCCEEECC	1
503	7.574	8.223	22.247	20	301	15.0	15.0	CHCCHCCECCCCCCCCEEHC	1
504	7.509	8.268	22.603	20	301	15.0	25.0	CHCCHCCECECCHCCEEECC	1
505	7.568	8.391	24.128	20	301	20.0	30.0	CHCCHECECECHHCCEEECC	1
506	7.154	8.120	23.244	20	301	15.0	25.0	CHCECECEHCCCHCCCEECC	1
507	7.392	8.310	23.147	20	301	15.0	35.0	CHCEHECECECCHCCEEECC	1
508	5.589	7.768	20.764	20	301	0.0	45.0	CEEEECCCCCCECCCEEEEC	2
509	5.617	7.845	20.805	20	301	0.0	30.0	CEEEECCCCCCCCCCECECC	2
510	7.525	8.421	23.265	20	301	15.0	20.0	CHCCHECCCCCCHCCEEECC	1
511	7.704	8.375	22.699	20	301	25.0	35.0	CHCEHECECECHHCCEEEHC	1
512	4.846	7.399	18.746	20	301	20.0	25.0	CCCCCCHECHCECCHEEEHC	0
513	4.865	7.635	19.441	20	301	15.0	25.0	CCCCCCHECCCECCHEEEHC	0
514	7.548	8.185	24.436	20	301	20.0	25.0	CHCEHECCHCCCCCCEEEHC	1
515	7.641	8.399	25.190	20	301	15.0	30.0	CHCECECECCCCHCCEEEHC	1
516	7.319	8.262	23.654	20	301	15.0	25.0	CCCCHECEHCCCCCCEEEHC	1
517	7.415	8.317	22.139	20	301	25.0	35.0	CHCEHECEHECCHCCEEEHC	1
518	5.804	7.751	21.369	20	301	0.0	25.0	CEEECCCCCCCCCCCEECCC	2
519	5.930	7.878	24.079	20	301	0.0	45.0	CEEEECCCCCCECCCEEEEC	2
520	5.775	7.925	23.464	20	301	0.0	35.0	CEEEECCCCCCCCCCCEEEC	2
521	5.626	7.842	22.555	20	301	0.0	40.0	CEEECCCCCCCECCCEEEEC	2
522	7.645	8.352	24.431	20	301	20.0	35.0	CHCEHECEHECCHCCEEECC	1
523	7.378	8.243	23.441	20	301	30.0	30.0	CHCCHECEHECHHCCEEEHC	1
524	7.471	8.147	21.841	20	301	20.0	20.0	CHCCHCCECCCCHCCEEEHC	1
525	7.601	8.113	21.243	20	301	10.0	30.0	CHCECCCECECCHCCEEECC	1
526	7.737	8.299	22.481	20	301	20.0	20.0	CHCCHECEHCCCHCCCEECC	1
527	7.657	8.140	21.293	20	301	20.0	35.0	CHCEHECEHECCHCCEEECC	1
528	5.876	8.058	24.918	20	301	0.0	35.0	CCEEECCCCCCECCCECEEC	2
529	6.172	8.073	25.777	20	301	0.0	35.0	CEEEECCCCCCECCCEECCC	2
530	7.376	8.002	21.196	20	301	25.0	35.0	CHCEHECECECHHCCEEEHC	1
531	7.711	8.085	21.637	20	301	25.0	30.0	CHCEHECEHCCCHCCEEEHC	1
532	7.945	8.118	21.579	20	301	25.0	35.0	CHCEHECEHECHHCCEEECC	1
533	7.830	8.019	21.860	20	301	25.0	30.0	CHCEHECCCECHHCCEEEHC	1
534	7.458	7.935	21.511	20	301	30.0	35.0	CHCEHECEHECHHCCEEEHC	1
535	7.460	8.085	22.192	20	301	15.0	25.0	CHCCHECCCCCCHCEEEECC	1
536	5.125	7.502	19.671	20	301	10.0	10.0	CCCCCCHECCCCCCHECCCC	0
537	4.977	7.727	20.542	20	301	5.0	15.0	CCCCCHCECCCCCCCEECCC	0
538	6.082	8.184	26.076	20	301	0.0	35.0	CEEEECCCCCCCCCCECEEC	2
539	6.028	8.100	25.602	20	301	0.0	45.0	CEEEECCCCCCECCCEEEEC	2
540	6.015	8.216	25.697	20	301	0.0	40.0	CEEEECCCCCCCCCCEEEEC	2
541	5.592	7.809	21.958	20	301	0.0	40.0	CEEEECCCCCCECCCEEECC	2
542	4.952	7.499	18.644	20	301	20.0	15.0	CCCCCHCECHCCCHCCEEHC	0
543	4.567	7.499	17.246	20	301	10.0	5.0	CCCHCCCCCCCCCCCCCEHC	0
544	6.013	8.033	23.733	20	301	0.0	35.0	CEEEECCCCCCCCCCEEECC	2
545	5.815	7.982	24.493	20	301	0.0	35.0	CEEEECCCCCCECCCECECC	2
546	5.837	7.857	23.243	20	301	0.0	35.0	CEEEECCCCCCECCCECECC	2
547	5.697	7.960	22.216	20	301	0.0	35.0	CEEEECCCCCCCCCCEEECC	2
548	4.550	7.212	16.362	20	301	10.0	15.0	CCCHCHCECCCCCCCEECCC	0
549	4.390	7.212	15.833	20	301	5.0	20.0	CCCCCHCECCCECCCCEECC	0
550	4.378	7.116	15.402	20	301	10.0	15.0	CCCHCHCECCCCCCCCEECC	0
551	4.386	7.063	14.384	20	301	5.0	20.0	CCCCCCCECCCECCCEECHC	0
552	4.222	7.082	14.256	20	301	10.0	20.0	CCCHCHCECCCCCCCEEECC	0
553	4.273	6.974	14.749	20	301	10.0	20.0	CCCCCHCECCCCCCCEEEHC	0
554	4.303	7.068	14.567	20	301	10.0	20.0	CCCCCHCECCCCCCCEEEHC	0
555	4.274	7.181	15.442	20	301	10.0	20.0	CCCCCHCECCCECCCCEEHC	0
556	6.030	8.111	26.136	20	301	0.0	35.0	CEEEECCCCCCECCCCEECC	2
557	6.073	8.367	26.358	20	301	5.0	30.0	CEEEECCCCCCCCCCECEHC	2
558	4.190	6.984	14.216	20	301	15.0	25.0	CCCCCCCECHCECCHEEEHC	0
559	4.249	7.173	14.647	20	301	5.0	25.0	CCCCCHCECCCECCCEEECC	0
560	4.106	7.127	14.688	20	301	10.0	20.0	CCCCCHCECCCECCCCEEHC	0
561	4.063	7.161	14.673	20	301	5.0	25.0	CCCCCHCECCCECCCEEECC	0
562	5.843	8.056	24.011	20	301	0.0	40.0	CEEEECCCCCCCCCCEEEEC	2
563	6.058	8.165	25.797	20	301	0.0	45.0	CEEEECCCCCCECCCEEEEC	2
564	6.069	8.190	25.931	20	301	0.0	35.0	CEEEECCCCCCCCCCEEECC	2
565	6.081	8.048	26.180	20	301	0.0	40.0	CEEEECCCCCCCCCCEEEEC	2
566	6.284	8.184	26.099	20	301	0.0	30.0	CEEEECCCCCCCCCCEECCC	2
567	6.128	8.001	24.581	20	301	0.0	40.0	CEEEECCCCCCECCCCEEEC	2
568	6.103	8.243	26.024	20	301	0.0	30.0	CEEEECCCCCCCCCCECCEC	2
569	6.038	8.079	25.241	20	301	0.0	40.0	CEEEECCCCCCECCCEECEC	2
570	6.051	8.047	24.671	20	301	0.0	30.0	CEEEECCCCCCECCCCCECC	2
571	5.972	8.045	25.730	20	301	0.0	35.0	CEEEECCCCCCECCCECECC	2
572	7.624	8.150	22.097	20	301	20.0	20.0	CHCCHECCCCCHHCCEEECC	1
573	7.422	8.100	22.304	20	301	25.0	30.0	CHCEHECECCCHHCCEEEHC	1
574	6.138	6.984	20.521	20	301	10.0	20.0	CCEHCCCCCECHCCCCCEEC	10
575	6.059	7.064	19.785	20	301	10.0	30.0	CCEHECCCCECHCECCCEEC	10
576	4.362	7.066	14.240	20	301	20.0	20.0	CCCHCHCECCCECCHEECHC	0
577	4.340	7.065	13.267	20	301	10.0	25.0	CCCCCHCECCCECCHEEECC	0
578	5.887	6.852	18.745	20	301	10.0	30.0	CCEHECCCCCCHCECCEEEC	10
579	5.971	7.087	21.341	20	301	10.0	25.0	CCEHCCCCCECHCECCECEC	10
580	5.795	7.074	20.638	20	301	10.0	30.0	CCEHCCCCCECHCECEECEC	10
581	5.954	7.069	19.643	20	301	10.0	15.0	CCCHECCCCCCHCCCCEECC	10
582	4.023	7.199	13.663	20	301	5.0	20.0	CCCCCCHECCCECCCCEECC	0
583	4.057	7.038	14.112	20	301	15.0	25.0	CCCCCHCECCCEHCCEEEHC	0
584	3.965	7.048	12.324	20	301	5.0	20.0	CCCCCHCECCCCCCCEEECC	0
585	3.879	6.898	10.580	20	301	5.0	25.0	CCCCCHCECCCECCCEEECC	0
586	3.754	6.790	8.719	20	301	5.0	20.0	CCCCCCCECCCCCCCEEEHC	0
587	3.590	6.682	7.837	20	301	20.0	25.0	CCCHCHHECCCECCEEECHC	0
588	3.628	6.603	7.873	20	301	10.0	25.0	CCCHCCCECCCCCCEEEEHC	0
589	3.439	6.763	8.584	20	301	10.0	20.0	CCCHCCCECCCECCCEECHC	0
590	3.546	6.728	8.798	20	301	15.0	25.0	CCCHCHCECCCECCCEEEHC	0
591	3.733	6.793	8.551	20	301	10.0	25.0	CCCCCHCECCCECCCEEEHC	0
592	3.705	6.674	8.171	20	301	10.0	15.0	CCCCCHCECCCCCCCECEHC	0
593	3.764	6.553	8.136	20	301	5.0	15.0	CCCCCCCECCCCCCCEECHC	0
594	3.807	6.727	8.510	20	301	10.0	10.0	CCCHCHCECCCCCCCCECCC	0
595	3.794	6.704	7.950	20	301	10.0	15.0	CCCCCHCCCCCCCCCEEEHC	0
596	3.712	6.670	8.276	20	301	15.0	25.0	CCCHCHCECCCECCCEEEHC	0
597	3.568	6.781	8.663	20	301	15.0	15.0	CCCHCHCECCCCCCCEECHC	0
598	3.756	7.015	8.070	20	301	15.0	15.0	CCCHCHHECCCCCCCCEECC	0
599	3.643	6.849	7.760	20	301	15.0	20.0	CCCHCHCECCCECCCEECHC	0
600	3.862	6.856	7.842	20	301	15.0	15.0	CCCHCHCECCCECCCECCHC	0
601	3.760	6.778	8.702	20	301	10.0	20.0	CCCHCHCECCCECCCECECC	0
602	3.884	6.891	9.411	20	301	15.0	15.0	CCCHCHCECCCCCCCECEHC	0
603	3.870	6.762	8.535	20	301	15.0	15.0	CCCHCHCECCCCCCCEECHC	0
604	7.853	8.506	24.407	20	301	25.0	30.0	CHCEHECECCCHHCCEEEHC	1
605	7.749	8.172	22.295	20	301	15.0	25.0	CHCCHECECCCCHCCEEECC	1
606	3.889	6.781	8.777	20	301	15.0	15.0	CCCHCCHECCCECCCECCHC	0
607	3.854	6.912	9.175	20	301	5.0	5.0	CCCCCHCCCCCCCCCECCCC	0
608	7.603	8.369	23.065	20	301	25.0	10.0	CHCCHECCCCCHHCCCCEHC	1
609	7.458	8.335	23.249	20	301	25.0	25.0	CHCCHECECCCHHCCEEEHC	1
610	3.761	6.909	8.653	20	301	15.0	10.0	CCCCCHHECCCCCCCECCHC	0
611	3.816	6.937	9.509	20	301	15.0	5.0	CCCHCHCECCCCCCCCCCHC	0
612	3.797	6.838	7.783	20	301	5.0	15.0	CCCCCHCECCCECCCECCCC	0
613	3.925	6.862	8.743	20	301	5.0	15.0	CCCCCHCECCCECCCECCCC	0
614	3.832	6.861	8.715	20	301	5.0	10.0	CCCCCCHECCCCCCCECCCC	0
615	3.797	6.807	8.591	20	301	10.0	20.0	CCCCCHHECCCECCCEECCC	0
616	3.966	6.783	8.685	20	301	10.0	15.0	CCCHCHCECCCECCCECCCC	0
617	3.749	6.817	8.424	20	301	15.0	10.0	CCCCCHHECCCCCCCECCHC	0
618	3.811	6.839	8.398	20	301	10.0	15.0	CCCHCHCECCCECCCECCCC	0
619	3.931	6.812	8.551	20	301	10.0	15.0	CCCHCHCECCCECCCECCCC	0
620	3.987	6.828	9.098	20	301	5.0	20.0	CCCHCCCECCCECCCCEECC	0
621	3.891	6.739	8.280	20	301	10.0	10.0	CCCHCHCCCCCCCCCEECCC	0
622	3.573	6.822	8.813	20	301	5.0	25.0	CCCCCHCECCCECCCEEECC	0
623	3.538	6.639	8.775	20	301	5.0	15.0	CCCCCHCCCCCCCCEEECCC	0
624	3.466	6.667	9.121	20	301	15.0	15.0	CCCHCCHCCCCCCCEEECHC	0
625	3.572	6.774	8.436	20	301	5.0	20.0	CCCCCHCECCCCCCCEEECC	0
626	3.679	6.736	8.458	20	301	15.0	20.0	CCCHCHCECCCCCCCEEEHC	0
627	3.689	6.712	8.234	20	301	15.0	20.0	CCCCCHHECCCECCCEECHC	0
628	3.567	6.763	8.332	20	301	5.0	20.0	CCCCCHCCCCCECCCEEECC	0
629	3.585	6.746	8.396	20	301	10.0	20.0	CCCCCHCECCCCCCCEEEHC	0
630	3.503	6.689	8.302	20	301	5.0	20.0	CCCCCHCECCCCCCCEEECC	0
631	3.513	6.750	9.893	20	301	10.0	20.0	CCCCCHCECCCCCCCEEEHC	0
632	3.611	6.762	9.272	20	301	10.0	25.0	CCCHCHCECCCECCCEEECC	0
633	3.684	6.816	9.381	20	301	10.0	25.0	CCCCCHCECCCECCCEEEHC	0
634	6.147	6.988	21.270	20	301	5.0	25.0	CCEHCCCCCECCCECEECCC	10
635	6.310	6.960	21.789	20	301	10.0	25.0	CCEHECCCCECHCECCECCC	10
636	3.807	6.725	7.477	20	301	5.0	20.0	CCCHCCCECCCECCCEECCC	0
637	3.787	6.632	8.190	20	301	10.0	15.0	CCCCCCHECCCCCCCEECHC	0
638	3.705	6.624	7.500	20	301	10.0	15.0	CCCCCCHCCCCCCCCEEEHC	0
639	3.568	6.671	7.835	20	301	10.0	25.0	CCCHCCHECCCECCCEEECC	0
640	3.583	6.708	7.850	20	301	5.0	35.0	CCCCCHCEECCEECCEEECC	0
641	3.600	6.750	7.398	20	301	10.0	20.0	CCCCCHCECCCCCCCEEEHC	0
642	3.767	6.689	7.643	20	301	5.0	20.0	CCCCCCCECCCCCCCEEEHC	0
643	3.702	6.536	8.470	20	301	10.0	25.0	CCCCCHCECCCECCCEEEHC	0
644	7.181	7.849	19.612	20	301	20.0	25.0	CHCEHECCHCCCHCCEEECC	1
645	7.388	7.875	20.673	20	301	20.0	35.0	CHCECECEHECHHCCEEECC	1
646	3.675	6.765	7.604	20	301	5.0	25.0	CCCHCCCECCCECCCEEECC	0
647	3.666	6.730	8.067	20	301	0.0	20.0	CCCCCCCECCCCCCCEEECC	0
648	3.749	6.819	10.109	20	301	10.0	15.0	CCCCCCHECCCCCCCEECHC	0
649	3.795	6.938	9.973	20	301	10.0	20.0	CCCCCHCECCCECCCEECHC	0
650	3.866	6.667	10.270	20	301	10.0	20.0	CCCHCCCECCCCCCCEEEHC	0
651	3.970	6.778	10.679	20	301	10.0	25.0	CCCHCCHECCCECCCEEECC	0
652	3.912	6.767	10.511	20	301	15.0	15.0	CCCHCCHECCCCCCCEECHC	0
653	4.060	6.862	8.013	20	301	5.0	15.0	CCCCCCHECCCECCCCECCC	0
654	7.806	8.045	23.720	20	301	30.0	20.0	CHCEHCCEHCCHHCCCEEHC	1
655	7.412	7.661	20.622	20	301	20.0	30.0	CCCEHCCEHECCHCCEEEHC	1
656	7.574	7.787	21.705	20	301	25.0	10.0	CHCCHCCEHCCHHCCCCECC	1
657	7.527	7.754	21.649	20	301	20.0	25.0	CHCEHCCECCCHHCCEEECC	1
658	3.790	6.685	10.237	20	301	10.0	15.0	CCCHCHCECCCCCCCEECCC	0
659	3.753	6.544	9.171	20	301	10.0	25.0	CCCHCHCECCCECCCEEECC	0
660	3.735	6.581	7.373	20	301	5.0	15.0	CCCCCHCECCCCCCCCEECC	0
661	3.842	6.508	7.825	20	301	5.0	20.0	CCCCCCCECCCECCCECEHC	0
662	3.827	6.544	8.022	20	301	5.0	20.0	CCCCCHCCCCCECCCEEECC	0
663	3.708	6.654	7.917	20	301	5.0	20.0	CCCCCHCECCCCCCCEEECC	0
664	3.840	6.677	7.918	20	301	10.0	25.0	CCCHCHCECCCECCCEEECC	0
665	3.830	6.679	7.949	20	301	10.0	15.0	CCCHCHCECCCCCCCEECCC	0
666	3.696	6.621	7.959	20	301	5.0	20.0	CCCCCHCECCCCCCCEEECC	0
667	3.776	6.678	7.674	20	301	10.0	25.0	CCCCCCHECCCECCCEEEHC	0
668	3.736	6.810	7.970	20	301	10.0	20.0	CCCHCHCECCCCCCCEEECC	0
669	3.891	6.750	8.446	20	301	15.0	20.0	CCCHCHCECCCCCCCEEEHC	0
670	3.705	6.729	7.699	20	301	15.0	10.0	CCCHCHCECCCCCCCECCHC	0
671	3.930	6.669	8.046	20	301	15.0	20.0	CCCHCHCECCCCCCEEECHC	0
672	7.557	8.087	20.755	20	301	20.0	30.0	CHCEHECECCCHHCCEEECC	1
673	7.758	8.100	21.110	20	301	20.0	30.0	CHCEHECECECCHCCEECHC	1
674	3.864	6.589	9.055	20	301	5.0	15.0	CCCCCHCECCCCCCCEECCC	0
675	4.089	6.763	8.793	20	301	10.0	20.0	CCCCCHCECCCECCHEECCC	0
676	4.076	6.641	10.093	20	301	10.0	20.0	CCCCCHCECCCCCCCEEEHC	0
677	3.968	6.709	11.498	20	301	10.0	20.0	CCCCCHCECCCCCCCEEEHC	0
678	4.021	6.726	12.085	20	301	15.0	20.0	CCCCCHCECCCCCCHEEEHC	0
679	4.074	6.849	12.478	20	301	10.0	25.0	CCCCCCCECCCECCHEEEHC	0
680	4.205	6.805	12.228	20	301	10.0	20.0	CCCCCHCECCCCCCCEEEHC	0
681	4.042	6.704	12.815	20	301	10.0	20.0	CCCCCHCECCCCCCCEEEHC	0
682	3.900	6.920	13.450	20	301	10.0	20.0	CCCCCHCECCCCCCCEEEHC	0
683	3.974	6.686	11.664	20	301	5.0	15.0	CCCCCHCECCCCCCCCEECC	0
684	3.902	6.648	11.019	20	301	15.0	25.0	CCCCCHCECCCECCHEEEHC	0
685	4.052	6.665	10.328	20	301	15.0	20.0	CCCCCHCECCCCCCHEEEHC	0
686	4.155	6.701	10.379	20	301	10.0	25.0	CCCCCHCECCCECCHEEECC	0
687	4.265	6.593	9.685	20	301	5.0	25.0	CCCCCHCECCCECCCEEECC	0
688	4.110	6.497	9.525	20	301	15.0	25.0	CCCHCHCECCCECCHEEECC	0
689	4.212	6.536	10.026	20	301	10.0	25.0	CCCCCHCECCCECCCEEEHC	0
690	4.327	6.522	7.874	20	301	10.0	20.0	CCCHCHCECCCCCCCEEECC	0
691	4.264	6.717	8.578	20	301	15.0	15.0	CCCCCHCCCCCCCCHEEEHC	0
692	4.389	6.746	9.349	20	301	5.0	20.0	CCCCCHCECCCCCCCEEECC	0
693	4.565	6.776	9.789	20	301	15.0	20.0	CCCHCCCECCCCCCHEEEHC	0
694	7.433	7.852	21.573	20	301	30.0	15.0	CHCCHCCEHCCHHCCCEEHC	1
695	7.857	7.854	21.916	20	301	25.0	20.0	CHCEHECCCCCHHCCCEEHC	1
696	4.475	6.655	11.026	20	301	20.0	15.0	CCCCCHCEHCCECCHCCEHC	0
697	4.550	6.557	10.774	20	301	15.0	20.0	CCCCCHCECCCCCCHEEEHC	0
698	4.588	6.640	11.368	20	301	10.0	20.0	CCCCCCCECCCCCCHEEEHC	0
699	4.352	6.565	11.105	20	301	15.0	20.0	CCCCCHCECCCCCCHEEEHC	0
700	4.450	6.568	10.285	20	301	10.0	20.0	CCCCCHCECCCECCHCEECC	0
701	4.573	6.647	9.831	20	301	10.0	25.0	CCCCCHCECCCECCHEEECC	0
702	4.605	6.462	9.753	20	301	15.0	20.0	CCCCCHCECCCCCCHEEEHC	0
703	4.690	6.491	10.438	20	301	20.0	25.0	CCCHCHCECCCECCHEEEHC	0
704	7.503	8.388	24.469	20	301	25.0	25.0	CHCEHECCCCCHHCCEEEHC	1
705	7.527	8.311	24.865	20	301	25.0	25.0	CHCCHECEHCCCHCCEEEHC	1
706	4.613	6.634	9.414	20	301	10.0	20.0	CCCCCHCECCCCCCCEEEHC	0
707	4.560	6.754	9.173	20	301	10.0	20.0	CCCHCCCECCCCCCCEEEHC	0
708	4.580	6.917	9.110	20	301	20.0	15.0	CCCHCHCCCCCCCCHEEEHC	0
709	4.466	6.885	9.744	20	301	10.0	20.0	CCCCCHCECCCCCCCEEEHC	0
710	4.132	6.829	9.726	20	301	20.0	10.0	CCCHCHCCCCCCCCHCEEHC	0
711	4.294	6.720	9.210	20	301	10.0	20.0	CCCCCHCECCCCCCHEEECC	0
712	4.115	6.507	9.729	20	301	10.0	25.0	CCCCCHCECCCECCHEEECC	0
713	4.254	6.486	10.084	20	301	10.0	20.0	CCCCCHCECCCCCCCEEEHC	0
714	5.772	6.313	10.226	20	301	20.0	25.0	CCCHECCCCECHCECEHEHC	3
715	5.591	6.377	10.265	20	301	20.0	20.0	CCEHCCCCCECHCECCHEHC	3
716	4.283	6.424	9.701	20	301	15.0	20.0	CCCCCHCECCCCCCHEEEHC	0
717	4.303	6.539	8.484	20	301	10.0	25.0	CCCCCHCECCCECCCEEEHC	0
718	7.734	8.152	23.298	20	301	20.0	30.0	CHCEHECECECCHCCCEEHC	1
719	7.552	8.233	23.708	20	301	25.0	25.0	CHCCHCCECECHHCCEEEHC	1
720	4.342	6.505	8.851	20	301	15.0	20.0	CCCHCHCECCCECCCEECHC	0
721	4.192	6.363	8.747	20	301	15.0	25.0	CCCHCHCECCCECCCEEEHC	0
722	4.270	6.483	8.844	20	301	5.0	20.0	CCCCCHCECCCCCCCEEECC	0
723	4.405	6.569	10.314	20	301	15.0	25.0	CCCHCHCECCCECCHEEECC	0
724	4.506	6.406	9.727	20	301	15.0	20.0	CCCHCHCECCCCCCHEEECC	0
725	4.429	6.391	10.319	20	301	10.0	15.0	CCCHCHCECCCCCCCECECC	0
726	4.239	6.484	9.052	20	301	10.0	10.0	CCCCCHCECCCCCCHECCCC	0
727	4.312	6.518	8.823	20	301	10.0	15.0	CCCCCHCEHCCECCCECCCC	0
728	4.277	6.427	7.840	20	301	10.0	20.0	CCCHCHCCCCCECCCEEECC	0
729	4.254	6.378	7.710	20	301	15.0	20.0	CCCHCHCECCCCCCHEEECC	0
730	4.192	6.355	8.167	20	301	10.0	15.0	CCCHCHCECCCCCCCEECCC	0
731	4.135	6.360	7.867	20	301	10.0	15.0	CCCHCHCECCCCCCCEECCC	0
732	4.113	6.334	8.578	20	301	15.0	15.0	CCCHCHCECCCCCCCEECHC	0
733	4.242	6.609	8.940	20	301	10.0	20.0	CCCCCHCECCCCCCCEEEHC	0
734	7.716	8.215	23.468	20	301	10.0	25.0	CCCEHCCECECCHCCEECCC	1
735	7.693	8.132	23.970	20	301	10.0	20.0	CCCEHCCCCCCCHCCEEECC	1
736	4.268	6.571	10.178	20	301	10.0	15.0	CCCCCHCCCCCCCCCEEEHC	0
737	4.099	6.653	9.215	20	301	10.0	10.0	CCCCCHCCCCCCCCCECEHC	0
738	5.862	6.235	8.962	20	301	20.0	15.0	CCCHECCECECHCCCCHCHC	3
739	5.801	6.336	9.690	20	301	20.0	20.0	CCCHECCECECHCECCHCHC	3
740	4.410	6.702	9.507	20	301	10.0	25.0	CCCCCHCECCCECCCEEEHC	0
741	4.419	6.666	10.194	20	301	15.0	25.0	CCCHCHCECCCECCCEEEHC	0
742	4.553	6.519	10.174	20	301	20.0	20.0	CCCHCHCEHCCECCCECEHC	0
743	4.435	6.667	9.747	20	301	15.0	25.0	CCCHCHCECCCECCHEEECC	0
744	4.498	6.644	8.915	20	301	15.0	25.0	CCCCCHCECCCECCHEEEHC	0
745	4.481	6.490	10.256	20	301	10.0	25.0	CCCHCHCECCCECCCEEECC	0
746	4.462	6.565	10.069	20	301	15.0	20.0	CCCHCCCECCCCCCHEEEHC	0
747	4.462	6.567	11.195	20	301	15.0	20.0	CCCCCHCECCCCCCHEEEHC	0
748	4.306	6.445	10.669	20	301	15.0	20.0	CCCCCHCCCCCECCHEEEHC	0
749	4.359	6.551	11.258	20	301	10.0	25.0	CCCCCHCECCCECCHEEECC	0
750	4.420	6.591	10.561	20	301	15.0	20.0	CCCHCHCECCCCCCCEEEHC	0
751	4.423	6.594	10.805	20	301	20.0	15.0	CCCHCHCECCCCCCHECEHC	0
752	7.643	7.838	19.494	20	301	25.0	25.0	CHCEHECECCCHHCCEECHC	1
753	7.865	8.004	21.185	20	301	10.0	15.0	CCCEHCCECCCCCCCCECHC	1
754	4.327	6.565	10.649	20	301	15.0	25.0	CCCCCHCECCCECCHEEEHC	0
755	4.312	6.618	10.333	20	301	20.0	25.0	CCCHCHCECCCECCHEEEHC	0
756	4.382	6.431	10.451	20	301	20.0	20.0	CCCHCHCECCCCCCHEEEHC	0
757	4.261	6.502	10.637	20	301	15.0	15.0	CCCHCHCECCCCCCCECEHC	0
758	4.260	6.563	10.090	20	301	10.0	10.0	CCCHCHCCCCCCCCCECECC	0
759	4.235	6.768	9.905	20	301	15.0	10.0	CCCHCHCCCCCCCCCECEHC	0
760	4.421	6.586	9.067	20	301	5.0	10.0	CCCCCHCCCCCCCCCECECC	0
761	4.182	6.624	8.910	20	301	10.0	25.0	CCCHCHCECCCECCCEEECC	0
762	4.281	6.523	8.135	20	301	5.0	15.0	CCCCCHCECCCCCCCCEECC	0
763	4.094	6.406	8.232	20	301	10.0	10.0	CCCHCHCECCCCCCCECCCC	0
764	4.299	6.526	8.402	20	301	20.0	20.0	CCCHCHCECCCCCCHEEEHC	0
765	4.304	6.585	8.480	20	301	15.0	20.0	CCCCCHCECCCCCCHEEEHC	0
766	4.192	6.473	9.211	20	301	10.0	15.0	CCCCCHCEHCCCCCCEECCC	0
767	4.216	6.548	8.605	20	301	20.0	20.0	CCCHCHCECCCCCCHEEEHC	0
768	4.117	6.584	9.010	20	301	10.0	15.0	CCCHCHCECCCCCCCEECCC	0
769	4.170	6.353	8.965	20	301	10.0	20.0	CCCHCHCECCCECCCEECCC	0
770	4.342	6.620	8.975	20	301	10.0	20.0	CCCHCHCECCCECCCEECCC	0
771	4.405	6.589	8.192	20	301	5.0	15.0	CCCCCHCECCCCCCCEECCC	0
772	7.655	7.992	20.768	20	301	25.0	20.0	CHCEHCCECCCHHCCCEEHC	1
773	7.802	7.901	20.209	20	301	25.0	30.0	CHCEHECECECHHCCCEEHC	1
774	4.396	6.484	9.520	20	301	10.0	25.0	CCCHCHCECCCECCCEEECC	0
775	4.401	6.457	9.615	20	301	15.0	10.0	CCCHCHCECCCCCCHECCCC	0
776	4.344	6.476	9.939	20	301	15.0	25.0	CCCHCHCECCCECCCEEEHC	0
777	4.360	6.637	9.824	20	301	5.0	20.0	CCCCCHCECCCECCCEECCC	0
778	4.529	6.542	10.693	20	301	15.0	25.0	CCCHCHCECCCECCCEEEHC	0
779	4.352	6.581	9.327	20	301	15.0	25.0	CCCHCHCECCCECCCEEEHC	0
780	4.511	6.600	9.877	20	301	15.0	20.0	CCCHCHCECCCCCCHEEECC	0
781	4.349	6.552	8.811	20	301	20.0	20.0	CCCHCHCECCCCCCHEEEHC	0
782	4.511	6.486	10.295	20	301	15.0	20.0	CCCHCHCECCCCCCCEEEHC	0
783	4.451	6.530	9.595	20	301	15.0	15.0	CCCHCHCCCCCCCCCEEEHC	0
784	4.377	6.395	8.648	20	301	5.0	15.0	CCCCCHCECCCCCCCEECCC	0
785	4.290	6.697	9.668	20	301	20.0	20.0	CCCHCHCECCCCCCHEEEHC	0
786	7.464	8.158	20.761	20	301	15.0	20.0	CHCEHCCCCECCCCCCEEHC	1
787	7.696	8.279	22.222	20	301	10.0	35.0	CHCEHECECECCCCCEEECC	1
788	7.634	7.975	21.712	20	301	25.0	30.0	CHCEHECECECHHCCCEEHC	1
789	7.623	8.098	23.584	20	301	25.0	25.0	CHCEHECEHCCHCCCEECHC	1
790	4.278	6.566	10.209	20	301	15.0	20.0	CCCHCHCECCCCCCCEEEHC	0
791	4.330	6.495	11.155	20	301	10.0	25.0	CCCHCHCECCCECCCEEECC	0
792	4.176	6.434	9.717	20	301	10.0	20.0	CCCCCHCECCCCCCCEEEHC	0
793	4.164	6.566	9.299	20	301	15.0	25.0	CCCHCHCECCCECCCEEEHC	0
794	4.054	6.751	8.419	20	301	5.0	15.0	CCCCCHCECCCCCCCEECCC	0
795	4.238	6.407	9.519	20	301	10.0	15.0	CCCHCHCECCCCCCCEECCC	0
796	4.144	6.453	8.670	20	301	10.0	15.0	CCCHCHCECCCCCCCECECC	0
797	4.186	6.546	8.554	20	301	15.0	15.0	CCCHCHCECCCCCCHEECCC	0
798	4.420	6.530	10.269	20	301	5.0	20.0	CCCCCHCECCCCCCCEEECC	0
799	4.428	6.625	10.043	20	301	10.0	20.0	CCCCCHCECCCCCCHEEECC	0
800	6.195	7.817	22.289	20	301	5.0	40.0	CEEEECCECCCCHCCECEEC	11
801	6.229	7.880	22.528	20	301	5.0	25.0	CCEEECCCCCCCHCCEECCC	11
802	6.434	7.830	21.745	20	301	5.0	30.0	CCEEECCECCCCHCCEECCC	11
803	6.570	7.711	22.287	20	301	5.0	40.0	CEEEECCECCCCHCCEECEC	11
804	4.399	6.503	10.796	20	301	5.0	10.0	CCCCCHCCCCCCCCCEECCC	0
805	4.498	6.462	10.621	20	301	15.0	20.0	CCCHCHCECCCCCCCEEEHC	0
806	4.492	6.490	10.223	20	301	15.0	15.0	CCCHCHCCCCCCCCCEEEHC	0
807	4.314	6.565	10.878	20	301	15.0	15.0	CCCHCHCECCCCCCCECEHC	0
808	4.425	6.512	11.051	20	301	15.0	20.0	CCCHCHCECCCCCCCEEEHC	0
809	4.432	6.517	10.318	20	301	15.0	20.0	CCCHCHCCCCCECCCEEEHC	0
810	4.673	6.350	10.299	20	301	15.0	20.0	CCCHCHCECCCCCCCEEEHC	0
811	4.585	6.385	10.561	20	301	10.0	25.0	CCCCCHCECCCECCCEEEHC	0
812	4.428	6.370	10.749	20	301	15.0	20.0	CCCHCHCCCCCECCCEEEHC	0
813	4.515	6.485	11.425	20	301	15.0	20.0	CCCHCHCECCCCCCCEEEHC	0
814	5.769	6.519	10.065	20	301	20.0	10.0	CCCHCCCCCECHCECCHCHC	3
815	5.867	6.396	9.725	20	301	20.0	30.0	CCEHECCECECHCECCHEHC	3
816	5.895	6.346	9.112	20	301	15.0	15.0	CCCHCCCCCECHCECCCEHC	3
817	5.954	6.348	9.799	20	301	15.0	10.0	CCCHCCCCCECCCCCCHEHC	3
818	4.105	6.683	9.883	20	301	15.0	15.0	CCCHCHCECCCCCCCCEEHC	0
819	4.021	6.553	9.752	20	301	15.0	20.0	CCCHCHCECCCCCCCEEEHC	0
820	4.216	6.614	10.841	20	301	15.0	20.0	CCCHCHCECCCCCCCEEEHC	0
821	4.284	6.562	10.610	20	301	15.0	20.0	CCCHCHCECCCCCCCEEEHC	0
822	7.760	7.991	21.603	20	301	10.0	25.0	CCCECECCCECCHCCCEEHC	1
823	7.660	7.889	20.549	20	301	25.0	20.0	CHCEHCCCHCCCHCCEEEHC	1
824	7.814	8.068	21.441	20	301	20.0	25.0	CHCEHCCEHCCCCCCEEEHC	1
825	7.714	8.016	22.043	20	301	30.0	30.0	CHCEHECEHCCHHCCEEEHC	1
826	7.466	8.094	22.040	20	301	25.0	25.0	CHCEHECEHCCCHCECECHC	1
827	7.334	8.290	21.739	20	301	25.0	30.0	CHCEHECEHCCCHCCEEEHC	1
828	6.018	7.864	24.641	20	301	0.0	45.0	CEEEECCCCCCECCCEEEEC	11
829	6.291	7.819	24.460	20	301	0.0	30.0	CCEECCCECCCCCCCEEECC	11
830	4.141	6.324	8.449	20	301	15.0	15.0	CCCHCHCCCCCCCCCEEEHC	0
831	4.178	6.414	10.176	20	301	15.0	20.0	CCCHCHCECCCCCCCEEEHC	0
832	4.450	6.465	11.097	20	301	15.0	20.0	CCCHCHCECCCCCCCEEEHC	0
833	4.371	6.366	9.574	20	301	15.0	20.0	CCCHCHCECCCCCCCEEEHC	0
834	7.912	8.089	22.869	20	301	15.0	25.0	CHCEHECCCCCCHCCEEECC	1
835	7.778	8.210	24.687	20	301	20.0	30.0	CHCEHECECCCCHCCEEEHC	1
836	7.876	8.416	24.497	20	301	25.0	15.0	CHCCHECCHCCCHCCCEEHC	1
837	7.920	8.440	24.526	20	301	20.0	30.0	CHCEHECCCECHHCCEEECC	1
838	5.948	7.482	22.078	20	301	5.0	35.0	CECCECCECCCCHCCEEEEC	11
839	6.277	7.731	23.452	20	301	5.0	40.0	CECEECCECCCEHCCEECEC	11
840	4.241	6.529	9.725	20	301	15.0	15.0	CCCHCHCCCCCECCHEECCC	0
841	4.294	6.474	11.489	20	301	10.0	20.0	CCCCCHCECCCCCCCEEEHC	0
842	4.327	6.528	11.554	20	301	15.0	20.0	CCCCCHCECCCCCCHEEEHC	0
843	4.091	6.516	10.579	20	301	10.0	20.0	CCCCCHCECCCCCCCEEEHC	0
844	4.283	6.618	12.855	20	301	10.0	20.0	CCCCCHCCCCCECCCEEEHC	0
845	4.214	6.625	13.007	20	301	5.0	20.0	CCCCCCHECCCCCCCEEECC	0
846	4.333	6.697	12.140	20	301	5.0	10.0	CCCCCHCECCCCCCCCECCC	0
847	4.419	6.621	12.207	20	301	15.0	20.0	CCCHCHCECCCCCCCEEEHC	0
848	4.712	6.613	12.307	20	301	10.0	20.0	CCCCCHCECCCCCCCEEEHC	0
849	4.639	6.519	13.291	20	301	10.0	25.0	CCCCCHCECCCECCCEEEHC	0
850	4.540	6.516	13.037	20	301	5.0	20.0	CCCCCHCECCCCCCCEEECC	0
851	4.619	6.476	12.263	20	301	10.0	20.0	CCCCCHCECCCCCCHEEECC	0
852	4.538	6.529	12.970	20	301	10.0	15.0	CCCCCHCECCCCCCHEECCC	0
853	4.405	6.439	11.698	20	301	0.0	15.0	CCCCCCCCCCCCCCCEEECC	0
854	4.473	6.505	12.316	20	301	10.0	20.0	CCCCCHCECCCCCCCEEEHC	0
855	4.591	6.477	12.834	20	301	5.0	20.0	CCCCCHCCCCCECCCEEECC	0
856	4.562	6.530	11.670	20	301	0.0	20.0	CCCCCCCECCCCCCCEEECC	0
857	4.533	6.519	12.013	20	301	5.0	25.0	CCCCCHCECCCECCCEEECC	0
858	4.492	6.582	12.134	20	301	10.0	25.0	CCCHCHCECCCECCCEEECC	0
859	4.422	6.554	12.203	20	301	20.0	20.0	CCCHCHCECCCCCCHEEEHC	0
860	4.287	6.543	12.311	20	301	10.0	15.0	CCCCCHCCCCCCCCHEEECC	0
861	4.442	6.584	12.734	20	301	15.0	15.0	CCCHCHCECCCCCCHEECCC	0
862	4.423	6.442	12.360	20	301	10.0	15.0	CCCCCHCECCCCCCHEECCC	0
863	4.618	6.402	12.007	20	301	5.0	15.0	CCCCCHCECCCCCCCEECCC	0
864	4.614	6.521	13.220	20	301	10.0	15.0	CCCCCHCCCCCCCCHEEECC	0
865	4.496	6.458	12.318	20	301	15.0	15.0	CCCHCHCCCCCCCCCEEEHC	0
866	7.142	8.092	20.803	20	301	30.0	30.0	CHCCHECEHECHHCCEEEHC	1
867	7.019	8.010	19.628	20	301	15.0	20.0	CHCEHCCECCCCHCCCEECC	1
868	4.541	6.476	10.898	20	301	15.0	20.0	CCCCCHCECCCECCHEECHC	0
869	4.459	6.433	10.373	20	301	10.0	25.0	CCCCCHCECCCECCCEEEHC	0
870	4.316	6.469	9.119	20	301	10.0	20.0	CCCCCHCCCCCECCCEEEHC	0
871	4.277	6.515	9.680	20	301	15.0	25.0	CCCHCHCECCCECCCEEEHC	0
872	4.309	6.387	9.789	20	301	15.0	20.0	CCCCCHCECCCCCCHEEEHC	0
873	4.175	6.393	9.367	20	301	15.0	20.0	CCCCCHCCCCCECCHEEEHC	0
874	4.019	6.635	10.172	20	301	15.0	20.0	CCCHCHCECCCCCCCEEEHC	0
875	4.155	6.755	8.806	20	301	15.0	15.0	CCCHCHCCCCCCCCHEEECC	0
876	5.808	6.484	9.953	20	301	20.0	20.0	CCCHECCCCECHCECCHEHC	3
877	5.842	6.459	9.368	20	301	20.0	15.0	CCCHECCCCECHCECCHCHC	3
878	3.886	6.549	9.443	20	301	15.0	20.0	CCCHCHCECCCCCCHEEECC	0
879	3.988	6.423	9.603	20	301	20.0	20.0	CCCHCHCECCCCCCHEEEHC	0
880	4.027	6.443	9.298	20	301	15.0	15.0	CCCCCHCECCCCCCHEECHC	0
881	4.294	6.406	7.742	20	301	10.0	15.0	CCCCCHCCCCCCCCHEEECC	0
882	6.009	6.359	9.523	20	301	20.0	15.0	CCCHECCCCECHCECCHCHC	3
883	5.950	6.411	9.979	20	301	20.0	20.0	CCEHCCCCCECHCECCHEHC	3
884	5.975	6.422	10.037	20	301	20.0	20.0	CCEHECCCCECHCECCHCHC	3
885	5.944	6.496	9.449	20	301	20.0	25.0	CCEHECCCCECHCECCHEHC	3
886	7.957	8.208	20.794	20	301	20.0	25.0	CHCEHECECCCCHCCCEEHC	1
887	7.897	8.334	21.486	20	301	15.0	25.0	CHCCHECECCCCCCCEEEHC	1
888	5.948	6.382	9.480	20	301	20.0	20.0	CCCHECCECECHCECCHCHC	3
889	6.049	6.498	9.273	20	301	20.0	15.0	CCCHECCECCCHCECCHCHC	3
890	4.032	6.684	9.807	20	301	10.0	20.0	CCCHCHCECCCCCCCEEECC	0
891	4.112	6.737	10.475	20	301	15.0	15.0	CCCHCCCECCCCCCHEECHC	0
892	4.000	6.683	10.558	20	301	10.0	20.0	CCCHCHCECCCCCCCEEECC	0
893	4.078	6.679	11.213	20	301	15.0	15.0	CCCCCHCECCCCCCHEECHC	0
894	3.935	6.777	9.913	20	301	15.0	15.0	CCCCCHCCCCCCCCHEEEHC	0
895	3.998	6.692	10.235	20	301	15.0	20.0	CCCCCHCCCCCECCHEEEHC	0
896	4.056	6.711	9.356	20	301	10.0	20.0	CCCCCHCECCCECCCEECHC	0
897	4.045	6.673	9.262	20	301	20.0	20.0	CCCHCHCECCCECCHEECHC	0
898	3.989	6.599	8.896	20	301	5.0	20.0	CCCCCCHECCCCCCCEEECC	0
899	3.928	6.630	9.505	20	301	10.0	20.0	CCCHCHCECCCCCCCEEECC	0
900	4.180	6.528	9.466	20	301	5.0	15.0	CCCCCHCCCCCCCCCEEECC	0
901	4.049	6.678	9.115	20	301	10.0	20.0	CCCCCHCECCCCCCCEEEHC	0
902	7.957	8.197	22.365	20	301	20.0	25.0	CHCCHECECECCHCCECEHC	1
903	7.694	8.006	21.500	20	301	15.0	30.0	CHCEHECCCECCCCCEEEHC	1
904	4.254	6.515	9.501	20	301	10.0	20.0	CCCHCHCECCCCCCCEEECC	0
905	4.308	6.478	9.313	20	301	20.0	20.0	CCCHCHCECCCCCCHEEEHC	0
906	4.319	6.592	9.915	20	301	20.0	20.0	CCCHCHCECCCCCCHEEEHC	0
907	4.107	6.554	9.294	20	301	20.0	15.0	CCCHCHCCCCCECCHEECHC	0
908	4.080	6.688	9.681	20	301	15.0	20.0	CCCHCHCECCCCCCHEEECC	0
909	4.048	6.598	9.100	20	301	10.0	20.0	CCCHCCCECCCCCCHEEECC	0
910	4.055	6.588	10.125	20	301	15.0	20.0	CCCHCCHECCCCCCHEEECC	0
911	4.094	6.576	9.080	20	301	5.0	20.0	CCCHCCCECCCCCCCEEECC	0
912	4.287	6.640	10.349	20	301	20.0	20.0	CCCHCHCECCCCCCHEEEHC	0
913	4.109	6.613	9.469	20	301	10.0	25.0	CCCHCCCECCCECCCEEEHC	0
914	5.846	6.325	9.135	20	301	20.0	25.0	CCEHECCCCECHCECCHEHC	3
915	5.973	6.331	9.613	20	301	15.0	20.0	CCEHCCCCCECHCECCHECC	3
916	4.098	6.680	9.854	20	301	15.0	20.0	CCCHCHCECCCCCCCEEEHC	0
917	4.118	6.645	9.928	20	301	15.0	15.0	CCCCCHCECCCCCCHECEHC	0
918	4.085	6.621	10.198	20	301	15.0	20.0	CCCHCCHECCCCCCHEEECC	0
919	4.089	6.740	10.609	20	301	15.0	10.0	CCCCCCHCCCCCCCHECEHC	0
920	3.887	6.834	9.658	20	301	15.0	10.0	CCCCCCHCCCCCCCHEECHC	0
921	3.931	6.597	8.713	20	301	10.0	20.0	CCCCCCCECCCCCCHEEEHC	0
922	4.025	6.696	9.391	20	301	20.0	25.0	CCCHCCHECCCECCHEEEHC	0
923	3.961	6.812	10.169	20	301	10.0	20.0	CCCHCCCECCCECCCEECHC	0
924	4.026	6.681	9.693	20	301	10.0	25.0	CCCHCCCECCCECCHEEECC	0
925	4.254	6.745	9.863	20	301	10.0	15.0	CCCHCCHCCCCCCCCEEECC	0
926	4.325	6.782	10.740	20	301	15.0	20.0	CCCHCCHCCCCECCHEEECC	0
927	4.061	6.811	9.452	20	301	15.0	15.0	CCCCCCHECCCCCCHEECHC	0
928	3.988	6.753	9.961	20	301	10.0	25.0	CCCHCCHECCCECCCEEECC	0
929	3.968	6.711	10.080	20	301	15.0	20.0	CCCHCHCECCCCCCHEEECC	0
930	4.186	6.753	11.479	20	301	15.0	20.0	CCCHCHCECCCCCCCEEEHC	0
931	4.085	6.784	9.990	20	301	10.0	20.0	CCCCCHCECCCCCCCEEEHC	0
932	3.864	6.844	10.035	20	301	15.0	20.0	CCCHCCCECCCCCCHEEEHC	0
933	3.930	6.758	8.675	20	301	0.0	20.0	CCCCCCCECCCCCCCEEECC	0
934	4.007	6.854	9.391	20	301	15.0	20.0	CCCHCCCECCCCCCHEEEHC	0
935	4.000	6.733	9.723	20	301	10.0	10.0	CCCCCCHCCCCCCCHEECCC	0
936	4.075	6.713	10.056	20	301	10.0	20.0	CCCHCHCCCCCECCCEEECC	0
937	4.133	6.709	10.489	20	301	20.0	20.0	CCCHCHCCCCCECCHEEEHC	0
938	4.075	6.599	9.998	20	301	20.0	20.0	CCCHCHCECCCCCCHEEEHC	0
939	4.065	6.545	10.195	20	301	10.0	15.0	CCCCCCCECCCCCCHECEHC	0
940	4.159	6.644	10.365	20	301	15.0	25.0	CCCHCHCECCCECCHEEECC	0
941	4.246	6.744	10.409	20	301	20.0	20.0	CCCHCHCCCCCECCHEEEHC	0
942	4.154	6.678	9.982	20	301	20.0	25.0	CCCHCHCECCCECCHEEEHC	0
943	3.987	6.769	9.381	20	301	20.0	25.0	CCCHCCHECCCECCHEEEHC	0
944	3.920	6.873	9.859	20	301	5.0	20.0	CCCHCCCECCCCCCCEEECC	0
945	3.869	6.720	10.693	20	301	15.0	15.0	CCCHCCCECCCCCCHECEHC	0
946	3.823	6.879	10.778	20	301	20.0	25.0	CCCHCCHECCCECCHEEEHC	0
947	4.156	6.746	9.103	20	301	10.0	25.0	CCCCCCHECCCECCHEEECC	0
948	4.102	6.760	9.815	20	301	15.0	25.0	CCCCCCHECCCECCHEEEHC	0
949	4.046	6.751	8.705	20	301	15.0	25.0	CCCCCHCECCCECCHEEEHC	0
950	4.130	6.904	9.900	20	301	10.0	15.0	CCCHCCCCCCCCCCHEEECC	0
951	4.042	6.780	8.673	20	301	15.0	25.0	CCCHCCCECCCECCHEEEHC	0
952	4.126	6.795	8.953	20	301	20.0	20.0	CCCHCCHECCCCCCHEEEHC	0
953	4.052	6.775	8.213	20	301	15.0	20.0	CCCHCCHCCCCECCHEEECC	0
954	4.129	6.709	9.189	20	301	15.0	20.0	CCCHCCCECCCCCCHEEEHC	0
955	3.901	6.630	8.246	20	301	10.0	15.0	CCCHCHCECCCCCCCEECCC	0
956	6.006	6.512	8.901	20	301	20.0	20.0	CCEHECCCCECHCECCHCHC	3
957	6.007	6.378	10.207	20	301	20.0	20.0	CCCHECCCCECHCECCHEHC	3
958	5.967	6.342	8.993	20	301	20.0	10.0	CCEHECCCCCCHCCCCHCHC	3
959	5.977	6.367	9.306	20	301	20.0	20.0	CCEHECCCCECHCCCCHEHC	3
960	4.122	6.927	8.492	20	301	15.0	20.0	CCCHCCHCCCCECCCEEEHC	0
961	4.098	6.946	9.062	20	301	15.0	20.0	CCCCCCHECCCCCCHEEEHC	0
962	4.117	6.870	10.967	20	301	15.0	25.0	CCCHCCCECCCECCHEEEHC	0
963	4.084	6.845	10.279	20	301	20.0	25.0	CCCHCCHECCCECCHEEEHC	0
964	4.213	6.875	10.133	20	301	5.0	25.0	CCCCCCCECCCECCCEEEHC	0
965	4.116	7.140	10.344	20	301	20.0	15.0	CCCHCCHCCCCCCCHEEEHC	0
966	4.305	7.033	9.531	20	301	25.0	20.0	CCCHCHHECCCCCCHEEEHC	0
967	4.202	7.000	8.975	20	301	15.0	15.0	CCCHCCHCCCCCCCCEEEHC	0
968	4.255	6.936	9.855	20	301	10.0	25.0	CCCHCCCECCCECCHEEECC	0
969	4.244	6.959	8.666	20	301	20.0	15.0	CCCHCCHCCCCCCCHEEEHC	0
970	7.362	8.144	24.422	20	301	25.0	10.0	CHCCHCCCCCCHHCCECEHC	1
971	7.491	8.165	24.018	20	301	25.0	20.0	CHCEHECCHCCHCCCEECHC	1
972	4.304	6.921	10.193	20	301	10.0	20.0	CCCCCCHECCCECCHECECC	0
973	4.446	6.907	8.487	20	301	10.0	15.0	CCCCCCHECCCCCCHECECC	0
974	4.308	6.934	9.638	20	301	15.0	20.0	CCCHCCCECCCCCCHEEEHC	0
975	4.211	6.873	9.341	20	301	10.0	25.0	CCCHCCHECCCECCCEEECC	0
976	4.369	7.016	9.670	20	301	10.0	20.0	CCCHCCHECCCCCCCEEECC	0
977	4.266	6.899	10.123	20	301	10.0	20.0	CCCCCCCECCCECCHECEHC	0
978	4.299	7.017	11.863	20	301	15.0	25.0	CCCCCHCECCCECCHEEEHC	0
979	4.399	6.984	11.053	20	301	20.0	25.0	CCCHCHCECCCECCHEEEHC	0
980	4.427	7.077	11.302	20	301	10.0	25.0	CCCCCCCECCCECCHEEEHC	0
981	4.336	7.052	10.465	20	301	15.0	20.0	CCCCCCHCCCCECCHEEEHC	0
982	4.374	6.867	11.540	20	301	20.0	25.0	CCCHCHHECCCEHCCEEECC	0
983	4.617	6.760	9.807	20	301	10.0	20.0	CCCCCCHECCCECCHEECCC	0
984	4.515	6.828	10.505	20	301	20.0	15.0	CCCHCCHCCCCCCCHEEEHC	0
985	4.641	6.847	10.734	20	301	20.0	20.0	CCCHCCHECCCCCCHEEEHC	0
986	5.781	6.390	9.931	20	301	15.0	25.0	CCEHECCECECCCECCHCHC	3
987	5.928	6.343	9.552	20	301	20.0	15.0	CCCHCCCCCECHCECCHEHC	3
988	4.606	6.739	9.146	20	301	15.0	15.0	CCCHCCCCCCCECCHEECHC	0
989	4.479	6.840	9.093	20	301	10.0	25.0	CCCHCCCECCCECCCEEEHC	0
990	5.688	6.515	10.126	20	301	20.0	5.0	CCCHCCCCCECHCCCCHCHC	3
991	5.820	6.427	9.968	20	301	20.0	15.0	CCCHECCCCECHCCCCHEHC	3
992	5.790	6.525	9.770	20	301	20.0	15.0	CCEHECCECCCHCCCCHCHC	3
993	5.837	6.479	8.693	20	301	20.0	10.0	CCCHECCCCECHCCCCHCHC	3
994	4.551	6.653	10.714	20	301	15.0	20.0	CCCHCCHCCCCECCHEEECC	0
995	4.623	6.809	10.340	20	301	15.0	15.0	CCCHCCHCCCCECCHEECCC	0
996	4.491	6.896	10.945	20	301	15.0	20.0	CCCHCCCECCCECCHEECHC	0
997	4.432	6.883	10.170	20	301	20.0	20.0	CCCHCHCECCCCCCHEEEHC	0
998	4.458	7.053	9.887	20	301	20.0	25.0	CCCHCCHECCCECCHEEEHC	0
999	4.664	6.897	11.181	20	301	20.0	10.0	CCCHCCHCCCCECCHECCHC	0
1000	4.808	6.982	12.272	20	301	20.0	20.0	CCCHCHHECCCECCHEECCC	0
1001	4.879	6.870	13.040	20	301	10.0	20.0	CCCHCCCECCCCCCHEEECC	0
1002	4.584	6.704	11.961	20	301	15.0	20.0	CCCHCCHCCCCECCCEEEHC	0
1003	4.809	6.863	12.559	20	301	5.0	20.0	CCCHCCCECCCCCCCEEECC	0
1004	4.647	6.832	11.515	20	301	5.0	10.0	CCCCCCCCCCCCCCCEECHC	0
1005	4.640	6.781	11.697	20	301	10.0	20.0	CCCCCCHECCCCCCCEEEHC	0
1006	4.778	6.813	12.476	20	301	10.0	20.0	CCCCCCHCCCCECCCEEEHC	0
1007	4.809	6.817	12.559	20	301	15.0	15.0	CCCHCCHECCCCCCCEECHC	0
1008	4.681	7.001	13.645	20	301	15.0	20.0	CCCHCCHCCCCECCHEEECC	0
1009	4.586	7.088	13.773	20	301	20.0	20.0	CCCHCCHECCCECCHEECHC	0
1010	4.502	6.923	12.061	20	301	20.0	20.0	CCCHCCHCCCCECCHEEEHC	0
1011	4.639	7.025	13.816	20	301	20.0	20.0	CCCHCCCECCCCHCHEEEHC	0
1012	5.615	6.380	8.291	20	301	20.0	20.0	CCCHECCECECHCECCHCHC	3
1013	5.599	6.416	9.507	20	301	20.0	15.0	CCCHECCCCCCHCECCHEHC	3
1014	4.649	7.037	13.798	20	301	20.0	20.0	CCCHCCHECCCECCHEECHC	0
1015	4.559	6.984	13.903	20	301	15.0	25.0	CCCCCCHECCCECCHEEEHC	0
1016	4.626	6.810	12.986	20	301	10.0	20.0	CCCHCCCECCCECCHEECCC	0
1017	4.680	6.775	12.186	20	301	25.0	20.0	CCCHCCHECCCEHCHECEHC	0
1018	4.883	6.728	12.360	20	301	20.0	15.0	CCCHCCHECCCECCHECCHC	0
1019	5.028	6.860	12.638	20	301	15.0	20.0	CCCHCCHECCCECCCECEHC	0
1020	6.808	7.586	22.699	20	301	5.0	30.0	CECCECCCCCCEHCCEEECC	4
1021	6.760	7.463	20.821	20	301	5.0	30.0	CCCEECCECCCCHCCEEECC	4
1022	4.984	6.884	12.161	20	301	10.0	10.0	CCCHCCCCCCCCCCHEECCC	0
1023	4.905	6.903	12.035	20	301	15.0	10.0	CCCHCHCECCCCCCCECCHC	0
1024	4.738	6.819	11.795	20	301	10.0	15.0	CCCHCHCECCCECCCECCCC	0
1025	4.604	7.072	10.885	20	301	10.0	15.0	CCCHCCCECCCCCCCECEHC	0
1026	5.653	6.300	8.768	20	301	20.0	20.0	CCEHCCCCCECHCECEHCHC	3
1027	5.660	6.288	8.016	20	301	20.0	25.0	CCEHECCCCECHCECEHCHC	3
1028	4.770	6.726	10.358	20	301	15.0	20.0	CCCCCCHECCCECCHECEHC	0
1029	4.470	6.847	10.330	20	301	15.0	20.0	CCCHCCCECCCCCCHEEEHC	0
1030	4.574	6.959	10.211	20	301	20.0	10.0	CCCHCCCECCCCHCHECCHC	0
1031	4.561	6.897	10.544	20	301	20.0	10.0	CCCHCCHECCCCCCHECCHC	0
1032	5.559	6.368	8.586	20	301	20.0	25.0	CCEHECCECECHCECCHCHC	3
1033	5.610	6.446	10.424	20	301	20.0	25.0	CCEHECCCCECHCECEHCHC	3
1034	5.581	6.406	10.286	20	301	20.0	25.0	CCEHECCCCECHCECCHEHC	3
1035	5.647	6.404	10.189	20	301	15.0	15.0	CCEHECCECCCHCCCCCCHC	3
1036	4.447	6.773	10.527	20	301	20.0	20.0	CCCHCCHECCCECCHECEHC	0
1037	4.501	6.791	11.070	20	301	15.0	15.0	CCCHCCHCCCCECCHEECCC	0
1038	6.223	7.339	17.709	20	301	5.0	25.0	CCCEECCCCCCCHCCEEECC	4
1039	6.059	7.266	17.818	20	301	5.0	20.0	CECCECCCCCCCHCCCEECC	4
1040	4.677	6.897	12.131	20	301	10.0	20.0	CCCHCCHECCCCCCCEEECC	0
1041	4.555	6.928	10.695	20	301	15.0	15.0	CCCHCCHECCCCCCHEECCC	0
1042	4.787	6.811	11.254	20	301	15.0	20.0	CCCHCCHECCCCCCHEEECC	0
1043	4.726	6.640	12.039	20	301	15.0	20.0	CCCCCCHECCCCCCHEEEHC	0
1044	4.834	6.875	13.006	20	301	15.0	20.0	CCCHCCCECCCCCCHEEEHC	0
1045	4.684	7.010	13.986	20	301	15.0	25.0	CCCHCCHECCCECCHEEECC	0
1046	5.694	6.336	6.270	20	301	5.0	20.0	CECECCCCCCCCCCHCCEEC	3
1047	5.791	6.438	7.621	20	301	5.0	35.0	CECECCCCCCCECCHEEEEC	3
1048	5.702	6.323	6.527	20	301	0.0	30.0	CECECCCCCCCECCCCEEEC	3
1049	5.769	6.457	6.719	20	301	5.0	25.0	CCCECCCCCCCECCHCEEEC	3
1050	4.801	6.929	12.964	20	301	15.0	15.0	CCCCCCCCHCCCCCHEEEHC	0
1051	4.869	6.812	12.455	20	301	10.0	20.0	CCCCCCHECCCECCHECECC	0
1052	4.726	6.800	11.463	20	301	15.0	10.0	CCCHCCCECCCCCCHECCHC	0
1053	4.693	6.771	10.409	20	301	15.0	15.0	CCCCCCHECCCCCCHEECHC	0
1054	4.432	6.752	11.129	20	301	25.0	20.0	CCCHCHHECCCECCHEECHC	0
1055	4.502	6.899	9.758	20	301	15.0	20.0	CCCHCCHECCCECCCEECHC	0
1056	4.440	6.859	10.033	20	301	10.0	25.0	CCCHCCCECCCECCCEEEHC	0
1057	4.364	7.032	11.172	20	301	25.0	25.0	CCCHCHCEHCCECCHEEEHC	0
1058	4.314	6.904	9.910	20	301	15.0	25.0	CCCHCHCECCCECCCEEEHC	0
1059	4.214	7.003	10.148	20	301	10.0	25.0	CCCHCCHECCCECCCEEECC	0
1060	4.139	7.094	10.392	20	301	10.0	20.0	CCCHCCHECCCCCCCEEECC	0
1061	3.965	7.048	10.529	20	301	20.0	20.0	CCCHCCHECCCCHCHEEECC	0
1062	4.096	7.111	9.239	20	301	15.0	20.0	CCCCCCHECCCCHCCEEEHC	0
1063	4.129	7.139	10.130	20	301	15.0	20.0	CCCCCCHECCCCCCHEEEHC	0
1064	4.018	7.046	10.236	20	301	10.0	20.0	CCCCCCHECCCCHCCEEECC	0
1065	4.096	7.061	10.676	20	301	10.0	20.0	CCCCCCHECCCCCCHEEECC	0
1066	4.090	6.899	10.549	20	301	5.0	15.0	CCCHCCCCCCCECCCEECCC	0
1067	4.111	7.012	9.280	20	301	15.0	20.0	CCCHCHHECCCCCCCEEECC	0
1068	5.727	6.314	8.416	20	301	20.0	25.0	CCCHECCECECHCECEHCHC	3
1069	5.733	6.150	8.478	20	301	20.0	15.0	CCCHECCCCECHCECCHCHC	3
1070	4.122	7.076	10.341	20	301	15.0	20.0	CCCCCCHCCCCEHCCEEEHC	0
1071	4.065	6.972	10.135	20	301	15.0	20.0	CCCHCCHECCCCCCCEEEHC	0
1072	4.179	6.900	9.960	20	301	5.0	20.0	CCCCCCCECCCCCCCEEEHC	0
1073	4.266	6.948	10.045	20	301	15.0	15.0	CCCHCHCCCCCCCCCEEEHC	0
1074	4.370	6.972	9.805	20	301	15.0	20.0	CCCHCHCECCCCCCHEEECC	0
1075	4.577	6.832	11.683	20	301	10.0	25.0	CCCHCCHECCCECCCEEECC	0
1076	6.006	6.518	11.881	20	301	5.0	25.0	CECECCCCCCCCCCHECEEC	3
1077	6.070	6.537	11.629	20	301	5.0	35.0	CECECCCCCCCECCHEEEEC	3
1078	4.581	6.942	10.268	20	301	20.0	15.0	CCCHCCHCCCCECCHCEEHC	0
1079	4.586	6.839	10.020	20	301	15.0	25.0	CCCHCCHECCCECCCEEEHC	0
1080	4.764	6.885	10.582	20	301	15.0	10.0	CCCHCCCECCCCCCHECCHC	0
1081	4.352	6.987	10.277	20	301	10.0	20.0	CCCHCCCECCCCCCCEEEHC	0
1082	4.366	6.936	11.975	20	301	15.0	15.0	CCCCCHCCCCCECCHEECHC	0
1083	4.563	6.777	11.442	20	301	15.0	20.0	CCCHCCHECCCECCCEECHC	0
1084	4.634	6.831	12.139	20	301	10.0	10.0	CCCCCCHECCCCCCCECCHC	0
1085	4.884	6.698	12.263	20	301	15.0	15.0	CCCHCHCECCCCCCHEECCC	0
1086	4.868	6.830	12.103	20	301	10.0	15.0	CCCHCCHCCCCCCCCEEECC	0
1087	4.916	6.916	12.679	20	301	5.0	25.0	CCCCCHCECCCECCCEEECC	0
1088	4.791	6.688	11.320	20	301	20.0	15.0	CCCHCHCECCCCCCHECEHC	0
1089	4.958	6.881	12.018	20	301	15.0	15.0	CCCHCHCECCCCCCHEECCC	0
1090	4.939	6.828	11.485	20	301	10.0	15.0	CCCCCCHCCCCCCCHEEECC	0
1091	4.876	6.741	10.982	20	301	15.0	15.0	CCCHCCHCCCCECCHCEECC	0
1092	4.822	6.755	11.565	20	301	10.0	20.0	CCCHCCCECCCCCCHEEECC	0
1093	4.914	6.941	12.514	20	301	10.0	25.0	CCCHCCCECCCECCCEEEHC	0
1094	4.737	6.716	11.149	20	301	15.0	15.0	CCCHCHCCCCCCCCHEEECC	0
1095	4.754	6.682	10.698	20	301	15.0	15.0	CCCHCHCCCCCECCCEECHC	0
1096	4.680	6.645	10.754	20	301	20.0	20.0	CCCHCHHECCCCCCHEEECC	0
1097	4.756	6.592	8.626	20	301	10.0	15.0	CCCHCHCECCCECCCECCCC	0
1098	4.762	6.671	8.876	20	301	10.0	25.0	CCCHCHCECCCECCCEEECC	0
1099	4.597	6.653	10.085	20	301	15.0	20.0	CCCHCHCECCCCCCHEEECC	0
1100	4.425	6.715	10.017	20	301	15.0	15.0	CCCHCHCECCCCCCCEECHC	0
1101	4.439	6.611	9.546	20	301	10.0	20.0	CCCHCHCECCCCCCCEEECC	0
1102	7.904	7.969	19.570	20	301	25.0	30.0	CHCEHECEHECCHCCCEEHC	1
1103	7.928	8.034	21.475	20	301	20.0	15.0	CHCCHCCEHCCCCCCCEEHC	1
1104	5.966	7.401	22.771	20	301	0.0	35.0	CCCEECCECCCECCCCEEEC	4
1105	6.034	7.526	22.565	20	301	0.0	20.0	CCCCECCECCCECCCCCECC	4
1106	7.832	7.994	20.165	20	301	20.0	30.0	CCCEHECECCCHHCCEEEHC	1
1107	7.840	8.009	20.000	20	301	20.0	25.0	CHCEHECECCCCHCCCEEHC	1
1108	7.944	8.176	19.366	20	301	10.0	15.0	CHCCCECECECCCCCCCCHC	1
1109	7.679	8.233	21.390	20	301	25.0	15.0	CHCCHCCECCCHHCCCEEHC	1
1110	4.406	6.481	10.084	20	301	15.0	15.0	CCCHCHCECCCCCCCEECHC	0
1111	4.412	6.471	10.179	20	301	10.0	20.0	CCCCCHCECCCCCCHEEECC	0
1112	4.067	6.613	9.997	20	301	10.0	20.0	CCCCCHCECCCEHCCEECCC	0
1113	4.194	6.484	10.324	20	301	10.0	20.0	CCCHCHCECCCCCCCEEECC	0
1114	4.265	6.566	10.228	20	301	15.0	25.0	CCCHCHCECCCECCHEEECC	0
1115	4.351	6.454	10.152	20	301	15.0	15.0	CCCHCHCCCCCCCCHEEECC	0
1116	4.217	6.408	9.333	20	301	15.0	15.0	CCCCCHCCCCCECCHECEHC	0
1117	4.419	6.348	8.718	20	301	20.0	20.0	CCCHCHCECCCCCCHEEEHC	0
1118	4.317	6.228	10.223	20	301	5.0	15.0	CCCCCCCCCCCCCCHEEECC	0
1119	4.301	6.284	10.741	20	301	15.0	15.0	CCCHCHCCCCCECCCEECHC	0
1120	4.349	6.480	9.567	20	301	5.0	15.0	CCCCCHCCCCCECCCEECCC	0
1121	4.341	6.413	9.611	20	301	15.0	15.0	CCCHCHCECCCCCCCEECHC	0
1122	4.357	6.437	9.820	20	301	15.0	25.0	CCCHCHCECCCECCCEEEHC	0
1123	4.390	6.365	8.966	20	301	5.0	15.0	CCCCCHCCCCCCCCCEEECC	0
1124	4.343	6.367	8.391	20	301	5.0	15.0	CCCCCHCCCCCCCCCEEECC	0
1125	4.327	6.313	9.286	20	301	15.0	15.0	CCCHCHCCCCCCCCCEEEHC	0
1126	4.277	6.356	9.873	20	301	15.0	25.0	CCCHCHCECCCECCCEEEHC	0
1127	4.320	6.400	9.935	20	301	15.0	15.0	CCCHCHCCCCCCCCCEEEHC	0
1128	5.225	6.526	10.853	20	301	15.0	20.0	CCCHECCCCECCCECCHEHC	3
1129	5.222	6.477	11.693	20	301	20.0	25.0	CCEHECCCCECHCECEHCHC	3
1130	4.256	6.472	9.953	20	301	10.0	20.0	CCCHCHCECCCCCCCEEECC	0
1131	4.180	6.578	9.885	20	301	5.0	25.0	CCCCCHCECCCECCCEEECC	0
1132	4.148	6.567	10.257	20	301	10.0	10.0	CCCCCHCCCCCCCCHECECC	0
1133	4.143	6.682	10.697	20	301	10.0	20.0	CCCHCHCECCCCCCCEEECC	0
1134	4.149	6.713	10.786	20	301	10.0	25.0	CCCCCHCECCCECCHEEECC	0
1135	4.098	6.600	11.145	20	301	10.0	15.0	CCCCCHCCCCCCCCHEEECC	0
1136	3.998	6.661	10.699	20	301	15.0	20.0	CCCCCHCECCCCCCHEEEHC	0
1137	4.109	6.510	9.382	20	301	10.0	20.0	CCCCCHCECCCCCCCEEEHC	0
1138	4.038	6.551	9.850	20	301	5.0	15.0	CCCCCHCCCCCCCCCEEECC	0
1139	4.093	6.536	10.459	20	301	5.0	25.0	CCCCCHCECCCECCCEEECC	0
1140	4.111	6.439	9.284	20	301	10.0	20.0	CCCHCHCECCCCCCCEEECC	0
1141	4.356	6.528	9.693	20	301	10.0	20.0	CCCCCHCCCCCECCCEEEHC	0
1142	4.183	6.592	9.495	20	301	15.0	20.0	CCCHCHCECCCCCCHEEECC	0
1143	4.167	6.462	8.938	20	301	15.0	20.0	CCCHCHCECCCCCCHEEECC	0
1144	3.919	6.610	9.197	20	301	20.0	20.0	CCCHCHCECCCCCCHEEEHC	0
1145	4.098	6.620	8.593	20	301	10.0	15.0	CCCCCHCECCCCCCCECEHC	0
1146	4.092	6.455	8.947	20	301	15.0	20.0	CCCCCHCECCCCCCHEEEHC	0
1147	4.238	6.438	8.924	20	301	15.0	15.0	CCCHCHCCCCCCCCCEEEHC	0
1148	4.249	6.555	8.972	20	301	5.0	15.0	CCCCCCCCCCCCCCHEEECC	0
1149	4.058	6.605	8.981	20	301	15.0	20.0	CCCCCHCCCCCECCHEEEHC	0
1150	3.945	6.554	9.330	20	301	5.0	20.0	CCCCCHCECCCCCCCEEECC	0
1151	3.896	6.614	9.347	20	301	10.0	20.0	CCCCCHCECCCCCCHEEECC	0
1152	4.082	6.525	10.784	20	301	10.0	20.0	CCCCCHCECCCCCCCEEEHC	0
1153	4.038	6.617	10.055	20	301	10.0	25.0	CCCCCHCECCCECCHEEECC	0
1154	4.145	6.458	9.999	20	301	15.0	15.0	CCCCCHCCCCCCCCHEEEHC	0
1155	4.251	6.610	9.932	20	301	10.0	15.0	CCCCCHCCCCCECCCEECHC	0
1156	4.201	6.374	8.519	20	301	10.0	15.0	CCCCCHCCCCCECCHECECC	0
1157	4.275	6.469	8.293	20	301	15.0	20.0	CCCCCHCCCCCEHCCEEEHC	0
1158	4.113	6.421	9.034	20	301	25.0	15.0	CCCHCHCCHCCCCCHEEEHC	0
1159	4.092	6.426	9.077	20	301	15.0	15.0	CCCHCHCCCCCCCCCEEEHC	0
1160	7.102	7.710	17.113	20	301	25.0	30.0	CHCEHECECCCHHCCEEEHC	1
1161	7.247	7.665	17.873	20	301	20.0	30.0	CHCEHECECECCHCCCEEHC	1
1162	7.427	7.907	17.867	20	301	15.0	15.0	CHCCHECECCCCCCCCCEHC	1
1163	7.249	7.689	17.827	20	301	25.0	30.0	CHCEHECECECHHCCEECHC	1
1164	4.101	6.400	8.771	20	301	15.0	15.0	CCCHCHCCCCCCCCHEEECC	0
1165	4.230	6.510	8.739	20	301	15.0	25.0	CCCCCHCECCCECCHEEEHC	0
1166	4.181	6.455	8.574	20	301	20.0	20.0	CCCHCHCCCCCECCHEEEHC	0
1167	4.194	6.634	9.976	20	301	20.0	10.0	CCCHCHCCCCCCCCHEECHC	0
1168	4.107	6.728	8.038	20	301	10.0	20.0	CCCHCHCECCCECCCECECC	0
1169	4.244	6.433	7.194	20	301	10.0	20.0	CCCHCCHCCCCECCCEEECC	0
1170	4.165	6.441	9.049	20	301	10.0	20.0	CCCHCCCECCCCCCHEEECC	0
1171	3.958	6.402	8.498	20	301	5.0	15.0	CCCCCCCCCCCCCCHEEECC	0
1172	4.139	6.380	8.149	20	301	5.0	15.0	CCCCCCCCCCCCCCHEEECC	0
1173	4.267	6.369	8.594	20	301	10.0	20.0	CCCCCHCCCCCECCCEEEHC	0
1174	4.247	6.376	7.729	20	301	15.0	20.0	CCCHCHCECCCCCCCEEEHC	0
1175	4.236	6.364	7.994	20	301	10.0	15.0	CCCHCHCCCCCCCCCEEECC	0
1176	7.200	7.867	18.164	20	301	10.0	30.0	CHCCHECECECCCCCEEECC	1
1177	7.147	7.799	18.021	20	301	20.0	20.0	CHCEHECECCCHHCCCECCC	1
1178	4.221	6.431	8.640	20	301	5.0	15.0	CCCHCCCCCCCCCCCEEECC	0
1179	4.153	6.380	8.224	20	301	20.0	20.0	CCCHCHCECCCECCHECEHC	0
1180	4.183	6.354	8.887	20	301	10.0	20.0	CCCCCHCECCCCCCCEEEHC	0
1181	4.184	6.342	8.191	20	301	10.0	15.0	CCCCCHCCCCCCCCCEEEHC	0
1182	7.289	7.774	17.218	20	301	15.0	20.0	CHCEHECECCCCCCCCECHC	1
1183	7.136	7.606	16.827	20	301	20.0	25.0	CHCEHECCCCCHHCCEEECC	1
1184	4.237	6.355	8.782	20	301	15.0	25.0	CCCHCHCECCCECCHEEECC	0
1185	4.430	6.453	8.806	20	301	10.0	15.0	CCCCCHCCCCCECCCCEEHC	0
1186	4.234	6.362	8.222	20	301	10.0	20.0	CCCCCHCCCCCECCCEEEHC	0
1187	4.223	6.353	9.188	20	301	10.0	25.0	CCCCCHCECCCECCCEEEHC	0
1188	4.202	6.384	8.217	20	301	10.0	20.0	CCCCCHCECCCCCCCEEEHC	0
1189	4.119	6.427	8.610	20	301	10.0	20.0	CCCCCHCECCCCCCCEEEHC	0
1190	4.119	6.408	8.606	20	301	15.0	20.0	CCCHCHCECCCCCCHEEECC	0
1191	4.146	6.377	8.257	20	301	15.0	20.0	CCCHCHCECCCCCCCEEEHC	0
1192	4.121	6.427	8.180	20	301	20.0	20.0	CCCHCHCECCCCCCHEEEHC	0
1193	4.038	6.487	7.084	20	301	10.0	20.0	CCCCCHCECCCCCCHEEECC	0
1194	3.997	6.405	7.432	20	301	15.0	20.0	CCCHCHCECCCECCHEECCC	0
1195	4.110	6.535	7.622	20	301	10.0	25.0	CCCCCHCECCCECCCEEEHC	0
1196	4.098	6.723	8.315	20	301	15.0	20.0	CCCHCHCECCCCCCHEEECC	0
1197	4.150	6.761	7.797	20	301	10.0	20.0	CCCHCHCECCCCCCCEEECC	0
1198	4.137	6.641	8.045	20	301	10.0	20.0	CCCCCCCECCCECCHEECHC	0
1199	4.216	6.554	7.761	20	301	15.0	20.0	CCCHCHCEHCCCCCCEEECC	0
1200	4.189	6.491	8.210	20	301	25.0	20.0	CCCHCHCCHCCECCHEEEHC	0
1201	4.187	6.521	5.594	20	301	10.0	20.0	CCCHCHCECCCCCCCEEECC	0
1202	4.047	6.461	8.132	20	301	15.0	20.0	CCCHCHCECCCCCCCEEEHC	0
1203	3.989	6.471	8.032	20	301	20.0	25.0	CCCHCHCEHCCECCHEEECC	0
1204	4.290	6.645	8.693	20	301	5.0	25.0	CCCCCHCECCCECCCEEECC	0
1205	4.077	6.556	8.327	20	301	20.0	15.0	CCCHCHCCHCCCCCHEEECC	0
1206	4.231	6.442	8.876	20	301	15.0	20.0	CCCHCHCCCCCECCCEEEHC	0
1207	4.131	6.477	8.846	20	301	15.0	20.0	CCCCCHCECCCECCHECEHC	0
1208	4.109	6.483	8.442	20	301	15.0	25.0	CCCHCHCECCCECCCEEEHC	0
1209	4.190	6.533	8.880	20	301	15.0	20.0	CCCCCHCEHCCECCCECEHC	0
1210	4.298	6.460	6.893	20	301	10.0	15.0	CCCCCHCCCCCCCCHEEECC	0
1211	4.232	6.409	7.729	20	301	10.0	25.0	CCCCCHCECCCECCCEEEHC	0
1212	4.261	6.467	8.964	20	301	5.0	25.0	CCCCCHCECCCECCCEEECC	0
1213	4.178	6.338	7.588	20	301	15.0	25.0	CCCHCHCEHCCECCCEEECC	0
1214	7.848	8.608	27.073	20	301	25.0	15.0	CHCCHCCCHCCHCCCEEEHC	1
1215	7.809	8.473	25.627	20	301	15.0	20.0	CHCEHCCEHCCCCCCEECCC	1
1216	4.182	6.724	9.293	20	301	25.0	15.0	CCCHCHCEHCCCCCHECEHC	0
1217	4.142	6.570	8.627	20	301	15.0	10.0	CCCCCHCCCCCCCCHECEHC	0
1218	4.228	6.521	8.630	20	301	10.0	15.0	CCCHCHCECCCCCCCECECC	0
1219	4.202	6.464	9.399	20	301	15.0	25.0	CCCHCHCECCCECCCEEEHC	0
1220	7.155	7.552	21.985	20	301	0.0	30.0	CCCEECCCCCCECCCEEECC	4
1221	7.120	7.762	21.843	20	301	0.0	30.0	CCCCECCECCCCCCCEEEEC	4
1222	6.985	7.532	20.590	20	301	0.0	25.0	CCCEECCCCCCCCCCEEECC	4
1223	6.733	7.329	18.908	20	301	0.0	20.0	CCCECCCCCCCCCCCEEECC	4
1224	4.150	6.496	8.638	20	301	10.0	20.0	CCCCCHCECCCCCCCEEEHC	0
1225	4.142	6.543	7.951	20	301	10.0	20.0	CCCCCHCCCCCECCCEEEHC	0
1226	4.081	6.338	8.188	20	301	10.0	25.0	CCCCCHCECCCECCCEEEHC	0
1227	4.068	6.444	8.593	20	301	10.0	20.0	CCCCCHCECCCECCCEECHC	0
1228	3.906	6.546	8.795	20	301	10.0	20.0	CCCCCHCECCCCCCHEEECC	0
1229	3.968	6.482	7.907	20	301	15.0	20.0	CCCCCHCECCCCCCHEEEHC	0
1230	3.982	6.376	9.753	20	301	10.0	20.0	CCCCCHCECCCCCCCEEEHC	0
1231	4.041	6.375	8.951	20	301	5.0	15.0	CCCCCHCCCCCCCCCEEECC	0
1232	4.045	6.385	8.520	20	301	15.0	20.0	CCCCCHCECCCCCCHEEEHC	0
1233	4.015	6.581	8.568	20	301	15.0	25.0	CCCCCHCECCCECCHEEEHC	0
1234	3.903	6.535	9.032	20	301	0.0	25.0	CCCCCCCECCCECCCEEECC	0
1235	3.887	6.515	8.580	20	301	0.0	20.0	CCCCCCCECCCCCCCEEECC	0
1236	3.993	6.494	8.953	20	301	20.0	25.0	CCCCCHCEHCCECCHEEEHC	0
1237	3.828	6.532	8.295	20	301	15.0	20.0	CCCCCHCECCCCCCHEEEHC	0
1238	3.950	6.528	8.833	20	301	10.0	25.0	CCCCCCCECCCECCHEEEHC	0
1239	3.979	6.499	7.854	20	301	0.0	25.0	CCCCCCCECCCECCCEEECC	0
1240	3.927	6.534	8.406	20	301	15.0	20.0	CCCCCHCECCCCCCHEEEHC	0
1241	3.735	6.650	8.302	20	301	5.0	20.0	CCCCCCCECCCCCCCEEEHC	0
1242	3.612	6.780	8.499	20	301	10.0	20.0	CCCCCCCECCCCCCHEEEHC	0
1243	3.777	6.765	8.525	20	301	10.0	20.0	CCCCCCCCCCCECCHEEEHC	0
1244	3.874	6.850	9.293	20	301	10.0	20.0	CCCCCCHCCCCECCCEEEHC	0
1245	3.874	6.712	8.200	20	301	15.0	20.0	CCCCCCCCHCCEHCCEEEHC	0
1246	4.039	6.660	8.493	20	301	15.0	20.0	CCCCCCCCCCCEHCHEEEHC	0
1247	3.907	6.625	8.217	20	301	20.0	20.0	CCCCCHCECCCCHCHEEEHC	0
1248	3.911	6.772	8.071	20	301	10.0	25.0	CCCCCHCECCCEHCCEEECC	0
1249	4.095	6.914	10.001	20	301	5.0	15.0	CCCCCCCCCCCCCCCEEEHC	0
1250	4.050	6.745	9.334	20	301	15.0	20.0	CCCHCCHCCCCECCCEEEHC	0
1251	4.108	6.669	9.017	20	301	15.0	20.0	CCCHCHCECCCECCCECEHC	0
1252	4.206	6.621	9.235	20	301	5.0	25.0	CCCCCCCECCCECCHEEECC	0
1253	4.135	6.670	8.471	20	301	5.0	20.0	CCCCCHCCCCCECCCEEECC	0
1254	4.132	6.684	8.024	20	301	15.0	25.0	CCCHCCHECCCECCCEEEHC	0
1255	4.298	6.640	8.655	20	301	15.0	20.0	CCCHCHCECCCCCCHEEECC	0
1256	4.114	6.621	8.259	20	301	15.0	15.0	CCCHCHCCCCCCCCHEEECC	0
1257	4.243	6.681	9.391	20	301	20.0	20.0	CCCHCHCECCCCCCHEEEHC	0
1258	4.099	6.540	8.363	20	301	15.0	10.0	CCCHCCHCCCCCCCHECECC	0
1259	4.089	6.594	9.168	20	301	20.0	20.0	CCCHCCHECCCCCCHEEEHC	0
1260	4.053	6.624	7.933	20	301	20.0	15.0	CCCHCCHCCCCCCCHEEEHC	0
1261	4.066	6.578	8.838	20	301	20.0	20.0	CCCHCCHECCCCCCHEEEHC	0
1262	3.955	6.521	8.351	20	301	20.0	20.0	CCCHCCHECCCCCCHEEEHC	0
1263	4.045	6.555	8.451	20	301	10.0	20.0	CCCCCCHCCCCECCCEEEHC	0
1264	4.060	6.444	8.099	20	301	15.0	15.0	CCCHCHCCCCCCCCCEEEHC	0
1265	3.948	6.493	7.998	20	301	15.0	20.0	CCCHCCHECCCCCCCEEEHC	0
1266	4.114	6.602	8.912	20	301	5.0	20.0	CCCCCCHECCCCCCCEEECC	0
1267	4.002	6.610	10.197	20	301	10.0	25.0	CCCCCHCECCCECCHEEECC	0
1268	7.781	7.882	21.064	20	301	25.0	25.0	CHCEHECCCCCHHCCEEEHC	1
1269	7.799	7.764	21.466	20	301	25.0	10.0	CHCCCECCHCCHHCCCCEHC	1
1270	4.254	6.595	8.268	20	301	15.0	25.0	CCCHCCHECCCECCCEEEHC	0
1271	4.045	6.502	8.711	20	301	10.0	20.0	CCCHCCCECCCCCCCEEEHC	0
1272	3.980	6.537	8.238	20	301	15.0	15.0	CCCHCCCECCCCCCHECEHC	0
1273	4.109	6.600	8.025	20	301	10.0	20.0	CCCCCHCECCCCCCCEEEHC	0
1274	4.128	6.416	8.532	20	301	15.0	20.0	CCCHCCHCCCCECCCEEEHC	0
1275	3.993	6.334	8.044	20	301	15.0	20.0	CCCHCHCECCCCCCCEEEHC	0
1276	4.028	6.471	8.082	20	301	20.0	20.0	CCCHCHCECCCCCCHEEEHC	0
1277	3.828	6.665	9.038	20	301	15.0	20.0	CCCHCHCECCCCCCHEEECC	0
1278	7.051	7.275	19.518	20	301	0.0	35.0	CEEEECCCCCCCCCCEECEC	4
1279	6.754	7.530	19.023	20	301	0.0	35.0	CEEEECCCCCCCCCCEEECC	4
1280	4.100	6.447	8.801	20	301	15.0	25.0	CCCHCCHECCCECCCEEEHC	0
1281	4.023	6.386	8.706	20	301	15.0	20.0	CCCCCCHECCCECCHEECHC	0
1282	4.108	6.434	8.930	20	301	5.0	25.0	CCCHCCCECCCECCCEEECC	0
1283	4.132	6.593	7.748	20	301	15.0	25.0	CCCHCHCECCCECCHEEECC	0
1284	6.783	7.506	19.825	20	301	0.0	40.0	CEEEECCCCCCCCCCEEEEC	4
1285	6.693	7.373	19.211	20	301	0.0	30.0	CCEEECCCCCCECCCEECCC	4
1286	4.212	6.606	8.274	20	301	5.0	20.0	CCCCCCCCCCCECCHEEECC	0
1287	4.141	6.713	8.252	20	301	15.0	15.0	CCCHCCCCCCCCCCHEEEHC	0
1288	4.034	6.676	9.280	20	301	15.0	20.0	CCCHCCHECCCCCCHEEECC	0
1289	4.082	6.609	9.178	20	301	5.0	15.0	CCCCCCCCCCCCCCHEEECC	0
1290	7.359	7.601	18.693	20	301	20.0	15.0	CHCEHECCCCCCHCCECCHC	1
1291	7.334	7.690	18.352	20	301	25.0	30.0	CHCEHECECCCHHCCEEEHC	1
1292	7.339	7.579	17.813	20	301	10.0	20.0	CCCEHECECCCCCCCCECHC	1
1293	7.426	7.638	18.153	20	301	20.0	20.0	CCCEHECCCCCHHCCEECHC	1
1294	3.986	6.695	10.689	20	301	10.0	25.0	CCCCCHCECCCECCHEEECC	0
1295	3.878	6.551	10.043	20	301	10.0	20.0	CCCCCCCECCCCCCHEEEHC	0
1296	6.596	7.337	19.547	20	301	0.0	40.0	CEEEECCCCCCECCCEEECC	4
1297	6.896	7.406	20.209	20	301	0.0	35.0	CECECCCECCCECCCEEECC	4
1298	6.906	7.607	20.466	20	301	0.0	30.0	CECEECCECCCCCCCEECCC	4
1299	7.034	7.600	20.739	20	301	0.0	30.0	CEEEECCCCCCCCCCEECCC	4
1300	7.057	7.433	20.107	20	301	0.0	30.0	CEECECCCCCCCCCCEEECC	4
1301	6.981	7.675	21.891	20	301	0.0	40.0	CEEEECCCCCCCCCCEEEEC	4
1302	3.947	6.507	8.077	20	301	15.0	25.0	CCCCCHCECCCECCHEEEHC	0
1303	4.070	6.420	8.844	20	301	0.0	15.0	CCCCCCCECCCCCCCEECCC	0
1304	3.991	6.466	8.385	20	301	20.0	20.0	CCCHCHCECCCCCCHEEEHC	0
1305	4.252	6.479	7.791	20	301	15.0	20.0	CCCHCCCECCCCCCHEEEHC	0
1306	4.272	6.343	8.240	20	301	15.0	15.0	CCCHCHCCCCCCCCCEEEHC	0
1307	4.179	6.350	8.456	20	301	10.0	25.0	CCCCCCCECCCECCHEEEHC	0
1308	4.382	6.409	8.242	20	301	10.0	25.0	CCCCCHCECCCECCCEEEHC	0
1309	4.317	6.421	8.267	20	301	10.0	20.0	CCCHCCCECCCCCCCEEEHC	0
1310	4.237	6.380	8.052	20	301	10.0	20.0	CCCHCCCECCCECCCEECHC	0
1311	4.058	6.458	7.785	20	301	5.0	20.0	CCCCCCCECCCCCCHEEECC	0
1312	4.319	6.500	7.439	20	301	15.0	20.0	CCCHCHCECCCCCCCEEEHC	0
1313	4.188	6.454	7.096	20	301	10.0	20.0	CCCHCHCECCCCCCCEEECC	0
1314	4.370	6.509	7.706	20	301	5.0	25.0	CCCCCCCECCCECCCEEEHC	0
1315	4.284	6.413	8.462	20	301	10.0	20.0	CCCCCCHECCCCCCCEEEHC	0
1316	4.351	6.357	8.187	20	301	5.0	20.0	CCCCCCCCCCCECCCEEEHC	0
1317	4.137	6.359	8.930	20	301	15.0	15.0	CCCCCHCECCCCCCHEECHC	0
1318	4.246	6.264	8.744	20	301	15.0	25.0	CCCCCHCECCCECCHEEEHC	0
1319	4.191	6.456	8.596	20	301	5.0	15.0	CCCCCCCCCCCECCHECECC	0
1320	4.150	6.426	8.469	20	301	20.0	15.0	CCCHCHCECCCCCCHECEHC	0
1321	4.246	6.562	7.977	20	301	5.0	15.0	CCCCCCCCCCCCCCHEEECC	0
1322	4.259	6.564	7.230	20	301	5.0	15.0	CCCHCCCECCCCCCCEECCC	0
1323	4.240	6.536	8.121	20	301	10.0	25.0	CCCCCCCECCCECCHEEEHC	0
1324	4.285	6.431	9.351	20	301	10.0	25.0	CCCCCHCECCCECCHEEECC	0
1325	4.269	6.476	8.884	20	301	5.0	25.0	CCCCCCCECCCECCCEEEHC	0
1326	4.186	6.485	8.577	20	301	10.0	25.0	CCCCCHCECCCECCCEEEHC	0
1327	4.203	6.375	8.666	20	301	5.0	25.0	CCCHCCCECCCECCCEEECC	0
1328	4.188	6.395	8.522	20	301	5.0	25.0	CCCCCHCECCCECCCEEECC	0
1329	4.176	6.409	7.521	20	301	20.0	25.0	CCCCCHCEHCCECCHEEEHC	0
1330	4.033	6.515	7.901	20	301	20.0	20.0	CCCHCHCEHCCCCCHEEECC	0
1331	3.978	6.591	7.262	20	301	15.0	25.0	CCCHCHCECCCECCHEEECC	0
1332	6.165	6.445	10.241	20	301	20.0	20.0	CCCHECCCCECHCECCHEHC	3
1333	6.182	6.397	9.686	20	301	15.0	25.0	CCCHECCECECHCECCHECC	3
1334	4.129	6.549	9.156	20	301	15.0	15.0	CCCHCCCCCCCCCCHEEEHC	0
1335	4.366	6.702	9.377	20	301	15.0	20.0	CCCHCCCECCCCCCHEEEHC	0
1336	4.218	6.666	8.865	20	301	20.0	20.0	CCCHCCCEHCCCCCHEEEHC	0
1337	4.389	6.648	7.423	20	301	15.0	20.0	CCCHCCCECCCCCCHEEEHC	0
1338	5.601	6.584	11.463	20	301	5.0	25.0	CCEECCCCCCCECCHECECC	3
1339	5.625	6.385	10.049	20	301	5.0	20.0	CCEECCCCCCCCCCHECECC	3
1340	4.202	6.850	9.558	20	301	10.0	20.0	CCCHCCCECCCCCCCEEEHC	0
1341	4.061	6.836	9.592	20	301	15.0	20.0	CCCHCHCECCCECCHEECCC	0
1342	4.232	6.835	9.682	20	301	15.0	20.0	CCCHCHCECCCECCHEECCC	0
1343	4.233	6.722	8.436	20	301	10.0	15.0	CCCCCHCECCCCCCHEECCC	0
1344	4.275	6.610	7.494	20	301	20.0	25.0	CCCHCHCECCCECCHEEEHC	0
1345	4.388	6.697	7.841	20	301	15.0	15.0	CCCHCCCECCCCCCHEECHC	0
1346	4.542	6.776	8.182	20	301	20.0	20.0	CCCHCHCECCCCCCHEEEHC	0
1347	4.471	6.696	8.090	20	301	15.0	15.0	CCCHCHCECCCCCCCEECHC	0
1348	4.500	6.874	7.614	20	301	5.0	20.0	CCCHCCCECCCCCCCEEECC	0
1349	4.286	6.731	8.857	20	301	5.0	25.0	CCCCCCCECCCECCHEEECC	0
1350	4.265	6.751	8.912	20	301	0.0	15.0	CCCCCCCCCCCECCCEECCC	0
1351	4.365	6.602	10.434	20	301	10.0	25.0	CCCCCHCECCCECCCEEEHC	0
1352	4.430	6.569	9.658	20	301	20.0	20.0	CCCHCHCECCCCCCHEEEHC	0
1353	4.568	6.574	8.833	20	301	10.0	10.0	CCCCCHCECCCCCCHECCCC	0
1354	4.480	6.612	9.635	20	301	20.0	20.0	CCCHCHCECCCCCCHEEEHC	0
1355	4.476	6.784	10.020	20	301	5.0	20.0	CCCHCCCECCCCCCCEEECC	0
1356	4.430	6.663	9.730	20	301	10.0	20.0	CCCCCHCECCCCCCCEEEHC	0
1357	4.289	6.671	9.832	20	301	5.0	15.0	CCCCCCCECCCCCCHEECCC	0
1358	4.414	6.571	8.508	20	301	5.0	20.0	CCCCCCCECCCCCCHEEECC	0
1359	4.507	6.636	10.306	20	301	15.0	20.0	CCCHCCCEHCCCCCHEEECC	0
1360	4.560	6.803	12.102	20	301	10.0	25.0	CCCHCCHECCCECCCEEECC	0
1361	4.790	6.602	11.265	20	301	15.0	20.0	CCCHCHCECCCCCCHEEECC	0
1362	4.903	6.716	12.654	20	301	15.0	20.0	CCCHCCCECCCCCCHEEEHC	0
1363	4.762	6.829	11.832	20	301	10.0	25.0	CCCCCHCECCCECCHEEECC	0
1364	4.434	6.748	10.525	20	301	15.0	25.0	CCCHCHCECCCECCCEEEHC	0
1365	4.310	6.599	10.641	20	301	5.0	20.0	CCCCCHCECCCCCCCEEECC	0
1366	4.479	6.807	12.216	20	301	15.0	15.0	CCCCCHCECCCCCCHEECHC	0
1367	4.597	6.792	11.470	20	301	10.0	20.0	CCCCCHCECCCCCCCEEEHC	0
1368	4.123	6.713	9.708	20	301	15.0	20.0	CCCHCHCECCCCCCCEEEHC	0
1369	4.257	6.741	9.493	20	301	10.0	20.0	CCCCCHCECCCECCCEECHC	0
1370	4.320	6.603	9.616	20	301	15.0	20.0	CCCHCHCECCCECCCEECHC	0
1371	4.420	6.667	9.637	20	301	20.0	25.0	CCCHCHCECCCECCHEEEHC	0
1372	4.457	6.737	9.393	20	301	20.0	20.0	CCCHCHCCCCCECCHEEEHC	0
1373	4.408	6.697	9.579	20	301	20.0	15.0	CCCHCHCCCCCECCHEECHC	0
1374	4.360	6.914	10.299	20	301	10.0	25.0	CCCCCHCECCCECCCEEEHC	0
1375	4.453	6.896	10.076	20	301	15.0	20.0	CCCHCHCECCCECCCEECHC	0
1376	5.703	6.550	10.200	20	301	10.0	35.0	CHCECCCCCECECCHEEEEC	3
1377	5.611	6.496	9.961	20	301	5.0	40.0	CCEECCCCCECECCHEEEEC	3
1378	4.535	6.924	9.945	20	301	20.0	15.0	CCCHCHCECCCCCCHEECHC	0
1379	4.384	6.895	9.239	20	301	15.0	15.0	CCCCCHCECCCCCCHEECHC	0
1380	6.816	6.871	14.659	20	301	0.0	30.0	CECCECCCCCCECCCEEECC	4
1381	7.001	6.926	16.403	20	301	0.0	35.0	CECEECCCCCCECCCEEECC	4
1382	4.412	6.889	9.753	20	301	10.0	10.0	CCCCCHCCCCCCCCCEECHC	0
1383	4.405	6.859	11.137	20	301	10.0	20.0	CCCCCHCECCCCCCCEEEHC	0
1384	4.406	7.006	11.124	20	301	15.0	15.0	CCCCCHCEHCCCCCCEECHC	0
1385	4.543	6.932	10.868	20	301	15.0	20.0	CCCHCHCECCCECCCEECHC	0
1386	4.476	6.879	10.312	20	301	5.0	20.0	CCCCCHCECCCCCCCEEECC	0
1387	4.637	6.899	10.117	20	301	15.0	20.0	CCCHCHCECCCCCCHEEECC	0
1388	7.209	7.722	18.187	20	301	25.0	30.0	CHCEHECECCCHHCCEEEHC	1
1389	7.527	7.758	20.246	20	301	5.0	30.0	CHCECECECCCCCCCEEECC	1
1390	7.544	7.894	21.002	20	301	25.0	30.0	CHCEHECECCCHHCCEEEHC	1
1391	7.480	7.877	20.803	20	301	25.0	25.0	CHCEHECECCCHHCCEECHC	1
1392	7.481	7.941	19.935	20	301	25.0	20.0	CHCCHECECCCHHCCCEEHC	1
1393	7.447	7.835	22.060	20	301	30.0	30.0	CHCEHECEHCCHHCCEEEHC	1
1394	4.310	6.942	9.518	20	301	20.0	20.0	CCCHCHCECCCECCHEECHC	0
1395	4.310	6.786	9.609	20	301	10.0	25.0	CCCCCHCECCCECCHEEECC	0
1396	4.414	6.887	11.134	20	301	15.0	20.0	CCCCCHCECCCECCHECEHC	0
1397	4.488	6.773	10.917	20	301	10.0	25.0	CCCCCHCECCCECCCEEEHC	0
1398	4.498	6.686	10.910	20	301	10.0	25.0	CCCHCHCECCCECCCEEECC	0
1399	4.342	6.821	11.004	20	301	20.0	25.0	CCCHCHCECCCECCHEEEHC	0
1400	4.470	6.872	11.324	20	301	15.0	25.0	CCCCCHCECCCECCHEEEHC	0
1401	4.652	6.960	12.029	20	301	15.0	25.0	CCCCCHCECCCECCHEEEHC	0
1402	5.889	6.332	8.983	20	301	20.0	15.0	CCCHECCCCECHCECCHCHC	3
1403	5.910	6.425	9.547	20	301	20.0	20.0	CCCHECCECCCHCECCHEHC	3
1404	4.532	6.844	10.896	20	301	15.0	25.0	CCCCCHCECCCECCHEEEHC	0
1405	4.649	6.730	10.756	20	301	15.0	25.0	CCCHCHCECCCECCCEEEHC	0
1406	4.544	6.836	11.696	20	301	10.0	25.0	CCCHCHCECCCECCCEEECC	0
1407	4.559	6.762	11.164	20	301	15.0	25.0	CCCHCHCECCCECCHEEECC	0
1408	4.440	6.617	9.867	20	301	10.0	20.0	CCCHCHCECCCCCCCEEECC	0
1409	4.518	6.775	9.492	20	301	10.0	20.0	CCCCCHCECCCCCCHEEECC	0
1410	4.516	6.768	9.583	20	301	15.0	20.0	CCCHCHCECCCCCCCEEEHC	0
1411	4.428	6.733	9.219	20	301	20.0	20.0	CCCHCHCECCCCCCHEEEHC	0
1412	6.171	6.346	10.545	20	301	15.0	20.0	CCCHECCCCECHCECCHECC	3
1413	6.341	6.468	12.697	20	301	15.0	20.0	CCCHCCCECECHCECCHECC	3
1414	6.299	6.402	11.271	20	301	15.0	20.0	CCCHECCCCECHCECCHECC	3
1415	6.337	6.517	12.293	20	301	15.0	25.0	CCCCECCECECHCECCHEHC	3
1416	4.735	6.906	12.552	20	301	15.0	20.0	CCCHCHCECCCCCCCEEEHC	0
1417	4.509	7.021	13.285	20	301	10.0	15.0	CCCCCHCECCCCCCCEECHC	0
1418	4.414	7.021	13.120	20	301	15.0	15.0	CCCHCHCECCCCCCCECEHC	0
1419	4.392	7.100	11.768	20	301	15.0	20.0	CCCHCCHCCCCECCCEEEHC	0
1420	4.420	7.023	9.333	20	301	20.0	25.0	CCCHCCHECCCECCHEEEHC	0
1421	4.469	6.987	9.868	20	301	15.0	20.0	CCCHCCHCCCCECCHEEECC	0
1422	6.269	6.549	12.380	20	301	15.0	5.0	CCCHCCCCCCCHCECCHCCC	3
1423	6.243	6.482	12.548	20	301	20.0	10.0	CCCHECCCCCCHCECCHCHC	3
1424	4.573	6.936	10.140	20	301	20.0	15.0	CCCHCHCCCCCCCCHEEEHC	0
1425	4.592	6.957	10.781	20	301	15.0	20.0	CCCHCHCECCCCCCCEEEHC	0
1426	4.614	6.968	10.113	20	301	15.0	20.0	CCCHCHCECCCCCCCEEEHC	0
1427	4.617	6.888	9.502	20	301	15.0	10.0	CCCCCHCCHCCCCCCECEHC	0
1428	4.530	6.996	10.747	20	301	20.0	15.0	CCCHCHCECCCCCCHECEHC	0
1429	4.817	6.862	11.098	20	301	20.0	25.0	CCCHCHCECCCECCHEEEHC	0
1430	4.676	6.666	9.732	20	301	15.0	20.0	CCCHCHCECCCCCCHEEECC	0
1431	4.414	6.733	9.045	20	301	15.0	25.0	CCCHCHCECCCECCCEEEHC	0
1432	6.110	6.290	10.279	20	301	20.0	15.0	CCCHECCCCECHCCCCHEHC	3
1433	6.132	6.421	10.281	20	301	20.0	10.0	CCCHCCCCCECHCCCCHEHC	3
1434	6.926	6.490	13.543	20	301	0.0	20.0	CCCCECCECCCECCCCECCC	4
1435	6.992	6.609	13.199	20	301	0.0	25.0	CCCCECCECCCECCCECECC	4
1436	7.093	6.767	13.600	20	301	0.0	25.0	CCCCECCCCCCECCCEECEC	4
1437	6.995	6.804	12.870	20	301	0.0	30.0	CECCECCCCCCECCCEEECC	4
1438	6.875	6.554	11.610	20	301	0.0	30.0	CECCECCCCCCECCCEECEC	4
1439	6.937	6.646	13.357	20	301	0.0	20.0	CCCCECCCCCCECCCECECC	4
1440	4.195	6.948	9.600	20	301	15.0	20.0	CCCHCHCECCCCCCCEEEHC	0
1441	4.414	6.785	7.693	20	301	5.0	10.0	CCCCCCCCCCCCCCHEECCC	0
1442	6.762	6.815	13.604	20	301	0.0	30.0	CECCECCCCCCECCCEEECC	4
1443	6.805	6.834	14.141	20	301	0.0	15.0	CCCCECCCCCCECCCCECCC	4
1444	6.762	6.767	13.384	20	301	0.0	10.0	CCCCECCCCCCCCCCCECCC	4
1445	6.813	6.789	13.987	20	301	0.0	20.0	CCCCECCCCCCCCCCEEECC	4
1446	6.853	6.733	14.224	20	301	0.0	25.0	CCCCECCCCCCECCCEEECC	4
1447	6.913	6.715	13.221	20	301	0.0	15.0	CCCCECCCCCCCCCCECECC	4
1448	4.178	6.589	8.278	20	301	15.0	25.0	CCCHCCHECCCECCCEEEHC	0
1449	4.099	6.726	8.560	20	301	10.0	20.0	CCCHCCCECCCCCCCEEEHC	0
1450	4.055	6.710	8.588	20	301	10.0	20.0	CCCHCCCECCCCCCCEEEHC	0
1451	3.908	6.763	8.035	20	301	15.0	10.0	CCCHCHCCCCCCCCCEECHC	0
1452	4.146	6.684	8.590	20	301	15.0	20.0	CCCHCHCECCCCCCHEEECC	0
1453	4.267	6.681	8.794	20	301	15.0	20.0	CCCCCHCECCCCCCHEEEHC	0
1454	4.243	6.690	9.369	20	301	15.0	15.0	CCCHCHCCCCCCCCCEEEHC	0
1455	4.075	6.622	9.841	20	301	15.0	5.0	CCCHCHCCCCCCCCCECCHC	0
1456	6.236	6.511	13.353	20	301	5.0	25.0	CCEECCCCCCCECCHCECEC	3
1457	6.137	6.477	12.975	20	301	5.0	35.0	CCEECCCCCCCECCHEEEEC	3
1458	4.037	6.770	10.384	20	301	10.0	20.0	CCCHCHCECCCCCCCEEECC	0
1459	3.888	6.853	9.310	20	301	15.0	15.0	CCCHCHCCCCCCCCHEEECC	0
1460	4.023	6.656	8.849	20	301	10.0	20.0	CCCHCHCECCCCCCCEEECC	0
1461	3.892	6.624	8.641	20	301	20.0	15.0	CCCHCHHCCCCECCCEECHC	0
1462	3.898	6.576	7.917	20	301	10.0	25.0	CCCCCHCECCCECCCEEEHC	0
1463	3.971	6.599	8.298	20	301	15.0	20.0	CCCHCHCECCCCCCHEEECC	0
1464	5.763	6.328	11.076	20	301	5.0	35.0	CCEECCCCCECECCHCEEEC	3
1465	5.605	6.423	9.991	20	301	5.0	25.0	CCCECCCCCCCECCHECEEC	3
1466	6.122	6.414	11.464	20	301	20.0	20.0	CCCHECCCCECHCECCHEHC	3
1467	6.099	6.483	11.898	20	301	20.0	10.0	CCCHECCCCCCHCECCHCHC	3
1468	3.732	6.767	9.377	20	301	20.0	10.0	CCCHCHCCCCCCCCHEECHC	0
1469	4.007	6.607	8.549	20	301	15.0	25.0	CCCHCHCECCCECCHEEECC	0
1470	3.990	6.672	9.719	20	301	10.0	25.0	CCCCCCHECCCECCHEEECC	0
1471	4.168	6.583	8.790	20	301	10.0	15.0	CCCHCCHCCCCCCCCEEECC	0
1472	7.009	6.706	13.157	20	301	0.0	20.0	CCCCECCCCCCCCCCEECEC	4
1473	7.025	6.958	14.325	20	301	0.0	25.0	CCCCECCCCCCECCCCEEEC	4
1474	4.223	6.635	9.298	20	301	20.0	25.0	CCCHCHCECCCECCHEEEHC	0
1475	4.214	6.494	8.480	20	301	20.0	20.0	CCCHCCHECCCECCHEECHC	0
1476	4.108	6.602	8.514	20	301	10.0	25.0	CCCHCCHECCCECCCEEECC	0
1477	4.095	6.610	9.038	20	301	20.0	20.0	CCCHCCHECCCECCHEECHC	0
1478	4.125	6.539	8.631	20	301	15.0	15.0	CCCHCCHCCCCCCCHEEECC	0
1479	4.112	6.649	9.899	20	301	10.0	20.0	CCCCCCHECCCCCCHEEECC	0
1480	4.071	6.614	10.635	20	301	20.0	20.0	CCCHCHCECCCECCHECEHC	0
1481	3.988	6.572	9.630	20	301	5.0	20.0	CCCHCCCECCCCCCCEEECC	0
1482	4.098	6.631	9.579	20	301	15.0	15.0	CCCHCCHCCCCCCCCEEEHC	0
1483	4.096	6.566	9.431	20	301	20.0	15.0	CCCHCCHCCCCCCCHEEEHC	0
1484	4.033	6.652	9.072	20	301	5.0	20.0	CCCCCCCECCCCCCHEEECC	0
1485	4.146	6.623	9.534	20	301	10.0	20.0	CCCHCCCECCCECCCECEHC	0
1486	4.061	6.701	8.865	20	301	25.0	20.0	CCCHCHHECCCCCCHEEEHC	0
1487	4.124	6.671	9.243	20	301	15.0	25.0	CCCHCCHECCCECCCEEEHC	0
1488	4.217	6.572	9.249	20	301	10.0	25.0	CCCCCHCECCCECCHEEECC	0
1489	4.161	6.694	9.328	20	301	15.0	25.0	CCCCCCHEECCCCCHEEEHC	0
1490	4.036	6.739	9.980	20	301	15.0	20.0	CCCHCCHCCCCECCCEEEHC	0
1491	4.134	6.778	8.729	20	301	20.0	20.0	CCCHCHHECCCECCHECECC	0
1492	4.086	6.805	9.992	20	301	5.0	25.0	CCCCCCHECCCECCCEEECC	0
1493	4.223	6.745	11.344	20	301	15.0	15.0	CCCHCCHCCCCCCCCEEEHC	0
1494	4.315	6.825	10.248	20	301	10.0	20.0	CCCHCCCCCCCECCCEEEHC	0
1495	4.124	6.765	10.165	20	301	15.0	20.0	CCCHCHCECCCCCCCEEEHC	0
1496	4.007	6.819	9.798	20	301	10.0	15.0	CCCHCCHCCCCCCCCEEECC	0
1497	4.170	6.743	9.640	20	301	10.0	15.0	CCCCCCHCCCCCCCCEEEHC	0
1498	4.024	6.748	9.725	20	301	10.0	20.0	CCCCCCHCCCCECCCEEEHC	0
1499	4.290	6.636	9.911	20	301	10.0	20.0	CCCHCCHECCCCCCCEEECC	0
1500	4.350	6.767	9.210	20	301	5.0	25.0	CCCCCCHECCCECCCEEECC	0
1501	4.264	6.821	9.833	20	301	15.0	25.0	CCCHCCCECCCECCHEEEHC	0
1502	4.246	6.808	10.313	20	301	15.0	25.0	CCCCCCHECCCECCHEEEHC	0
1503	4.149	6.752	9.809	20	301	15.0	20.0	CCCHCCHECCCCCCHEEECC	0
1504	4.088	6.546	8.755	20	301	15.0	25.0	CCCHCHHECCCECCCEEECC	0
1505	4.145	6.591	9.124	20	301	10.0	25.0	CCCHCCHECCCECCCEEECC	0
1506	4.414	6.672	9.557	20	301	10.0	25.0	CCCHCCCECCCECCCEEEHC	0
1507	4.213	6.601	8.767	20	301	15.0	25.0	CCCCCCHECCCECCHEEEHC	0
1508	4.223	6.600	9.846	20	301	20.0	20.0	CCCHCCHECCCCCCHEEEHC	0
1509	4.205	6.539	8.189	20	301	15.0	25.0	CCCHCCHECCCECCCEEEHC	0
1510	4.203	6.480	8.686	20	301	20.0	25.0	CCCHCCHECCCECCHEEEHC	0
1511	4.206	6.501	9.310	20	301	20.0	15.0	CCCHCCHECCCECCHECCHC	0
1512	4.186	6.733	9.226	20	301	10.0	20.0	CCCCCCHCCCCECCCEEEHC	0
1513	4.232	6.654	9.665	20	301	15.0	25.0	CCCCCCHECCCECCHEEEHC	0
1514	4.126	6.726	9.128	20	301	10.0	25.0	CCCHCCHECCCECCCEEECC	0
1515	4.221	6.716	8.972	20	301	20.0	15.0	CCCHCHCCCCCCCCHEEEHC	0
1516	4.214	6.769	9.092	20	301	20.0	20.0	CCCHCCHCCCCEHCCEEEHC	0
1517	4.108	6.733	8.982	20	301	20.0	20.0	CCCHCHCECCCCCCHEEEHC	0
1518	4.167	6.742	8.765	20	301	15.0	20.0	CCCHCCCECCCCCCHEEEHC	0
1519	4.192	6.567	9.410	20	301	15.0	15.0	CCCHCCCCCCCECCHECEHC	0
1520	4.160	6.577	8.661	20	301	10.0	20.0	CCCHCCCECCCCCCCEEEHC	0
1521	4.079	6.686	10.266	20	301	10.0	20.0	CCCCCCHECCCCCCHEEECC	0
1522	4.110	6.545	8.900	20	301	15.0	25.0	CCCHCHHECCCECCCEEECC	0
1523	4.171	6.669	8.943	20	301	10.0	20.0	CCCHCCHECCCECCCECECC	0
1524	4.173	6.702	9.271	20	301	5.0	20.0	CCCCCCCCCCCECCHEEECC	0
1525	4.280	6.637	9.295	20	301	15.0	15.0	CCCHCCHECCCCCCCEECHC	0
1526	4.261	6.606	9.143	20	301	25.0	5.0	CCCHCHHCCCCCCCHECCHC	0
1527	4.151	6.696	8.923	20	301	20.0	20.0	CCCHCCHCCCCECCHEEEHC	0
1528	4.053	6.784	7.405	20	301	15.0	25.0	CCCHCCHECCCECCHEEECC	0
1529	3.998	6.753	8.975	20	301	15.0	10.0	CCCHCCHCCCCCCCHECECC	0
1530	4.244	6.584	8.878	20	301	15.0	20.0	CCCHCCHECCCECCCEECHC	0
1531	4.076	6.637	8.598	20	301	10.0	15.0	CCCHCCHCCCCCCCCEEECC	0
1532	4.163	6.723	8.867	20	301	15.0	20.0	CCCHCCHCCCCECCCEEEHC	0
1533	4.266	6.539	9.155	20	301	15.0	25.0	CCCHCHHECCCECCCEEECC	0
1534	4.203	6.545	9.131	20	301	20.0	15.0	CCCHCCHECCCCCCHEECHC	0
1535	4.118	6.617	9.842	20	301	15.0	15.0	CCCCCCHCCCCCCCHEEEHC	0
1536	4.232	6.723	9.271	20	301	10.0	20.0	CCCHCCCECCCCCCHEEECC	0
1537	4.193	6.570	8.681	20	301	10.0	25.0	CCCHCCCECCCECCHEEECC	0
1538	4.034	6.685	9.676	20	301	20.0	15.0	CCCHCCHECCCCCCHEECHC	0
1539	4.244	6.639	8.956	20	301	15.0	20.0	CCCHCCCECCCCCCHEEEHC	0
1540	4.131	6.476	9.389	20	301	20.0	15.0	CCCHCCHCCCCECCHEECHC	0
1541	4.260	6.756	8.277	20	301	10.0	15.0	CCCHCCCCCCCCCCHEEECC	0
1542	4.116	6.669	8.541	20	301	15.0	20.0	CCCHCCCECCCCCCHEEEHC	0
1543	4.178	6.609	8.655	20	301	15.0	15.0	CCCHCCHECCCCCCHECECC	0
1544	4.116	6.747	8.190	20	301	15.0	20.0	CCCHCCHECCCCCCCEEEHC	0
1545	4.160	6.702	8.929	20	301	15.0	20.0	CCCHCCHCCCCECCCEEEHC	0
1546	4.063	6.793	9.090	20	301	15.0	20.0	CCCHCCHECCCCCCCEEEHC	0
1547	4.194	6.643	9.931	20	301	25.0	15.0	CCCHCHHCCCCCCCHEEEHC	0
1548	4.232	6.648	9.221	20	301	10.0	25.0	CCCCCCCECCCECCHEEEHC	0
1549	4.341	6.621	8.809	20	301	20.0	20.0	CCCHCCHECCCCCCHEEEHC	0
1550	4.201	6.646	8.872	20	301	10.0	15.0	CCCHCCHCCCCCCCCEEECC	0
1551	4.353	6.597	8.508	20	301	20.0	20.0	CCCHCCHCCCCECCHEEEHC	0
1552	4.085	6.643	8.610	20	301	10.0	15.0	CCCHCCCCCCCCCCCEEEHC	0
1553	4.317	6.650	8.959	20	301	15.0	20.0	CCCCCHCECCCCCCHEEEHC	0
1554	5.942	6.421	10.940	20	301	10.0	20.0	CCCCECCECECHCECCHCCC	3
1555	5.756	6.313	8.410	20	301	10.0	15.0	CCCCECCCCECHCCCCHECC	3
1556	4.072	6.813	9.931	20	301	10.0	20.0	CCCHCHCECCCCCCCEEECC	0
1557	4.045	6.584	8.564	20	301	10.0	20.0	CCCHCCCECCCCCCCEEEHC	0
1558	4.219	6.764	8.101	20	301	5.0	20.0	CCCCCCCECCCCCCCEEEHC	0
1559	4.173	6.711	8.749	20	301	20.0	25.0	CCCHCCHECCCECCHEEEHC	0
1560	4.098	6.529	8.368	20	301	20.0	15.0	CCCHCHHECCCCCCCEECHC	0
1561	4.219	6.661	9.102	20	301	5.0	20.0	CCCCCCHECCCCCCCEEECC	0
1562	4.028	6.562	9.231	20	301	10.0	20.0	CCCCCHHECCCCCCCEEECC	0
1563	4.110	6.721	9.759	20	301	5.0	20.0	CCCCCCCECCCECCCECEHC	0
1564	4.254	6.619	8.459	20	301	15.0	20.0	CCCCCHCECCCCCCHEEEHC	0
1565	4.065	6.565	8.338	20	301	20.0	25.0	CCCHCCHECCCECCHEEEHC	0
1566	3.879	6.844	9.353	20	301	20.0	15.0	CCCHCCHCCCCECCHECEHC	0
1567	4.082	6.786	9.663	20	301	20.0	15.0	CCCHCCHECCCCCCHEECHC	0
1568	7.648	7.918	21.262	20	301	25.0	20.0	CHCEHECCCCCHHCCECEHC	1
1569	7.528	7.865	19.422	20	301	15.0	35.0	CHCEHECECECHCCCEEECC	1
1570	4.212	6.834	9.597	20	301	15.0	20.0	CCCHCCHECCCECCCEECHC	0
1571	4.132	6.608	7.669	20	301	15.0	20.0	CCCHCCHECCCECCCEECHC	0
1572	4.126	6.569	7.903	20	301	10.0	20.0	CCCHCCCECCCCCCCEEEHC	0
1573	4.173	6.619	9.081	20	301	5.0	20.0	CCCHCCCECCCECCCEECCC	0
1574	4.194	6.657	8.270	20	301	10.0	25.0	CCCHCHCECCCECCCEEECC	0
1575	4.179	6.764	7.769	20	301	10.0	20.0	CCCCCCHECCCCCCCEEEHC	0
1576	4.145	6.747	7.703	20	301	5.0	10.0	CCCCCCHCCCCCCCCEECCC	0
1577	4.204	6.744	7.964	20	301	10.0	15.0	CCCHCCHECCCECCCECCCC	0
1578	4.045	6.639	7.603	20	301	15.0	10.0	CCCHCHHCCCCCCCCEECCC	0
1579	3.962	6.652	8.767	20	301	15.0	20.0	CCCHCCHECCCECCCEECHC	0
1580	5.962	6.507	12.300	20	301	10.0	20.0	CCCCECCCCECHCECEHCCC	3
1581	6.017	6.425	11.378	20	301	20.0	25.0	CCCHECCECECHCECCHEHC	3
1582	3.868	6.656	8.175	20	301	15.0	10.0	CCCCCCHCCCCCCCHEECHC	0
1583	3.924	6.809	8.591	20	301	15.0	20.0	CCCHCCHECCCCCCCEEEHC	0
1584	4.070	6.782	9.007	20	301	15.0	25.0	CCCHCCCECCCECCHEEEHC	0
1585	4.210	6.899	10.632	20	301	20.0	25.0	CCCHCHCECCCECCHEEEHC	0
1586	4.266	6.733	8.727	20	301	15.0	25.0	CCCHCCHECCCECCCEEEHC	0
1587	4.371	6.771	8.665	20	301	20.0	25.0	CCCHCHCECCCECCHEEEHC	0
1588	6.615	7.391	20.543	20	301	0.0	35.0	CCCEECCECCCECCCEECEC	4
1589	6.558	7.354	20.687	20	301	0.0	25.0	CCCEECCCCCCCCCCEECEC	4
1590	4.029	6.689	8.890	20	301	5.0	20.0	CCCCCHCECCCCCCCEEECC	0
1591	4.006	6.741	9.076	20	301	10.0	20.0	CCCHCCCECCCCCCHEEECC	0
1592	4.129	6.753	7.939	20	301	10.0	25.0	CCCHCCHECCCECCCEEECC	0
1593	3.759	6.760	8.499	20	301	20.0	20.0	CCCHCCHECCCCCCHEEEHC	0
1594	4.038	6.652	8.988	20	301	20.0	25.0	CCCHCCHECCCECCHEEEHC	0
1595	4.229	6.634	9.223	20	301	20.0	20.0	CCCHCHCECCCECCHECEHC	0
1596	4.024	6.594	8.277	20	301	15.0	25.0	CCCCCCHECCCECCHEEEHC	0
1597	4.069	6.635	8.539	20	301	15.0	25.0	CCCHCCHECCCECCHEEECC	0
1598	4.003	6.655	8.726	20	301	20.0	20.0	CCCHCCHECCCCCCHEEEHC	0
1599	4.213	6.648	10.490	20	301	20.0	15.0	CCCHCCHECCCCCCHECEHC	0
1600	6.138	6.475	10.041	20	301	15.0	20.0	CCCHCCCECECHCECCCEHC	3
1601	6.181	6.329	10.544	20	301	15.0	25.0	CCCHECCECECHCECCHECC	3
1602	4.218	6.564	8.357	20	301	10.0	10.0	CCCHCCHCCCCCCCCECECC	0
1603	4.133	6.615	8.453	20	301	20.0	15.0	CCCHCCHECCCCCCHECEHC	0
1604	7.294	7.574	17.541	20	301	5.0	25.0	CECCECCCCCCCCCCEEEHC	4
1605	7.384	7.628	18.109	20	301	0.0	20.0	CCCCECCCCCCECCCEECCC	4
1606	3.980	6.633	7.638	20	301	20.0	25.0	CCCHCCHECCCECCHEEEHC	0
1607	4.171	6.577	8.481	20	301	15.0	20.0	CCCHCCHECCCCCCHEEECC	0
1608	4.072	6.701	8.561	20	301	15.0	20.0	CCCHCCHECCCCCCHEEECC	0
1609	4.288	6.619	9.331	20	301	10.0	20.0	CCCHCHCECCCECCCEECCC	0
1610	4.172	6.729	9.005	20	301	15.0	20.0	CCCHCCHECCCCCCHEEECC	0
1611	4.201	6.761	8.114	20	301	10.0	25.0	CCCHCHCECCCECCCEEECC	0
1612	4.313	6.622	7.813	20	301	15.0	15.0	CCCHCCHCCCCCCCHEEECC	0
1613	4.162	6.568	8.619	20	301	20.0	20.0	CCCHCCHECCCCCCHEEEHC	0
1614	4.046	6.520	7.500	20	301	5.0	20.0	CCCHCCCCCCCECCCEEECC	0
1615	3.938	6.630	7.335	20	301	20.0	20.0	CCCHCCHECCCCHCCEEEHC	0
1616	4.136	6.588	8.168	20	301	10.0	20.0	CCCCCCHECCCCCCCEEEHC	0
1617	4.117	6.628	8.624	20	301	15.0	20.0	CCCHCCHECCCCCCCEEEHC	0
1618	4.045	6.549	8.745	20	301	15.0	20.0	CCCHCHCECCCECCHEECCC	0
1619	4.012	6.604	8.325	20	301	15.0	15.0	CCCHCCHECCCCCCHECECC	0
1620	4.081	6.602	7.867	20	301	20.0	20.0	CCCHCHCECCCCCCHEEEHC	0
1621	4.171	6.635	8.583	20	301	15.0	20.0	CCCCCCHECCCECCHEECHC	0
1622	4.276	6.673	9.291	20	301	15.0	20.0	CCCHCCHECCCCCCCEEEHC	0
1623	4.136	6.665	7.970	20	301	15.0	20.0	CCCHCCHECCCCCCHEEECC	0
1624	4.039	6.766	7.384	20	301	15.0	25.0	CCCHCCHECCCEHCCEEECC	0
1625	4.084	6.643	7.489	20	301	10.0	25.0	CCCHCCCECCCECCHEEECC	0
1626	4.225	6.597	7.947	20	301	15.0	25.0	CCCHCCHECCCECCHEEECC	0
1627	4.065	6.855	8.562	20	301	20.0	20.0	CCCHCCHECCCCCCHEEEHC	0
1628	6.805	7.247	18.584	20	301	5.0	30.0	CECCECCCCCCECCCEEEHC	4
1629	6.846	7.338	19.581	20	301	5.0	30.0	CCCEECCECCCCCCCEEEHC	4
1630	4.010	6.716	7.061	20	301	20.0	15.0	CCCHCCHCCCCCCCHEEEHC	0
1631	4.025	6.551	9.120	20	301	20.0	20.0	CCCHCCHECCCCCCHEEEHC	0
1632	4.256	6.678	8.998	20	301	10.0	20.0	CCCCCHCECCCECCHECECC	0
1633	4.183	6.679	8.389	20	301	15.0	20.0	CCCHCCCECCCCCCHEEEHC	0
1634	4.111	6.575	8.322	20	301	15.0	25.0	CCCHCCHECCCECCCEEEHC	0
1635	4.148	6.612	8.508	20	301	15.0	10.0	CCCHCCCCCCCCCCHEECHC	0
1636	4.217	6.710	8.054	20	301	25.0	20.0	CCCHCCHEHCCCCCHEEEHC	0
1637	4.183	6.568	8.292	20	301	15.0	20.0	CCCHCCHECCCEHCCEECCC	0
1638	4.219	6.807	8.308	20	301	10.0	15.0	CCCHCCHECCCCCCCECECC	0
1639	4.132	6.784	9.347	20	301	20.0	25.0	CCCHCCHECCCECCHEEEHC	0
1640	4.115	6.896	9.049	20	301	30.0	20.0	CCCHCHHECCCCHCHEEEHC	0
1641	4.208	6.919	8.829	20	301	25.0	15.0	CCCHCCHCCCCCHCHEEEHC	0
1642	4.163	6.739	7.250	20	301	10.0	15.0	CCCHCCCCCCCCCCHEEECC	0
1643	4.076	6.729	6.756	20	301	20.0	15.0	CCCHCHCECCCCCCHEECHC	0
1644	7.332	7.601	20.157	20	301	5.0	30.0	CECECCCCCCCECCCEEEHC	4
1645	7.225	7.564	21.158	20	301	5.0	20.0	CECECCCCCCCCCCCCEEHC	4
1646	4.154	6.699	6.569	20	301	20.0	20.0	CCCHCHCECCCECCHEECHC	0
1647	4.236	6.587	6.559	20	301	10.0	20.0	CCCHCHCCCCCECCCEEECC	0
1648	6.216	6.641	12.848	20	301	5.0	40.0	CCEECCCCCECECCHEEEEC	3
1649	6.177	6.861	13.858	20	301	10.0	40.0	CHEECCCCCECECCHEEEEC	3
1650	4.294	6.646	9.288	20	301	15.0	20.0	CCCHCHCCCCCECCCEEEHC	0
1651	4.368	6.516	8.977	20	301	20.0	25.0	CCCHCHCECCCECCHEEEHC	0
1652	4.029	6.540	8.240	20	301	15.0	15.0	CCCHCCHECCCCCCHEECCC	0
1653	4.136	6.654	6.999	20	301	15.0	20.0	CCCHCCCECCCCCCHEEEHC	0
1654	4.250	6.572	7.888	20	301	25.0	20.0	CCCHCHCECCCEHCHEECHC	0
1655	4.140	6.511	7.821	20	301	20.0	20.0	CCCHCCHECCCCCCHEEEHC	0
1656	3.950	6.526	8.126	20	301	15.0	20.0	CCCHCCCECCCCCCHEEEHC	0
1657	4.049	6.600	7.799	20	301	10.0	25.0	CCCCCCHECCCECCCEEEHC	0
1658	4.103	6.594	8.240	20	301	15.0	20.0	CCCCCCHECCCCCCHEEEHC	0
1659	4.161	6.544	8.843	20	301	5.0	20.0	CCCCCCCECCCECCCECEHC	0
1660	4.159	6.676	8.472	20	301	10.0	20.0	CCCHCCCECCCCCCCEEEHC	0
1661	4.099	6.633	7.489	20	301	10.0	20.0	CCCCCHCECCCCCCCEEEHC	0
1662	4.041	6.520	8.361	20	301	20.0	25.0	CCCHCCHEECCCCCHEEEHC	0
1663	4.038	6.465	7.660	20	301	15.0	20.0	CCCHCCHECCCCCCCEEEHC	0
1664	4.248	6.646	7.013	20	301	15.0	15.0	CCCCCHCEHCCCCCCECEHC	0
1665	4.035	6.613	8.227	20	301	20.0	20.0	CCCHCCHECCCCCCHEEEHC	0
1666	4.113	6.681	7.672	20	301	10.0	20.0	CCCHCCHECCCCCCCEEECC	0
1667	4.261	6.686	8.575	20	301	20.0	25.0	CCCHCHHECCCECCCEEEHC	0
1668	4.223	6.679	8.122	20	301	15.0	25.0	CCCHCCHECCCECCHEEECC	0
1669	4.333	6.755	8.179	20	301	15.0	25.0	CCCHCCCECCCECCHEEEHC	0
1670	4.239	6.663	8.651	20	301	10.0	20.0	CCCCCHCCCCCECCCEEEHC	0
1671	4.348	6.672	9.192	20	301	10.0	15.0	CCCCCHCCCCCCCCCEEEHC	0
1672	4.289	6.614	9.944	20	301	20.0	15.0	CCCHCHCCCCCCCCHEEEHC	0
1673	4.266	6.614	10.180	20	301	15.0	25.0	CCCHCCHECCCECCCEEEHC	0
1674	4.395	6.607	9.691	20	301	10.0	15.0	CCCHCCCECCCCCCCECEHC	0
1675	4.253	6.636	9.971	20	301	10.0	25.0	CCCHCCCECCCECCCEEEHC	0
1676	3.994	6.772	9.435	20	301	10.0	20.0	CCCCCCHCCCCECCHEEECC	0
1677	4.215	6.681	8.920	20	301	15.0	20.0	CCCHCCHECCCCCCCEEEHC	0
1678	4.376	6.905	9.924	20	301	10.0	20.0	CCCCCCHECCCCCCCEEEHC	0
1679	4.288	6.644	9.606	20	301	20.0	25.0	CCCHCHHECCCECCHEEECC	0
1680	4.434	6.638	10.109	20	301	15.0	20.0	CCCCCCHECCCCCCHEEEHC	0
1681	4.572	6.567	9.510	20	301	15.0	20.0	CCCHCCCCCCCECCHEEEHC	0
1682	4.274	6.688	9.538	20	301	15.0	20.0	CCCHCCHECCCCCCCEEEHC	0
1683	4.134	6.719	10.044	20	301	20.0	25.0	CCCHCCHECCCECCHEEEHC	0
1684	4.180	6.793	7.903	20	301	5.0	20.0	CCCCCHCECCCCCCCEEECC	0
1685	4.119	6.642	9.507	20	301	20.0	20.0	CCCHCHHECCCCCCCEEEHC	0
1686	4.204	6.524	7.985	20	301	20.0	20.0	CCCHCHCECCCECCHEECHC	0
1687	4.314	6.726	8.882	20	301	20.0	25.0	CCCHCCHECCCECCHEEEHC	0
1688	4.219	6.695	8.788	20	301	20.0	15.0	CCCHCCHECCCCCCHEECHC	0
1689	4.145	6.658	8.463	20	301	15.0	15.0	CCCCCHCCCCCCCCHEEEHC	0
1690	4.177	6.598	8.636	20	301	20.0	15.0	CCCHCHCECCCECCHECCHC	0
1691	4.142	6.784	10.347	20	301	15.0	25.0	CCCHCHCECCCECCCEEEHC	0
1692	4.173	6.664	9.576	20	301	10.0	20.0	CCCCCCHECCCCCCHEEECC	0
1693	4.113	6.614	8.448	20	301	20.0	20.0	CCCHCCHECCCCHCHEEECC	0
1694	4.166	6.646	9.308	20	301	15.0	15.0	CCCHCCHCCCCCCCCEEEHC	0
1695	4.216	6.722	9.124	20	301	10.0	20.0	CCCCCCHECCCCCCCEEEHC	0
1696	4.120	6.703	9.672	20	301	5.0	15.0	CCCHCCCECCCCCCCEECCC	0
1697	4.091	6.669	8.949	20	301	15.0	25.0	CCCCCCHECCCEHCCEEEHC	0
1698	4.187	6.733	8.427	20	301	15.0	20.0	CCCHCHCECCCCCCCEEEHC	0
1699	4.176	6.639	8.307	20	301	15.0	15.0	CCCHCCCECCCCCCHEECHC	0
1700	4.139	6.555	8.540	20	301	15.0	20.0	CCCHCCHCCCCECCCEEEHC	0
1701	4.130	6.574	9.372	20	301	15.0	20.0	CCCHCCHECCCCCCCEEEHC	0
1702	4.206	6.640	8.603	20	301	15.0	20.0	CCCHCCHECCCCCCCEEEHC	0
1703	4.227	6.696	8.041	20	301	10.0	20.0	CCCCCCHECCCCCCCEEEHC	0
1704	6.222	6.469	12.045	20	301	20.0	20.0	CCCHECCECECHCCCCHEHC	3
1705	6.161	6.478	12.102	20	301	15.0	20.0	CCCHECCECECHCCCCHECC	3
1706	4.319	6.716	8.960	20	301	15.0	20.0	CCCHCCHECCCCCCHEEECC	0
1707	4.298	6.609	9.443	20	301	10.0	25.0	CCCHCCCECCCECCHEEECC	0
1708	4.211	6.642	10.626	20	301	15.0	15.0	CCCHCCHECCCCCCCEECHC	0
1709	4.231	6.696	9.540	20	301	20.0	20.0	CCCHCHHECCCECCHEECCC	0
1710	4.212	6.603	8.707	20	301	15.0	25.0	CCCCCCHECCCEHCCEEEHC	0
1711	4.154	6.667	9.367	20	301	15.0	25.0	CCCHCCHECCCECCHEEECC	0
1712	4.190	6.544	9.053	20	301	15.0	15.0	CCCHCCHECCCCCCHEECCC	0
1713	4.210	6.625	9.245	20	301	10.0	15.0	CCCHCCCCCCCCCCHEEECC	0
1714	4.165	6.562	8.713	20	301	20.0	15.0	CCCHCCHECCCCCCHEECHC	0
1715	4.322	6.745	8.727	20	301	10.0	15.0	CCCHCCCECCCECCCECCHC	0
1716	4.184	6.541	9.015	20	301	15.0	15.0	CCCHCCCECCCCCCHEECHC	0
1717	4.245	6.613	9.211	20	301	15.0	20.0	CCCHCCCEHCCCCCHEEECC	0
1718	4.165	6.672	9.003	20	301	20.0	20.0	CCCHCCHECCCECCHECEHC	0
1719	4.344	6.626	9.385	20	301	15.0	20.0	CCCHCCHCHCCECCCEEECC	0
1720	4.169	6.579	8.597	20	301	15.0	25.0	CCCHCCCECCCECCHEEEHC	0
1721	4.339	6.612	9.141	20	301	5.0	20.0	CCCHCCCECCCCCCCEEECC	0
1722	4.199	6.573	9.094	20	301	15.0	15.0	CCCHCCHCCCCCCCCEEEHC	0
1723	4.252	6.705	9.133	20	301	15.0	15.0	CCCHCCHCCCCCCCCEEEHC	0
1724	5.681	6.370	8.417	20	301	20.0	20.0	CCEHCCCECCCHCECCHEHC	3
1725	5.699	6.258	8.811	20	301	20.0	20.0	CCCHECCCCECHCECCHEHC	3
1726	4.275	6.649	9.509	20	301	15.0	15.0	CCCHCHHECCCCCCCEECCC	0
1727	4.085	6.643	9.323	20	301	10.0	25.0	CCCHCCHECCCECCCEEECC	0
1728	3.901	6.757	7.885	20	301	20.0	25.0	CCCHCCHECCCECCHEEEHC	0
1729	3.944	6.808	9.226	20	301	15.0	25.0	CCCHCCHECCCECCHEEECC	0
1730	4.199	6.608	9.849	20	301	20.0	25.0	CCCHCCHECCCECCHEEEHC	0
1731	4.174	6.584	9.055	20	301	15.0	20.0	CCCHCCHECCCCCCHEEECC	0
1732	4.459	6.702	9.454	20	301	15.0	15.0	CCCCCHCCCCCECCHECEHC	0
1733	4.244	6.670	9.010	20	301	15.0	25.0	CCCHCCHECCCECCCEEEHC	0
1734	4.175	6.632	9.275	20	301	20.0	20.0	CCCHCCHECCCCCCHEEEHC	0
1735	4.138	6.587	9.560	20	301	15.0	25.0	CCCHCCHECCCECCCEEEHC	0
1736	4.288	6.653	9.623	20	301	15.0	25.0	CCCHCCHECCCECCHEEECC	0
1737	4.311	6.667	9.531	20	301	20.0	25.0	CCCHCCHECCCECCHEEEHC	0
1738	4.321	6.623	9.387	20	301	15.0	20.0	CCCHCCHECCCECCCECEHC	0
1739	4.307	6.689	9.547	20	301	15.0	20.0	CCCHCCHECCCECCHECECC	0
1740	4.367	6.644	9.542	20	301	10.0	20.0	CCCHCCCECCCCCCCEEEHC	0
1741	4.489	6.522	9.217	20	301	20.0	10.0	CCCHCCHCCCCECCHECCHC	0
1742	4.142	6.646	9.387	20	301	15.0	25.0	CCCHCHHECCCECCCEEECC	0
1743	4.329	6.569	8.856	20	301	15.0	15.0	CCCHCHCCCCCECCHEECCC	0
1744	4.126	6.586	9.378	20	301	20.0	20.0	CCCHCCHECCCECCHECEHC	0
1745	4.057	6.647	8.884	20	301	15.0	15.0	CCCHCCCECCCCCCHEECHC	0
1746	4.071	6.638	8.651	20	301	10.0	20.0	CCCHCCHECCCCCCCEEECC	0
1747	4.115	6.662	9.158	20	301	15.0	20.0	CCCHCCHECCCCCCCEEEHC	0
1748	4.029	6.616	9.734	20	301	25.0	20.0	CCCHCHHECCCCCCHEEEHC	0
1749	3.856	6.665	9.702	20	301	5.0	20.0	CCCHCCCECCCCCCCEEECC	0
1750	3.854	6.677	9.564	20	301	15.0	15.0	CCCHCCHECCCCCCCEECHC	0
1751	3.761	6.882	8.261	20	301	15.0	20.0	CCCHCCHECCCECCHEECCC	0
1752	3.860	6.769	9.415	20	301	15.0	25.0	CCCCCHCECCCECCHEEEHC	0
1753	4.028	6.687	7.968	20	301	10.0	15.0	CCCCCHCECCCCCCHEECCC	0
1754	6.024	7.552	20.196	20	301	5.0	30.0	CECEECCCCCCCCCCEEEHC	4
1755	6.078	7.580	19.289	20	301	5.0	30.0	CCCEECCCCCCECCCEEEHC	4
1756	5.996	7.545	20.844	20	301	5.0	35.0	CECEECCECCCCCCCEEEHC	4
1757	6.462	7.820	21.441	20	301	0.0	30.0	CECEECCCCCCCCCCEEECC	4
1758	4.008	6.622	8.974	20	301	10.0	25.0	CCCHCCHECCCECCCEEECC	0
1759	4.123	6.584	8.256	20	301	10.0	25.0	CCCHCCHECCCECCCEEECC	0
1760	4.078	6.659	9.424	20	301	20.0	20.0	CCCHCCHECCCECCHEECHC	0
1761	4.253	6.860	9.196	20	301	5.0	25.0	CCCCCCCECCCECCCEEEHC	0
1762	4.006	6.745	8.679	20	301	10.0	25.0	CCCHCHCECCCECCCEEECC	0
1763	4.086	6.651	9.357	20	301	15.0	20.0	CCCHCCHECCCCCCHEEECC	0
1764	4.022	6.694	9.125	20	301	20.0	20.0	CCCHCCHECCCCCCHEEEHC	0
1765	4.126	6.548	7.734	20	301	5.0	20.0	CCCCCCHECCCCCCCEEECC	0
1766	4.113	6.680	8.438	20	301	15.0	15.0	CCCHCCHECCCCCCCEECHC	0
1767	4.176	6.725	8.012	20	301	20.0	15.0	CCCHCCHCCCCCHCCEEEHC	0
1768	4.158	6.607	7.622	20	301	10.0	15.0	CCCHCCCECCCCCCHEECCC	0
1769	4.143	6.747	7.977	20	301	10.0	20.0	CCCCCCHECCCCHCCEEECC	0
1770	4.164	6.705	7.857	20	301	15.0	15.0	CCCCCHCCCCCCCCHEEEHC	0
1771	4.298	6.713	7.543	20	301	15.0	15.0	CCCHCHCCCCCECCHEECCC	0
1772	6.226	6.525	11.686	20	301	20.0	10.0	CCCHECCCCECHCCCCHCHC	3
1773	6.418	6.461	12.216	20	301	20.0	20.0	CCCHECCECECHCECCHCHC	3
1774	6.144	6.462	10.948	20	301	20.0	15.0	CCCHECCCCECHCECCHCHC	3
1775	6.239	6.444	11.550	20	301	20.0	25.0	CCCHECCECECHCECCHEHC	3
1776	4.157	6.678	8.313	20	301	15.0	20.0	CCCHCCHECCCECCCECEHC	0
1777	4.202	6.576	8.772	20	301	10.0	25.0	CCCHCCCECCCECCCEEEHC	0
1778	4.135	6.637	8.641	20	301	15.0	20.0	CCCCCCHECCCCCCHEEEHC	0
1779	4.062	6.697	8.687	20	301	15.0	20.0	CCCHCCHECCCCCCCEEEHC	0
1780	4.223	6.597	8.255	20	301	10.0	15.0	CCCHCCCECCCCCCHECECC	0
1781	4.232	6.708	8.882	20	301	15.0	15.0	CCCHCCCCCCCCHCHEEECC	0
1782	4.248	6.683	9.055	20	301	10.0	20.0	CCCHCCHCCCCECCCEEECC	0
1783	4.227	6.676	8.565	20	301	15.0	25.0	CCCHCCHECCCECCCEEEHC	0
1784	4.134	6.597	8.547	20	301	15.0	25.0	CCCHCCHECCCECCHEEECC	0
1785	4.074	6.935	9.258	20	301	15.0	20.0	CCCHCCHECCCCCCHEEECC	0
1786	4.017	6.813	8.844	20	301	10.0	25.0	CCCHCCCECCCECCHEEECC	0
1787	3.877	6.912	8.815	20	301	15.0	15.0	CCCHCHCECCCCCCCEECHC	0
1788	4.168	6.801	8.804	20	301	10.0	10.0	CCCHCHCCCCCCCCCEECCC	0
1789	4.155	6.627	8.078	20	301	15.0	25.0	CCCHCCHECCCECCCEEEHC	0
1790	4.137	6.681	8.469	20	301	15.0	10.0	CCCHCCCECCCCCCHECCHC	0
1791	4.130	6.839	8.346	20	301	15.0	20.0	CCCHCCHECCCCCCHEEECC	0
1792	6.790	8.026	17.756	20	301	5.0	30.0	CEEECCCCCECCHCCCEECC	1
1793	6.656	7.841	17.425	20	301	10.0	35.0	CEEECCCEHCCCCCCEEEHC	1
1794	6.740	7.946	17.750	20	301	15.0	30.0	CEEECCCEHCCHHCCEECCC	1
1795	6.772	7.805	17.441	20	301	15.0	30.0	CEECCCCEHCCHHCCEEECC	1
1796	6.657	7.765	16.814	20	301	5.0	40.0	CEEECCCECECCHCCEEECC	1
1797	6.651	7.898	16.858	20	301	20.0	35.0	CCEEHECEHCCHHCCEEECC	1
1798	6.654	7.606	16.756	20	301	15.0	35.0	CEEEHECCCECHHCCECECC	1
1799	6.685	7.816	17.360	20	301	10.0	35.0	CECEHCCECECHCCCEEECC	1
1800	4.207	6.736	9.343	20	301	15.0	10.0	CCCHCCCCCCCCCCHEECHC	0
1801	4.130	6.673	9.403	20	301	15.0	20.0	CCCHCCHECCCCCCHEEECC	0
1802	4.258	6.675	8.396	20	301	15.0	25.0	CCCHCCHECCCECCHEEECC	0
1803	4.263	6.627	8.617	20	301	30.0	20.0	CCCHCHHECCCCHCHEEEHC	0
1804	4.287	6.612	8.256	20	301	20.0	20.0	CCCHCCHECCCCCCHEEEHC	0
1805	4.225	6.609	9.725	20	301	15.0	20.0	CCCHCCCECCCCCCHEEEHC	0
1806	4.270	6.495	8.615	20	301	5.0	20.0	CCCCCCCECCCECCHEECCC	0
1807	4.089	6.620	7.294	20	301	10.0	15.0	CCCHCCCECCCCCCHECECC	0
1808	4.046	6.501	7.879	20	301	20.0	15.0	CCCHCHCCCCCCCCHEEEHC	0
1809	4.243	6.529	8.147	20	301	15.0	25.0	CCCHCCCECCCECCHEEEHC	0
1810	4.235	6.571	8.640	20	301	5.0	15.0	CCCCCHCECCCECCCECCCC	0
1811	4.218	6.656	9.351	20	301	15.0	15.0	CCCHCHCECCCCCCHEECCC	0
1812	4.285	6.545	8.429	20	301	20.0	10.0	CCCHCHCECCCCCCHECCHC	0
1813	4.242	6.711	9.574	20	301	15.0	15.0	CCCHCHCECCCCCCCECEHC	0
1814	4.306	6.713	9.476	20	301	15.0	20.0	CCCHCHCECCCCCCCEEEHC	0
1815	4.242	6.539	9.562	20	301	15.0	25.0	CCCHCCCECCCECCHEEEHC	0
1816	4.166	6.664	9.998	20	301	20.0	25.0	CCCHCCHECCCECCHEEEHC	0
1817	4.112	6.744	9.034	20	301	15.0	20.0	CCCHCCHECCCCCCCEEEHC	0
1818	4.158	6.677	8.609	20	301	15.0	20.0	CCCHCCHECCCCCCCEEEHC	0
1819	4.220	6.610	8.515	20	301	15.0	25.0	CCCHCCHECCCECCCEEEHC	0
1820	4.069	6.669	9.441	20	301	15.0	25.0	CCCHCCHECCCECCHEEECC	0
1821	4.195	6.616	8.798	20	301	15.0	20.0	CCCHCCHECCCECCHECECC	0
1822	4.304	6.586	8.521	20	301	15.0	20.0	CCCHCCHCCCCECCHEEECC	0
1823	3.993	6.680	8.088	20	301	15.0	25.0	CCCHCCHECCCECCCEEEHC	0
1824	4.054	6.631	8.481	20	301	15.0	20.0	CCCHCCHCCCCECCCEEEHC	0
1825	4.052	6.592	8.379	20	301	15.0	20.0	CCCHCCCECCCCCCHEEEHC	0
1826	4.055	6.622	8.487	20	301	15.0	20.0	CCCCCCHECCCCCCHEEEHC	0
1827	4.172	6.654	9.242	20	301	20.0	20.0	CCCHCCHECCCCHCCEEEHC	0
1828	3.997	6.594	8.096	20	301	20.0	20.0	CCCHCCHECCCECCHEECHC	0
1829	4.125	6.660	7.880	20	301	20.0	15.0	CCCHCCHECCCCCCHEECHC	0
1830	4.193	6.584	7.724	20	301	10.0	15.0	CCCHCCHECCCCCCCECECC	0
1831	4.117	6.567	7.813	20	301	20.0	25.0	CCCHCCHECCCECCHEEEHC	0
1832	4.001	6.701	8.959	20	301	20.0	15.0	CCCHCCHECCCECCHECCHC	0
1833	4.014	6.706	9.435	20	301	20.0	25.0	CCCHCCHECCCECCHEEEHC	0
1834	4.085	6.792	8.841	20	301	20.0	20.0	CCCHCCHECCCCCCHEEEHC	0
1835	4.041	6.702	8.826	20	301	15.0	15.0	CCCHCHCECCCECCHECCCC	0
1836	4.131	6.474	8.738	20	301	20.0	15.0	CCCHCCHCCCCCCCHEEEHC	0
1837	4.232	6.669	8.656	20	301	20.0	15.0	CCCHCCHECCCCCCHECEHC	0
1838	4.149	6.487	8.769	20	301	10.0	10.0	CCCHCCHECCCCCCCECCCC	0
1839	4.133	6.643	8.340	20	301	15.0	20.0	CCCHCCCECCCECCHEECHC	0
1840	4.039	6.498	7.592	20	301	15.0	15.0	CCCHCHCECCCCCCHEECCC	0
1841	3.873	6.706	7.355	20	301	15.0	25.0	CCCHCCHECCCECCCEEEHC	0
1842	3.914	6.743	7.372	20	301	10.0	20.0	CCCCCHCECCCCCCCEEEHC	0
1843	3.980	6.992	8.315	20	301	15.0	10.0	CCCHCHCCCCCCCCCEECHC	0
1844	3.951	6.722	7.781	20	301	10.0	15.0	CCCHCCHECCCCCCCEECCC	0
1845	3.908	6.718	8.237	20	301	10.0	15.0	CCCHCCHECCCCCCCECECC	0
1846	3.878	6.725	7.730	20	301	15.0	15.0	CCCHCHCCCCCCCCCEEEHC	0
1847	3.870	6.684	8.329	20	301	10.0	20.0	CCCHCCHECCCCCCCEEECC	0
1848	3.797	6.626	7.449	20	301	15.0	20.0	CCCCCCHECCCCHCCEEEHC	0
1849	3.887	6.672	7.411	20	301	15.0	25.0	CCCHCCHECCCECCCEEEHC	0
1850	4.042	6.684	7.986	20	301	15.0	25.0	CCCHCCHEECCCCCHEEECC	0
1851	4.101	6.642	8.300	20	301	5.0	15.0	CCCCCCHECCCCCCCECECC	0
1852	5.034	6.727	8.165	20	301	10.0	25.0	CHEECCCCCCCCCCHEEECC	3
1853	5.224	6.751	7.737	20	301	10.0	35.0	CHEECCCCCECECCHEEECC	3
1854	4.263	6.564	8.747	20	301	10.0	10.0	CCCCCHCCCCCCCCHEECCC	0
1855	4.174	6.520	8.187	20	301	10.0	20.0	CCCHCCHECCCCCCCEEECC	0
1856	4.056	6.584	9.231	20	301	10.0	20.0	CCCHCCHCCCCECCCEEECC	0
1857	4.199	6.630	8.139	20	301	10.0	20.0	CCCHCCHECCCCCCCEEECC	0
1858	4.211	6.729	7.847	20	301	15.0	20.0	CCCHCCHECCCECCHEECCC	0
1859	4.220	6.572	8.394	20	301	10.0	20.0	CCCHCCHECCCECCCEECCC	0
1860	4.230	6.584	7.626	20	301	10.0	15.0	CCCHCHCECCCCCCCECECC	0
1861	4.248	6.744	9.808	20	301	25.0	20.0	CCCHCHHECCCCCCHEEEHC	0
1862	4.113	6.704	8.461	20	301	15.0	20.0	CCCHCCHECCCECCCEECHC	0
1863	4.114	6.580	8.237	20	301	15.0	20.0	CCCHCCCCCCCECCHEEEHC	0
1864	4.121	6.708	8.599	20	301	20.0	20.0	CCCHCHCECCCCCCHEEEHC	0
1865	4.199	6.734	8.134	20	301	15.0	15.0	CCCHCHCCCCCCCCCEEEHC	0
1866	4.258	6.840	8.270	20	301	15.0	15.0	CCCHCCHCCCCECCCEECHC	0
1867	4.289	6.730	8.399	20	301	15.0	20.0	CCCHCCHCCCCECCCEEEHC	0
1868	4.214	6.723	8.870	20	301	15.0	15.0	CCCHCCHCCCCECCHEECCC	0
1869	4.154	6.640	8.550	20	301	15.0	20.0	CCCHCCHECCCECCCEECHC	0
1870	4.280	6.778	9.236	20	301	5.0	15.0	CCCCCCCCCCCECCCEECHC	0
1871	3.964	6.738	9.467	20	301	20.0	20.0	CCCHCCHECCCCCCHEEEHC	0
1872	4.083	6.809	8.493	20	301	20.0	25.0	CCCHCCHECCCECCHEEEHC	0
1873	3.985	6.786	8.281	20	301	20.0	25.0	CCCHCCHECCCECCHEEEHC	0
1874	4.191	6.727	8.336	20	301	10.0	20.0	CCCHCCHECCCCCCCEEECC	0
1875	4.166	6.674	8.831	20	301	15.0	20.0	CCCHCHCECCCECCHEECCC	0
1876	4.214	6.706	8.531	20	301	15.0	20.0	CCCHCCHECCCCCCHEEECC	0
1877	4.122	6.725	9.129	20	301	15.0	15.0	CCCHCCHECCCCCCHECECC	0
1878	4.063	6.506	8.210	20	301	20.0	20.0	CCCHCCHECCCECCHECEHC	0
1879	4.039	6.704	7.813	20	301	15.0	25.0	CCCHCCCEECCECCHEECHC	0
1880	4.132	6.619	8.915	20	301	5.0	15.0	CCCCCCCECCCCCCCEECHC	0
1881	4.137	6.566	8.585	20	301	15.0	10.0	CCCHCCHECCCCCCHECCCC	0
1882	3.950	6.694	7.997	20	301	20.0	15.0	CCCHCHCCCCCCCCHEEEHC	0
1883	3.920	6.733	8.310	20	301	10.0	15.0	CCCHCCHCCCCECCCEECCC	0
1884	4.048	6.665	8.842	20	301	20.0	15.0	CCCHCHCECCCCCCHECEHC	0
1885	4.020	6.718	9.018	20	301	15.0	15.0	CCCCCHHECCCECCCECCHC	0
1886	4.081	6.650	8.365	20	301	15.0	25.0	CCCHCCHECCCECCHEEECC	0
1887	4.070	6.686	8.474	20	301	10.0	20.0	CCCCCCHCCCCECCHEEECC	0
1888	4.004	6.725	8.776	20	301	10.0	25.0	CCCHCCCECCCECCCEEEHC	0
1889	4.274	6.601	7.909	20	301	5.0	20.0	CCCHCCCECCCECCCECECC	0
1890	7.029	7.575	22.179	20	301	5.0	25.0	CCCCECCCCCCCCECEEEHC	4
1891	6.967	7.608	22.238	20	301	5.0	20.0	CCCECCCCCCCECCCCEEHC	4
1892	4.249	6.620	9.947	20	301	5.0	15.0	CCCCCHCECCCCCCCEECCC	0
1893	3.914	6.667	8.895	20	301	25.0	15.0	CCCHCCHECCCEHCHECCHC	0
1894	3.820	6.814	8.640	20	301	15.0	20.0	CCCCCCHECCCCHCHEEECC	0
1895	3.889	6.904	8.737	20	301	5.0	20.0	CCCCCCHECCCCCCCEEECC	0
1896	3.959	6.719	9.949	20	301	15.0	20.0	CCCHCCHECCCCCCCEEEHC	0
1897	4.022	6.733	8.860	20	301	15.0	20.0	CCCHCCCECCCCCCHEEEHC	0
1898	4.254	6.764	8.852	20	301	10.0	20.0	CCCHCCHCCCCECCCEEECC	0
1899	4.299	6.823	9.755	20	301	15.0	15.0	CCCHCCHCCCCCCCHEEECC	0
1900	3.971	6.709	7.762	20	301	20.0	25.0	CCCHCCHECCCEHCHEEECC	0
1901	4.101	6.705	8.292	20	301	10.0	25.0	CCCHCCHECCCECCCEEECC	0
1902	3.952	6.705	7.484	20	301	10.0	10.0	CCCHCCCCCCCCCCCEECHC	0
1903	4.026	6.700	7.044	20	301	10.0	20.0	CCCHCCCECCCECCHEECCC	0
1904	4.158	6.770	8.057	20	301	10.0	20.0	CCCHCCCECCCCCCHEEECC	0
1905	4.162	6.590	9.168	20	301	20.0	10.0	CCCHCHHECCCCCCHECCCC	0
1906	4.029	6.560	9.191	20	301	20.0	10.0	CCCHCCHCCCCECCHECCHC	0
1907	4.044	6.595	8.275	20	301	15.0	20.0	CCCHCCHEECCCCCHEECCC	0
1908	3.888	6.797	8.824	20	301	15.0	25.0	CCCCCCHECCCECCHEEEHC	0
1909	3.982	6.638	7.758	20	301	15.0	10.0	CCCCCHCCCCCCHCCEECHC	0
1910	3.892	6.800	7.405	20	301	10.0	20.0	CCCCCCHECCCECCCEECHC	0
1911	3.743	6.712	8.281	20	301	15.0	30.0	CCCCCCHEECCECCHEEEHC	0
1912	3.978	6.890	7.481	20	301	10.0	25.0	CCCHCHCECCCECCCEEECC	0
1913	4.142	6.756	7.935	20	301	10.0	15.0	CCCCCCHCCCCCCCHEEECC	0
1914	4.208	6.686	9.025	20	301	10.0	10.0	CCCCCCHCCCCCCCCECEHC	0
1915	4.160	6.641	9.192	20	301	20.0	20.0	CCCHCCHCCCCECCHEEEHC	0
1916	4.122	6.745	9.062	20	301	15.0	25.0	CCCHCCHECCCECCHEEECC	0
1917	4.088	6.643	9.392	20	301	20.0	20.0	CCCHCHCECCCCCCHEEEHC	0
1918	4.267	6.686	9.466	20	301	15.0	15.0	CCCHCHCCCCCCCCCEEEHC	0
1919	4.358	6.715	9.648	20	301	20.0	25.0	CCCHCCHECCCECCHEEEHC	0
1920	6.835	7.408	18.130	20	301	0.0	35.0	CCCEECCECCCECCCEEECC	4
1921	6.923	7.366	18.969	20	301	5.0	25.0	CCCEECCCCCCCCCCEEEHC	4
1922	4.095	6.748	9.066	20	301	15.0	25.0	CCCCCHHECCCECCHEEECC	0
1923	4.039	6.723	7.921	20	301	15.0	20.0	CCCHCHCECCCCCCCEEEHC	0
1924	4.142	6.661	8.446	20	301	20.0	20.0	CCCHCHCECCCECCHEECHC	0
1925	4.145	6.508	7.233	20	301	15.0	15.0	CCCHCHCECCCCCCHEECCC	0
1926	4.201	6.549	7.481	20	301	10.0	20.0	CCCHCCCECCCCCCHEEECC	0
1927	4.227	6.505	7.510	20	301	15.0	25.0	CCCHCCCECCCECCHEEEHC	0
1928	4.011	6.655	7.775	20	301	10.0	15.0	CCCCCHCECCCCCCHEECCC	0
1929	4.067	6.618	9.138	20	301	15.0	15.0	CCCHCHCECCCCCCHEECCC	0
1930	6.481	6.231	9.913	20	301	25.0	10.0	CCCHECCCCCCHCHCCHEHC	3
1931	6.368	6.329	8.966	20	301	20.0	15.0	CCCHECCCCCCHCCCEHEHC	3
1932	6.418	6.378	10.494	20	301	25.0	10.0	CCCHECCCCCCHHCCCHEHC	3
1933	6.484	6.324	10.142	20	301	25.0	5.0	CCCHECCCHCCHCCCCHCHC	3
1934	6.548	6.403	10.429	20	301	20.0	15.0	CCCHECCCCCCCCHCEHEHC	3
1935	6.592	6.294	9.775	20	301	30.0	15.0	CCCHECCCHCCHCHCEHEHC	3
1936	3.974	6.751	9.283	20	301	10.0	25.0	CCCHCCHECCCECCCEEECC	0
1937	4.091	6.685	8.354	20	301	20.0	25.0	CCCHCCHECCCECCHEEEHC	0
1938	4.106	6.668	8.454	20	301	5.0	20.0	CCCCCCCECCCECCCECEHC	0
1939	4.344	6.726	8.855	20	301	5.0	20.0	CCCCCCHECCCECCCECECC	0
1940	4.202	6.830	9.303	20	301	10.0	10.0	CCCHCCHECCCCCCCECCCC	0
1941	4.177	6.821	9.222	20	301	15.0	20.0	CCCHCHCECCCCHCCEEECC	0
1942	4.021	6.831	8.668	20	301	10.0	20.0	CCCCCCHCCCCECCCEEEHC	0
1943	3.999	6.720	8.818	20	301	15.0	20.0	CCCHCHCECCCCCCHEEECC	0
1944	3.945	6.749	8.585	20	301	15.0	15.0	CCCHCCHECCCCCCHECECC	0
1945	4.144	6.638	8.529	20	301	15.0	20.0	CCCHCCCECCCCCCHEEEHC	0
1946	4.145	6.723	8.451	20	301	20.0	15.0	CCCHCCHECCCCCCHECEHC	0
1947	4.086	6.541	8.231	20	301	15.0	15.0	CCCHCCHECCCCCCHECECC	0
1948	4.158	6.548	8.095	20	301	15.0	20.0	CCCHCCHECCCCCCHEEECC	0
1949	4.243	6.666	7.492	20	301	15.0	15.0	CCCHCCHECCCCCCHEECCC	0
1950	6.474	6.220	10.369	20	301	25.0	5.0	CCCHECCCHCCHCCCCHCHC	3
1951	6.483	6.387	10.455	20	301	0.0	10.0	CCCECCCCECCCCCCCCCCC	3
1952	6.579	6.373	10.877	20	301	20.0	15.0	CECHECCCCCCHCCCCHEHC	3
1953	6.635	6.297	11.812	20	301	20.0	0.0	CCCCCCCCCCCHCHCCHCHC	3
1954	4.173	6.738	8.227	20	301	5.0	15.0	CCCCCHCCCCCECCCEECCC	0
1955	4.144	6.746	8.540	20	301	10.0	10.0	CCCHCCCCCCCCCCCEECHC	0
1956	4.197	6.550	9.043	20	301	10.0	20.0	CCCHCHCECCCCCCCEEECC	0
1957	4.147	6.601	9.877	20	301	10.0	10.0	CCCCCHCECCCCCCCECCHC	0
1958	4.210	6.606	8.794	20	301	15.0	15.0	CCCHCCHCCCCCCCHEEECC	0
1959	4.057	6.721	10.019	20	301	20.0	25.0	CCCHCCHECCCECCHEEEHC	0
1960	3.841	6.769	8.858	20	301	10.0	25.0	CCCHCCHEECCCCCCEEECC	0
1961	3.846	6.814	8.613	20	301	15.0	20.0	CCCHCCHECCCCCCCEEEHC	0
1962	3.992	6.839	8.663	20	301	15.0	15.0	CCCHCCHECCCCCCCEECHC	0
1963	4.060	6.753	8.250	20	301	10.0	20.0	CCCCCCHCCCCECCCEEEHC	0
1964	4.091	6.694	8.621	20	301	10.0	20.0	CCCHCCHECCCCCCCEEECC	0
1965	4.410	6.648	9.367	20	301	15.0	15.0	CCCHCCHECCCCCCCECEHC	0
1966	4.289	6.633	8.917	20	301	15.0	20.0	CCCHCHCECCCECCHECECC	0
1967	4.246	6.617	8.944	20	301	15.0	20.0	CCCHCHCCCCCECCCEEEHC	0
1968	4.162	6.667	8.691	20	301	25.0	20.0	CCCHCCHECCCEHCHECEHC	0
1969	4.201	6.738	8.583	20	301	10.0	15.0	CCCCCHCECCCCCCHECECC	0
1970	4.074	6.525	8.664	20	301	20.0	20.0	CCCHCHCECCCCCCHEEEHC	0
1971	3.973	6.668	8.427	20	301	20.0	10.0	CCCHCCHCCCCCCCHEECHC	0
1972	4.132	6.582	8.141	20	301	15.0	20.0	CCCHCCHECCCCCCHEEECC	0
1973	4.175	6.592	8.709	20	301	5.0	25.0	CCCHCCCECCCECCCEEECC	0
1974	4.075	6.695	8.670	20	301	20.0	20.0	CCCHCCHECCCECCHEECHC	0
1975	4.133	6.673	7.970	20	301	10.0	20.0	CCCHCCCCCCCECCHEEECC	0
1976	4.093	6.687	8.713	20	301	10.0	20.0	CCCHCCCECCCCCCHEEECC	0
1977	4.210	6.624	9.139	20	301	20.0	20.0	CCCHCHCECCCCCCHEEEHC	0
1978	4.122	6.695	9.471	20	301	10.0	10.0	CCCCCHCCCCCCCCHECECC	0
1979	4.183	6.700	9.295	20	301	20.0	20.0	CCCHCCHCCCCECCHEEEHC	0
1980	4.009	6.556	7.282	20	301	10.0	20.0	CCCHCHCECCCECCCEECCC	0
1981	4.050	6.629	7.695	20	301	0.0	20.0	CCCCCCCECCCCCCCEEECC	0
1982	4.123	6.702	9.494	20	301	10.0	20.0	CCCHCCCECCCECCHECECC	0
1983	4.173	6.692	8.373	20	301	20.0	25.0	CCCHCCHECCCECCHEEEHC	0
1984	4.157	6.708	8.970	20	301	15.0	15.0	CCCHCCHECCCCCCHECECC	0
1985	3.933	6.827	8.891	20	301	20.0	20.0	CCCHCCHECCCECCHECEHC	0
1986	4.178	6.816	8.314	20	301	0.0	15.0	CCCCCCCCCCCECCCEECCC	0
1987	4.219	6.650	7.858	20	301	20.0	25.0	CCCHCHCECCCECCHEEEHC	0
1988	4.281	6.759	8.535	20	301	15.0	25.0	CCCHCCHECCCECCHEEECC	0
1989	4.199	6.754	8.368	20	301	15.0	20.0	CCCHCCHECCCECCCEECHC	0
1990	6.056	7.593	21.702	20	301	5.0	15.0	CCCCCCCCCCCCCCCEEEHC	4
1991	5.805	7.522	21.817	20	301	5.0	25.0	CCCCCCCECCCECCCEEEHC	4
1992	3.909	6.577	9.793	20	301	15.0	15.0	CCCHCCHCCCCECCHECECC	0
1993	4.242	6.633	8.474	20	301	15.0	20.0	CCCHCCCECCCCCCHEEEHC	0
1994	4.026	6.594	9.549	20	301	10.0	25.0	CCCHCCHECCCECCCEEECC	0
1995	4.109	6.665	8.188	20	301	20.0	15.0	CCCHCHCECCCCCCHECEHC	0
1996	6.426	7.519	21.311	20	301	5.0	25.0	CCCEECCCCCCCCCCEEEHC	4
1997	6.638	7.604	22.033	20	301	5.0	25.0	CCCECCCCCCCECCCEEEHC	4
1998	4.014	6.790	7.576	20	301	15.0	20.0	CCCHCCHECCCCCCCEEEHC	0
1999	4.058	6.609	8.489	20	301	15.0	15.0	CCCHCCHCCCCECCCEECHC	0
2000	4.111	6.662	7.865	20	301	5.0	20.0	CCCHCCCECCCECCCEECCC	0
