# frame	rmsd_ca_A	rg_ca_A	end_to_end_A	n_residues	n_atoms	pct_helix	pct_strand	ss_string	cluster_id
0	27.539	32.337	107.679	33	535	0.0	90.9	CEEEEEEEEEEEEEEEEEEEEEEEEEEEEECEC	12
1	26.383	31.227	100.879	33	535	3.0	81.8	CEEEEEEEEECEEEEEEEEEEEEEEEEECEHCC	12
2	25.707	30.605	99.593	33	535	3.0	84.8	CEEEEEEEEEEEEEEEEEEEEEEEEEEECEHCC	12
3	25.089	29.883	98.237	33	535	0.0	72.7	CEECEEECCEEEEECEEEEEEEEEEEEECECCC	15
4	23.363	28.393	93.896	33	535	0.0	69.7	CCECEEEEEEEEEEEECCEECEEEEEECCECEC	16
5	24.385	29.380	93.334	33	535	6.1	69.7	CEECECECCEEEEECECEEEEEEEEEEEEEHHC	17
6	22.734	27.455	89.636	33	535	0.0	57.6	CCEEEECECCCEEEECEEEEEEEEECCCCECCC	8
7	22.475	27.759	89.488	33	535	6.1	63.6	CCEHEEECCEEEEECEECEECEEEEEEECEHCC	18
8	21.457	26.042	85.180	33	535	9.1	60.6	CEEEEEECCCHEEEECEEEEEEEEEHCCCEHCC	8
9	22.982	28.040	87.338	33	535	12.1	57.6	CCEHEECCEEEEECHCEEEECEEEEEEECCHHC	19
10	20.912	25.802	82.553	33	535	6.1	51.5	CCECECCCECCEEEECEEEEEEEEEHCCCEHCC	8
11	20.777	25.726	82.487	33	535	12.1	54.5	CEECCECEECHEEEEHEEEEECEEEHCCCEHCC	8
12	20.440	25.288	82.110	33	535	3.0	54.5	CEECEEECCCCEEEECEECEEEEEEHCCCECCC	8
13	20.436	25.415	80.359	33	535	6.1	60.6	CEECEEECECCEEEECEEEEEEEEEHCCCEHCC	8
14	19.635	24.604	78.813	33	535	6.1	48.5	CEECEEECCCHEEEECEEEEEECCCHCCCECCC	8
15	20.046	24.690	80.592	33	535	9.1	51.5	CEEEECEHECCECCCCEHEEEEEEEEECCHCCC	11
16	17.550	22.823	73.048	33	535	9.1	51.5	CEECEHEHCCCECEECCCEEEEEEEEEECCCHC	20
17	16.403	21.899	67.927	33	535	6.1	42.4	CEECEECCCCHEEEECEEECEECCCHCCCECCC	14
18	16.189	21.608	68.315	33	535	9.1	45.5	CEECECEHCCHEEEECEEEEEECCCHCCCECCC	14
19	19.156	23.857	78.541	33	535	9.1	57.6	CEEEECECEECCCCHHEEEEEEEEEEEECHCCC	11
20	18.740	23.400	77.770	33	535	6.1	57.6	CEEEECECEEEHCCCCEEEEEEEEEEECCHCCC	11
21	18.032	22.814	73.821	33	535	18.2	54.5	CEEEECEHEECHCCHHEEEEEEEEEECEHHCCC	11
22	18.025	22.920	70.885	33	535	15.2	48.5	CECEECEHCEEHCCHCEEEEECEECEEEHHCCC	11
23	16.045	20.462	69.556	33	535	12.1	39.4	CEECECCHCCCEEHCCHCCEEEEEEECECCCHC	13
24	14.930	19.864	65.171	33	535	9.1	39.4	CCECECCHCCCCEHCCCCCEEEEEEEEECECHC	13
25	17.429	21.856	64.104	33	535	6.1	45.5	CEECECECECCHCCCHEEEEECCEEEEECCCCC	21
26	14.807	19.689	62.160	33	535	15.2	33.3	CHCHECCCCCCCEHCCCHEEEEEEEECCCECHC	13
27	15.004	20.206	65.319	33	535	9.1	33.3	CCECECCHECCECHCCEEEEHCEEECCCCCCCC	9
28	14.733	19.863	63.473	33	535	9.1	33.3	CCECECCHECCECHCCEEEEHCEEECCCCCCCC	9
29	14.146	18.635	53.610	33	535	12.1	33.3	CCECECCCCCCCEHCCHHEEECEEEECCCECHC	6
30	14.412	19.168	54.886	33	535	18.2	33.3	CHEHECCCCCCCCHCCHHEEEEEEEECCCECHC	6
31	13.381	18.707	61.396	33	535	15.2	21.2	CCECECCHEHCCCHCCCEEEHCECCCHCCCCCC	9
32	13.689	18.249	53.651	33	535	12.1	33.3	CHECECCHCCCCECCCHCEEEEEEEECCCCCHC	6
33	12.160	17.169	55.628	33	535	18.2	30.3	CEECECCHEHCCCHCCCHEEHCEEECCECCCHC	9
34	12.158	17.022	53.910	33	535	12.1	24.2	CCECECCHECCCCCCCCHEECCECECHECCCHC	9
35	12.747	17.437	51.340	33	535	12.1	36.4	CHECECCHCCCCEHCCCCEEEEEEEECCCECHC	6
36	11.513	16.437	53.461	33	535	18.2	30.3	CEECECCHECCCHHCCCCEEHCEEECCECHCHC	9
37	12.185	17.042	49.245	33	535	18.2	33.3	CHEHCCCHCCCCEHCCCHEEEEEEEECCCECHC	6
38	11.322	16.618	45.118	33	535	12.1	33.3	CHEHECCCCCCCEHCCCHEECEEEEECCCECCC	6
39	10.697	15.806	43.238	33	535	18.2	24.2	CHEHCCCHCCCCEHCCCHEECEEECECCCCCHC	6
40	10.993	16.073	42.391	33	535	18.2	30.3	CHEHECCHCCCCEHCCCHEEEEEECECCHCCCC	6
41	11.227	16.078	44.118	33	535	15.2	24.2	CHEHECCHCCCCEHCCCHECCEEECECCCCCCC	6
42	12.018	16.395	45.130	33	535	12.1	33.3	CHEHECCCECCCEHCCCCEECEEEEECCCCCHC	6
43	9.699	14.347	46.866	33	535	21.2	18.2	CCEHECCHEHCCHHCCCCCEHCCEECCCCCCHC	5
44	10.173	14.315	42.879	33	535	3.0	15.2	CEECECECCCCCCCCCCCCECCCCCCCCCCHCC	22
45	9.221	13.758	45.224	33	535	15.2	27.3	CEEHECCHCHCCCHCCCCECHEEEECCECCCCC	5
46	8.797	13.185	43.624	33	535	15.2	27.3	CEEHECCHEHCCCCCCCCECHECEECHECCCCC	5
47	11.166	15.530	37.079	33	535	9.1	30.3	CHECECCHCCCCEHCCCCEEEEEEECCCCCCCC	6
48	9.340	13.550	44.399	33	535	12.1	18.2	CCCHCCCHEHCCCHCCCCCCCEEEECCECCCCC	5
49	9.364	13.438	44.896	33	535	27.3	21.2	CEEHEHCHEHCCHHCCCCCCHCCEECHECCCHC	5
50	11.049	15.563	42.073	33	535	12.1	27.3	CHEHCCCHCCCCEHCCCCEEEEEECECCCCCCC	6
51	10.807	15.140	41.085	33	535	15.2	27.3	CHEHECCHCCCCEHCCCCEECEEECECCHCCCC	6
52	10.764	15.023	40.404	33	535	12.1	30.3	CHEHECCCCCCCEHCCCCEEEECEEECCHCCCC	6
53	10.989	14.335	46.759	33	535	15.2	27.3	CEECECCHCCCECECHCCCEHHEEEHCCCCCCC	10
54	10.774	14.006	45.094	33	535	12.1	21.2	CCEHECCCECCCCECCCCCCHCEEEHCCCCHCC	10
55	10.681	13.990	45.997	33	535	9.1	27.3	CEECECCHCCCECECHCCCECCEEECCCCCHCC	10
56	10.755	14.977	37.212	33	535	12.1	30.3	CHEHECCHCCCCEHCCCCEEEEEEECCCCCCCC	6
57	8.235	12.584	40.304	33	535	15.2	33.3	CEEHECCCEHEEHCCCCCECHEECECHECCCCC	5
58	10.510	14.341	45.873	33	535	18.2	21.2	CEECECCHCCCCCECHCCHECHEECHCCCCHCC	10
59	8.521	13.044	40.544	33	535	15.2	27.3	CEECECCHCHECHCCCCCCCCEEEECHECCCHC	5
60	10.664	14.443	48.893	33	535	21.2	21.2	CECHECHCCCCCCECHCCCCHHEEEHCCCEHCC	10
61	8.656	12.966	40.630	33	535	21.2	18.2	CCEHECCHCHCCCHCCCHECCCEECCHECCCHC	5
62	10.118	13.976	44.180	33	535	15.2	21.2	CEEHECCCCCCECCCHCCCCHHEEEHCCCCCCC	10
63	7.884	11.546	35.999	33	535	15.2	30.3	CCECECCHECCCHHCCCCECHEEEECCECECHC	5
64	7.906	11.625	36.773	33	535	15.2	33.3	CEECECCHECCCHCCCCCECCEEEECHEHECHC	5
65	7.886	11.687	36.472	33	535	15.2	24.2	CCECECCHCCCECHCCCCECHCEECCHECECHC	5
66	7.593	11.366	36.017	33	535	18.2	27.3	CECCECCHCHCCHHCCCCECCEEEECHECECHC	5
67	7.315	11.096	36.026	33	535	18.2	21.2	CCEHECCHCHCCCHCCCCECCCECECCEHECHC	5
68	7.594	11.062	34.687	33	535	12.1	27.3	CEECECCHEHCCCCCCCCECCECCECHECECHC	5
69	7.360	10.916	34.548	33	535	18.2	27.3	CEEHECCHCCCCCHCCCCECHEEECCHECECHC	5
70	7.266	10.660	34.961	33	535	15.2	24.2	CECCECEHEHCCCHCCCCCCHEECECHECCCCC	5
71	9.424	12.728	30.747	33	535	18.2	24.2	CECHEECHECCCCHHCCCCECEEECCCCCCHHC	23
72	7.522	10.655	33.850	33	535	15.2	24.2	CECHECCHCHCCCHCCCCECCEEEECCCCECHC	5
73	7.125	10.514	32.211	33	535	18.2	24.2	CECHECCHCHCCCHCCCCECCEEEECHCCECHC	5
74	7.146	10.490	31.884	33	535	24.2	21.2	CECHCCCHCHCCCHCCCHECHCEEECHECECHC	5
75	7.007	10.370	28.623	33	535	18.2	12.1	CECCCCCHCHCCCHCCCHECCCCCCCHECECHC	5
76	7.021	10.325	31.178	33	535	24.2	27.3	CECHEHCHCHCCHHCCCCECCEEEECHECECHC	5
77	8.808	8.631	25.860	33	535	6.1	27.3	CCEECECHECEHECCECCCCEECCCCCCCCCCC	1
78	8.902	8.314	24.976	33	535	9.1	9.1	CCEECCCHCCCHECHCCCCCCCCCCCCCCCCCC	1
79	9.040	8.137	23.277	33	535	9.1	18.2	CCEECECHCCEHECHCCCECCCCCCCCCCCCCC	1
80	8.845	8.101	22.806	33	535	12.1	12.1	CCCCCCCHECEHCCHCCCECCCCHCCCECCCCC	1
81	8.592	8.112	22.957	33	535	9.1	15.2	CCEECCCHECCHECHCCCECCCCCCCCCCCCCC	1
82	5.491	8.469	13.680	33	535	15.2	6.1	CCEHECCCCCCCCCCHCCCCHCCCCCCHCCHCC	0
83	8.543	8.221	23.469	33	535	9.1	12.1	CCCCCCCHECEHECHCCCECCCCCCCCCCCCCC	1
84	8.854	8.178	22.754	33	535	9.1	12.1	CCEECCCHECEHCCHCCCCCCCCCCCCCCCCCC	1
85	8.673	8.179	22.723	33	535	9.1	12.1	CCCECCCHECCHCCHCCCECCCCCCCCECCCCC	1
86	8.696	8.101	23.245	33	535	6.1	18.2	CCECCCCCECEHECHECCECCCCCCCCCCCCCC	1
87	8.807	8.312	24.788	33	535	6.1	9.1	CECECCCCCCCHCCHCCCECCCCCCCCCCCCCC	1
88	8.758	8.149	23.075	33	535	6.1	12.1	CECCCCCCECCHCCHCCCECCCCCCCCECCCCC	1
89	8.730	8.112	22.922	33	535	9.1	15.2	CCECCCCHECEHECHCCCECCCCCCCCCCCCCC	1
90	8.722	8.175	23.051	33	535	9.1	12.1	CCCECCCHECCHECHCCCECCCCCCCCCCCCCC	1
91	5.611	8.259	7.607	33	535	12.1	6.1	CCEHECCCCCCCCCCCCCCCHCCCCHCHCCCCC	0
92	8.951	8.198	22.698	33	535	6.1	12.1	CCCECCCCECCHECHCCCECCCCCCCCCCCCCC	1
93	5.661	8.176	8.164	33	535	18.2	6.1	CCEHECCCCCHCCCCCCCCCHCCCCHCHCCHCC	0
94	8.818	8.101	22.003	33	535	9.1	18.2	CCEECCCHCCEHECHECCECCCCCCCCCCCCCC	1
95	8.646	8.166	21.955	33	535	9.1	12.1	CEECCCCHCCEHCCHCCCECCCCCCCCCCCCCC	1
96	8.696	8.208	21.920	33	535	9.1	12.1	CCECCCCHECEHCCHCCCECCCCCCCCCCCCCC	1
97	8.540	8.018	20.248	33	535	9.1	15.2	CCEECCCHECEHCCHECCCCCCCCCCCCCCCCC	1
98	8.629	8.285	20.881	33	535	9.1	18.2	CCEECCCHECEHECHCCCECCCCCCCCCCCCCC	1
99	8.681	8.158	21.701	33	535	6.1	15.2	CCCCCCCHECECCCHECCECCCCCCCCECCCCC	1
100	5.712	8.240	8.847	33	535	15.2	9.1	CCEHECCCCCCCCCCCCCCCHCCCCHCHCEHCC	0
101	8.702	8.148	21.954	33	535	12.1	9.1	CCCCCCCHCCCHCCHECCECCCCHCCCECCCCC	1
102	8.628	8.119	22.171	33	535	9.1	9.1	CCCCCCCHECEHCCHCCCECCCCCCCCCCCCCC	1
103	8.629	8.134	21.909	33	535	9.1	6.1	CCCCCCCHECCHCCHCCCECCCCCCCCCCCCCC	1
104	8.569	8.159	21.198	33	535	9.1	6.1	CECCCCCHCCCHCCHCCCECCCCCCCCCCCCCC	1
105	8.790	8.175	21.692	33	535	9.1	9.1	CCCCCCCHECCHECHCCCECCCCCCCCCCCCCC	1
106	8.778	8.540	17.289	33	535	12.1	6.1	CHECCCCHCCCCEHCCCCCCCCCCCCCCCCCHC	7
107	8.736	8.233	21.903	33	535	9.1	6.1	CCCCCCCHCCEHECHCCCCCCCCCCCCCCCCCC	1
108	8.219	8.380	15.137	33	535	12.1	12.1	CHECCCCHCCCEECCCCCCCECCCCCHCCCHCC	7
109	5.727	8.410	11.162	33	535	12.1	6.1	CCEHECCCCCCCHCCCCCCCHCCCCHCCCCCCC	0
110	8.829	8.212	22.259	33	535	9.1	9.1	CCCCCCCHCCEHECHCCCECCCCCCCCCCCCCC	1
111	5.816	8.228	9.563	33	535	9.1	6.1	CCEHECCCCCCCCCCCCCCCHCCCCHCCCCCCC	0
112	5.760	8.428	11.447	33	535	9.1	3.0	CCCCECHCCCCCCCCCCCCCHCCCCHCCCCCCC	0
113	5.770	8.269	11.381	33	535	15.2	6.1	CCEHECHCCCCCCCCCCCCCHCCCCHCCCCHCC	0
114	8.731	8.073	21.099	33	535	9.1	12.1	CCCCCCCHECEHCCHECCECCCCCCCCCCCCCC	1
115	5.716	8.414	12.062	33	535	18.2	6.1	CCEHECHCCCCCCCCCHCCCHCCCCHCCCCHCC	0
116	8.671	8.108	22.353	33	535	9.1	9.1	CCCCCCCHECCHECHCCCECCCCCCCCCCCCCC	1
117	7.785	8.304	16.675	33	535	18.2	3.0	CHCCCCCHCCCCECCCCCHCCHCHCCCCCCHCC	7
118	7.483	8.150	14.803	33	535	18.2	6.1	CHECCCCHCCCCECCCCCHCCCCHCCCCHCHCC	7
119	7.609	8.121	15.793	33	535	15.2	6.1	CHECCCCHECCCCCCCCCHCCCCHCCCCCCHCC	7
120	5.741	8.290	9.971	33	535	15.2	6.1	CCEHECCHCCCCCCCCCCCCHCCCCHCCCCHCC	0
121	8.709	8.260	22.579	33	535	9.1	9.1	CCCCCCCHECEHCCHCCCECCCCCCCCCCCCCC	1
122	8.590	8.230	23.534	33	535	9.1	9.1	CCCCCCCHCCCHECHCCCECCCCCCCCECCCCC	1
123	5.746	8.136	10.636	33	535	9.1	6.1	CCEHECCCCCCCCCCCCCCCCCCCCHCHCCCCC	0
124	8.625	8.241	22.940	33	535	9.1	9.1	CCCCCCCHCCEHCCHECCECCCCCCCCCCCCCC	1
125	8.772	8.148	23.844	33	535	12.1	3.0	CCCCCCCHCCCHCCHCCCECCCCCCCCCCCHCC	1
126	8.711	8.116	22.807	33	535	12.1	6.1	CCCCCCCHECCHCCHCCCECCCCCCCCCCCHCC	1
127	8.851	8.185	24.234	33	535	9.1	15.2	CCCCCCCCECEHECHECCECHCCCCCCCCCCCC	1
128	5.700	8.293	10.799	33	535	6.1	15.2	CEEHECCCCCCCCCCCCCCCCCCCCHCECECCC	0
129	8.563	8.117	21.751	33	535	9.1	15.2	CCCCCCCHECEHECHCCCECCCCCCCCECCCCC	1
130	5.731	8.159	11.116	33	535	12.1	9.1	CCEHECCCCCCCCCCCHCCCHCCCCHCECCCCC	0
131	7.351	8.347	15.722	33	535	12.1	12.1	CCEECCCHCCCCECCCCHHCECCHCCCCCCCCC	7
132	5.757	8.251	10.594	33	535	9.1	12.1	CCEHECCCCCCCCCCCHCCCCCCCCCHECECCC	0
133	5.726	8.198	10.363	33	535	6.1	3.0	CCCCCCCCCCCCCCCCHCCCHCCCCCCECCCCC	0
134	8.699	8.229	22.352	33	535	9.1	12.1	CCCCCCCHECEHECHCCCECCCCCCCCCCCCCC	1
135	8.718	8.114	21.247	33	535	9.1	9.1	CCCCCCCHECEHCCHCCCECCCCCCCCCCCCCC	1
136	7.466	8.257	15.623	33	535	18.2	12.1	CHEECCCHECCCEHCCCHHCCCCHCCCCCCCCC	7
137	7.241	8.245	16.274	33	535	15.2	9.1	CHEECCCHCCCCEHCCCCCCCCCHCCHCCCCCC	7
138	5.917	8.171	12.907	33	535	12.1	6.1	CCEHECCCCCCCCCCCHCCCHCCCCHCCCCCCC	0
139	8.686	8.054	21.107	33	535	6.1	15.2	CCCCCCCCECEHCCHECCECCCCCCCCECCCCC	1
140	8.608	8.117	21.899	33	535	9.1	9.1	CCCCCCCHECEHCCHCCCECCCCCCCCCCCCCC	1
141	8.810	8.069	21.906	33	535	9.1	9.1	CCCCCCCHECEHCCHCCCECCCCCCCCCCCCCC	1
142	8.619	8.154	23.372	33	535	9.1	9.1	CCCCCCCHECCHCCHCCCECCCCCCCCECCCCC	1
143	8.722	8.226	21.936	33	535	9.1	9.1	CCCCCCCHECEHECHCCCCCCCCCCCCCCCCCC	1
144	9.017	8.242	22.640	33	535	9.1	9.1	CCCCCCCHECCHECHCCCECCCCCCCCCCCCCC	1
145	5.711	8.107	12.704	33	535	12.1	12.1	CCEHECCHCCCCCCCCHCCCCCCCCCCECEHCC	0
146	5.709	8.249	12.320	33	535	15.2	12.1	CCEHECCCCCCCCCCCHCCCHCCCCHCECEHCC	0
147	5.867	8.108	11.283	33	535	6.1	9.1	CCECECCCCCCCCCCCHCCCHCCCCCCECCCCC	0
148	8.867	8.274	24.920	33	535	12.1	12.1	CCCCCCCHCCEHCCHECCCCHECCCCCECCCCC	1
149	8.679	8.234	23.240	33	535	12.1	3.0	CCCCCCCHCCEHCCHCCCCCHCCCCCCCCCCCC	1
150	5.593	8.139	10.387	33	535	9.1	9.1	CCECECCHCCCCCCCHCCCCHCCCCCCECCCCC	0
151	5.656	8.103	10.573	33	535	18.2	12.1	CCEHECCHCCCCCCHCCCCCHCCCCHCECEHCC	0
152	5.803	8.057	11.622	33	535	9.1	12.1	CEEHECCHCCCCCCCCCCCCHCCCCCCECCCCC	0
153	5.594	8.049	12.697	33	535	15.2	9.1	CCEHECCHCCCCCCCCHCCCHCCCCCCECCHCC	0
154	5.676	8.069	12.648	33	535	6.1	9.1	CCECECECCCCCCCCCHCCCHCCCCCCCCCCCC	0
155	5.750	8.072	13.614	33	535	12.1	6.1	CCEHECCHCCCCCCCCHCCCHCCCCCCCCCCCC	0
156	5.696	7.931	11.462	33	535	12.1	9.1	CEEHECCHCCCCCCCCHCCCHCCCCCCCCCCCC	0
157	5.563	8.000	10.497	33	535	9.1	9.1	CCEHECCHCCCCCCCCCCCCHCCCCCCECCCCC	0
158	5.840	8.013	11.843	33	535	12.1	9.1	CCEHECCHCCCCCCCCCCCCHCCCCCCECCHCC	0
159	5.787	8.103	11.052	33	535	9.1	9.1	CEEHECCHCCCCCCCCHCCCCCCCCCCCCCCCC	0
160	5.800	8.012	11.431	33	535	12.1	6.1	CCEHECCHCCCCCCCCHCCCHCCCCCCCCCCCC	0
161	5.709	8.025	12.344	33	535	12.1	6.1	CCEHECCHCCCCCCCCHCCCHCCCCCCCCCCCC	0
162	5.834	8.021	11.816	33	535	15.2	9.1	CEEHECCHCCCCCCCCHCCCHCCCCCCCCCHCC	0
163	5.710	8.125	11.673	33	535	9.1	12.1	CEECECCHCCCCCCCCHCCCHCCCCCCECCCCC	0
164	5.700	8.030	11.055	33	535	12.1	9.1	CEEHECCHCCCCCCCCHCCCHCCCCCCCCCCCC	0
165	5.691	8.014	10.879	33	535	12.1	9.1	CCEHECCHCCCCCCCCHCCCHCCCCCCCCECCC	0
166	5.718	7.930	9.153	33	535	12.1	9.1	CCEHECCHCCCCCCCCHCCCHCCCCCCCCECCC	0
167	5.841	7.857	9.915	33	535	15.2	9.1	CCEHECCHCCCCCCCCHCCCHCCCCCCECCHCC	0
168	5.742	7.988	11.781	33	535	9.1	12.1	CEECECCHCCCCCCCHCCCCHCCCCCCECCCCC	0
169	5.595	8.055	12.430	33	535	9.1	6.1	CCEHECCHCCCCCCCCCCCCHCCCCCCCCCCCC	0
170	5.680	7.937	12.676	33	535	9.1	9.1	CEECECCHCCCCCCCHCCCCCCCCCHCCCCCCC	0
171	5.825	8.010	14.925	33	535	12.1	12.1	CEEHECCHCCCCCCCCHCCCHCCCCCCECCCCC	0
172	5.753	8.059	12.038	33	535	9.1	9.1	CCECECCHCCCCCCCCHCCCHCCCCCCCCECCC	0
173	5.770	7.927	11.342	33	535	6.1	12.1	CEEHECECCCCCCCCCCCCCHCCCCCCCCCCCC	0
174	5.780	7.865	10.397	33	535	21.2	6.1	CCEHECCHCCCCCCHCHCCCHCCHCCCCCCHCC	0
175	6.141	7.983	10.380	33	535	21.2	12.1	CCEHECEHCCCCCCCCHCCCHCCHCCHECCHCC	0
176	6.106	8.058	11.389	33	535	9.1	6.1	CCEHECCHCCCCCCCCCCCCHCCCCCCCCCCCC	0
177	6.053	8.020	10.506	33	535	12.1	9.1	CCEHECEHCCCCCCCCCCCCHCCCCCHCCCCCC	0
178	5.957	8.063	10.485	33	535	12.1	6.1	CCEHECCCCCCCCCCCHCCCHCCHCCCCCCCCC	0
179	5.909	8.031	11.293	33	535	15.2	6.1	CCEHECCHCCCCCCCCHCCCHCCCCCCCCCHCC	0
180	5.810	8.060	10.625	33	535	15.2	6.1	CCEHECCHCCCCCCCCHCCCHCCCCCHCCCCCC	0
181	5.993	7.968	10.960	33	535	15.2	9.1	CEEHECCHCCCCCCCCCCCCHCCHCCCCCCHCC	0
182	5.968	8.077	11.088	33	535	15.2	9.1	CEEHECCHCCCCCCCHCCCCHCCCCCCCCCHCC	0
183	6.049	8.110	11.265	33	535	6.1	6.1	CCEHECCCCCCCCCCCCCCCHCCCCCCCCCCCC	0
184	6.083	8.127	11.123	33	535	15.2	6.1	CCEHECCHCCCCCCCHCCCCHCCCCCCCCCHCC	0
185	5.967	8.015	9.942	33	535	9.1	9.1	CCECECEHCCCCCCCCCCCCHCCCCCHCCCCCC	0
186	6.123	7.914	9.614	33	535	15.2	9.1	CCEHECCHCCCCCCCCHCCCHCCCCCCECCHCC	0
187	9.103	7.763	16.334	33	535	15.2	9.1	CCCCCCCHCCCHECHCCCECHCCCCCCCCCEHC	1
188	6.027	7.986	10.622	33	535	6.1	9.1	CCECECEHCCCCCCCHCCCCCCCCCCCCCCCCC	0
189	6.038	7.913	9.392	33	535	15.2	9.1	CCEHECEHCCCCCCCHCCCCHCCCCCCCCCHCC	0
190	6.070	7.895	10.248	33	535	6.1	15.2	CCEHECEHCCCCCCCCCCCCCCCCCCCECECCC	0
191	6.187	8.063	10.252	33	535	21.2	9.1	CCEHECEHCCCCCCHCHCCCHCCHCCHCCCCCC	0
192	6.210	8.074	9.933	33	535	18.2	9.1	CCECECEHCCCCCCHCHCCCHCCHCCCCCCHCC	0
193	6.114	7.974	9.551	33	535	21.2	9.1	CCEHECEHCCHCCCCCHCCCHCCHCCHCCCCCC	0
194	8.965	7.906	16.547	33	535	15.2	3.0	CCCCCCCHCCEHCCHCCCCCHCCCCCCCCCCHC	1
195	6.070	8.045	9.864	33	535	12.1	9.1	CCEHECEHCCHCCCCCCCCCHCCCCCCCCCCCC	0
196	6.073	8.051	9.819	33	535	12.1	15.2	CCEHECEHCCHCCCCCHCCCCCCCCCCECECCC	0
197	6.043	7.953	9.268	33	535	12.1	12.1	CCECECEHCCHCCCCCHCCCCCCCCCCECCHCC	0
198	8.917	7.860	16.605	33	535	15.2	18.2	CCCCCCCHECEHCCHCCCECHECCCCCECCEHC	1
199	6.021	8.068	9.383	33	535	21.2	12.1	CCEHECEHCCHCCCHCHCCCHCCCCCHCCECCC	0
200	8.851	7.930	15.904	33	535	15.2	9.1	CCCCCCCHECCHECHCCCCCHCCCCCCCCCEHC	1
201	9.078	7.886	15.588	33	535	12.1	12.1	CCCCCCCHECCHCCHCCCCCHECCCCCECCECC	1
202	8.908	7.894	16.482	33	535	15.2	12.1	CCCCCCCHECEHCCHCCCECHCCCCCCCCCEHC	1
203	8.886	7.956	17.337	33	535	15.2	18.2	CCEECCCHCCEHECHCCCECHCCCCCCCCCEHC	1
204	8.996	7.854	15.994	33	535	15.2	18.2	CCCCCCCHECEHCCHECCECHCCCCCCECCEHC	1
205	6.052	8.142	9.946	33	535	15.2	12.1	CCECECEHCCHCCCCCHCCCHCCCCCCECCHCC	0
206	6.054	8.239	10.324	33	535	12.1	9.1	CCEHECEHCCCCCCCCHCCCHCCCCCCCCCCCC	0
207	6.210	8.288	9.939	33	535	12.1	12.1	CCECECEHCCCCCCCHCCCCHCCCCCCECCHCC	0
208	6.081	8.098	9.104	33	535	6.1	12.1	CCECECEHCCCCCCCCCCCCHCCCCCCCCECCC	0
209	5.944	8.101	10.957	33	535	9.1	12.1	CCEHECEHCCCCCCCCCCCCHCCCCCCCCECCC	0
210	8.939	7.936	16.397	33	535	15.2	24.2	CCECCCEHECEHECHCCCECHECCCCCCCCEHC	1
211	6.059	8.039	9.490	33	535	12.1	12.1	CCEHECEHCCCCCCCCHCCCHCCCCCCCCECCC	0
212	6.260	8.045	9.166	33	535	12.1	12.1	CCECECEHCCCCCCCCCCCCHCCCCCHCCEHCC	0
213	6.161	8.153	10.558	33	535	12.1	12.1	CCECECEHCCCCCCCCHCCCHCCCCCCECCHCC	0
214	9.006	7.902	17.453	33	535	12.1	6.1	CCCCCCCHCCEHCCHCCCCCCECCCCCCCCCHC	1
215	8.969	7.876	16.445	33	535	12.1	9.1	CCCCCCCCECCHCCHCCCECHCCCCCCCCCEHC	1
216	5.916	8.129	9.668	33	535	12.1	12.1	CCECECEHCCCCCCHCCCCCHCCCCCCCCEHCC	0
217	8.931	7.883	16.874	33	535	15.2	15.2	CCCCCCCHECCHECHCCCECHCCCCCCECCEHC	1
218	6.067	7.965	9.636	33	535	12.1	12.1	CCECECEHCCCCCCCCHCCCHCCCCCCECCHCC	0
219	9.036	7.898	15.627	33	535	15.2	15.2	CCCCCCCHECCHECHCCCECHECCCCCCCCEHC	1
220	6.111	8.078	10.248	33	535	15.2	15.2	CCEHECEHCCCCCCCCHCCCHCCCCCCECEHCC	0
221	5.991	8.059	10.163	33	535	9.1	12.1	CCEHECCHCCCCCCCCCCCCHCCCCCCECECCC	0
222	5.946	8.199	9.770	33	535	24.2	9.1	CEEHECCHCCHCCCHCHCCCHCCHCCCCCCHCC	0
223	6.060	8.182	10.115	33	535	12.1	12.1	CCECECEHCCCCCCHCHCCCCCCCCCCECCHCC	0
224	6.004	8.284	9.647	33	535	15.2	9.1	CCEHECEHCCCCCCCCHCCCHCCCCCHCCCCCC	0
225	6.253	8.213	9.535	33	535	9.1	6.1	CCECECCHCCCCCCHCCCCCHCCCCCCCCCCCC	0
226	6.106	8.113	10.383	33	535	12.1	12.1	CCEHECEHCCCCCCCCHCCCHCCCCCCCCECCC	0
227	9.102	7.752	15.707	33	535	15.2	15.2	CCCCCCCHECCHCCHCCCECHECCCCCECCEHC	1
228	6.170	8.026	8.975	33	535	9.1	15.2	CCECECEHCCCCCCCCHCCCHCCCCCCECECCC	0
229	6.120	8.122	10.122	33	535	12.1	9.1	CCECECEHCCCCCCCCHCCCHCCCCCHCCCCCC	0
230	9.021	7.717	15.958	33	535	15.2	12.1	CCCCCCCHCCEHCCHECCECHCCCCCCECCCHC	1
231	6.183	8.108	8.704	33	535	3.0	9.1	CCECECEHCCCCCCCCCCCCCCCCCCCCCCCCC	0
232	9.121	7.694	15.935	33	535	15.2	15.2	CCCCCCCHECCHCCHECCECHCCCCCCECCEHC	1
233	9.145	7.822	16.192	33	535	15.2	9.1	CCCCCCCHCCCHECHCCCECHCCCCCCCCCEHC	1
234	6.081	8.025	8.741	33	535	9.1	9.1	CCECECCHCCHCCCCCCCCCHCCCCCCECCCCC	0
235	9.242	7.928	17.148	33	535	12.1	15.2	CCCCCCCHCCEHECHECCECCCCCCCCECCCHC	1
236	8.997	7.878	16.034	33	535	15.2	12.1	CCCCCCCHCCCHECHCCCECHCCCCCCECCEHC	1
237	6.103	8.115	10.677	33	535	12.1	12.1	CCEHECEHCCCCCCCCCCCCHCCCCCCECCHCC	0
238	6.029	8.192	9.834	33	535	12.1	12.1	CCECECEHCCCCCCCCHCCCHCCCCCCECCHCC	0
239	6.196	8.180	9.792	33	535	9.1	9.1	CCECECEHCCCCCCCCCCCCHCCCCCCCCCHCC	0
240	8.994	7.886	16.383	33	535	15.2	18.2	CECCCCEHCCEHCCHCCCECHECCCCCCCCEHC	1
241	6.318	8.086	9.996	33	535	6.1	12.1	CCECECEHCCCCCCCCCCCCHCCCCCCCCECCC	0
242	6.298	7.930	8.780	33	535	9.1	9.1	CCECECCHCCCCCCCCHCCCHCCCCCCECCCCC	0
243	6.302	8.168	9.372	33	535	12.1	6.1	CCECECCHCCCCCCCCHCCCHCCHCCCCCCCCC	0
244	8.932	7.910	16.526	33	535	15.2	12.1	CCCCCCCHCCEHECHCCCECHCCCCCCCCCEHC	1
245	6.241	8.097	9.329	33	535	9.1	12.1	CCECECEHCCCCCCHCCCCCHCCCCCCECCCCC	0
246	8.896	7.933	15.970	33	535	15.2	9.1	CECCCCEHCCCHCCHCCCCCHCCCCCCCCCEHC	1
247	6.188	8.053	8.638	33	535	9.1	12.1	CCECECEHCCCCCCHCCCCCHCCCCCCECCCCC	0
248	8.894	7.958	16.398	33	535	15.2	9.1	CCCCCCCHCCCHECHCCCECHCCCCCCCCCEHC	1
249	8.978	7.934	15.521	33	535	15.2	9.1	CCCCCCCHCCCHECHCCCECHCCCCCCCCCEHC	1
250	9.000	7.908	16.461	33	535	15.2	15.2	CCCCCCCHECEHCCHECCCCHCCCCCCECCEHC	1
251	9.072	7.806	16.164	33	535	15.2	9.1	CCCCCCCHECEHCCHCCCCCHCCCCCCCCCEHC	1
252	6.162	8.069	9.188	33	535	12.1	15.2	CCECECEHCCCCCCCCHCCCHCCCCCCECEHCC	0
253	9.026	7.738	15.895	33	535	15.2	12.1	CCCCCCCHCCCHCCHCCCECHECCCCCECCEHC	1
254	9.162	7.774	16.923	33	535	15.2	9.1	CCCCCCCHECCHCCHCCCECHCCCCCCCCCEHC	1
255	6.197	8.033	9.808	33	535	9.1	9.1	CCECECCHCCCCCCCCHCCCHCCCCCCECCCCC	0
256	9.080	7.705	15.928	33	535	15.2	12.1	CECCCCCHCCCHECHCCCECHCCCCCCCCCEHC	1
257	8.976	7.818	16.034	33	535	15.2	9.1	CCCCCCCHECCHCCHCCCECHCCCCCCCCCEHC	1
258	6.330	7.970	9.067	33	535	9.1	12.1	CCECECEHCCCCCCCCHCCCHCCCCCCECCCCC	0
259	9.128	7.834	15.898	33	535	15.2	3.0	CCCCCCCHCCCHCCHCCCECHCCCCCCCCCCHC	1
260	6.151	8.216	9.228	33	535	12.1	9.1	CCECECEHCCCCCCHHCCCCHCCCCCCCCCCCC	0
261	6.124	8.069	9.085	33	535	9.1	12.1	CCECECEHCCCCCCCCHCCCHCCCCCCECCCCC	0
262	6.242	8.250	9.913	33	535	9.1	9.1	CCEHECEHCCCCCCCCHCCCCCCCCCCCCCCCC	0
263	9.034	7.839	16.739	33	535	15.2	6.1	CCCCCCCHCCEHCCHCCCECHCCCCCCCCCCHC	1
264	6.065	8.200	9.969	33	535	12.1	12.1	CEECECEHCCCCCCCCHCCCHCCCCCCCCCHCC	0
265	8.992	7.840	15.858	33	535	15.2	9.1	CCCCCCCHCCCHCCHCCCECHCCCCCCECCEHC	1
266	5.923	8.062	10.626	33	535	15.2	6.1	CCEHECCHCCCCCCCCHCCCHCCCCCCCCCHCC	0
267	5.983	8.137	9.985	33	535	12.1	6.1	CCEHECCHCCCCCCCCHCCCHCCCCCCCCCCCC	0
268	6.095	8.094	9.863	33	535	15.2	15.2	CEEHECEHCCCCCCCCHCCCHCCCCCCECCHCC	0
269	6.053	8.158	10.154	33	535	18.2	12.1	CCEHECEHCCCCCCHCHCCCHCCCCCCECCHCC	0
270	6.065	8.083	9.670	33	535	12.1	9.1	CCEHECEHCCCCCCCCHCCCCCCCCCCCCCHCC	0
271	9.145	7.823	16.027	33	535	15.2	21.2	CCCCCCEHECEHECHCCCECHECCCCCECCCHC	1
272	6.059	8.005	9.199	33	535	9.1	9.1	CCEHECEHCCCCCCCCCCCCHCCCCCCCCCCCC	0
273	5.981	8.187	10.120	33	535	12.1	12.1	CCEHECEHCCCCCCCCHCCCHCCCCCCECCCCC	0
274	6.082	8.082	10.077	33	535	12.1	9.1	CCECECEHCCHCCCCHCCCCHCCCCCCCCCCCC	0
275	8.967	7.891	15.663	33	535	15.2	9.1	CECCCCCHCCCHCCHCCCECHCCCCCCECCCHC	1
276	8.872	7.880	15.783	33	535	12.1	12.1	CCCCCCCHCCCHECHCCCECHCCCCCCECCECC	1
277	6.177	8.063	9.355	33	535	6.1	12.1	CCECECEHCCCCCCCCCCCCHCCCCCCECCCCC	0
278	6.031	8.042	9.001	33	535	15.2	9.1	CCEHECEHCCCCCCCCHCCCHCCCCCHCCCCCC	0
279	6.154	8.008	9.374	33	535	6.1	9.1	CCECECEHCCCCCCCCCCCCHCCCCCCCCCCCC	0
280	9.038	7.854	16.132	33	535	15.2	9.1	CCCCCCCHCCCHECHCCCECHCCCCCCCCCEHC	1
281	6.193	8.025	9.335	33	535	12.1	9.1	CCEHECEHCCCCCCCCHCCCHCCCCCCCCCCCC	0
282	9.005	7.717	16.234	33	535	15.2	9.1	CCCCCCCHCCCHECHECCCCHCCCCCCCCCEHC	1
283	6.250	8.107	9.048	33	535	9.1	9.1	CCEHECEHCCCCCCCCCCCCHCCCCCCCCCCCC	0
284	8.886	7.891	16.308	33	535	15.2	15.2	CCCCCCCHCCEHCCHCCCECHECCCCCECCEHC	1
285	6.029	8.043	9.615	33	535	21.2	6.1	CCEHECCHCCCCCCHCHCCCHCCCCCHCCCHCC	0
286	6.162	8.119	9.807	33	535	12.1	9.1	CCECECEHCCCCCCCHCCCCHCCCCCCCCCHCC	0
287	6.122	8.272	11.528	33	535	15.2	6.1	CCEHECCHCCCCCCCCHCCCHCCCCCHCCCCCC	0
288	6.134	8.157	10.565	33	535	6.1	12.1	CCECECCHCCHCCCCCCCCCCCCCCCCECECCC	0
289	6.080	8.040	9.221	33	535	6.1	12.1	CCECECCHCCCCCCCCCCCCCCCCCCCECEHCC	0
290	8.978	7.834	16.295	33	535	15.2	6.1	CCCCCCCHCCEHCCHCCCECHCCCCCCCCCCHC	1
291	8.985	7.838	16.516	33	535	12.1	12.1	CCCCCCCHCCEHECHCCCECHCCCCCCECCCCC	1
292	8.908	7.857	16.817	33	535	15.2	12.1	CECCCCCHCCEHCCHECCCCHCCCCCCCCCEHC	1
293	6.170	8.270	9.297	33	535	9.1	6.1	CCECECCHCCCCCCCCHCCCHCCCCCCCCCCCC	0
294	6.084	8.268	10.651	33	535	12.1	6.1	CCEHECCHCCCCCCCCHCCCHCCCCCCCCCCCC	0
295	6.175	8.257	10.872	33	535	9.1	6.1	CCEHECCHCCCCCCCCHCCCCCCCCCCCCCCCC	0
296	8.927	7.861	16.443	33	535	15.2	12.1	CCCCCCCHCCEHCCHCCCECHECCCCCECCCHC	1
297	8.961	7.838	16.721	33	535	15.2	6.1	CCCCCCCHECCHECHCCCCCHCCCCCCCCCCHC	1
298	8.959	7.833	15.583	33	535	12.1	9.1	CCCCCCCHCCEHCCHCCCECHCCCCCCCCCECC	1
299	9.042	7.846	16.577	33	535	15.2	15.2	CCCCCCCHCCEHECHECCECHCCCCCCCCCEHC	1
300	6.116	8.168	9.673	33	535	6.1	12.1	CCECECCHCCCCCCCCCCCCHCCCCCCECECCC	0
301	6.202	8.130	10.051	33	535	9.1	9.1	CCECECCHCCCCCCCCCCCCHCCCCCHCCECCC	0
302	9.012	7.822	15.316	33	535	15.2	15.2	CCCCCCCHECCHCCHECCECHECCCCCCCCEHC	1
303	8.909	7.871	16.018	33	535	15.2	15.2	CCCCCCCHCCEHECHECCCCHECCCCCCCCEHC	1
304	6.390	8.072	9.233	33	535	6.1	12.1	CCECECCHCCCCCCCCCCCCHCCCCCCECECCC	0
305	8.996	7.835	16.272	33	535	15.2	9.1	CCCCCCCHCCCHCCHECCECHCCCCCCCCCEHC	1
306	6.201	8.103	9.518	33	535	6.1	3.0	CCECCCCHCCCCCCCCCCCCHCCCCCCCCCCCC	0
307	6.213	8.188	9.692	33	535	12.1	6.1	CCECECCHCCCCCCCCHCCCHCCCCCCCCCHCC	0
308	8.969	7.853	15.989	33	535	15.2	15.2	CCCCCCCHCCEHCCHCCCECHECCCCCECCEHC	1
309	6.201	8.027	9.244	33	535	9.1	9.1	CCECECCHCCCCCCCCHCCCHCCCCCCECCCCC	0
310	8.995	7.862	16.284	33	535	15.2	12.1	CCCCCCCHCCCHCCHECCECHECCCCCCCCEHC	1
311	6.380	8.081	10.021	33	535	9.1	9.1	CCECECCHCCCCCCHCCCCCHCCCCCCECCCCC	0
312	6.206	8.117	9.535	33	535	15.2	12.1	CEECECCHCCCCCCHCCCCCHCCCCCHECCHCC	0
313	8.922	7.805	16.447	33	535	12.1	6.1	CCCCCCCHCCCHECHCCCECHCCCCCCCCCCCC	1
314	9.019	7.830	16.601	33	535	15.2	12.1	CCCCCCCHCCCHECHCCCECHCCCCCCECCEHC	1
315	9.101	7.854	16.146	33	535	15.2	6.1	CCCCCCCHCCCHCCHCCCECHCCCCCCCCCEHC	1
316	6.246	8.154	9.730	33	535	9.1	9.1	CCECECCHCCCCCCCCHCCCHCCCCCCECCCCC	0
317	6.133	8.038	9.416	33	535	15.2	9.1	CCEHECEHCCCCCCCCHCCCHCCCCCCCCCHCC	0
318	8.981	7.844	16.080	33	535	15.2	15.2	CCCCCECHCCEHCCHECCECHCCCCCCCCCEHC	1
319	9.067	7.885	16.134	33	535	15.2	9.1	CCCCCCCHCCEHCCHCCCECHECCCCCCCCCHC	1
320	8.954	7.867	16.669	33	535	15.2	6.1	CCCCCCCHCCEHCCHCCCCCHCCCCCCCCCEHC	1
321	6.138	8.133	9.231	33	535	18.2	6.1	CCEHECCHCCHCCCCCHCCCHCCCCCCCCCHCC	0
322	6.181	8.295	10.250	33	535	15.2	6.1	CCEHECCHCCCCCCCCHCCCHCCCCHCCCCCCC	0
323	8.957	7.938	16.175	33	535	15.2	18.2	CCCCCCCHECEHCCHCCCECHECCCCCECCEHC	1
324	5.983	8.207	10.056	33	535	6.1	9.1	CCECECEHCCCCCCCCCCCCHCCCCCCCCCCCC	0
325	6.205	8.281	10.591	33	535	15.2	12.1	CEEHECCHCCCCCCHCCCCCHCCCCCCECCHCC	0
326	6.133	8.249	9.885	33	535	6.1	12.1	CCECECCHCCCCCCCCCCCCHCCCCCCECECCC	0
327	6.297	8.162	10.008	33	535	15.2	9.1	CCEHECCHCCCCCCCCHCCCHCCCCCCECCHCC	0
328	8.969	7.901	16.004	33	535	15.2	3.0	CCCCCCCHCCCHCCHCCCCCHCCCCCCCCCEHC	1
329	8.966	7.896	16.255	33	535	15.2	15.2	CCCCCCCHECEHCCHECCCCHECCCCCCCCEHC	1
330	6.190	8.103	9.570	33	535	12.1	6.1	CCECECCHCCCCCCHCCCCCHCCCCCCCCCHCC	0
331	6.256	8.137	10.439	33	535	6.1	6.1	CCECECCHCCCCCCCCCCCCCCCCCCCCCCHCC	0
332	8.984	7.957	16.728	33	535	15.2	9.1	CCCCCCCHCCEHCCHCCCCCHECCCCCCCCEHC	1
333	8.880	7.875	15.740	33	535	12.1	9.1	CCCCCCCHCCEHECCCCCCCHCCCCCCCCCEHC	1
334	8.921	7.898	16.168	33	535	15.2	3.0	CCCCCCCHCCCHCCHCCCCCHCCCCCCCCCEHC	1
335	6.203	8.096	10.034	33	535	12.1	6.1	CCECECCHCCHCCCCCCCCCHCCCCCCCCCHCC	0
336	9.007	7.885	16.216	33	535	15.2	6.1	CCCCCCCHCCEHCCHCCCCCHECCCCCCCCCHC	1
337	6.189	8.195	9.012	33	535	12.1	9.1	CCECECCHCCCCCCHHCCCCHCCCCCCCCECCC	0
338	9.089	7.874	16.117	33	535	15.2	12.1	CCCCCCCHECEHECHCCCCCHCCCCCCCCCEHC	1
339	8.947	7.852	15.486	33	535	15.2	9.1	CCCCCCCHCCCHECHCCCCCHECCCCCCCCEHC	1
340	8.948	7.991	15.993	33	535	15.2	6.1	CCCCCCCHCCEHCCHCCCCCHCCCCCCCCCEHC	1
341	8.939	7.900	16.083	33	535	15.2	9.1	CCCCCCCHCCEHCCHCCCCCHECCCCCCCCEHC	1
342	8.932	7.861	15.915	33	535	12.1	3.0	CCCCCCCHCCCHCCHCCCCCHCCCCCCCCCECC	1
343	8.959	7.851	16.460	33	535	15.2	9.1	CCCCCCCHCCEHCCHECCCCHCCCCCCCCCEHC	1
344	6.302	8.173	10.271	33	535	9.1	12.1	CCECECCHCCCCCCHCCCCCHCCCCCCECECCC	0
345	6.170	8.251	11.952	33	535	9.1	12.1	CCEHECEHCCCCCCCCCCCCHCCCCCCECCCCC	0
346	6.243	8.307	11.890	33	535	9.1	12.1	CCECECCHCCCCCCCCCCCCHCCCCCHECECCC	0
347	6.172	8.150	10.222	33	535	12.1	9.1	CEEHECCHCCCCCCCCHCCCHCCCCCCCCCCCC	0
348	9.028	7.865	16.125	33	535	15.2	18.2	CECCCCCHCCEHECHCCCCCHECCCCCECCEHC	1
349	6.343	8.214	9.617	33	535	6.1	6.1	CCECECCHCCCCCCCCCCCCHCCCCCCCCCCCC	0
350	6.320	8.228	10.486	33	535	9.1	15.2	CCECECEHCCCCCCCCHCCCHCCCCCCECECCC	0
351	8.976	7.885	16.192	33	535	15.2	9.1	CCCCCCCHCCEHCCHECCCCHCCCCCCCCCEHC	1
352	8.901	7.882	16.397	33	535	15.2	3.0	CCCCCCCHCCCHCCHECCCCHCCCCCCCCCCHC	1
353	6.137	8.248	9.430	33	535	6.1	9.1	CCECECCHCCCCCCHCCCCCCCCCCCCECCCCC	0
354	6.397	8.189	9.354	33	535	12.1	9.1	CEEHECCHCCCCCCCCHCCCHCCCCCCCCCCCC	0
355	8.981	7.855	15.984	33	535	12.1	15.2	CCCCCCCHECEHECHCCCCCHCCCCCCECCECC	1
356	8.905	7.956	17.089	33	535	12.1	18.2	CECCCCCHECEHECHECCCCHCCCCCCCCCECC	1
357	8.994	7.888	15.707	33	535	12.1	9.1	CCCCCCCHCCEHCCHECCCCHCCCCCCECCCCC	1
358	6.434	7.986	8.413	33	535	12.1	6.1	CCECECCHCCCCCCCHCCCCHCCCCCHCCCCCC	0
359	9.020	7.887	15.565	33	535	15.2	6.1	CCCCCCCHCCEHCCHCCCCCHCCCCCCCCCEHC	1
360	6.383	8.227	9.380	33	535	9.1	9.1	CEECECCHCCCCCCCCHCCCHCCCCCCCCCCCC	0
361	8.928	7.934	16.915	33	535	15.2	18.2	CCCCCCCHCCEHECHECCCCHECCCCCECCEHC	1
362	6.433	8.155	10.724	33	535	9.1	6.1	CEECCCCHCCCCCCCCHCCCHCCCCCCCCCCCC	0
363	6.400	8.058	9.022	33	535	9.1	9.1	CCECECEHCCCCCCHCCCCCHCCCCCCCCCCCC	0
364	9.051	7.916	16.442	33	535	15.2	3.0	CCCCCCCHCCCHCCHCCCCCHCCCCCCCCCEHC	1
365	6.377	8.119	9.345	33	535	12.1	6.1	CCEHECCHCCCCCCCCHCCCHCCCCCCCCCCCC	0
366	6.465	8.254	9.260	33	535	12.1	9.1	CCEHECCHCCCCCCCCHCCCHCCCCCCECCCCC	0
367	8.984	7.858	16.096	33	535	15.2	0.0	CCCCCCCHCCCHCCHCCCCCHCCCCCCCCCCHC	1
368	6.329	8.091	9.382	33	535	15.2	9.1	CCEHECCHCCCCCCCCHCCCHCCCCCHECCCCC	0
369	6.532	8.136	9.077	33	535	9.1	6.1	CCECECCHCCCCCCCCHCCCHCCCCCCCCCCCC	0
370	6.417	8.205	9.211	33	535	9.1	12.1	CCECECEHCCCCCCHCCCCCHCCCCCCECCCCC	0
371	8.937	7.906	16.270	33	535	15.2	6.1	CCCCCCCHCCCHCCHECCCCHECCCCCCCCCHC	1
372	8.909	7.867	16.076	33	535	15.2	9.1	CCCCCCCHCCEHCCHCCCCCHECCCCCCCCEHC	1
373	8.899	7.874	16.409	33	535	15.2	9.1	CCCCCCCHCCEHECHCCCCCHCCCCCCCCCEHC	1
374	6.681	8.084	10.364	33	535	15.2	6.1	CCEHECCHCCCCCCCCHCCCHCCCCCHCCCCCC	0
375	8.922	7.876	16.314	33	535	15.2	6.1	CCCCCCCHCCEHCCHCCCCCHECCCCCCCCCHC	1
376	6.299	8.162	9.147	33	535	6.1	6.1	CCECECCHCCCCCCCCHCCCCCCCCCCCCCCCC	0
377	8.974	7.866	15.901	33	535	15.2	12.1	CCCCCCCHECCHCCHCCCECHCCCCCCECCEHC	1
378	9.047	7.922	16.224	33	535	15.2	6.1	CCCCCCCHCCEHCCHCCCCCHCCCCCCECCCHC	1
379	9.036	7.884	16.687	33	535	15.2	9.1	CCCCCCCHECCHECHCCCCCHCCCCCCCCCEHC	1
380	8.844	7.803	16.105	33	535	15.2	12.1	CCCCCCCHCCEHCCHECCCCHECCCCCCCCEHC	1
381	6.442	8.149	8.624	33	535	6.1	6.1	CCECECCHCCCCCCCCCCCCHCCCCCCCCCCCC	0
382	8.927	7.837	16.109	33	535	15.2	3.0	CCCCCCCHCCCHCCHECCCCHCCCCCCCCCCHC	1
383	6.290	8.164	9.126	33	535	9.1	9.1	CCECECCHCCCCCCCCCCCCHCCCCHCCCECCC	0
384	6.292	8.241	9.797	33	535	9.1	9.1	CCECECCHCCCCCCCCHCCCHCCCCCCCCECCC	0
385	6.369	8.232	9.676	33	535	9.1	15.2	CCECECEHCCCCCCCCHCCCCCCHCCCECECCC	0
386	9.013	7.911	16.577	33	535	12.1	9.1	CECCCCCCCCEHCCHCCCCCHCCCCCCCCCEHC	1
387	8.870	7.869	16.580	33	535	15.2	9.1	CCCCCCCHCCCHCCHCCCCCHECCCCCECCEHC	1
388	6.328	8.208	8.983	33	535	6.1	9.1	CCECECCHCCCCCCCCCCCCHCCCCCCECCCCC	0
389	6.448	8.185	10.820	33	535	12.1	12.1	CEECECEHCCCCCCHCHCCCHCCCCCCCCCCCC	0
390	8.909	7.916	16.199	33	535	12.1	15.2	CECCCCCHCCEHCCHECCCCHECCCCCCCCECC	1
391	6.447	8.200	9.997	33	535	12.1	9.1	CCECECEHCCCCCCHCHCCCHCCCCCCCCCCCC	0
392	8.871	7.877	16.147	33	535	15.2	12.1	CCCCCCCHCCEHECHECCCCHCCCCCCECCCHC	1
393	9.012	7.926	16.968	33	535	15.2	3.0	CCCCCCCHCCCHCCHCCCCCHCCCCCCCCCEHC	1
394	6.353	8.082	8.894	33	535	6.1	12.1	CEECECCHCCCCCCCCCCCCHCCCCCCCCECCC	0
395	6.368	8.202	9.964	33	535	12.1	9.1	CCEHECCHCCCCCCCCHCCCHCCCCCCCCECCC	0
396	6.474	8.160	9.874	33	535	6.1	12.1	CCECECEHCCCCCCCCCCCCHCCCCCCCCECCC	0
397	6.396	8.113	9.349	33	535	6.1	9.1	CCECECCHCCCCCCCCCCCCHCCCCCCCCECCC	0
398	8.885	7.841	16.102	33	535	15.2	15.2	CECCCCCHCCEHCCHCCCECHECCCCCCCCEHC	1
399	8.955	7.911	16.243	33	535	12.1	6.1	CCCCCCCHCCEHCCHCCCCCHCCCCCCCCCECC	1
400	8.864	7.871	16.247	33	535	15.2	9.1	CCCCCCCHCCEHECHCCCCCHECCCCCCCCCHC	1
401	9.011	7.946	16.606	33	535	15.2	18.2	CECCCCCHECEHECHECCCCHCCCCCCCCCEHC	1
402	6.505	8.236	10.859	33	535	9.1	6.1	CCECECCHCCCCCCHCCCCCHCCCCCCCCCCCC	0
403	6.388	8.240	9.673	33	535	6.1	9.1	CCECCCEHCCCCCCCCCCCCHCCCCCCCCECCC	0
404	6.385	8.189	8.632	33	535	9.1	12.1	CEECECEHCCCCCCCCHCCCHCCCCCCCCCCCC	0
405	6.329	8.086	9.963	33	535	6.1	9.1	CCECECCHCCCCCCCCCCCCHCCCCCCECCCCC	0
406	8.971	7.938	16.036	33	535	15.2	6.1	CCCCCCCHCCCHECHCCCCCHECCCCCCCCCHC	1
407	9.095	7.949	16.164	33	535	15.2	21.2	CECCCCCHCCEHECHECECCHECCCCCCCCEHC	1
408	9.045	7.872	16.018	33	535	12.1	9.1	CCCCCCCHCCEHECHCCCCCCCCCCCCCCCEHC	1
409	9.100	7.844	15.441	33	535	12.1	9.1	CCCCCCCHCCECCCHCCCCCHECCCCCCCCEHC	1
410	9.021	7.873	15.802	33	535	15.2	9.1	CCCCCCCHCCEHCCHCCCCCHECCCCCCCCEHC	1
411	9.059	7.914	16.426	33	535	9.1	6.1	CCCCCCCCCCCHCCCCCCCCHECCCCCCCCEHC	1
412	6.270	8.191	9.777	33	535	9.1	9.1	CCEECCCHCCCCCCCCHCCCHCCCCCCECCCCC	0
413	8.882	7.869	15.930	33	535	15.2	6.1	CCCCCCCHCCEHCCHCCCCCHCCCCCCCCCEHC	1
414	9.055	7.851	16.304	33	535	15.2	12.1	CCCCCCCHCCCHECHCCECCHCCCCCCECCEHC	1
415	9.038	7.876	16.416	33	535	15.2	12.1	CCCCCCCHECEHCCHECCCCHECCCCCCCCCHC	1
416	8.987	7.809	15.567	33	535	15.2	9.1	CCCCCCCHCCCHCCHECECCHCCCCCCCCCEHC	1
417	6.380	8.135	8.532	33	535	9.1	3.0	CCECCCCHCCCCCCCCHCCCHCCCCCCCCCCCC	0
418	6.411	8.121	9.072	33	535	6.1	12.1	CCEECCEHCCCCCCCCCCCCHCCCCCCCCECCC	0
419	6.359	8.056	8.731	33	535	6.1	12.1	CEEECCCHCCCCCCCCCCCCHCCCCCCECCCCC	0
420	8.965	7.964	16.339	33	535	12.1	15.2	CCCCCCCHCCEHECHCCCCCHECCCCCECCECC	1
421	6.516	8.114	8.981	33	535	6.1	6.1	CCEECCCHCCCCCCCCCCCCHCCCCCCCCCCCC	0
422	6.417	8.107	7.804	33	535	6.1	12.1	CCEECCCHCCCCCCCCCCCCHCCCCCCECECCC	0
423	6.332	8.073	8.301	33	535	6.1	6.1	CCEECCCHCCCCCCCCCCCCHCCCCCCCCCCCC	0
424	8.953	7.881	16.453	33	535	15.2	9.1	CCCCCCCHCCCHECHCCCCCHCCCCCCECCEHC	1
425	6.454	8.158	8.173	33	535	9.1	12.1	CCEECCEHCCCCCCCHCCCCHCCCCCCCCECCC	0
426	9.053	7.943	16.541	33	535	15.2	6.1	CCCCCCCHCCCHECHCCECCHCCCCCCCCCCHC	1
427	9.006	7.888	16.722	33	535	12.1	9.1	CCCCCCCCCCCHCCHCCECCHECCCCCCCCEHC	1
428	8.971	7.777	15.978	33	535	15.2	9.1	CCCCCCCHCCCHECHCCCCCHECCCCCCCCEHC	1
429	9.103	7.964	15.435	33	535	15.2	12.1	CCCCCCCHCCEHECHCCCCCHECCCCCCCCEHC	1
430	6.497	8.095	9.213	33	535	9.1	6.1	CCEECCCHCCCCCCCCHCCCHCCCCCCCCCCCC	0
431	6.316	8.084	9.378	33	535	9.1	12.1	CCECCCEHCCCCCCCCHCCCHCCCCCCECECCC	0
432	6.489	8.066	8.543	33	535	12.1	12.1	CEEECCCHCCCCCCCHCCCCHCCCCHCECCCCC	0
433	6.355	7.976	8.441	33	535	6.1	12.1	CCEECCEHCCCCCCCCCCCCHCCCCCCECCCCC	0
434	8.953	7.860	15.478	33	535	15.2	9.1	CCCCCCCHCCEHCCHCCCCCHECCCCCCCCEHC	1
435	6.461	8.201	7.930	33	535	9.1	15.2	CEEECCEHCCCCCCCCHCCCHCCCCCCECCCCC	0
436	6.424	8.050	8.744	33	535	9.1	9.1	CCEECCEHCCCCCCCCHCCCHCCCCCCCCCCCC	0
437	9.002	7.825	16.027	33	535	18.2	9.1	CCCCCCCHCCEHECHCCCCCHCCHCCCCCCEHC	1
438	6.389	7.979	8.409	33	535	9.1	9.1	CEEECCCHCCCCCCHCCCCCHCCCCCCCCCCCC	0
439	6.448	8.084	8.597	33	535	9.1	15.2	CEEECCEHCCCCCCCCCCCCHCCCCCHCCECCC	0
440	8.971	7.853	16.580	33	535	18.2	6.1	CCCCCCCHCCCHECHCCCCCHECHCCCCCCCHC	1
441	6.251	8.079	9.393	33	535	12.1	3.0	CCECCCCHCCCCCCCCHCCCHCCCCCHCCCCCC	0
442	9.026	7.861	15.946	33	535	18.2	9.1	CCCCCCCHCCEHCCHCCCCCHECHCCCCCCEHC	1
443	6.315	8.072	9.403	33	535	9.1	6.1	CCEECCCHCCCCCCCCHCCCHCCCCCCCCCCCC	0
444	6.327	8.079	9.182	33	535	9.1	12.1	CCEECCEHCCCCCCCCHCCCHCCCCCCECCCCC	0
445	8.940	7.843	16.402	33	535	15.2	9.1	CCCCCCCHCCCHECHCCCCCHECCCCCCCCEHC	1
446	8.847	7.927	16.076	33	535	15.2	9.1	CCCCCCCHCCEHCCHCCCECHECCCCCCCCCHC	1
447	6.273	8.131	8.331	33	535	12.1	9.1	CEEECCCHCCCCHCHHCCCCCCCCCCCCCCCCC	0
448	8.928	7.888	16.622	33	535	15.2	15.2	CCCCCCCHECEHECHECCCCHECCCCCCCCCHC	1
449	6.245	8.130	10.272	33	535	6.1	9.1	CCEECCEHCCCCCCCCCCCCHCCCCCCCCCCCC	0
450	6.333	8.204	8.685	33	535	12.1	12.1	CCEECCEHCCCCCCHHCCCCHCCCCCCCCECCC	0
451	9.056	7.876	16.596	33	535	15.2	6.1	CCCCCCCHCCEHECHCCCCCHCCCCCCCCCCHC	1
452	9.030	7.811	16.093	33	535	15.2	6.1	CCCCCCCHCCCHECHCCCCCHCCCCCCCCCEHC	1
453	8.916	7.840	15.581	33	535	15.2	3.0	CCCCCCCHCCEHCCHCCCCCHCCCCCCCCCCHC	1
454	9.106	7.861	15.650	33	535	15.2	9.1	CCCCCCCHECCHECHCCCCCHCCCCCCCCCEHC	1
455	6.721	7.723	15.791	33	535	18.2	3.0	CHCCCCCHCCCCCCCCCCHCHCCCCHCCCECHC	2
456	8.982	7.802	15.805	33	535	15.2	9.1	CCCCCCCHECCHCCHCCCCCHECCCCCCCCEHC	1
457	6.332	8.199	10.356	33	535	18.2	12.1	CCEECCEHCCCCCCCCHCCCHCCHCCHCCEHCC	0
458	6.330	8.178	10.349	33	535	9.1	9.1	CCEECCEHCCCCCCCCHCCCHCCCCCCCCCCCC	0
459	6.291	8.194	9.979	33	535	12.1	6.1	CCEECCCHCCCCCCCCHCCCHCCCCCHCCCCCC	0
460	9.073	7.882	16.963	33	535	15.2	12.1	CCCCCCCHCCEHCCHCCCECHCCCCCCECCEHC	1
461	8.997	7.888	16.062	33	535	15.2	12.1	CCCCCCCHCCCHECHECCCCHECCCCCCCCEHC	1
462	6.350	8.189	9.622	33	535	9.1	9.1	CEECCCCHCCCCCCCHCCCCCCCCCCCCCEHCC	0
463	6.281	8.161	9.224	33	535	9.1	6.1	CCEECCCHCCCCCCCCCCCCHCCCCCCCCCHCC	0
464	8.978	7.879	15.728	33	535	15.2	12.1	CCCCCCCHCCEHECHCCCCCHECCCCCECCCHC	1
465	6.185	8.129	9.100	33	535	12.1	6.1	CCEECCCHCCCCCCCCHCCCHCCCCHCCCCCCC	0
466	6.297	8.178	10.091	33	535	6.1	9.1	CCEECCEHCCCCCCCCCCCCCCCCCCHCCCCCC	0
467	9.022	7.802	16.593	33	535	15.2	6.1	CCCCCCCHECEHCCHCCCCCHCCCCCCCCCCHC	1
468	6.452	8.170	9.789	33	535	6.1	12.1	CEEECCEHCCCCCCCCCCCCHCCCCCCCCCCCC	0
469	8.957	7.885	16.333	33	535	15.2	6.1	CCCCCCCHCCEHCCHECCCCHCCCCCCCCCCHC	1
470	6.434	8.090	10.083	33	535	9.1	9.1	CCEECCEHCCCCCCCCHCCCHCCCCCCCCCCCC	0
471	6.044	8.253	10.402	33	535	9.1	6.1	CCEECCCHCCCCCCCCCCCCHCCCCCCCCCHCC	0
472	8.854	7.872	15.939	33	535	15.2	6.1	CCCCCCCHCCCHECHCCCCCHECCCCCCCCCHC	1
473	6.093	8.309	9.839	33	535	15.2	9.1	CCEECCEHCCCCCCCCHCCCHCCCCCHCCCHCC	0
474	8.846	7.891	16.263	33	535	15.2	9.1	CCCCCCCHCCEHCCHCCCCCHCCCCCCECCEHC	1
475	8.906	7.861	16.349	33	535	15.2	15.2	CCCCCCCHCCEHECHECCCCHECCCCCCCCEHC	1
476	8.979	7.848	16.098	33	535	15.2	3.0	CCCCCCCHCCEHCCHCCCCCHCCCCCCCCCCHC	1
477	6.630	7.575	15.482	33	535	21.2	3.0	CHCCCCCHCCCCCCCCCCHCHCCHCCCECCHHC	2
478	6.732	7.728	16.597	33	535	15.2	6.1	CHCCCCCHCCCCCCCCCHCCCCCCCCCECEHHC	2
479	8.842	7.878	16.377	33	535	15.2	6.1	CCCCCCCHCCCHCCHCCCCCHECCCCCCCCEHC	1
480	6.122	8.085	9.676	33	535	9.1	9.1	CCEECCEHCCCCCCCCHCCCHCCCCCCCCCCCC	0
481	8.994	7.864	16.351	33	535	15.2	12.1	CCCCCCCHCCEHCCHCCCCCHECCCCCECCEHC	1
482	8.891	7.842	16.555	33	535	15.2	9.1	CCCCCCCHECEHCCHCCCCCHECCCCCCCCCHC	1
483	8.959	7.870	16.464	33	535	15.2	9.1	CCCCCCCHECCHECHCCCCCHECCCCCCCCCHC	1
484	9.031	7.830	16.632	33	535	15.2	9.1	CCCCCCCHCCEHECHCCCCCHCCCCCCCCCEHC	1
485	8.848	7.868	16.767	33	535	15.2	12.1	CECCECCHCCEHCCHCCCCCHECCCCCCCCCHC	1
486	8.968	7.860	16.172	33	535	12.1	9.1	CECCCCCCCCCHCCHCCCCCHECCCCCECCCHC	1
487	6.641	7.720	16.030	33	535	12.1	3.0	CCCCCCCHECCCCCCCCCCCHCCCCCCCCCHHC	2
488	8.977	7.848	15.942	33	535	15.2	12.1	CCCCCCCHCCEHECHCCCCCHECCCCCCCCEHC	1
489	8.937	7.858	15.612	33	535	12.1	6.1	CCCCCCCHCCEHCCHCCCCCHCCCCCCCCCECC	1
490	6.590	7.635	15.758	33	535	21.2	3.0	CHCCCCCHCCCCCCCCCCHCHCCCCHCCCEHHC	2
491	9.155	7.916	17.118	33	535	15.2	18.2	CECCCCCHCCEHECHECCCCHECCCCCCCCEHC	1
492	8.993	7.841	16.114	33	535	15.2	9.1	CCCCCCCHCCCHCCHCCCCCHECCCCCECCEHC	1
493	6.259	8.135	8.466	33	535	12.1	9.1	CCEECCEHCCCCCCCCHCCCHCCCCCCCCCHCC	0
494	8.875	7.827	16.427	33	535	15.2	9.1	CCCCCCCHCCEHECHCCCCCHCCCCCCCCCEHC	1
495	8.882	7.999	16.091	33	535	15.2	15.2	CCCCCCCHCCEHECHECCCCHECCCCCCCCEHC	1
496	8.792	7.994	16.659	33	535	15.2	9.1	CCCCCCCHCCEHCCHECCCCHCCCCCCCCCEHC	1
497	8.850	7.906	15.941	33	535	15.2	6.1	CCCCCCCHCCEHCCHCCCCCHECCCCCCCCCHC	1
498	6.268	8.079	8.564	33	535	12.1	6.1	CCEECCCHCCCCCCCCHCCCHCCHCCCCCCCCC	0
499	6.198	8.035	8.296	33	535	15.2	9.1	CCEECCCHCCCCHCCCCCCCHCCCCHCCCEHCC	0
500	6.487	7.676	15.761	33	535	21.2	6.1	CHCCCCCHCCCCCCCCCHCCHCCHCCCECEHHC	2
501	8.943	7.843	16.811	33	535	15.2	18.2	CECCCCCHCCCHECHCCCECHECCCCCECCEHC	1
502	6.309	8.007	8.329	33	535	9.1	6.1	CCEECCCHCCCCCCCCHCCCHCCCCCCCCCCCC	0
503	8.957	7.926	17.752	33	535	12.1	15.2	CCCCCCCHCCEHCCHECCECHECCCCCCCCECC	1
504	6.512	7.652	15.638	33	535	21.2	0.0	CHCCHCCHCCCCCCCCCCHCHCCCCCCCCCHHC	2
505	6.386	8.022	8.494	33	535	12.1	6.1	CCEECCCHCCCCHCCHCCCCHCCCCCCCCCCCC	0
506	6.397	7.658	15.941	33	535	9.1	0.0	CCCCCCCHCCCCCCCCCCCCHCCCCCCCCCHCC	2
507	6.327	8.140	9.019	33	535	9.1	9.1	CCEECCEHCCCCCCCCHCCCHCCCCCCCCCCCC	0
508	6.443	8.190	9.778	33	535	15.2	6.1	CCEECCCHCCCCCCCCHCCCHCCCCHCCCCHCC	0
509	6.479	8.096	9.342	33	535	9.1	6.1	CCECCCCHCCCCCCCHCCCCHCCCCCCCCECCC	0
510	6.366	8.159	8.151	33	535	12.1	9.1	CCEECCCHCCCCCCCCHCCCHCCCCHCCCECCC	0
511	6.498	8.147	10.027	33	535	9.1	9.1	CEEECCCCCCCCCCCCHCCCHCCCCHCCCCCCC	0
512	6.603	7.613	16.200	33	535	15.2	0.0	CHCCCCCHCCCCCCCCCCCCHCCCCCCCCCHHC	2
513	8.959	7.870	16.152	33	535	15.2	9.1	CECCCCCHCCCHCCHCCCCCHCCCCCCECCEHC	1
514	6.496	8.126	9.947	33	535	15.2	9.1	CEEECCCHCCCCCCCCHCCCHCCCCHCCCCHCC	0
515	8.924	7.854	16.920	33	535	15.2	9.1	CCCCCCCHCCCHCCHECCECHCCCCCCCCCEHC	1
516	6.516	8.136	9.164	33	535	12.1	6.1	CCEECCCHCCCCCCCCHCCCHCCCCHCCCCCCC	0
517	6.401	8.154	9.997	33	535	15.2	6.1	CCEECCCHCCCCHCCHCCCCHCCCCHCCCCCCC	0
518	6.452	7.734	16.064	33	535	15.2	0.0	CHCCCCCHCCCCCCCCCCCCHCCCCCCCCCHHC	2
519	6.520	7.799	15.993	33	535	15.2	3.0	CHCCCCCHCCCCCCCCCCCCHCCCCCCCCEHHC	2
520	6.328	8.118	9.398	33	535	9.1	9.1	CCEECCCHCCCCCCCCCCCCHCCCCHCCCECCC	0
521	6.441	8.178	9.327	33	535	6.1	9.1	CCEECCCHCCCCCCCCCCCCHCCCCCCCCECCC	0
522	8.892	7.853	16.511	33	535	15.2	12.1	CCCCCCCHECEHECHCCCCCHCCCCCCCCCEHC	1
523	6.160	8.201	10.192	33	535	12.1	12.1	CEEECCCHCCCCCCCCHCCCHCCCCCHCCECCC	0
524	9.021	7.855	16.480	33	535	15.2	6.1	CCCCCCCHCCEHCCHCCCCCHCCCCCCCCCEHC	1
525	6.539	7.635	15.482	33	535	12.1	0.0	CCCCHHHHCCCCCCCCCCCCCCCCCCCCCCCCC	2
526	6.301	8.231	9.773	33	535	6.1	9.1	CCEECCEHCCCCCCCCCCCCHCCCCCCCCCCCC	0
527	8.951	7.913	16.065	33	535	15.2	12.1	CCCCCCCHCCEHCCHECCCCHCCCCCCECCEHC	1
528	9.022	7.780	16.279	33	535	15.2	3.0	CCCCCCCHCCCHCCHCCCCCHCCCCCCCCCEHC	1
529	6.230	8.092	9.596	33	535	12.1	9.1	CCEECCEHCCCCCCCCHCCCHCCCCCHCCCCCC	0
530	9.068	7.856	16.089	33	535	15.2	9.1	CCCCCCCHCCCHECHECCCCHCCCCCCCCCEHC	1
531	8.996	7.877	16.578	33	535	15.2	9.1	CCCCCCCHCCEHECHCCCCCHCCCCCCCCCEHC	1
532	8.981	7.867	17.281	33	535	15.2	6.1	CCCCCCCHCCEHCCHCCCCCHCCCCCCCCCEHC	1
533	6.122	8.187	9.662	33	535	21.2	6.1	CCEECCCHCCCCCCHCHCCCHCCCCHCHCCHCC	0
534	9.160	7.840	16.777	33	535	12.1	9.1	CCCCCCCHCCCHECHECCCCHCCCCCCECCCCC	1
535	9.038	7.894	16.166	33	535	12.1	9.1	CCCCCCCCECEHCCHCCCCCHCCCCCCCCCEHC	1
536	9.090	7.869	16.723	33	535	12.1	15.2	CCCCCCCHCCEHECHCCCCCCECCCCCECCEHC	1
537	6.386	8.208	9.124	33	535	9.1	6.1	CCEECCCHCCCCCCCCHCCCHCCCCCCCCCCCC	0
538	6.318	8.073	8.906	33	535	12.1	6.1	CCEECCCHCCCCCCHCCCCCHCCCCCCCCCHCC	0
539	9.095	7.830	16.399	33	535	15.2	12.1	CCCCCCCHECCHECHCCCECHCCCCCCCCCEHC	1
540	6.416	8.108	9.793	33	535	9.1	12.1	CCEECCEHCCCCCCCCHCCCCCCCCHCCCECCC	0
541	8.941	7.922	16.811	33	535	15.2	9.1	CCCCCCCHCCCHECHCCCCCHCCCCCCECCEHC	1
542	6.189	8.123	10.319	33	535	15.2	6.1	CCEECCCHCCHCCCCCCCCCHCCCCCHCCCHCC	0
543	6.538	7.677	15.827	33	535	15.2	6.1	CHCCCCCHCCCCCCCCCCCCHCCCCCCECEHHC	2
544	8.961	7.911	17.214	33	535	15.2	9.1	CCCCCCCHCCEHECHCCCCCHCCCCCCCCCEHC	1
545	6.284	8.040	9.338	33	535	9.1	6.1	CCECCCEHCCCCCCCCCCCCHCCCCCCCCCHCC	0
546	9.079	7.866	16.997	33	535	15.2	6.1	CCCCCCCHCCEHECHCCCCCHCCCCCCCCCCHC	1
547	9.193	7.886	16.599	33	535	15.2	12.1	CECCCCCHCCEHECHCCCCCHCCCCCCECCCHC	1
548	9.109	7.889	16.462	33	535	12.1	15.2	CECCCCCHCCECECHCCCCCHCCCCCCECCEHC	1
549	6.600	7.677	16.530	33	535	18.2	6.1	CHCCCCCHCCCCCCCCCCHCHCCCCCCECEHHC	2
550	6.507	8.230	9.215	33	535	9.1	9.1	CCEECCEHCCCCCCCCHCCCHCCCCCCCCCCCC	0
551	9.037	7.906	16.794	33	535	12.1	15.2	CECCCCCHCCECCCHCCCECHCCCCCCECCEHC	1
552	9.067	7.853	16.254	33	535	15.2	9.1	CECCCCCHCCEHECHCCCCCHCCCCCCCCCCHC	1
553	6.577	8.235	11.219	33	535	15.2	9.1	CCEECCCHCCCCCCCHHCCCHCCCCHCCCECCC	0
554	6.777	7.862	17.100	33	535	12.1	0.0	CCCCHHHHCCCCCCCCCCCCCCCCCCCCCCCCC	2
555	8.926	7.916	15.562	33	535	15.2	9.1	CCCCCCCHECCHCCHCCCECHCCCCCCCCCEHC	1
556	6.421	8.092	9.282	33	535	15.2	9.1	CCECCCEHCCCCCCCHHCCCHCCHCCCCCECCC	0
557	6.482	8.113	9.548	33	535	9.1	9.1	CCEECCCHCCCCCCCCCCCCCCCCCHCCCEHCC	0
558	6.450	8.125	10.431	33	535	9.1	9.1	CCEECCEHCCCCCCHCCCCCHCCCCCCCCCCCC	0
559	6.795	7.825	16.923	33	535	15.2	3.0	CHCCHCCHCCCCCCCCCCCCHCCCCCCCCECHC	2
560	6.793	7.684	16.775	33	535	12.1	0.0	CCCCHHHHCCCCCCCCCCCCCCCCCCCCCCCCC	2
561	9.024	7.988	17.332	33	535	15.2	12.1	CCCCCCCHECEHECHCCCCCHCCCCCCCCCEHC	1
562	8.965	7.872	16.790	33	535	15.2	12.1	CCCCCCCHECEHCCHECCCCHCCCCCCCCCEHC	1
563	6.816	7.646	16.122	33	535	18.2	3.0	CHCCCCCHCCCCCCCCCCCCHCCCCHCCCEHHC	2
564	9.083	7.823	15.698	33	535	12.1	15.2	CCCCCCCHECEHECCCCCCCHCCCCCCECCEHC	1
565	9.008	7.860	16.721	33	535	12.1	18.2	CECCCCCHECEHECHCCCCCHECCCCCCCCECC	1
566	9.010	7.916	17.415	33	535	15.2	9.1	CCCCCCCHECCHCCHECCCCHCCCCCCCCCEHC	1
567	6.458	8.152	10.176	33	535	9.1	12.1	CEEECCEHCCCCCCCCHCCCHCCCCCCCCCCCC	0
568	6.366	8.098	9.479	33	535	9.1	6.1	CCEECCCHCCHCCCCCCCCCHCCCCCCCCCCCC	0
569	6.448	8.093	9.195	33	535	6.1	12.1	CCEECCEHCCCCCCCCCCCCHCCCCCCCCECCC	0
570	9.037	7.921	17.270	33	535	15.2	21.2	CECCCCCHECEHECHECCCCHCCCCCCECCEHC	1
571	6.317	8.234	10.266	33	535	9.1	9.1	CCEECCEHCCCCCCCCHCCCHCCCCCCCCCCCC	0
572	6.602	8.513	10.255	33	535	15.2	12.1	CEEECCCHCCHCCCCCHCCCHCCCCCCCCEHCC	0
573	6.598	8.271	10.695	33	535	9.1	9.1	CEECCCEHCCCCCCCCCCCCHCCCCCCCCCHCC	0
574	6.590	8.319	9.782	33	535	15.2	6.1	CCEECCCHCCHCCCCCHCCCHCCCCCHCCCCCC	0
575	9.030	7.953	16.865	33	535	15.2	9.1	CCCCCCCHCCEHECHCCCCCHCCCCCCCCCEHC	1
576	9.244	7.868	17.512	33	535	12.1	12.1	CCCCCCCCCCEHCCHECCCCHCCCCCCECCEHC	1
577	6.545	8.177	9.746	33	535	15.2	6.1	CCEECCCHCCCCCCHCCCCCHCCCCHCCCCHCC	0
578	8.931	7.968	16.659	33	535	15.2	6.1	CCCCCCCHCCEHECHCCCCCHCCCCCCCCCCHC	1
579	9.111	7.896	16.005	33	535	15.2	9.1	CCCCCCCHCCEHCCHCCCCCHCCCCCCECCEHC	1
580	9.075	7.846	16.681	33	535	12.1	9.1	CECCCCCHCCECCCHCCCCCHCCCCCCECCCHC	1
581	6.581	7.646	15.616	33	535	15.2	3.0	CHCCCCCHCCCCCCCCCCCCHCCCCCCECCHHC	2
582	9.203	7.837	16.875	33	535	15.2	12.1	CCCCCCCHCCEHECHCCECCHCCCCCCCCCEHC	1
583	6.648	7.724	16.123	33	535	9.1	0.0	CHCCCCCHCCCCCCCCCCCCCCCHCCCCCCCCC	2
584	6.113	8.240	10.678	33	535	12.1	6.1	CCCECCEHCCCCCCHCHCCCHCCCCCCCCCCCC	0
585	9.082	7.921	18.288	33	535	15.2	12.1	CCCCCCCHCCEHECHCCECCHECCCCCCCCCHC	1
586	6.287	8.262	9.552	33	535	12.1	9.1	CEECCCCHCCCCCCCCHCCCHCCCCCCCCEHCC	0
587	6.360	8.237	10.545	33	535	9.1	9.1	CCEECCEHCCCCCCCCCCCCHCCCCCHCCCCCC	0
588	9.072	7.910	16.434	33	535	15.2	6.1	CCCCCCCHECCHCCHCCCECHCCCCCCCCCCHC	1
589	6.169	8.163	9.989	33	535	18.2	12.1	CEEECCCHCCHCCCCCHCCCHCCCCCHECCHCC	0
590	6.574	7.697	16.554	33	535	12.1	0.0	CCCCHHHHCCCCCCCCCCCCCCCCCCCCCCCCC	2
591	6.609	7.738	16.407	33	535	18.2	6.1	CHCCCCCHCCCCCCCCCCHCHCCCCCCECEHHC	2
592	6.161	8.257	11.252	33	535	12.1	15.2	CECECCEHCCCCCCHCHCCCHCCCCCCECECCC	0
593	6.756	7.698	15.832	33	535	18.2	3.0	CHCCCCCHCCCCCCCCCCHCHCCCCCCCCEHHC	2
594	5.899	8.136	10.980	33	535	6.1	6.1	CCCCCCEHCCCCCCCCCCCCHCCCCCCCCECCC	0
595	9.183	7.766	16.169	33	535	12.1	9.1	CCCCCCCHECEHECHCCCCCHCCCCCCCCCCCC	1
596	9.167	7.848	16.451	33	535	15.2	6.1	CCCCCCCHCCCHECHCCCCCHCCCCCCCCCEHC	1
597	9.075	7.726	15.961	33	535	15.2	6.1	CCCCCCCHCCEHCCHCCCCCHCCCCCCCCCEHC	1
598	6.029	8.192	9.758	33	535	12.1	12.1	CEECCCCHCCHCCCCCHCCCHCCCCCCECECCC	0
599	6.048	8.183	10.615	33	535	6.1	9.1	CCECCCEHCCCCCCCCCCCCHCCCCCCCCECCC	0
600	6.017	8.092	10.217	33	535	9.1	9.1	CEECCCCHCCCCCCCCHCCCHCCCCCCCCECCC	0
601	9.028	7.850	16.169	33	535	15.2	12.1	CCCCCCCHCCEHECHCCCCCHCCCCCCECCEHC	1
602	9.105	7.854	17.131	33	535	12.1	12.1	CECCCCCHECEHECHCCCCCHCCCCCCCCCCCC	1
603	6.627	7.589	15.438	33	535	21.2	6.1	CHCCCCCHCCCCCCCCCCCCHCCHCHCECEHHC	2
604	6.159	8.211	10.521	33	535	3.0	12.1	CECECCECCCCCCCCCCCCCHCCCCCCECCCCC	0
605	9.114	7.795	16.999	33	535	15.2	3.0	CCCCCCCHCCEHCCHCCCCCHCCCCCCCCCCHC	1
606	9.017	7.861	16.420	33	535	9.1	6.1	CCCCCCCCCCCHECHCCCCCHCCCCCCCCCECC	1
607	6.721	7.820	16.968	33	535	12.1	6.1	CHCCCCCHCCCCCCCCCCCCCCCCCCCECEHHC	2
608	9.045	7.911	15.972	33	535	15.2	9.1	CECCCCCHCCEHECHCCCCCHCCCCCCCCCCHC	1
609	6.098	8.076	10.094	33	535	15.2	12.1	CCCECCEHCCCCCCHCHCCCHCCCCCCECEHCC	0
610	9.056	7.845	16.348	33	535	15.2	9.1	CCCCCCCHCCEHCCHCCCCCHECCCCCCCCEHC	1
611	6.128	8.077	10.490	33	535	6.1	18.2	CEEECCECCCCCCCCCHCCCHCCCCCCECECCC	0
612	6.064	8.192	9.615	33	535	6.1	6.1	CECCCCCHCCCCCCCCCCCCHCCCCCCCCECCC	0
613	6.769	7.702	16.658	33	535	18.2	6.1	CHCCCCCHCCCCCCCCCCCCHCCCCHCECEHHC	2
614	6.770	7.767	17.204	33	535	18.2	3.0	CHCCCCCHCCCCCCCCCCHCHCCCCCCCCEHHC	2
615	6.151	8.206	10.148	33	535	9.1	0.0	CCCCCCCHCCCCCCCCHCCCHCCCCCCCCCCCC	0
616	6.039	8.169	11.064	33	535	12.1	9.1	CCECCCEHCCCCCCCCHCCCHCCCCCCECCHCC	0
617	6.006	8.097	11.201	33	535	9.1	15.2	CECECCEHCCCCCCCCCCCCHCCCCCCECEHCC	0
618	9.273	7.858	16.761	33	535	12.1	9.1	CCCCCCCHECEHCCHCCCCCHCCCCCCCCCECC	1
619	9.142	7.822	17.273	33	535	15.2	9.1	CCCCCCCHECEHCCHCCCCCHCCCCCCECCCHC	1
620	9.154	7.802	16.908	33	535	15.2	3.0	CCCCCCCHCCCHECHCCCCCHCCCCCCCCCCHC	1
621	9.081	7.835	15.892	33	535	15.2	3.0	CCCCCCCHCCEHCCHCCCCCHCCCCCCCCCCHC	1
622	6.667	7.646	15.890	33	535	12.1	0.0	CCCCHHHHCCCCCCCCCCCCCCCCCCCCCCCCC	2
623	6.336	8.382	12.227	33	535	9.1	6.1	CCEECCCHCCCCCCCCHCCCHCCCCCCCCCCCC	0
624	6.743	7.635	16.053	33	535	12.1	0.0	CCCCHHHHCCCCCCCCCCCCCCCCCCCCCCCCC	2
625	9.205	7.937	16.941	33	535	12.1	6.1	CCCCCCCHCCEHCCHCCCECHCCCCCCCCCCCC	1
626	9.189	7.849	16.743	33	535	12.1	12.1	CCCCCCCCECCHCCHCCCECHCCCCCCECCEHC	1
627	9.185	7.896	16.593	33	535	15.2	6.1	CCCCCCCHCCEHCCHCCCCCHCCCCCCCCCEHC	1
628	6.801	7.715	16.512	33	535	12.1	6.1	CHCCCCCHCCCCCCCCCCCCHCCCCCCECECHC	2
629	9.103	7.856	16.432	33	535	12.1	6.1	CECCCCCHCCCHCCHCCCCCHCCCCCCCCCECC	1
630	9.130	7.881	17.101	33	535	12.1	3.0	CCCCCCCHCCCHECHCCCCCHCCCCCCCCCCCC	1
631	6.027	8.254	11.392	33	535	12.1	6.1	CECCCCEHCCCCCCCCHCCCHCCCCCCCCCHCC	0
632	6.012	8.318	10.927	33	535	15.2	3.0	CECCCCCHCCCCCCCCHCCCHCCHCCCCCCHCC	0
633	5.955	8.334	10.320	33	535	9.1	12.1	CECECCEHCCCCCCCCHCCCHCCCCCCECCCCC	0
634	6.042	8.229	10.843	33	535	9.1	9.1	CCECCCEHCCCCCCCCHCCCHCCCCCCECCCCC	0
635	5.908	7.994	10.250	33	535	6.1	9.1	CEEECCCHCCCCCCCCCCCCHCCCCCCCCCCCC	0
636	8.978	7.854	16.010	33	535	15.2	9.1	CCCCCCCHCCEHECHCCCCCHCCCCCCCCCEHC	1
637	6.033	8.110	11.222	33	535	6.1	12.1	CEEECCCHCCCCCCCCCCCCHCCCCCCECCCCC	0
638	6.642	7.664	16.367	33	535	21.2	3.0	CCCCHCCHCCCCCCCCCCHCHCCCCHCECCHHC	2
639	9.114	7.859	16.038	33	535	15.2	6.1	CCCCCCCHCCEHECHCCCCCHCCCCCCCCCCHC	1
640	6.057	8.280	12.617	33	535	9.1	6.1	CECECCCHCCCCCCHCCCCCHCCCCCCCCCCCC	0
641	5.992	8.316	11.719	33	535	9.1	12.1	CCEECCCHCCCCCCCCCCCCHCCCCCCECEHCC	0
642	9.122	7.894	17.104	33	535	15.2	12.1	CCCCCCCHCCCHECHCCCECHCCCCCCECCEHC	1
643	9.092	7.858	16.938	33	535	15.2	9.1	CECCCCCHCCEHCCHCCCCCHCCCCCCCCCEHC	1
644	5.956	8.091	10.818	33	535	15.2	9.1	CEECCCCHCCHCCCCCHCCCHCCCCHCECCCCC	0
645	8.931	7.948	16.246	33	535	15.2	9.1	CCCCCCCHCCEHCCHCCCCCHCCCCCCECCEHC	1
646	9.006	7.955	16.326	33	535	15.2	9.1	CCCCCCCHCCEHECHCCCCCHECCCCCCCCCHC	1
647	9.031	7.906	16.711	33	535	9.1	9.1	CCCCCCCHCCCCECHCCCCCHCCCCCCECCECC	1
648	9.123	7.859	16.575	33	535	12.1	6.1	CCCCCCCHCCEHCCHCCCCCHCCCCCCECCCCC	1
649	9.194	7.806	15.998	33	535	15.2	9.1	CECCCCCHECEHCCHCCCCCHCCCCCCCCCCHC	1
650	9.190	7.814	16.657	33	535	12.1	6.1	CCCCCCCHCCCHCCHCCCECHCCCCCCCCCECC	1
651	5.925	8.180	11.292	33	535	6.1	6.1	CECCCCCHCCCCCCCCCCCCHCCCCCCECCCCC	0
652	5.985	8.051	10.786	33	535	12.1	9.1	CEEECCCHCCCCCCCCHCCCCCCHCCCCCCHCC	0
653	6.111	8.242	11.630	33	535	3.0	12.1	CEEECCCCCCCCCCCCCCCCHCCCCCCECCCCC	0
654	8.991	7.893	16.652	33	535	15.2	6.1	CCCCCCCHCCCHCCHCCCCCHECCCCCCCCEHC	1
655	6.009	8.078	9.929	33	535	9.1	9.1	CEECCCEHCCHCCCCCCCCCHCCCCCCCCCCCC	0
656	6.121	8.255	11.263	33	535	18.2	6.1	CEECCCCHCCHCCCHCHCCCHCCCCHCCCCCCC	0
657	9.285	7.816	17.123	33	535	12.1	6.1	CECCCCCHCCCHECHCCCCCHCCCCCCCCCCCC	1
658	9.314	7.892	17.747	33	535	9.1	6.1	CCCCCCCHCCCCECHCCCCCHCCCCCCCCCECC	1
659	6.786	7.643	16.210	33	535	21.2	3.0	CHCCCCCHCCCCCCCCCCHCCCCHCHCCCEHHC	2
660	6.688	7.654	16.412	33	535	12.1	0.0	CCCCHHHHCCCCCCCCCCCCCCCCCCCCCCCCC	2
661	6.721	7.669	16.288	33	535	12.1	0.0	CCCCHHHHCCCCCCCCCCCCCCCCCCCCCCCCC	2
662	6.143	8.305	11.352	33	535	6.1	9.1	CCEECCEHCCCCCCCCCCCCHCCCCCCCCCCCC	0
663	6.179	8.370	11.373	33	535	9.1	12.1	CEEECCEHCCCCCCCCHCCCHCCCCCCCCCCCC	0
664	6.316	8.229	11.135	33	535	9.1	9.1	CCEECCEHCCCCCCCCHCCCHCCCCCCCCCCCC	0
665	6.063	8.156	10.042	33	535	18.2	9.1	CCEECCCHCCHCCCCHHCCCHCCCCCCECCHCC	0
666	6.222	8.326	11.900	33	535	9.1	15.2	CEEECCEHCCCCCCCCCCCCHCCCCCCECCHCC	0
667	6.071	8.284	12.568	33	535	9.1	9.1	CEECCCEHCCCCCCCCHCCCCCCCCCCCCCHCC	0
668	9.385	7.868	17.718	33	535	15.2	6.1	CECCCCCHCCCHCCHECCCCHCCCCCCCCCCHC	1
669	6.125	8.366	12.359	33	535	12.1	9.1	CCECCCEHCCHCCCHCCCCCHCCCCCCECCCCC	0
670	6.023	8.272	11.133	33	535	15.2	9.1	CECECCCHCCCCCCHCHCCCHCCHCCCECCCCC	0
671	6.120	8.402	11.187	33	535	15.2	6.1	CECCCCEHCCHCCCCHCCCCCCCCCHCCCCHCC	0
672	6.635	7.561	15.688	33	535	18.2	0.0	CHCCCCCCCCCCCCCCHCCCHCCCCHCCCCHHC	2
673	9.338	7.908	17.726	33	535	9.1	3.0	CCCCCCCHCCCCCCHECCCCHCCCCCCCCCCCC	1
674	9.203	7.904	17.573	33	535	9.1	15.2	CECCCCCHECCCECHCCCCCHCCCCCCECCECC	1
675	9.254	7.941	17.727	33	535	12.1	3.0	CCCCCCCHCCCCCCHCCCCCHCCCCCCECCCHC	1
676	6.057	8.371	12.200	33	535	12.1	12.1	CEECCCEHCCHCCCHCCCCCHCCCCCCECCCCC	0
677	9.333	7.907	18.466	33	535	12.1	6.1	CCCCCCCHECEHCCHCCCCCHCCCCCCCCCCCC	1
678	6.096	8.312	12.200	33	535	15.2	9.1	CCEECCCHCCHCCCCHCCCCHCCHCCCECCCCC	0
679	6.003	8.352	11.306	33	535	18.2	3.0	CCCECCCHCCCCCCHHCCCCHCCHCCCCCCHCC	0
680	6.115	8.371	11.741	33	535	15.2	9.1	CCEECCEHCCHCCCCCCCCCHCCHCCCCCCHCC	0
681	9.057	7.894	17.135	33	535	12.1	6.1	CCCCCCCHCCEHCCHCCCCCHCCCCCCCCCECC	1
682	6.006	8.207	11.485	33	535	15.2	9.1	CCEECCEHCCHCCCHHCCCCHCCCCCCCCCCCC	0
683	6.209	8.462	11.999	33	535	9.1	9.1	CEEECCCHCCCCCCHCCCCCCCCCCCCCCCHCC	0
684	9.104	7.881	16.738	33	535	15.2	9.1	CCCCCCCHCCEHECHCCCCCHCCCCCCCCCEHC	1
685	5.972	8.320	10.686	33	535	6.1	9.1	CCECCCEHCCHCCCCCCCCCCCCCCCCECCCCC	0
686	6.225	8.494	12.014	33	535	9.1	9.1	CECECCEHCCCCCCCCCCCCHCCCCCCCCCHCC	0
687	6.061	8.268	11.052	33	535	18.2	6.1	CECCCCCHCCHCCCCHCCCCHCCHCHCECCCCC	0
688	9.001	7.835	16.254	33	535	15.2	6.1	CCCCCCCHCCEHCCHCCCCCHCCCCCCCCCEHC	1
689	8.937	7.852	15.960	33	535	12.1	6.1	CCCCCCCHCCCHCCHECCCCHCCCCCCCCCECC	1
690	6.573	7.762	16.714	33	535	21.2	6.1	CHCCHCCHCCCCCCCCCHCCHCCCCCCECEHHC	2
691	8.893	7.883	16.664	33	535	18.2	6.1	CCCCCCCHCCEHCCHCCCCCHCCHCCCCCCEHC	1
692	8.916	7.982	16.065	33	535	12.1	12.1	CCCCCCCHCCEHECHECCCCHCCCCCCCCCECC	1
693	6.462	7.684	15.798	33	535	12.1	0.0	CHCCCCCHCCCCCCCCCCCCCCCCCCCCCCHHC	2
694	6.025	8.432	11.588	33	535	9.1	12.1	CEEECCEHCCHCCCCCCCCCCCCCCHCCCCCCC	0
695	6.232	8.421	11.454	33	535	9.1	6.1	CEECCCCHCCCCCCHHCCCCCCCCCCCCCCCCC	0
696	8.854	7.916	16.312	33	535	9.1	9.1	CCCCCCCHCCCHECCCCCCCHECCCCCCCCECC	1
697	6.625	7.717	16.545	33	535	21.2	0.0	CHCCCCCHCCCCCCCCCCHCHCCHCCCCCCHHC	2
698	8.878	7.875	15.981	33	535	15.2	9.1	CCCCCCCHCCEHCCHECCCCHCCCCCCCCCEHC	1
699	6.164	8.395	11.617	33	535	6.1	6.1	CECCCCEHCCCCCCCCCCCCCCCCCCCCCCHCC	0
700	8.967	7.927	16.615	33	535	15.2	12.1	CCCCCCCHECCHECHCCCCCHECCCCCECCCHC	1
701	6.016	8.357	10.480	33	535	12.1	12.1	CEEECCEHCCHCCCHCCCCCCCCCCCCCCCHCC	0
702	8.953	7.869	16.656	33	535	15.2	9.1	CCCCCCCHECCHCCHCCCCCHECCCCCECCCHC	1
703	6.224	8.348	12.125	33	535	9.1	12.1	CEEECCEHCCCCCCHCCCCCHCCCCCCCCCCCC	0
704	6.050	8.374	11.875	33	535	15.2	6.1	CECCCCCHCCCCCCCHCCCCHCCCCHCECCHCC	0
705	8.938	7.933	17.128	33	535	12.1	3.0	CCCCCCCHCCCHCCHCCCCCHCCCCCCCCCECC	1
706	9.019	7.907	16.702	33	535	15.2	15.2	CCCCCCCHECEHECHCCCCCHCCCCCCECCEHC	1
707	5.991	8.368	11.977	33	535	9.1	9.1	CECECCCHCCHCCCCCCCCCHCCCCCCECCCCC	0
708	9.012	7.900	16.413	33	535	15.2	6.1	CCCCCCCHCCCHECHCCCCCHCCCCCCCCCEHC	1
709	6.670	7.751	16.332	33	535	21.2	6.1	CHCCCCCHCCCCCCCCCCHCHCCCCHCECEHHC	2
710	8.872	7.910	16.569	33	535	15.2	12.1	CCCCCCCHCCEHECHCCCECHCCCCCCCCCEHC	1
711	6.120	8.430	12.045	33	535	12.1	12.1	CEEECCEHCCCCCCHCHCCCCCCCCCCCCCHCC	0
712	8.990	7.863	16.473	33	535	15.2	3.0	CCCCCCCHCCCHCCHCCCCCHCCCCCCCCCEHC	1
713	6.764	7.780	16.300	33	535	18.2	3.0	CHCCHCCCCCCCCCCCCCCCHCCCCHCCCEHHC	2
714	5.914	8.311	12.593	33	535	15.2	9.1	CEEECCCHCCHCCCHCHCCCHCCCCCCCCCCCC	0
715	9.032	7.939	16.756	33	535	15.2	3.0	CCCCCCCHCCEHCCHCCCCCHCCCCCCCCCCHC	1
716	8.867	7.885	15.953	33	535	12.1	12.1	CCCCCCCHECCHECHCCCCCHECCCCCCCCECC	1
717	6.162	8.256	11.462	33	535	15.2	9.1	CEEECCCHCCHCCCCCHCCCHCCHCCCCCCCCC	0
718	6.048	8.316	11.075	33	535	12.1	15.2	CEEECCEHCCCCCCCCHCCCHCCCCHCECCCCC	0
719	8.831	7.842	16.107	33	535	15.2	9.1	CCCCECCHCCCHCCHCCCECHCCCCCCCCCEHC	1
720	6.168	8.473	11.329	33	535	12.1	6.1	CCCECCEHCCHCCCCCHCCCHCCCCCCCCCCCC	0
721	8.946	7.979	16.423	33	535	15.2	12.1	CCCCCCCHCCEHCCHCCCECHCCCCCCECCEHC	1
722	8.779	7.917	15.633	33	535	15.2	12.1	CCCCCCCHCCEHECHCCCECHCCCCCCCCCEHC	1
723	8.839	7.987	15.863	33	535	15.2	15.2	CCCCCCCHECEHCCHECCCCHCCCCCCECCEHC	1
724	9.101	7.940	16.800	33	535	15.2	15.2	CCCCCCCHECEHECHCCCCCHCCCCCCECCEHC	1
725	9.046	7.931	16.510	33	535	12.1	0.0	CCCCCCCHCCCHCCHCCCCCHCCCCCCCCCCCC	1
726	8.978	7.822	15.798	33	535	15.2	12.1	CCCCCCCHECCHCCHECCECHCCCCCCCCCEHC	1
727	6.714	7.726	16.681	33	535	18.2	6.1	CHCCCCCHCCCCCCCCCCCCHCCCCHCECEHHC	2
728	5.844	8.220	11.806	33	535	9.1	9.1	CEEECCCHCCHCCCCCHCCCCCCCCCCCCCCCC	0
729	5.883	8.247	11.147	33	535	12.1	3.0	CCECCCCHCCHCCCHCHCCCCCCCCCCCCCCCC	0
730	5.998	8.243	11.761	33	535	12.1	9.1	CEEECCCHCCHCCCCCHCCCHCCCCCCCCCCCC	0
731	5.925	8.363	12.090	33	535	6.1	12.1	CEEECCCHCCCCCCCCHCCCCCCCCCCECCCCC	0
732	5.935	8.300	11.177	33	535	12.1	6.1	CCECCCEHCCHCCCCCHCCCHCCCCCCCCCCCC	0
733	8.991	7.883	16.540	33	535	12.1	6.1	CCCCCCCHECEHCCHCCCCCHCCCCCCCCCCCC	1
734	6.227	8.428	11.836	33	535	12.1	9.1	CECECCCHCCHCCCCCCCCCHCCCCCCECCHCC	0
735	6.733	7.660	16.363	33	535	15.2	3.0	CHCCHCCHCCCCCCCCCCCCHCCCCCCCCECHC	2
736	8.915	7.877	16.923	33	535	12.1	12.1	CCCCCCCHCCEHECHCCCCCHECCCCCCCCECC	1
737	8.891	7.863	16.749	33	535	12.1	3.0	CCCCCCCHECCHCCHCCCCCHCCCCCCCCCCCC	1
738	8.924	7.878	16.030	33	535	15.2	12.1	CCCCCCCHCCEHCCHECCCCHECCCCCCCCEHC	1
739	9.043	7.863	16.074	33	535	12.1	12.1	CCCCCCCHECEHCCHECCCCHCCCCCCCCCECC	1
740	6.052	8.357	11.827	33	535	6.1	12.1	CEEECCEHCCCCCCCCCCCCCCCCCCHCCCCCC	0
741	9.020	7.860	16.458	33	535	15.2	6.1	CCCCCCCHECCHCCHCCCCCHCCCCCCCCCEHC	1
742	5.910	8.199	10.556	33	535	6.1	9.1	CEEECCCHCCCCCCCCCCCCHCCCCCCCCCCCC	0
743	8.861	7.923	16.519	33	535	15.2	12.1	CCCCCCCHCCEHECHCCCCCHECCCCCECCCHC	1
744	8.747	7.941	16.379	33	535	15.2	15.2	CCCCCCCHECEHECHECCCCHCCCCCCCCCEHC	1
745	8.846	7.930	16.425	33	535	12.1	6.1	CCCCCCCCECCHCCCCCCCCHCCHCCCCCCEHC	1
746	6.080	8.284	11.413	33	535	6.1	12.1	CEEECCCHCCCCCCCCHCCCCCCCCCCECCCCC	0
747	8.848	7.939	16.631	33	535	15.2	6.1	CCCCCCCHCCEHCCHCCCCCHCCCCCCCCCEHC	1
748	8.815	7.942	16.442	33	535	15.2	9.1	CCCCCCCHCCEHECHCCCCCHECCCCCCCCCHC	1
749	5.990	8.104	11.667	33	535	6.1	12.1	CEEECCEHCCCCCCCCCCCCHCCCCCCCCCCCC	0
750	8.801	7.887	15.759	33	535	15.2	9.1	CCCCCCCHCCCHECHCCCCCHECCCCCCCCEHC	1
751	8.784	7.872	16.071	33	535	15.2	12.1	CCCCCCCHECCHCCHCCCECHECCCCCCCCEHC	1
752	8.848	7.883	16.101	33	535	15.2	6.1	CCCCCCCHCCCHECHCCCCCHCCCCCCCCCEHC	1
753	5.928	8.258	11.751	33	535	9.1	9.1	CECECCEHCCHCCCCCHCCCCCCCCCCCCCCCC	0
754	6.611	7.688	15.534	33	535	18.2	3.0	CHCCCCCHCCCCCCCCCCHCHCCCCCCECCHHC	2
755	8.882	7.772	15.772	33	535	15.2	18.2	CCCCCCCHECEHCCHECCCCHECCCCCECCEHC	1
756	8.916	7.883	16.567	33	535	15.2	15.2	CCCCCCCHECEHCCHECCCCHCCCCCCECCEHC	1
757	6.711	7.620	15.565	33	535	12.1	0.0	CCCCHHHHCCCCCCCCCCCCCCCCCCCCCCCCC	2
758	8.908	7.878	16.222	33	535	12.1	9.1	CCCCCCCHECCHCCHECCCCHCCCCCCCCCECC	1
759	5.871	8.330	11.683	33	535	12.1	9.1	CEECCCCHCCHCCCCCHCCCHCCCCCCECCCCC	0
760	8.888	7.851	16.585	33	535	18.2	12.1	CCCCCCCHECCHCCHECCECHECHCCCCCCCHC	1
761	5.836	8.275	12.587	33	535	12.1	6.1	CEECCCCHCCHCCCCCHCCCHCCCCCCCCCCCC	0
762	6.224	8.265	11.947	33	535	9.1	12.1	CEEECCCHCCCCCCCCCCCCHCCCCCCECCHCC	0
763	6.726	7.799	16.476	33	535	12.1	0.0	CCCCHHHHCCCCCCCCCCCCCCCCCCCCCCCCC	2
764	8.966	7.865	16.785	33	535	18.2	12.1	CCCCCCCHECEHCCHCCCCCHCCHCCCECCEHC	1
765	6.012	8.103	10.796	33	535	6.1	12.1	CCECCCEHCCCCCCCCCCCCHCCCCCCECECCC	0
766	6.722	7.592	15.911	33	535	12.1	0.0	CCCCHHHHCCCCCCCCCCCCCCCCCCCCCCCCC	2
767	8.869	7.815	16.442	33	535	15.2	12.1	CCCCCCCHECCHECHCCCCCHECCCCCCCCEHC	1
768	8.963	7.912	16.707	33	535	15.2	9.1	CCCCCCCHECEHCCHCCCCCHCCCCCCCCCEHC	1
769	5.909	8.141	11.799	33	535	6.1	6.1	CCECCCEHCCCCCCCCCCCCHCCCCCCCCCCCC	0
770	8.931	7.823	16.573	33	535	18.2	12.1	CCCCCCCHECCHCCHECCCCHECHCCCCCCEHC	1
771	8.938	7.870	16.630	33	535	18.2	6.1	CCCCCCCHCCEHCCHCCCCCHCCHCCCCCCEHC	1
772	8.883	7.887	16.412	33	535	15.2	0.0	CCCCCCCHCCCHCCHCCCCCHCCHCCCCCCCCC	1
773	6.775	7.678	16.856	33	535	9.1	3.0	CHCCCCCHCCCCCCCCCCCCCCCCCCCCCEHCC	2
774	6.702	7.654	16.564	33	535	15.2	0.0	CHCCCCCHCCCCCCCCCCCCHCCCCCCCCCHHC	2
775	6.141	8.288	11.647	33	535	12.1	9.1	CCCECCEHCCHCCCCCCCCCCCCCCHCCCEHCC	0
776	6.023	8.174	12.019	33	535	9.1	12.1	CECECCEHCCCCCCCCHCCCHCCCCCCECCCCC	0
777	5.909	8.333	11.286	33	535	3.0	9.1	CEECCCEHCCCCCCCCCCCCCCCCCCCCCCCCC	0
778	8.903	7.907	16.703	33	535	15.2	9.1	CCCCCCEHCCCHECHCCCCCHCCCCCCCCCEHC	1
779	8.873	7.925	16.457	33	535	15.2	6.1	CCCCCCCHCCEHECHCCCCCHCCCCCCCCCCHC	1
780	8.928	7.900	16.831	33	535	12.1	9.1	CCCCCCCHCCCHCCHECCCCHCCCCCCECCECC	1
781	8.819	7.884	15.623	33	535	15.2	0.0	CCCCCCCHCCCHCCHCCCCCHCCCCCCCCCCHC	1
782	6.635	7.619	16.006	33	535	12.1	0.0	CCCCHHHHCCCCCCCCCCCCCCCCCCCCCCCCC	2
783	6.524	7.756	16.061	33	535	18.2	3.0	CHCCCCCHCCHCCCCCCCCCHCCCCCCCCEHHC	2
784	6.101	8.117	10.599	33	535	9.1	12.1	CECECCEHCCCCCCCCHCCCHCCCCCCCCECCC	0
785	6.083	8.141	10.274	33	535	12.1	15.2	CEEECCEHCCHCCCCCHCCCCCCCCHCECCCCC	0
786	8.922	7.911	16.733	33	535	15.2	9.1	CCCCCCCHCCEHECHCCCCCHCCCCCCCCCEHC	1
787	8.805	7.913	16.085	33	535	15.2	12.1	CCCCCCEHCCEHECHCCCCCHCCCCCCCCCEHC	1
788	9.021	7.830	16.157	33	535	12.1	9.1	CCCCCCCCCCEHECHCCCCCHCCCCCCCCCEHC	1
789	6.464	7.764	16.417	33	535	15.2	3.0	CHCCCCCCCCCCCCCCCCHCHCCCCCCCCEHHC	2
790	8.851	7.869	16.817	33	535	15.2	12.1	CCCCCCEHCCEHCCHECCCCHCCCCCCCCCEHC	1
791	8.931	7.877	16.007	33	535	15.2	6.1	CCCCCCCHCCCHCCHECCCCHCCCCCCCCCEHC	1
792	8.891	7.906	15.474	33	535	15.2	3.0	CCCCCCCHCCEHCCHCCCCCHCCCCCCCCCCHC	1
793	8.877	7.847	16.377	33	535	15.2	6.1	CCCCCCEHCCEHCCHCCCCCHCCCCCCCCCCHC	1
794	8.965	7.885	15.697	33	535	15.2	12.1	CCCCCCEHCCCHCCHECCCCHCCCCCCECCEHC	1
795	8.921	7.830	16.158	33	535	15.2	12.1	CCCCCCEHCCEHCCHECCCCHCCCCCCCCCEHC	1
796	8.832	8.002	16.775	33	535	9.1	6.1	CCCCCCCHCCCHCCHECCCCCECCCCCCCCCCC	1
797	8.919	7.834	16.260	33	535	15.2	12.1	CCCCCCCHECCHCCHECCCCHECCCCCCCCEHC	1
798	8.904	7.934	15.546	33	535	12.1	12.1	CCCCCCCHECCHCCHCCCECHECCCCCCCCECC	1
799	8.917	8.030	15.478	33	535	15.2	9.1	CCCCCCCHCCCHECHCCCCCHECCCCCCCCEHC	1
800	8.956	7.844	15.793	33	535	15.2	3.0	CCCCCCCHCCCHCCHCCCCCHCCCCCCCCCEHC	1
801	8.884	7.935	16.315	33	535	12.1	9.1	CCCCCCECCCCHCCHCCCCCHECCCCCCCCEHC	1
802	8.828	7.898	16.650	33	535	12.1	15.2	CCCCCCEHCCEHCCHECCECHECCCCCCCCCCC	1
803	8.959	7.945	16.934	33	535	12.1	6.1	CCCCCCCHCCCHECHCCCCCHECCCCCCCCCCC	1
804	8.909	7.911	15.646	33	535	15.2	9.1	CCCCCCCHCCEHCCHECCCCHCCCCCCCCCEHC	1
805	8.931	7.900	15.511	33	535	15.2	12.1	CCCCCCCHCCCHECHECCCCHCCCCCCECCEHC	1
806	6.704	7.669	16.022	33	535	12.1	0.0	CCCCHHHHCCCCCCCCCCCCCCCCCCCCCCCCC	2
807	8.932	7.880	16.632	33	535	12.1	3.0	CCCCCCCHCCCHCCHCCCCCHCCCCCCCCCECC	1
808	8.937	7.893	16.264	33	535	12.1	9.1	CCCCCCCHECEHECHCCCCCHCCCCCCCCCCCC	1
809	8.848	7.869	16.095	33	535	15.2	12.1	CCCCCCEHCCCHECHECCCCHECCCCCCCCCHC	1
810	8.785	7.824	15.915	33	535	15.2	9.1	CCCCCCEHCCCHCCHECCCCHECCCCCCCCCHC	1
811	9.029	7.863	15.760	33	535	15.2	6.1	CCCCCCCHCCEHCCHCCCCCHCCCCCCCCCEHC	1
812	8.868	7.814	15.858	33	535	15.2	6.1	CCCCCCCHCCEHCCHCCCCCHCCCCCCCCCEHC	1
813	8.851	7.996	16.494	33	535	15.2	6.1	CCCCCCEHCCCHCCHCCCCCHCCCCCCCCCEHC	1
814	8.870	7.811	15.830	33	535	12.1	6.1	CCCCCCCCCCEHCCHCCCCCHCCCCCCCCCEHC	1
815	6.562	7.722	16.528	33	535	18.2	3.0	CCCCCCCHCCCCCCCCCHHCHCCCCCCECCHHC	2
816	5.954	8.053	10.756	33	535	15.2	9.1	CCEECCEHCCHCCCCCCCCCHCCCCHCCCCHCC	0
817	8.753	7.875	15.119	33	535	15.2	21.2	CCCCECEHCCEHECHECCCCHECCCCCCCCEHC	1
818	8.903	7.901	16.009	33	535	12.1	9.1	CCCCCCCHCCEHECCCCCCCHCCCCCCCCCEHC	1
819	6.110	8.191	11.586	33	535	15.2	15.2	CEEECCEHCCHCCCCCHCCCHCCHCCCECCCCC	0
820	8.834	7.925	16.065	33	535	15.2	12.1	CCCCCCCHECCHECHCCCCCHCCCCCCECCEHC	1
821	8.904	7.847	16.708	33	535	15.2	15.2	CCCCCCEHECCHECHECCCCHCCCCCCCCCEHC	1
822	8.831	7.863	15.621	33	535	15.2	6.1	CCCCCCCHCCEHCCHCCCCCHCCCCCCCCCEHC	1
823	8.878	7.852	15.847	33	535	12.1	12.1	CCCCCCCHCCCHECHCCCECHECCCCCCCCECC	1
824	5.780	8.237	11.675	33	535	9.1	15.2	CEEECCEHCCCCCCCCHCCCHCCCCCCECCCCC	0
825	5.923	8.112	13.090	33	535	15.2	6.1	CEECCCCHCCCCCHCCHCCCCCCHCCCCCCHCC	0
826	6.081	8.076	11.018	33	535	12.1	6.1	CEECCCCHCCCCCHCCHCCCHCCCCCCCCCCCC	0
827	8.975	7.864	15.441	33	535	15.2	15.2	CCCCCCEHCCEHECHECCCCHCCCCCCCCCEHC	1
828	6.068	8.052	10.693	33	535	6.1	9.1	CEECCCEHCCCCCHCCCCCCCCCCCCCCCCCCC	0
829	6.665	7.782	16.871	33	535	18.2	3.0	CHCCCCCHCCCCCCCCCCHCHCCHCHCECCCCC	2
830	6.563	7.612	16.435	33	535	18.2	3.0	CHCCCCCHCCCCCCCCCCCCHCCHCCCCCEHHC	2
831	5.806	8.059	10.729	33	535	9.1	15.2	CEEECCEHCCCCCEHCHCCCCCCCCCCCCCCCC	0
832	8.942	7.889	16.704	33	535	15.2	12.1	CCCCCCEHCCCHCCHECCCCHECCCCCCCCEHC	1
833	8.973	7.903	16.187	33	535	15.2	24.2	CCCCCCEHCCEHECHECCECHECCCCCECCEHC	1
834	8.729	7.919	15.705	33	535	15.2	12.1	CCCCCCCHCCEHECHCCCCCHECCCCCCCCEHC	1
835	9.046	7.865	16.001	33	535	15.2	3.0	CCCCCCCHCCCHCCHCCCCCHCCCCCCCCCEHC	1
836	8.925	7.980	16.469	33	535	15.2	12.1	CCCCCCCHCCEHCCHECCCCHECCCCCCCCEHC	1
837	8.983	7.895	15.811	33	535	15.2	6.1	CCCCCCCHCCEHCCHCCCCCHCCCCCCCCCEHC	1
838	8.948	7.867	16.492	33	535	15.2	12.1	CCCCCCEHCCEHCCHCCCCCHECCCCCCCCEHC	1
839	8.806	7.865	16.823	33	535	15.2	18.2	CECCCCEHCCEHCCHCCCCCHECCCCCECCEHC	1
840	6.128	8.099	11.541	33	535	6.1	12.1	CCCECCEHCCCCCECCCCCCHCCCCCCECCCCC	0
841	8.953	7.935	16.861	33	535	9.1	9.1	CCCCCCEHCCCHECCCCCCCHCCCCCCCCCECC	1
842	8.952	7.918	17.113	33	535	15.2	6.1	CCCCCCCHCCCHECHCCCCCHECCCCCCCCCHC	1
843	6.497	7.617	16.095	33	535	15.2	3.0	CHCCCCCHCCCCCCCCCCCCHCCCCCCECCHHC	2
844	6.507	7.679	16.179	33	535	12.1	0.0	CHCCCCCHCCCCCCCCCCHCCCCCCCCCCCCHC	2
845	6.038	8.258	10.876	33	535	6.1	18.2	CEEECCEHCCHCCECCCCCCCCCCCCCECCCCC	0
846	5.980	8.304	11.043	33	535	15.2	12.1	CCEECCEHCCCCCCHCHCCCHCCHCCCECCCCC	0
847	8.809	7.845	15.556	33	535	15.2	9.1	CCCCCCCHCCCHCCHCCCCCHECCCCCECCEHC	1
848	6.460	7.646	15.689	33	535	15.2	6.1	CHCCCCCHCCCCCCCCCCCCHCCCCCCECEHHC	2
849	6.556	7.724	15.966	33	535	18.2	3.0	CHCCCCCHCCCCCCCCCCHCHCCCCCCECCHHC	2
850	8.968	7.869	16.269	33	535	15.2	9.1	CCCCCCCHCCCHECHCCCCCHCCCCCCECCEHC	1
851	6.657	7.686	16.213	33	535	24.2	6.1	CHCCHCCHCCCCCCCCCCHCHCCCCHCECEHHC	2
852	8.886	7.890	16.184	33	535	15.2	9.1	CCCCCCCHCCEHCCHCCCCCHECCCCCCCCEHC	1
853	6.031	8.236	11.164	33	535	9.1	6.1	CECCCCEHCCCCCCHCHCCCCCCCCCCCCCCCC	0
854	6.535	7.713	15.674	33	535	21.2	3.0	CHCCCCCHCCCCCCCCCCHCHCCCCHCCCEHHC	2
855	8.819	7.916	16.414	33	535	15.2	9.1	CCCCCCCHCCEHCCHCCCCCHECCCCCCCCEHC	1
856	6.580	7.725	16.214	33	535	12.1	0.0	CCCCHHHHCCCCCCCCCCCCCCCCCCCCCCCCC	2
857	8.894	7.936	16.929	33	535	15.2	9.1	CCCCCCCHECCHECHCCCCCHCCCCCCCCCEHC	1
858	8.894	7.959	16.018	33	535	15.2	9.1	CCCCCCCHCCEHCCHCCCCCHECCCCCCCCEHC	1
859	6.647	7.575	15.970	33	535	15.2	3.0	CHCCCCCHCCCCCCCCCCHCHCCCCCCCCECHC	2
860	5.983	8.265	10.811	33	535	9.1	15.2	CEEECCCHCCCCCEHCCCCCHCCCCCCECCCCC	0
861	8.890	7.883	16.646	33	535	12.1	12.1	CCCCCCCHCCEHCCHECCCCHCCCCCCECCECC	1
862	8.961	7.820	16.815	33	535	15.2	9.1	CCCCCCCHCCEHCCHCCCCCHECCCCCCCCEHC	1
863	8.936	7.859	16.081	33	535	15.2	9.1	CCCCCCCHCCCHECHCCCCCHCCCCCCECCEHC	1
864	6.122	8.234	11.143	33	535	6.1	12.1	CECECCEHCCCCCCCCCCCCHCCCCCCECCCCC	0
865	8.895	7.909	16.773	33	535	15.2	15.2	CCCCCCCHECEHCCHECCECHCCCCCCCCCEHC	1
866	8.901	7.920	16.485	33	535	12.1	6.1	CCCCCCCHCCEHCCHCCCCCCCCCCCCECCCHC	1
867	8.833	7.993	16.318	33	535	15.2	9.1	CCCCCCCHCCCHCCHCCCECHECCCCCCCCEHC	1
868	8.802	7.973	16.385	33	535	15.2	15.2	CCCCCCCHCCEHCCHECCECHECCCCCCCCEHC	1
869	8.893	7.862	15.957	33	535	15.2	9.1	CECCCCCHCCCHECHCCCECHCCCCCCCCCCHC	1
870	8.866	7.924	15.828	33	535	15.2	15.2	CCCCCCCHECEHECHCCCCCHECCCCCCCCEHC	1
871	8.886	7.894	16.051	33	535	12.1	15.2	CCCCCCCHECCHECHCCCCCHECCCCCECCECC	1
872	6.027	8.171	10.491	33	535	12.1	9.1	CECCCCEHCCCCCCHCHCCCHCCCCCCECCCCC	0
873	6.022	8.220	10.696	33	535	9.1	9.1	CECECCCHCCCCCEHCCCCCHCCCCCCCCCCCC	0
874	6.873	7.748	16.486	33	535	18.2	3.0	CHCCCCCHCCCCCCCCCCHCHCCCCHCCCEHCC	2
875	8.894	7.888	16.245	33	535	15.2	12.1	CCCCCCCHCCEHCCHECCCCHECCCCCCCCEHC	1
876	8.993	7.950	16.225	33	535	15.2	12.1	CCCCECCHCCEHECHCCCCCHECCCCCCCCCHC	1
877	6.706	7.597	15.343	33	535	18.2	0.0	CCCCCCCHCCCCCCCCCCHCHCCCCHCCCCHHC	2
878	5.872	8.245	11.289	33	535	6.1	12.1	CCEECCEHCCCCCEHCCCCCCCCCCCCCCCCCC	0
879	5.964	8.201	11.118	33	535	3.0	6.1	CECCCCEHCCCCCCCCCCCCCCCCCCCCCCCCC	0
880	9.021	7.892	16.476	33	535	12.1	6.1	CCCCCCCHCCCHECHCCCCCHCCCCCCCCCECC	1
881	8.842	7.943	17.139	33	535	15.2	6.1	CCCCCCCHCCEHCCHCCCCCHCCCCCCCCCEHC	1
882	6.595	7.707	15.685	33	535	15.2	0.0	CHCCCCCCCCCCCCCCCCHCHCCCCCCCCCHHC	2
883	5.940	8.168	10.103	33	535	9.1	9.1	CECCCCCHCCCCCEHCCCCCHCCCCCCECCCCC	0
884	8.909	7.918	16.164	33	535	12.1	15.2	CCCCCCCHCCEHECHECCCCHECCCCCCCCECC	1
885	8.840	7.921	16.854	33	535	15.2	3.0	CCCCCCCHCCCHCCHCCCCCHCCCCCCECCCHC	1
886	8.878	7.902	16.629	33	535	15.2	9.1	CCCCCCCHCCCHECHCCCCCHCCCCCCECCEHC	1
887	8.796	7.976	16.563	33	535	12.1	9.1	CCCCCCCCCCEHCCHCCCCCHECCCCCCCCEHC	1
888	8.817	7.923	16.111	33	535	15.2	6.1	CCCCCCCHCCEHCCHCCCCCHCCCCCCCCCEHC	1
889	5.948	8.299	9.850	33	535	15.2	12.1	CEEECCEHCCHCCCCCHCCCHCCCCCCCCHCCC	0
890	6.174	8.300	8.353	33	535	6.1	12.1	CEEECCCHCCHCCCCCCCCCCCCCCCCECCCCC	0
891	8.803	7.904	16.062	33	535	12.1	6.1	CCCCCCCHCCCHCCHCCCCCHECCCCCCCCECC	1
892	8.907	7.889	16.182	33	535	15.2	6.1	CCCCCCCHCCEHCCHCCCCCHCCCCCCCCCEHC	1
893	8.896	7.930	16.364	33	535	12.1	9.1	CCCCCCCHCCEHCCHCCCECHCCCCCCCCCECC	1
894	8.842	7.913	15.747	33	535	15.2	9.1	CCCCCCCHCCCHCCHCCCECHECCCCCCCCEHC	1
895	5.902	8.278	10.829	33	535	12.1	9.1	CEEECCCHCCCCCCHCHCCCHCCCCCCCCCCCC	0
896	9.033	7.890	15.693	33	535	15.2	3.0	CCCCCCCHCCCHCCHCCCCCHCCCCCCECCCHC	1
897	6.526	7.805	16.568	33	535	15.2	0.0	CHCCCCCHCCCCCCCCCCCCHCCCCCCCCCHHC	2
898	8.909	7.910	16.514	33	535	12.1	3.0	CCCCCCCHCCCHCCHCCCCCHCCCCCCECCCCC	1
899	5.810	8.206	13.950	33	535	12.1	9.1	CEEECCCHCCCCCCCCHCCCHCCCCCCCCHCCC	0
900	5.890	8.109	12.792	33	535	12.1	12.1	CEEECCCHCCCCCEHCHCCCCCCCCCCCCHCCC	0
901	8.949	7.912	16.569	33	535	15.2	6.1	CCCCCCCHCCCHCCHCCCCCHECCCCCCCCEHC	1
902	8.774	7.922	16.179	33	535	15.2	6.1	CCCCCCCHCCCHECHCCCCCHCCCCCCCCCEHC	1
903	8.795	7.847	16.058	33	535	15.2	12.1	CCCCCCCHECEHCCHECCCCHCCCCCCCCCEHC	1
904	5.800	8.163	11.848	33	535	12.1	12.1	CEEECCCHCCCCCCCHCCCCHCCCCCCECHCCC	0
905	6.699	7.717	15.835	33	535	12.1	0.0	CCCCHHHHCCCCCCCCCCCCCCCCCCCCCCCCC	2
906	8.918	7.912	16.021	33	535	18.2	12.1	CCCCCCCHCCEHECHECCCCHCCCCCCCCHEHC	1
907	5.775	8.251	12.721	33	535	12.1	9.1	CEECCCEHCCCCCCCCCCCCHCCCCHCCCHCCC	0
908	8.890	7.876	16.325	33	535	15.2	15.2	CCCCCCCHCCEHECHECCCCHECCCCCCCCEHC	1
909	8.870	7.852	16.293	33	535	15.2	9.1	CCCCCCCHECEHCCHCCCCCHCCCCCCCCCEHC	1
910	5.728	8.114	11.889	33	535	6.1	9.1	CEECECCHCCCCCCCCCCCCHCCCCCCCCCCCC	0
911	5.702	8.256	11.990	33	535	15.2	12.1	CEEHECECCCHCCCHCHCCCHCCCCCCCCCCCC	0
912	8.992	7.882	16.607	33	535	12.1	9.1	CECCCCCCCCEHCCHCCCCCHCCCCCCCCCEHC	1
913	5.763	8.194	11.968	33	535	15.2	9.1	CCEHECCHCCCCCEHCHCCCHCCCCCCCCCCCC	0
914	5.822	8.184	11.523	33	535	9.1	6.1	CCECECCHCCCCCCCCCCCCHCCCCCCCCHCCC	0
915	5.752	8.175	11.996	33	535	9.1	18.2	CEEHECEHCCCCCEHCCCCCCCCCCCCECCCCC	0
916	5.831	8.240	12.479	33	535	9.1	12.1	CEEHECCHCCCCCCCCCCCCHCCCCCCECCCCC	0
917	5.730	8.119	11.790	33	535	9.1	15.2	CEEHECEHCCCCCECCCCCCHCCCCCCCCCCCC	0
918	5.770	8.161	12.441	33	535	12.1	9.1	CEEHECCHCCCCCCCCCCCCHCCCCCCCCHCCC	0
919	6.592	7.660	16.966	33	535	18.2	0.0	CHCCCCCHCCCCCCCCCHCCHCCCCCCCCCHHC	2
920	5.817	8.125	10.672	33	535	12.1	12.1	CEEHECCHCCCCCECCCCCCHCCCCCCCCHCCC	0
921	8.932	7.913	16.263	33	535	18.2	12.1	CCCCCCCHCCEHCCHECCCCHCCCCCCECHEHC	1
922	8.959	7.853	15.861	33	535	15.2	15.2	CCCCCCCHCCEHECHCCCCCHECCCCCECCEHC	1
923	8.812	7.917	15.991	33	535	15.2	6.1	CCCCCCCHCCEHECHCCCCCHCCCCCCCCCCHC	1
924	5.709	8.162	10.059	33	535	9.1	12.1	CEEHECCHCCCCCCCCCCCCHCCCCCCECCCCC	0
925	6.585	7.732	17.101	33	535	12.1	3.0	CHCCCCCHCCCCCCCCCCCCCCCCCCCECCHHC	2
926	8.890	7.939	16.897	33	535	15.2	6.1	CCCCCCCHCCCCECHCCCCCHCCCCCCCCHEHC	1
927	5.864	8.124	8.722	33	535	15.2	12.1	CEEHECEHCCCCCCCHCCCCHCCCCHCCCCCCC	0
928	5.872	8.181	9.687	33	535	18.2	12.1	CEEHECEHCCCCCCHHCCCCHCCCCHCCCCCCC	0
929	8.816	7.905	16.413	33	535	18.2	12.1	CECCCCCHCCEHCCHCCCCCHECCCCCCCHEHC	1
930	6.439	7.729	17.708	33	535	18.2	3.0	CCCCCCCHCCCCCCCCCHCCHCCCCHCCCEHHC	2
931	5.749	8.220	10.970	33	535	9.1	6.1	CCEHECCHCCCCCCCCCCCCHCCCCCCCCCCCC	0
932	8.888	7.859	16.564	33	535	15.2	6.1	CCCCCCCCCCCHCCHECCCCHCCCCCCCCHEHC	1
933	8.919	7.870	16.584	33	535	15.2	12.1	CCCCCCCHCCCHECHECCECHCCCCCCCCCEHC	1
934	6.701	7.710	16.672	33	535	15.2	3.0	CHCCCCCHCCCCCCCCCCHCHCCCCCCCCEHCC	2
935	8.894	7.833	15.664	33	535	15.2	3.0	CCCCCCCHCCEHCCHCCCCCHCCCCCCCCCCHC	1
936	5.738	8.086	10.369	33	535	6.1	9.1	CCECECCHCCCCCECCCCCCHCCCCCCCCCCCC	0
937	8.801	7.919	15.896	33	535	18.2	12.1	CCCCCCCHCCEHECHCCCCCHECCCCCCCHEHC	1
938	8.895	7.886	16.397	33	535	15.2	6.1	CCCCCCCHCCEHCCHCCCCCHCCCCCCCCCEHC	1
939	8.816	7.889	15.545	33	535	15.2	9.1	CCCCCCCHCCCHECHCCCECHCCCCCCCCCEHC	1
940	5.654	8.124	8.423	33	535	9.1	9.1	CCEHECCHCCCCCCCCCCCCCCCCCHCECCCCC	0
941	5.650	8.192	8.074	33	535	12.1	15.2	CCEHECEHCCCCCEHCHCCCCCCCCCCECCCCC	0
942	8.996	7.856	15.869	33	535	15.2	12.1	CCCCCCCHCCEHCCHECCCCHECCCCCCCHECC	1
943	8.947	7.941	15.898	33	535	18.2	6.1	CCCCCCCHCCEHCCHCCCCCHCCCCCCCCHEHC	1
944	5.715	8.011	8.407	33	535	9.1	12.1	CCEHECEHCCCCCECHCCCCCCCCCCCCCCCCC	0
945	5.778	8.126	9.916	33	535	12.1	9.1	CCEHECCHCCCCCECCHCCCCCCCCHCCCCCCC	0
946	8.882	7.820	15.759	33	535	18.2	6.1	CCCCCCCHCCCHCCHCCCECHCCCCCCCCHEHC	1
947	6.668	7.692	16.979	33	535	15.2	3.0	CHCCCCCHCCCCCCCCCCCCHCCCCCCCCEHHC	2
948	8.832	7.985	16.923	33	535	18.2	15.2	CCCCCCCHECCHECHCCCCCHECCCCCECHEHC	1
949	8.924	7.945	16.505	33	535	18.2	12.1	CCCCCCCHCCEHCCHCCCCCHECCCCCECHEHC	1
950	6.697	7.625	16.233	33	535	12.1	0.0	CCCCHHHHCCCCCCCCCCCCCCCCCCCCCCCCC	2
951	5.842	8.221	10.697	33	535	12.1	12.1	CEECECCHCCCCCCHCHCCCHCCCCCCECCCCC	0
952	8.995	7.827	15.749	33	535	15.2	9.1	CCCCCCCHCCEHCCHCCCCCHECCCCCCCCEHC	1
953	6.575	7.764	17.036	33	535	15.2	3.0	CHCCHCCHCCCCCCCCCCCCCCCCCCCECCHHC	2
954	5.714	8.079	9.149	33	535	12.1	15.2	CCECECEHCCCCCEHCCCCCHCCCCHCECCCCC	0
955	5.844	8.113	10.672	33	535	9.1	18.2	CEEHECEHCCCCCECCCCCCHCCCCCCECCCCC	0
956	5.742	8.099	9.661	33	535	12.1	15.2	CEEHECEHCCCCCECCCCCCHCCCCCCCCHCCC	0
957	6.662	7.768	16.244	33	535	12.1	0.0	CCCCHHHHCCCCCCCCCCCCCCCCCCCCCCCCC	2
958	5.912	8.173	9.474	33	535	15.2	9.1	CEEHECCHCCCCCCHCCCCCHCCCCCCCCHCCC	0
959	5.958	8.192	8.928	33	535	15.2	15.2	CEEHECEHCCHCCEHCCCCCHCCCCCCCCCCCC	0
960	6.660	7.743	16.596	33	535	15.2	6.1	CHCCHCCHCCCCCCCCCCCCHCCCCCCECEHCC	2
961	5.962	8.073	8.155	33	535	21.2	12.1	CEEHECCHCCCCCCCCHCCCHCCHCHCECHCCC	0
962	5.888	8.190	9.143	33	535	6.1	12.1	CCEHECEHCCCCCECCCCCCCCCCCCCCCCCCC	0
963	5.899	8.064	9.179	33	535	15.2	6.1	CCEHECCHCCCCCCHHCCCCHCCCCCCCCCCCC	0
964	5.714	8.122	8.376	33	535	15.2	6.1	CCEHECCHCCCCCCHCCCCCHCCHCCCCCCCCC	0
965	8.812	7.882	16.175	33	535	12.1	12.1	CCCCCCCHECEHCCHECCCCHECCCCCCCCCCC	1
966	5.798	8.227	9.102	33	535	15.2	12.1	CEEHECCHCCCCCEHCCCCCHCCCCCCCCHCCC	0
967	5.797	8.093	8.128	33	535	12.1	12.1	CCEHECEHCCCCCCHCHCCCCCCCCCCECCCCC	0
968	5.768	8.138	8.492	33	535	15.2	9.1	CEEHECCHCCCCCCHCCCCCHCCCCCCCCHCCC	0
969	8.822	7.896	16.194	33	535	15.2	6.1	CCCCCCCHCCCHCCHCCCECHECCCCCCCCCHC	1
970	5.851	8.158	7.988	33	535	15.2	12.1	CEEHECCHCCHCCECCHCCCCCCCCCCCCHCCC	0
971	8.909	7.963	16.215	33	535	12.1	9.1	CCCCCCCHCCCHECHCCCCCHECCCCCCCCECC	1
972	8.968	7.883	16.995	33	535	15.2	9.1	CCCCCCCHCCEHCCHCCCCCHECCCCCCCCEHC	1
973	8.887	7.985	17.076	33	535	15.2	9.1	CCCCCCCHCCEHCCHCCCCCHECCCCCCCCEHC	1
974	6.631	7.738	15.918	33	535	15.2	3.0	CHCCCCCHCCCCCCCCCCCCHCCHCCCCCEHCC	2
975	8.991	7.921	16.781	33	535	15.2	12.1	CCCCCCCHCCCHCCHECECCHECCCCCCCCEHC	1
976	9.008	7.936	16.527	33	535	15.2	15.2	CCCCCCCHCCEHECHCCCCCHECCCCCECCEHC	1
977	5.919	8.154	9.252	33	535	12.1	9.1	CCECECCHCCCCCCHCHCCCHCCCCCCECCCCC	0
978	8.901	7.844	15.986	33	535	12.1	3.0	CCCCCCCHCCCHCCCCCCCCHCCCCCCCCCEHC	1
979	5.782	8.076	9.173	33	535	12.1	12.1	CCEHECEHCCCCCEHCHCCCCCCCCCCCCCCCC	0
980	6.599	7.582	15.990	33	535	12.1	0.0	CCCCHHHHCCCCCCCCCCCCCCCCCCCCCCCCC	2
981	5.819	8.142	9.907	33	535	15.2	12.1	CEEHECCHCCCCCEHHCCCCHCCCCCCCCCCCC	0
982	6.464	7.753	16.408	33	535	15.2	3.0	CHCCCCCHCCCCCCCCCHCCHCCCCCCECCHCC	2
983	5.731	8.177	10.546	33	535	15.2	12.1	CCEHECEHCCCCCEHCCCCCHCCCCHCCCCCCC	0
984	8.917	7.801	15.670	33	535	15.2	9.1	CCCCCCCHECCHECHCCCCCHCCCCCCCCCEHC	1
985	5.816	8.070	9.672	33	535	12.1	12.1	CCEHECEHCCCCCCCCCCCCHCCCCCCECHCCC	0
986	6.557	7.743	16.708	33	535	18.2	0.0	CHCCCCCHCCCCCCCCCCCCHCCHCCCCCCHHC	2
987	5.840	8.232	9.794	33	535	9.1	18.2	CEEHECECCCCCCECCCCCCHCCCCCCECHCCC	0
988	6.482	7.734	16.250	33	535	15.2	6.1	CHCCCCCHCCCCCCCCCCCCHCCCCCCECEHHC	2
989	5.612	8.118	8.168	33	535	15.2	9.1	CCEHECCHCCCCCEHCCCCCHCCCCCCCCHCCC	0
990	6.558	7.680	16.651	33	535	15.2	3.0	CCCCHCCHCCCCCCCCCCCCHCCCCCCCCEHHC	2
991	5.792	8.105	8.448	33	535	12.1	12.1	CEEHECEHCCHCCCHCCCCCCCCCCCCCCCCCC	0
992	6.625	7.741	16.930	33	535	18.2	6.1	CHCCCCCHCCCCCCCCCCCCHCCHCCCECEHHC	2
993	5.973	8.240	9.824	33	535	6.1	12.1	CEEHECEHCCCCCCCCCCCCCCCCCCCCCCCCC	0
994	8.865	7.948	16.441	33	535	15.2	3.0	CCCCCCCHCCEHCCHCCCCCHCCCCCCCCCCHC	1
995	8.884	7.996	16.833	33	535	12.1	9.1	CCCCCCCHCCCHCCHCCCCCCECCCCCECCEHC	1
996	5.808	8.098	9.655	33	535	18.2	9.1	CCEHECCHCCCCCEHHCCCCHCCCCCCCCHCCC	0
997	6.604	7.757	16.948	33	535	18.2	3.0	CHCCCCCHCCCCCCCCCCHCHCCCCCCECCHHC	2
998	8.887	7.914	16.020	33	535	15.2	6.1	CCCCCCCHCCCHECHCCCCCHECCCCCCCCCHC	1
999	8.933	7.971	16.441	33	535	15.2	12.1	CCCCCCCHECEHCCHCCCECHCCCCCCCCCEHC	1
1000	8.950	7.843	15.975	33	535	12.1	9.1	CCCCCCCHCCCHECHECCCCHCCCCCCCCCECC	1
1001	5.784	8.187	11.514	33	535	12.1	12.1	CCEHECCHCCCCCEHCCCCCHCCCCCCECCCCC	0
1002	6.561	7.834	17.044	33	535	12.1	3.0	CHCCCCCHCCCCCCCCCCHCHCCCCCCCCECCC	2
1003	8.843	7.919	16.353	33	535	12.1	15.2	CCCCCCCHECEHECHCCCCCHECCCCCCCCECC	1
1004	8.841	7.863	15.655	33	535	15.2	6.1	CCCCCCCHCCEHECHCCCCCHCCCCCCCCCCHC	1
1005	8.860	7.873	16.281	33	535	15.2	9.1	CCCCCCCHCCEHCCHCCCCCHECCCCCCCCEHC	1
1006	5.722	8.114	11.031	33	535	12.1	9.1	CCEHECCHCCCCCECCCCCCHCCCCCCCCHCCC	0
1007	8.876	7.904	15.657	33	535	15.2	3.0	CCCCCCCHCCEHCCHCCCCCHCCCCCCCCCCHC	1
1008	8.863	8.000	16.486	33	535	15.2	15.2	CCCCCCCHCCEHECHECCCCHECCCCCCCCEHC	1
1009	5.684	8.163	9.360	33	535	12.1	15.2	CEEHECCHCCCCCECCHCCCCCCCCCCECHCCC	0
1010	9.051	7.861	15.883	33	535	15.2	0.0	CCCCCCCHCCCHCCHCCCCCHCCCCCCCCCCHC	1
1011	6.584	7.664	16.304	33	535	12.1	0.0	CCCCHHHHCCCCCCCCCCCCCCCCCCCCCCCCC	2
1012	5.996	8.331	11.543	33	535	6.1	12.1	CEEHECEHCCCCCCCCCCCCCCCCCCCCCCCCC	0
1013	5.901	8.175	10.501	33	535	9.1	15.2	CEEHECEHCCCCCEHCCCCCCCCCCCCCCCCCC	0
1014	5.881	8.263	11.177	33	535	12.1	15.2	CCEHECEHCCCCCEHCHCCCCCCCCCCECCCCC	0
1015	8.966	7.885	15.766	33	535	9.1	9.1	CCCCCCCHCCCHCCHCCCCCCECCCCCECCECC	1
1016	5.793	8.098	9.872	33	535	12.1	12.1	CCECECCHCCCCCECCHCCCHCCCCCCECHCCC	0
1017	5.868	8.216	10.870	33	535	12.1	9.1	CCEHECEHCCCCCCHCCCCCCCCCCCCCCHCCC	0
1018	5.807	8.171	9.509	33	535	9.1	9.1	CCEHECCHCCCCCECCCCCCHCCCCCCCCCCCC	0
1019	5.858	8.108	9.438	33	535	15.2	9.1	CEEHECCHCCCCCCCCCCCCHCCCCHCCCHCCC	0
1020	8.808	7.872	15.665	33	535	15.2	12.1	CCCCCCCHCCEHCCHCCCCCHECCCCCECCEHC	1
1021	5.660	8.072	8.683	33	535	12.1	12.1	CCEHECCHCCCCCEHCCCCCHCCCCCCECCCCC	0
1022	6.512	7.593	15.776	33	535	12.1	3.0	CCCCHCCHCCCCCCCCCCCCHCCCCCCECCHCC	2
1023	5.824	8.141	10.330	33	535	15.2	12.1	CEEHECCHCCHCCECCHCCCCCCCCCCCCHCCC	0
1024	8.912	7.880	15.482	33	535	15.2	9.1	CCCCCCCHCCCHECHCCCCCHECCCCCCCCEHC	1
1025	5.765	8.079	8.881	33	535	9.1	9.1	CEEHECCHCCCCCCCCCCCCCCCCCCCCCHCCC	0
1026	8.913	7.872	16.276	33	535	12.1	9.1	CCCCCCCHECEHCCHCCCCCHCCCCCCCCCECC	1
1027	5.861	8.200	9.024	33	535	12.1	15.2	CEEHECEHCCCCCECCCCCCHCCHCCCCCCCCC	0
1028	8.848	7.934	15.604	33	535	15.2	12.1	CCCCCCCHCCEHECHCCCECHCCCCCCCCCEHC	1
1029	5.649	8.157	10.257	33	535	9.1	9.1	CCEHECEHCCCCCCCCCCCCHCCCCCCCCCCCC	0
1030	6.546	7.746	17.283	33	535	18.2	3.0	CHCCCCCHCCCCCCCCCCHCHCCCCCCCCEHHC	2
1031	9.044	7.889	15.417	33	535	15.2	6.1	CCCCCCCHCCCHECHCCCCCHCCCCCCECCCHC	1
1032	8.927	7.959	16.610	33	535	9.1	9.1	CCCCCCCHCCCHECHECCCCCCCCCCCCCCECC	1
1033	8.784	7.863	16.029	33	535	15.2	9.1	CECCCCCHCCCHECHCCCCCHCCCCCCCCCEHC	1
1034	8.975	7.902	16.138	33	535	15.2	6.1	CCCCCCCHCCCHECHCCCCCHECCCCCCCCCHC	1
1035	8.985	7.841	15.988	33	535	15.2	0.0	CCCCCCCHCCCHCCHCCCCCHCCCCCCCCCCHC	1
1036	8.929	7.900	16.779	33	535	15.2	9.1	CCCCCCCHCCCHECHCCCCCHCCCCCCECCEHC	1
1037	8.841	7.853	15.631	33	535	12.1	6.1	CCCCCCCCCCCHCCHECCCCHCCCCCCCCCEHC	1
1038	5.689	8.171	9.456	33	535	9.1	15.2	CEEHECEHCCCCCECCCCCCHCCCCCCCCCCCC	0
1039	6.488	7.691	16.658	33	535	18.2	3.0	CHCCCCCHCCHCCCCCCCHCCCCCCCCCCEHHC	2
1040	5.857	8.171	9.561	33	535	15.2	12.1	CEECECCHCCHCCEHCCCCCHCCCCCCCCHCCC	0
1041	6.534	7.672	16.514	33	535	15.2	0.0	CHCCCCCHCCCCCCCCCCCCHCCCCCCCCCHHC	2
1042	8.776	7.939	16.639	33	535	12.1	9.1	CCCCCCCCCCEHECHCCCECHCCCCCCCCCCHC	1
1043	5.873	8.055	9.963	33	535	15.2	9.1	CCEHECCHCCCCCEHCCCCCHCCCCCCCCHCCC	0
1044	8.993	7.848	15.890	33	535	15.2	3.0	CCCCCCCHCCCHCCHCCCCCHCCCCCCCCCEHC	1
1045	8.911	7.902	16.183	33	535	15.2	6.1	CCCCCCCHCCCHCCHCCCECHCCCCCCCCCEHC	1
1046	5.790	8.110	9.072	33	535	9.1	12.1	CEECECCHCCCCCECCCCCCHCCCCCCCCHCCC	0
1047	6.417	7.692	16.403	33	535	15.2	6.1	CHCCCCCHCCCCCCCCCCCCCCCCCHCECEHHC	2
1048	8.944	7.918	16.498	33	535	15.2	12.1	CCCCCCCHCCCHECHECCCCHECCCCCCCCEHC	1
1049	5.773	8.233	9.558	33	535	12.1	12.1	CCEHECEHCCCCCEHCCCCCHCCCCCCCCCCCC	0
1050	5.890	8.094	8.350	33	535	12.1	9.1	CCECECEHCCCCCCCCCCCCHCCHCCCCCHCCC	0
1051	9.029	7.884	16.900	33	535	15.2	6.1	CCCCCCCHCCEHCCHCCCCCHCCCCCCCCCEHC	1
1052	9.097	7.813	15.683	33	535	12.1	6.1	CCCCCCCHCCEHCCHCCCCCHCCCCCCCCCECC	1
1053	8.895	7.850	16.199	33	535	12.1	6.1	CCCCCCCHCCCHCCHCCCCCHCCCCCCECCECC	1
1054	5.734	8.157	9.227	33	535	6.1	12.1	CCEHECEHCCCCCCCCCCCCCCCCCCCECCCCC	0
1055	5.883	8.191	9.626	33	535	9.1	12.1	CEEHECEHCCCCCCCCHCCCCCCCCCCCCCCCC	0
1056	5.821	8.142	8.168	33	535	9.1	15.2	CEEHECCHCCCCCECCCCCCHCCCCCCECCCCC	0
1057	5.850	8.164	9.235	33	535	15.2	12.1	CEEHECCHCCCCCEHCHCCCCCCCCHCCCCCCC	0
1058	8.943	7.926	16.214	33	535	15.2	9.1	CCCCCCCHCCEHCCHCCCCCHECCCCCCCCEHC	1
1059	9.001	7.846	15.800	33	535	15.2	6.1	CCCCCCCHCCEHCCHCCCCCHCCCCCCCCCEHC	1
1060	6.613	7.595	16.130	33	535	12.1	0.0	CCCCHHHHCCCCCCCCCCCCCCCCCCCCCCCCC	2
1061	5.735	8.132	8.063	33	535	12.1	12.1	CCEHECEHCCCCCEHCCCCCCCCCCCCCCHCCC	0
1062	6.014	8.221	8.327	33	535	12.1	9.1	CCEHECEHCCHCCCHCCCCCCCCCCCCCCCCCC	0
1063	5.904	8.249	8.664	33	535	18.2	15.2	CEEHECEHCCCCCEHHCCCCHCCCCCCCCHCCC	0
1064	9.098	7.908	16.961	33	535	12.1	9.1	CCCCCCCHCCEHCCHCCCCCHECCCCCCCCECC	1
1065	9.111	7.810	16.306	33	535	15.2	12.1	CCCCCECHECEHCCHCCCCCHCCCCCCCCCEHC	1
1066	9.130	7.792	15.741	33	535	9.1	12.1	CCCCCECCECCHCCCCCCCCHECCCCCCCCEHC	1
1067	6.606	7.580	15.914	33	535	12.1	0.0	CCCCHHHHCCCCCCCCCCCCCCCCCCCCCCCCC	2
1068	5.832	8.258	8.204	33	535	9.1	15.2	CEEHECCHCCCCCECCCCCCCCCCCHCECCCCC	0
1069	9.208	7.892	15.672	33	535	15.2	3.0	CCCCCCCHECCHCCHCCCCCHCCCCCCCCCCHC	1
1070	9.170	7.857	15.842	33	535	15.2	9.1	CECCCCCHECCHCCHCCCCCHCCCCCCCCCEHC	1
1071	5.798	7.957	7.839	33	535	12.1	15.2	CCEHECEHCCCCCEHCCCCCCCCCCCCECHCCC	0
1072	6.629	7.721	15.919	33	535	12.1	0.0	CCCCHHHHCCCCCCCCCCCCCCCCCCCCCCCCC	2
1073	9.275	7.743	15.161	33	535	15.2	15.2	CCCCCCCHECEHECHCCCCCHECCCCCCCCEHC	1
1074	9.143	7.882	15.678	33	535	15.2	9.1	CCCCCCCHCCEHCCHCCCCCHCCCCCCECCEHC	1
1075	5.843	8.051	8.183	33	535	6.1	9.1	CEECECCHCCCCCCCCCCCCCCCCCCCCCHCCC	0
1076	5.823	8.066	8.421	33	535	9.1	6.1	CCEHECCHCCCCCCCCCCCCCCCCCCCCCHCCC	0
1077	9.227	7.816	16.183	33	535	15.2	3.0	CECCCCCHCCCHCCHCCCCCHCCCCCCCCCCHC	1
1078	5.917	8.162	9.077	33	535	6.1	9.1	CCECECEHCCCCCCCCCCCCCCCCCCCCCHCCC	0
1079	9.456	7.876	16.609	33	535	9.1	12.1	CECCCCCHECEHCCHCCCCCCCCCCCCCCCECC	1
1080	9.357	7.946	16.918	33	535	15.2	12.1	CECCCCCHECEHCCHCCECCHCCCCCCCCCCHC	1
1081	9.265	7.817	16.483	33	535	15.2	15.2	CCCCCECHECCHCCHCCECCHECCCCCECCCHC	1
1082	5.987	8.090	7.198	33	535	12.1	12.1	CCECCCEHCCCCCEHHCCCCCCCCCCCECHCCC	0
1083	5.887	8.125	8.938	33	535	15.2	9.1	CCEHECEHCCCCCCHCHCCCCCCCCCCCCHCCC	0
1084	6.451	7.788	16.002	33	535	12.1	0.0	CCCCHHHHCCCCCCCCCCCCCCCCCCCCCCCCC	2
1085	6.602	7.732	15.483	33	535	21.2	6.1	CHCCCCCHCCECCCCCCCHCHCCCCHCECCHHC	2
1086	9.150	7.867	15.975	33	535	12.1	18.2	CECCCECCCCEHCCHCCCCCHECCCCCECCEHC	1
1087	5.896	8.159	8.426	33	535	12.1	15.2	CCEHECEHCCCCCEHCCCCCCCCCCCCECHCCC	0
1088	6.507	7.715	15.863	33	535	27.3	3.0	CHCCHCCHCCCCCCCCCCHCHCCHCHCECCHHC	2
1089	9.133	7.883	16.297	33	535	15.2	12.1	CCCCCECHCCEHCCHECCCCHCCCCCCCCCEHC	1
1090	9.350	7.849	15.734	33	535	15.2	9.1	CCCCCECHCCCHCCHCCCCCHECCCCCCCCEHC	1
1091	9.289	7.792	15.165	33	535	15.2	12.1	CCCCCCCHCCEHECHCCCCCHCCCCCCECCEHC	1
1092	9.098	7.797	15.646	33	535	12.1	18.2	CECCCECHECCHECCCCCCCHECCCCCCCCEHC	1
1093	6.602	7.583	15.359	33	535	18.2	3.0	CHCCCCCHCCCCCCCCCCHCHCCCCCCCCEHHC	2
1094	8.865	7.768	14.827	33	535	9.1	12.1	CCCCCECCCCCCECHCCCCCHECCCCCCCCEHC	1
1095	6.057	8.196	8.361	33	535	12.1	9.1	CEEHECCHCCCCCCCCCCCCHCCCCCCCCHCCC	0
1096	9.016	7.823	16.218	33	535	12.1	18.2	CECCCCCCECCHECHCCCCCHECCCCCECCEHC	1
1097	9.245	7.860	16.663	33	535	15.2	12.1	CCCCCECHECCHCCHCCCCCHCCCCCCECCEHC	1
1098	9.209	7.779	16.277	33	535	15.2	9.1	CECCCCCHCCCHCCHCCCCCHCCCCCCECCEHC	1
1099	5.919	8.199	8.142	33	535	12.1	12.1	CCEHECEHCCCCCECHCCCCCCCCCCCCCHCCC	0
1100	9.106	7.831	16.369	33	535	18.2	9.1	CCCCCCCHECCHECHECCCCHCCHCCCCCCCHC	1
1101	9.217	7.794	15.874	33	535	15.2	12.1	CCCCCECHECCHCCHCCCCCHECCCCCECCCHC	1
1102	9.208	7.722	16.454	33	535	9.1	9.1	CCCCCECHCCCCCCHCCCCCHCCCCCCECCECC	1
1103	9.008	7.807	17.073	33	535	15.2	6.1	CCCCCCCHCCCHCCHCCCCCHCCCECCCCCEHC	1
1104	9.152	7.862	15.739	33	535	15.2	15.2	CCCCCECHECCHECHCCCCCHCCCCCCECCEHC	1
1105	9.098	7.815	16.279	33	535	15.2	9.1	CCCCCECHCCCHECHCCCCCHCCCECCCCCCHC	1
1106	6.018	8.125	8.898	33	535	6.1	12.1	CCECECCHCCCCCECHCCCCCCCCCCCECCCCC	0
1107	9.106	7.809	16.201	33	535	12.1	12.1	CCCCCCCCCCCHECHECCCCHCCCCCCECCEHC	1
1108	9.248	7.899	17.145	33	535	12.1	9.1	CCCCCCCCCCCHCCHCCCECHECCCCCECCCHC	1
1109	9.173	7.886	16.234	33	535	12.1	9.1	CECCCCCCCCCHCCHECCCCHECCCCCCCCCHC	1
1110	9.263	7.936	16.525	33	535	12.1	6.1	CCCCCCCCCCCHCCHECCCCHCCCCCCECCCHC	1
1111	5.666	8.153	8.027	33	535	15.2	9.1	CCEHECCHCCCCCECCHCCCHCCCCCCCCHCCC	0
1112	9.441	7.760	15.168	33	535	9.1	9.1	CCCCCECHECCCCCHCCCCCHCCCCCCCCCECC	1
1113	9.198	7.837	15.220	33	535	15.2	15.2	CCCCCCCHECCHECHECCCCHECCCCCCCCEHC	1
1114	5.845	8.121	9.036	33	535	6.1	12.1	CCECECEHCCCCCCCCHCCCCCCCCCCECCCCC	0
1115	5.872	8.101	8.739	33	535	6.1	12.1	CEEHECEHCCCCCCCCCCCCCCCCCCCCCCCCC	0
1116	5.818	8.192	9.035	33	535	12.1	6.1	CCEHECCHCCCCCCCCHCCCCCCCCHCCCCCCC	0
1117	5.859	8.167	8.274	33	535	6.1	15.2	CEECECEHCCCCCEHCCCCCCCCCCCCCCCCCC	0
1118	6.002	8.133	7.803	33	535	15.2	15.2	CCECECEHCCHCCECCHCCCCCCHCHCECCCCC	0
1119	5.795	8.048	7.506	33	535	9.1	12.1	CCECECEHCCCCCCCCHCCCHCCCCCCECCCCC	0
1120	9.028	7.812	14.496	33	535	12.1	15.2	CCCCCCCHECCHECHCCCCCHECCCCCECCECC	1
1121	5.876	8.185	8.965	33	535	3.0	12.1	CCECECEHCCCCCCCCCCCCCCCCCCCECCCCC	0
1122	9.000	7.782	14.738	33	535	6.1	9.1	CCCCCCCCECCCECHCCCCCHCCCCCCECCCCC	1
1123	9.003	7.637	13.709	33	535	12.1	6.1	CCCCCECCCCCHECHCCCCCHCCHCCCCCCCCC	1
1124	8.880	7.779	14.029	33	535	12.1	3.0	CCCCCCCHCCCCCCHCCCCCHECHCCCCCCCCC	1
1125	9.006	7.707	15.516	33	535	12.1	6.1	CCCCCCCHCCCCCCHCCCCCCCCHECCCCCEHC	1
1126	9.130	7.759	14.935	33	535	15.2	6.1	CCCCCCCHECCCCCHCCCCCHECHCCCCCCCHC	1
1127	9.127	7.643	14.880	33	535	12.1	9.1	CCCCCCCHCCCCECHCCECCHECHCCCCCCCCC	1
1128	8.994	7.713	15.130	33	535	18.2	9.1	CCCCCCCHECCHCCHCCCCCHECHCCCECCCHC	1
1129	9.157	7.730	14.334	33	535	12.1	6.1	CCCCCCCHECCCCCHCCCCCHECCCCCCCCCHC	1
1130	9.191	7.900	16.436	33	535	12.1	15.2	CECCCCCHCCCCECHCCECCHECCCCCECCCHC	1
1131	9.356	7.858	16.608	33	535	12.1	15.2	CECCCECHECCCECHCCCCCHCCCCCCECCCHC	1
1132	6.762	7.679	16.715	33	535	18.2	6.1	CCCCCCCHCCCCCCCCCCHCHCCCCHCECEHHC	2
1133	9.270	7.874	14.240	33	535	12.1	3.0	CCCCCECHCCCCCCCCCCCCHCCHCCCCCCCHC	1
1134	9.200	7.821	15.523	33	535	15.2	18.2	CECCCCCHECCHECHCCECCHECCCCCECCCHC	1
1135	9.293	7.773	14.957	33	535	15.2	9.1	CCCCCCCHCCCCECHCCCCCHECHECCCCCCHC	1
1136	6.594	7.702	16.655	33	535	12.1	0.0	CCCCHHHHCCCCCCCCCCCCCCCCCCCCCCCCC	2
1137	9.312	7.791	15.089	33	535	15.2	9.1	CCCCCECHCCCCCCHCCCCCHECHCCCECCCHC	1
1138	6.571	7.752	16.259	33	535	21.2	6.1	CHCCCCCHCCCCCHCCCCHCHCCCCCCECEHHC	2
1139	6.678	7.644	15.750	33	535	12.1	0.0	CCCCHHHHCCCCCCCCCCCCCCCCCCCCCCCCC	2
1140	5.972	8.176	9.459	33	535	15.2	9.1	CCEHECCHCCCCCCHHCCCCHCCCCCCECCCCC	0
1141	5.897	8.138	7.993	33	535	9.1	15.2	CEEHECEHCCCCCCCHCCCCCCCCCCCECCCCC	0
1142	5.926	8.102	8.315	33	535	12.1	12.1	CCEHECEHCCCCCCHCCCCCCCCCCCCECHCCC	0
1143	6.548	7.704	16.637	33	535	21.2	3.0	CHCCCCCHCCCCCHCCCCHCHCCCCCCCCEHHC	2
1144	9.263	7.877	15.470	33	535	12.1	9.1	CCCCCECHECCCECHCCCCCHCCCCCCCCCCHC	1
1145	9.154	7.760	16.235	33	535	15.2	12.1	CCCCCECHECCHECHCCCCCHECCCCCCCCCHC	1
1146	6.714	7.650	15.974	33	535	18.2	6.1	CHCCCCCHCCECCCCCCCHCCCCCCHCCCEHHC	2
1147	5.966	8.258	9.050	33	535	12.1	12.1	CCEHECEHCCCCCEHHCCCCCCCCCCCCCCCCC	0
1148	6.095	8.142	7.862	33	535	24.2	12.1	CEEHECEHCCHCCCHHCCCCHCCCCCHCCHCCC	0
1149	9.105	7.867	15.543	33	535	15.2	18.2	CECCCCCHECCHECHCCECCHECCECCCCCCHC	1
1150	9.130	7.765	15.203	33	535	12.1	6.1	CCCCCCCHECCCCCHCCCCCHECCCCCCCCCHC	1
1151	9.087	7.774	14.443	33	535	12.1	18.2	CECCCECHECCCECHCCCCCHECCCCCECCCHC	1
1152	9.183	7.784	14.700	33	535	18.2	12.1	CCCCCCCHCCCHECHCCECCHECHCCCECCCHC	1
1153	9.269	7.818	17.487	33	535	12.1	12.1	CCCCCCCHECCCCCHCCECCHECCCCCECCCHC	1
1154	6.629	7.622	16.389	33	535	12.1	0.0	CCCCHHHHCCCCCCCCCCCCCCCCCCCCCCCCC	2
1155	9.019	7.798	14.780	33	535	15.2	6.1	CCCCCCCHCCCHECCCCECCHCCHCCCCCCCHC	1
1156	6.818	7.721	16.892	33	535	15.2	6.1	CHCCCCCCCCECCCCCCCHCHCCCCCCECCHHC	2
1157	9.251	7.700	16.200	33	535	15.2	12.1	CCCCCECHECCHECHCCCCCHCCCECCCCCCHC	1
1158	5.977	8.058	8.104	33	535	12.1	9.1	CEECECCHCCCCCCCCHCCCHCCCCCCCCHCCC	0
1159	6.027	8.052	8.175	33	535	12.1	9.1	CCEHECCHCCCCCCCCHCCCHCCCCCCECCCCC	0
1160	6.475	7.733	16.067	33	535	18.2	3.0	CHCCCCCHCCCCCCCCCCHCHCCCCCCCCEHHC	2
1161	9.341	7.783	16.809	33	535	15.2	12.1	CECCCCCHECCHCCHCCECCHECCCCCCCCCHC	1
1162	5.790	8.079	8.079	33	535	18.2	12.1	CCEHECCHCCCCCEHCHCCCHCCCCHCECCCCC	0
1163	6.021	8.097	8.572	33	535	9.1	9.1	CEEHECCHCCCCCCCCCCCCHCCCCCCCCCCCC	0
1164	5.878	8.342	8.936	33	535	15.2	18.2	CEEHECEHCCCCCECHCCCCHCCCCCCECHCCC	0
1165	6.056	8.179	10.072	33	535	18.2	9.1	CEEHECCHCCCCCCHHCCCCHCCCCCCCCHCCC	0
1166	5.975	8.068	8.540	33	535	18.2	12.1	CEEHECEHCCCCCCHCHCCCHCCCCCCCCHCCC	0
1167	8.991	7.680	14.247	33	535	9.1	6.1	CCCCCCCCCCCCCCCCCCCCHECHCCCCCCEHC	1
1168	6.509	7.653	15.714	33	535	21.2	6.1	CHCCCCCHCCCCCECCCCHCHCCHCCCCCEHHC	2
1169	6.010	8.105	9.057	33	535	15.2	9.1	CCEHECEHCCCCCCHCHCCCCCCCCCCCCHCCC	0
1170	9.128	7.735	15.281	33	535	18.2	9.1	CCCCCCCHCCCHECHCCECCHECHCCCCCCCHC	1
1171	6.041	8.217	9.263	33	535	9.1	9.1	CCECECCHCCCCCCHCCCCCCCCCCCCECHCCC	0
1172	9.113	7.817	15.797	33	535	9.1	9.1	CECCCCCCCCCCCCHCCCCCHECCECCCCCCHC	1
1173	5.836	8.076	9.056	33	535	15.2	6.1	CCEHECCHCCCCCCHHCCCCCCCCCCCCCHCCC	0
1174	6.466	7.665	15.777	33	535	18.2	3.0	CHCCCCCHCCCCCCCCCCHCHCCCCCCCCEHHC	2
1175	5.859	8.122	8.686	33	535	9.1	9.1	CCEHECEHCCCCCCHCCCCCCCCCCCCCCCCCC	0
1176	9.173	7.795	15.483	33	535	12.1	9.1	CECCCCCCCCCHCCHCCCCCHECCCCCCCCEHC	1
1177	5.894	8.069	9.497	33	535	12.1	15.2	CEEHECCCCCCCCEHCHCCCHCCCCCCECCCCC	0
1178	5.984	8.218	10.138	33	535	9.1	9.1	CCEHECECCCCCCCCCHCCCCCCCCCCCCHCCC	0
1179	5.890	8.149	8.392	33	535	12.1	12.1	CEEHECEHCCHCCCCCCCCCHCCCCCCCCCCCC	0
1180	6.061	8.172	9.557	33	535	15.2	9.1	CEEHECCHCCCCCCCCHCCCHCCCCCCCCHCCC	0
1181	6.017	8.216	9.576	33	535	12.1	9.1	CEEHECCCCCHCCCCCHCCCCCCCCCCCCHCCC	0
1182	5.926	8.208	9.423	33	535	9.1	9.1	CCEHECCHCCCCCCCCCCCCCCCCCCCECHCCC	0
1183	9.178	7.850	16.721	33	535	18.2	6.1	CECCCCCHCCCHCCHCCCCCHECHCCCCCCCHC	1
1184	5.713	8.165	9.541	33	535	9.1	9.1	CCEHECCHCCCCCCCCCCCCCCCCCCCECHCCC	0
1185	9.347	7.816	16.942	33	535	12.1	12.1	CECCCECHCCCCCCHCCECCHCCCCCCCCCEHC	1
1186	5.918	8.099	7.401	33	535	15.2	9.1	CCEHECECCCCCCCCCHCCCHCCHCCCCCHCCC	0
1187	5.940	8.159	11.467	33	535	15.2	9.1	CEEHECCHCCCCCCCCHCCCHCCCCCCCCHCCC	0
1188	6.410	7.737	16.140	33	535	24.2	0.0	CHCCHCCHCCCCCCCCCCHCHCCCCHCCCCHHC	2
1189	6.093	8.064	9.880	33	535	12.1	9.1	CCEHECEHCCCCCCCCCCCCCCCCCHCCCHCCC	0
1190	6.054	8.199	9.513	33	535	18.2	15.2	CEEHECECCCHCCCHCHCCCCCCHCCCECHCCC	0
1191	9.136	7.714	15.188	33	535	15.2	12.1	CCCCCECCCCCHCCHCCECCHCCHECCECCCHC	1
1192	6.214	8.168	10.479	33	535	18.2	9.1	CCEHECCHCCCCCCHCHCCCHCCCCHCECCCCC	0
1193	6.056	8.034	8.643	33	535	12.1	9.1	CCECECCHCCCCCCCCHCCCCCCHCCCECHCCC	0
1194	5.716	7.958	8.054	33	535	9.1	9.1	CCEHECCHCCCCCCCCHCCCCCCCCCCECCCCC	0
1195	9.112	7.866	15.497	33	535	15.2	9.1	CCCCCCCCCCCHECHCCCCCHCCHCCCECCEHC	1
1196	9.128	7.727	15.141	33	535	15.2	9.1	CCCCCECCCCCHECHECCCCHCCHCCCCCCCHC	1
1197	6.471	7.640	15.122	33	535	21.2	6.1	CHCCCCCHCCCCCECCCCHCHCCHCCCCCEHHC	2
1198	5.966	8.141	8.486	33	535	15.2	9.1	CEEHECCHCCCCCCCCHCCCHCCCCCCCCHCCC	0
1199	8.963	7.748	16.261	33	535	15.2	12.1	CECCCCCHCCCHCCHCCECCHECCCCCECCCHC	1
1200	5.821	8.067	7.269	33	535	12.1	12.1	CCEHECEHCCHCCCCCCCCCCCCCCCCECHCCC	0
1201	5.897	8.150	7.669	33	535	15.2	9.1	CEEHECCCCCHCCCCCHCCCHCCCCCCCCHCCC	0
1202	5.953	8.043	8.518	33	535	12.1	12.1	CEEHECEHCCCCCCCCHCCCCCCCCCCCCHCCC	0
1203	5.942	8.099	8.909	33	535	12.1	12.1	CEEHECCHCCCCCCCCCCCCHCCCCCCECHCCC	0
1204	6.012	8.117	8.849	33	535	15.2	12.1	CCEHECEHCCCCCCCCHCCCCCCCCHCECHCCC	0
1205	6.015	8.103	8.319	33	535	12.1	12.1	CEEHECCHCCCCCCCCHCCCCCCCCCCECHCCC	0
1206	9.238	7.832	15.848	33	535	15.2	12.1	CCCCCCCHCCCHECHCCECCHECCCCCCCCEHC	1
1207	6.145	8.048	9.646	33	535	9.1	12.1	CEEHECCCCCCCCCCCHCCCCCCCCCCECHCCC	0
1208	5.991	8.060	8.821	33	535	12.1	12.1	CEEHECCCCCCCCCCCHCCCHCCCCCCECHCCC	0
1209	5.868	8.188	7.746	33	535	9.1	9.1	CCEHECCHCCCCCCCCHCCCCCCCCCCECCCCC	0
1210	5.933	7.967	8.432	33	535	15.2	9.1	CCEHECEHCCCCCCCCHCCCHCCCCCCCCHCCC	0
1211	5.957	7.974	7.450	33	535	9.1	9.1	CCEHECCCCCCCCCCCCCCCHCCCCCCECHCCC	0
1212	5.939	8.100	9.364	33	535	18.2	6.1	CCEHECCHCCCCCCHCHCCCCCCHCCCCCHCCC	0
1213	5.959	8.033	9.443	33	535	15.2	12.1	CEEHECCHCCCCCCCCHCCCHCCCCCCECHCCC	0
1214	6.630	7.670	15.620	33	535	15.2	6.1	CHCCCCCHCCCCCECCCCHCHCCCCCCCCEHCC	2
1215	6.224	8.057	8.905	33	535	18.2	9.1	CCEHECECCCCCCCCCHCCCHCCHCHCCCHCCC	0
1216	9.250	7.704	16.502	33	535	15.2	3.0	CCCCCCCHCCCHCCHCCCCCHCCCCCCCCCEHC	1
1217	9.324	7.774	16.910	33	535	15.2	6.1	CECCCECHCCCHCCHCCCCCHCCCCCCCCCCHC	1
1218	6.055	8.009	9.243	33	535	15.2	12.1	CEEHECECCCHCCCCCHCCCCCCHCCCCCHCCC	0
1219	9.306	7.716	16.577	33	535	12.1	9.1	CECCCCCHECCCCCHCCECCHCCCCCCCCCCHC	1
1220	9.243	7.699	16.158	33	535	15.2	3.0	CCCCCCCHCCCHCCHCCCCCHCCCCCCCCCEHC	1
1221	5.967	8.125	9.320	33	535	12.1	12.1	CEEHECCHCCCCCCCCHCCCCCCCCCCECHCCC	0
1222	9.245	7.673	15.678	33	535	15.2	3.0	CCCCCECHCCCHCCHCCCCCHCCCCCCCCCCHC	1
1223	9.294	7.749	16.846	33	535	15.2	6.1	CCCCCCCHCCCHECHCCCCCHECCCCCCCCCHC	1
1224	5.922	8.144	10.980	33	535	9.1	9.1	CCEHECEHCCCCCCCCCCCCHCCCCCCCCCCCC	0
1225	9.165	7.754	16.374	33	535	15.2	3.0	CCCCCCCHCCCHCCHCCCCCHCCCCCCCCCEHC	1
1226	6.035	8.077	9.317	33	535	12.1	6.1	CCEHECCHCCCCCCCCCCCCCCCHCCCCCHCCC	0
1227	5.937	8.079	8.244	33	535	18.2	12.1	CEEHECEHCCCCCCCCHCCCHCCHCCCCCHCCC	0
1228	6.068	8.203	10.217	33	535	18.2	9.1	CCEHECCHCCCCCCHCHCCCHCCCCCCECHCCC	0
1229	5.958	8.165	10.411	33	535	15.2	12.1	CEEHECEHCCCCCCCCHCCCCCCHCCCCCHCCC	0
1230	5.861	8.136	8.446	33	535	15.2	12.1	CEEHECEHCCCCCCCCHCCCHCCCCCCCCHCCC	0
1231	5.857	8.162	9.824	33	535	18.2	9.1	CEEHECCHCCCCCCCCHCCCCCCHCHCCCHCCC	0
1232	5.910	8.127	10.033	33	535	24.2	6.1	CCEHECCHCCHCCCHCHCCCHCCCCHCCCHCCC	0
1233	5.964	8.192	10.392	33	535	12.1	9.1	CEEHECCHCCCCCCCHCCCCCCCCCCCCCHCCC	0
1234	6.008	8.076	10.326	33	535	12.1	6.1	CCEHECCHCCCCCCCHCCCCCCCCCCCCCHCCC	0
1235	5.927	8.087	10.011	33	535	12.1	15.2	CEEHECEHCCHCCCCCCCCCCCCCCCCECHCCC	0
1236	9.284	7.725	15.890	33	535	15.2	6.1	CCCCCCCHCCCHECHCCCCCHCCCCCCCCCEHC	1
1237	5.888	8.116	9.331	33	535	12.1	9.1	CCEHECEHCCCCCCCCHCCCHCCCCCCCCCCCC	0
1238	5.707	8.167	8.104	33	535	15.2	6.1	CCEHECCHCCCCCCCCHCCCCCCHCCCCCHCCC	0
1239	5.856	8.099	8.446	33	535	15.2	9.1	CCEHECCHCCCCCCCCHCCCHCCCCCCECHCCC	0
1240	5.856	8.113	8.977	33	535	12.1	15.2	CEEHECEHCCCCCCCCCCCCHCCCCCCECHCCC	0
1241	5.925	8.106	8.757	33	535	9.1	9.1	CEEHECCHCCCCCCCCCCCCCCCCCCCCCHCCC	0
1242	5.922	8.113	8.701	33	535	15.2	6.1	CCEHECCHCCHCCCCHCCCCCCCCCCCCCHCCC	0
1243	5.888	8.151	8.254	33	535	15.2	6.1	CCEHECCHCCCCCCCCHCCCHCCCCCCCCHCCC	0
1244	5.839	8.220	9.596	33	535	18.2	9.1	CCEHECCHCCCCCCHHCCCCHCCCCCCECHCCC	0
1245	6.005	8.184	9.135	33	535	12.1	9.1	CEEHECCHCCCCCCCCCCCCHCCCCCCCCHCCC	0
1246	5.901	8.114	8.534	33	535	12.1	9.1	CCEHECECCCCCCCCCHCCCCCCCCHCCCHCCC	0
1247	5.844	8.248	9.836	33	535	9.1	6.1	CCEHECCCCCCCCCCCCCCCHCCCCCCCCHCCC	0
1248	5.740	8.127	10.046	33	535	6.1	12.1	CEEHECCCCCCCCCCCCCCCCCCCCCCECHCCC	0
1249	9.196	7.732	16.182	33	535	15.2	3.0	CCCCCCCHCCCHCCHCCCCCHCCCCCCCCCEHC	1
1250	9.318	7.670	15.484	33	535	15.2	3.0	CCCCCCCHCCCHCCHCCCCCHCCCCCCCCCEHC	1
1251	5.976	8.130	10.141	33	535	15.2	12.1	CEEHECCHCCCCCCCCHCCCHCCCCCCECHCCC	0
1252	9.213	7.649	16.369	33	535	15.2	3.0	CCCCCCCHCCCHCCHCCCCCHCCCCCCCCCEHC	1
1253	9.256	7.726	15.382	33	535	15.2	6.1	CCCCCCCHCCCHCCHCCECCHCCCCCCCCCEHC	1
1254	9.203	7.735	14.876	33	535	15.2	3.0	CCCCCCCHCCCHECHCCCCCHCCCCCCCCCCHC	1
1255	5.854	8.099	11.348	33	535	12.1	6.1	CCEHECCHCCCCCCCCHCCCHCCCCCCCCCCCC	0
1256	5.774	8.253	12.523	33	535	18.2	9.1	CCEHECCHCCCCCCHCHCCCHCCCCCCECHCCC	0
1257	9.235	7.727	15.494	33	535	15.2	6.1	CCCCCECHCCCHCCHCCCCCHCCCCCCCCCEHC	1
1258	5.799	8.222	9.811	33	535	15.2	9.1	CCEHECEHCCCCCCCCCCCCHCCHCCCCCHCCC	0
1259	5.832	8.042	11.218	33	535	12.1	9.1	CCEHECCHCCCCCCCCCCCCHCCCCCCECHCCC	0
1260	9.299	7.682	15.438	33	535	15.2	0.0	CCCCCCCHCCCHCCHCCCCCHCCCCCCCCCCHC	1
1261	9.327	7.701	14.722	33	535	15.2	0.0	CCCCCCCHCCCHCCHCCCCCHCCCCCCCCCCHC	1
1262	5.885	8.200	13.493	33	535	9.1	6.1	CCEHECCHCCCCCCCCCCCCCCCCCCCCCHCCC	0
1263	9.367	7.759	15.600	33	535	15.2	0.0	CCCCCCCHCCCHCCHCCCCCHCCCCCCCCCCHC	1
1264	5.828	8.269	11.826	33	535	18.2	6.1	CCEHECCHCCHCCCCCHCCCHCCCCCCCCHCCC	0
1265	9.410	7.734	17.183	33	535	12.1	3.0	CCCCCCCHCCCCCCHCCCCCHCCCCCCCCCEHC	1
1266	9.430	7.749	16.456	33	535	15.2	12.1	CECCCECHCCCHCCHCCECCHCCCCCCCCCEHC	1
1267	9.235	7.747	16.585	33	535	15.2	6.1	CECCCCCHCCCHCCHCCCCCHCCCCCCCCCEHC	1
1268	5.837	8.204	11.422	33	535	18.2	6.1	CCEHECCHCCHCCCCCHCCCHCCCCCCCCHCCC	0
1269	5.881	8.117	11.679	33	535	15.2	15.2	CEEHECEHCCCCCCCCHCCCHCCCCCCECHCCC	0
1270	5.799	8.312	11.600	33	535	12.1	9.1	CCEHECEHCCHCCCCCCCCCCCCCCCCCCHCCC	0
1271	5.809	8.161	11.573	33	535	15.2	9.1	CCEHECCHCCCCCCCCHCCCHCCCCCCECHCCC	0
1272	9.141	7.672	15.411	33	535	15.2	6.1	CCCCCCCHECCHCCHCCCCCHCCCCCCCCCEHC	1
1273	9.213	7.742	15.442	33	535	15.2	3.0	CCCCCCCHCCCHCCHCCCCCHCCCCCCCCCEHC	1
1274	5.936	8.232	12.525	33	535	15.2	9.1	CEEHECCHCCCCCCCHCCCCHCCCCCCCCHCCC	0
1275	5.764	8.150	11.025	33	535	12.1	12.1	CEECECCHCCCCCCCCHCCCHCCCCCCECHCCC	0
1276	6.746	7.763	16.236	33	535	18.2	3.0	CHCCCCCHCCCCCHCCCCHCHCCCCCCECCHCC	2
1277	9.137	7.637	15.987	33	535	15.2	6.1	CCCCCCCHCCCHCCHCCECCHECCCCCCCCCHC	1
1278	6.523	7.753	16.595	33	535	24.2	0.0	CHCCHCCHCCCCCCCCCHCCHCCCCHCCCCHHC	2
1279	6.527	7.754	16.231	33	535	12.1	3.0	CHCCCCCHCCCCCCCCCCHCCCCCCCCECCHCC	2
1280	6.730	7.622	16.579	33	535	12.1	0.0	CCCCHHHHCCCCCCCCCCCCCCCCCCCCCCCCC	2
1281	9.189	7.710	14.693	33	535	15.2	9.1	CCCCCECHCCCHCCHCCECCHCCCCCCCCCEHC	1
1282	6.799	7.774	16.720	33	535	15.2	0.0	CHCCCCCHCCCCCCCCCCCCHCCCCHCCCCCHC	2
1283	9.116	7.655	15.157	33	535	15.2	9.1	CCCCCCCHCCCHECHCCCCCHECCCCCCCCEHC	1
1284	9.303	7.777	15.904	33	535	15.2	6.1	CCCCCCCHECCHCCHCCCCCHCCCCCCCCCEHC	1
1285	6.630	7.657	16.874	33	535	18.2	3.0	CHCCCCCHCCCCCCCCCHCCHCCCCHCECCHCC	2
1286	9.217	7.789	16.636	33	535	15.2	3.0	CCCCCCCHCCCHCCHCCECCHCCCCCCCCCCHC	1
1287	5.776	8.139	13.982	33	535	3.0	6.1	CCECECCCCCCCCCCCCCCCHCCCCCCCCCCCC	0
1288	9.325	7.754	15.141	33	535	15.2	0.0	CCCCCCCHCCCHCCHCCCCCHCCCCCCCCCCHC	1
1289	9.167	7.745	14.527	33	535	12.1	6.1	CCCCCCCHCCCHCCCCCCCCHECCCCCCCCEHC	1
1290	6.039	8.187	11.137	33	535	15.2	12.1	CEEHECCHCCCCCCHCHCCCHCCCCCCCCECCC	0
1291	6.044	8.115	11.166	33	535	9.1	9.1	CEEHECCHCCCCCCCCCCCCHCCCCCCCCCCCC	0
1292	6.019	8.227	11.110	33	535	12.1	12.1	CEEHECECCCHCCCCCHCCCHCCCCCCCCCCCC	0
1293	6.046	8.161	11.447	33	535	15.2	12.1	CCEHECEHCCHCCCHCCCCCCCCHCCCCCECCC	0
1294	6.057	8.210	10.927	33	535	9.1	12.1	CEEHECEHCCCCCCCCHCCCCCCCCCCCCCCCC	0
1295	6.182	8.156	10.578	33	535	12.1	9.1	CCEHECEHCCCCCCHCHCCCCCCCCCCCCCCCC	0
1296	5.890	8.192	11.631	33	535	21.2	12.1	CEEHECCHCCHCCCHCHCCCHCCCCCCECCHCC	0
1297	6.071	8.204	12.258	33	535	9.1	9.1	CCEHECCCCCCCCCCCCCCCCCCCCHCECCHCC	0
1298	6.076	8.130	11.597	33	535	12.1	9.1	CCEHECEHCCCCCCCHCCCCHCCCCCCCCCCCC	0
1299	6.488	7.736	16.562	33	535	18.2	3.0	CHCCCCCHCCCCCCCCCCHCHCCCCHCECCCHC	2
1300	6.662	7.753	16.191	33	535	18.2	3.0	CHCCCCCHCCCCCCCCCHCCHCCCCHCECCCHC	2
1301	9.302	7.719	14.988	33	535	12.1	3.0	CECCCCCCCCCHCCHCCCCCHCCCCCCCCCCHC	1
1302	6.718	7.779	16.320	33	535	18.2	6.1	CHCCCCCHCCCCCCCCHCHCCCCCCCCECEHHC	2
1303	6.549	7.664	16.578	33	535	18.2	0.0	CHCCCCCHCCCCCCCCCCHCHCCCCHCCCCCHC	2
1304	6.159	8.130	11.146	33	535	3.0	9.1	CCEHECCCCCCCCCCCCCCCCCCCCCCECCCCC	0
1305	9.384	7.723	15.389	33	535	12.1	0.0	CCCCCCCHCCCCCCHCCCCCHCCCCCCCCCCHC	1
1306	6.061	8.153	11.513	33	535	12.1	12.1	CCEHECEHCCCCCCCCHCCCHCCCCCCECCCCC	0
1307	6.516	7.764	16.816	33	535	18.2	3.0	CHCCCCCHCCCCCCCCCCHCHCCCCHCECCCHC	2
1308	6.116	8.049	11.142	33	535	18.2	9.1	CCEHECEHCCHCCCHCHCCCHCCCCCCCCCCCC	0
1309	6.506	7.787	17.026	33	535	15.2	3.0	CHCCCCCHECCCCCCCCCHCHCCCCCCCCCCHC	2
1310	6.013	8.067	10.475	33	535	12.1	9.1	CEEHECCHCCHCCCHCCCCCCCCCCCCCCCCCC	0
1311	9.279	7.833	16.906	33	535	15.2	6.1	CCCCCCCHCCCHCCHCCECCHCCCCCCCCCEHC	1
1312	5.932	8.135	10.296	33	535	9.1	6.1	CCEHECCHCCCCCCCCHCCCCCCCCCCCCCCCC	0
1313	9.211	7.708	16.058	33	535	15.2	9.1	CCCCCCCHCCCHCCHCCECCHECCCCCCCCEHC	1
1314	6.010	8.238	10.478	33	535	0.0	6.1	CCECECCCCCCCCCCCCCCCCCCCCCCCCCCCC	0
1315	5.995	8.185	10.449	33	535	6.1	6.1	CCEHECCCCCCCCCCCHCCCCCCCCCCCCCCCC	0
1316	9.239	7.683	15.315	33	535	15.2	3.0	CCCCCCCHCCCHCCHCCCCCHCCCCCCCCCEHC	1
1317	6.016	8.083	10.557	33	535	9.1	12.1	CCEHECEHCCCCCCCCCCCCHCCCCCCECCCCC	0
1318	6.061	8.015	9.427	33	535	12.1	9.1	CCEHECCHCCCCCCCCCCCCHCCCCCCCCEHCC	0
1319	6.030	8.087	11.472	33	535	9.1	6.1	CCEHECCHCCCCCCCCCCCCHCCCCCCCCCCCC	0
1320	6.124	8.042	10.280	33	535	9.1	12.1	CEEHECCCCCCCCCCHCCCCHCCCCCCECCCCC	0
1321	6.031	8.269	11.240	33	535	12.1	15.2	CCEHECEHCCCCCCCCHCCCHCCCCCCECECCC	0
1322	9.159	7.604	14.202	33	535	15.2	12.1	CCCCCECHECCHCCHCCECCHCCCCCCCCCEHC	1
1323	5.821	8.123	11.422	33	535	18.2	9.1	CCEHECCHCCHCCCCCHCCCHCCHCCCECCCCC	0
1324	6.380	7.761	16.304	33	535	18.2	3.0	CHCCCCCHCCCCCCCCCCCCHCCCCHCCCEHHC	2
1325	5.961	8.017	11.057	33	535	6.1	6.1	CCEHECCHCCCCCCCCCCCCCCCCCCCCCCCCC	0
1326	6.231	7.930	11.124	33	535	15.2	9.1	CEEHECCHCCCCCCCCHCCCHCCCCCHCCCCCC	0
1327	6.070	8.047	10.878	33	535	9.1	12.1	CCEHECEHCCHCCCCCCCCCCCCCCCCCCECCC	0
1328	5.921	8.101	10.740	33	535	12.1	15.2	CEEHECCHCCHCCCCCCCCCCCCHCCCECECCC	0
1329	6.390	7.695	15.714	33	535	18.2	3.0	CHCCCCCHCCCCCCCCCCHCHCCCCCCCCEHHC	2
1330	6.456	7.752	16.832	33	535	12.1	6.1	CHCCCCCCECCCCCCCCCHCCCCCCCCCCEHHC	2
1331	6.502	7.847	16.904	33	535	18.2	6.1	CHCCCCCHCCCCCCCCCHCCCCCCCHCECEHHC	2
1332	6.482	7.829	16.337	33	535	18.2	3.0	CHCCCCCHCCCCCCCCCCHCHCCCCCCCCEHHC	2
1333	5.991	8.039	10.345	33	535	9.1	15.2	CEEHECEHCCCCCCCCHCCCCCCCCCCCCECCC	0
1334	6.002	8.128	10.713	33	535	12.1	12.1	CEEHECCHCCCCCCCCHCCCCCCCCCCECCHCC	0
1335	9.255	7.764	15.545	33	535	15.2	9.1	CCCCCECHCCCHCCHCCECCHCCCCCCCCCEHC	1
1336	9.233	7.680	15.849	33	535	15.2	0.0	CCCCCCCHCCCHCCHCCCCCHCCCCCCCCCCHC	1
1337	9.343	7.766	15.342	33	535	15.2	6.1	CECCCCCHCCCHCCHCCCCCHCCCCCCCCCEHC	1
1338	9.103	7.632	15.026	33	535	15.2	12.1	CECCCCCHECCHCCHCCECCHCCCCCCCCCEHC	1
1339	6.062	8.146	11.019	33	535	15.2	12.1	CEEHECEHCCCCCCHCHCCCHCCCCCCCCCCCC	0
1340	6.637	7.722	15.904	33	535	12.1	3.0	CCCCCCCHCCCCCCCCCCCCHCCCCCCCCEHHC	2
1341	9.318	7.769	16.765	33	535	9.1	6.1	CECCCCCHCCCCCCHCCCCCHCCCCCCCCCECC	1
1342	6.057	8.034	10.734	33	535	15.2	9.1	CEEHECCHCCHCCCCCHCCCHCCCCCCCCCCCC	0
1343	9.350	7.796	16.145	33	535	12.1	0.0	CCCCCCCHCCCHCCHCCCCCHCCCCCCCCCCCC	1
1344	6.640	7.752	16.963	33	535	18.2	3.0	CHCCCCCHCCCCCHCCCCHCCCCCCHCCCEHCC	2
1345	5.950	8.127	11.387	33	535	9.1	9.1	CCEHECCHCCCCCCCCHCCCCCCCCCCCCECCC	0
1346	6.514	7.714	16.767	33	535	24.2	6.1	CHCCCCCHECCCCHCCCCHCHCCCCHCCCEHHC	2
1347	5.957	8.128	10.044	33	535	9.1	15.2	CCEHECEHCCCCCCCCCCCCHCCCCCCECECCC	0
1348	9.206	7.721	15.875	33	535	15.2	9.1	CCCCCCCHECCHCHCCCCCCHECCCCCCCCEHC	1
1349	9.075	7.662	16.393	33	535	15.2	6.1	CCCCCCCHECCHCCHCCCCCHCCCCCCCCCEHC	1
1350	6.066	8.014	9.767	33	535	9.1	6.1	CCECECCHCCHCCCCCCCCCHCCCCCCCCCCCC	0
1351	6.078	8.122	11.363	33	535	9.1	6.1	CCEHECCHCCHCCCCCCCCCCCCCCCCCCCCCC	0
1352	6.089	8.172	10.840	33	535	9.1	9.1	CCEHECCHCCHCCCCCCCCCCCCCCCCECCCCC	0
1353	6.253	8.203	11.450	33	535	9.1	12.1	CEEHECEHCCCCCCCCHCCCCCCCCCCCCCCCC	0
1354	6.219	8.074	11.758	33	535	15.2	12.1	CCEHECEHCCHCCCCCCCCCHCCHCCCECCCCC	0
1355	6.025	8.198	11.141	33	535	9.1	6.1	CCEHECCHCCCCCCCCHCCCCCCCCCCCCCCCC	0
1356	6.070	8.007	10.656	33	535	18.2	9.1	CCEHECCHCCHCCCCCHCCCHCCHCCCCCECCC	0
1357	6.151	7.894	11.035	33	535	12.1	6.1	CCEHECCHCCCCCCCCHCCCHCCCCCCCCCCCC	0
1358	6.119	7.953	10.228	33	535	15.2	6.1	CCEHECCHCCCCCCCCHCCCCCCHCHCCCCCCC	0
1359	6.077	7.989	9.608	33	535	12.1	12.1	CCEHECEHCCCCCCCCHCCCHCCCCCCECCCCC	0
1360	6.099	8.075	9.247	33	535	18.2	9.1	CCEHECCHCCHCCCCCHCCCHCCHCCCECCCCC	0
1361	9.334	7.768	15.767	33	535	15.2	6.1	CCCCCCCHCCCHCCHCCECCHCCCCCCCCCEHC	1
1362	9.379	7.770	15.806	33	535	15.2	3.0	CCCCCCCHCCCHCCHCCCCCHCCCCCCCCCEHC	1
1363	9.165	7.707	16.151	33	535	15.2	6.1	CCCCCCCHCCCHCCHCCECCHCCCCCCCCCEHC	1
1364	6.180	8.007	10.054	33	535	12.1	9.1	CCEHECCHCCHCCCCCHCCCCCCCCCCECCCCC	0
1365	6.095	7.974	10.373	33	535	9.1	6.1	CCEHECCHCCCCCCCCHCCCCCCCCCCCCCCCC	0
1366	6.099	7.941	10.352	33	535	9.1	12.1	CEEHECEHCCCCCCCCCCCCHCCCCCCCCCCCC	0
1367	6.116	7.947	10.391	33	535	6.1	9.1	CCECECEHCCCCCCCCCCCCHCCCCCCCCCCCC	0
1368	6.361	7.849	15.965	33	535	15.2	3.0	CHCCCCCCCCCCCCCCCCHCHCCCCHCCCECHC	2
1369	9.362	7.715	15.586	33	535	15.2	3.0	CCCCCCCHCCCHCCHCCCCCHCCCCCCCCCEHC	1
1370	6.661	7.747	16.229	33	535	12.1	6.1	CHCCCCCCCCCCCCCCCCHCHCCCCCCECEHCC	2
1371	6.132	7.988	9.866	33	535	12.1	12.1	CCEHECEHCCCCCCCCHCCCHCCCCCCECCCCC	0
1372	6.104	7.871	11.097	33	535	6.1	9.1	CCECECEHCCCCCCCCCCCCCCCHCCCCCCCCC	0
1373	5.993	8.040	11.219	33	535	6.1	12.1	CCEHECEHCCCCCCCCCCCCCCCCCCCCCECCC	0
1374	6.099	7.958	10.794	33	535	9.1	6.1	CCEHECCHCCCCCCCCHCCCCCCCCCCCCCCCC	0
1375	6.560	7.757	15.951	33	535	12.1	0.0	CHCCCCCHCCCCCCCCCCHCCCCCCCCCCCCHC	2
1376	6.022	7.972	9.814	33	535	3.0	9.1	CCECECCHCCCCCCCCCCCCCCCCCCCECCCCC	0
1377	6.065	7.947	9.635	33	535	9.1	12.1	CCEHECEHCCCCCCCCCCCCCCCCCCCECCHCC	0
1378	6.134	8.069	11.580	33	535	12.1	12.1	CEEHECEHCCCCCCCCHCCCHCCCCCCCCCCCC	0
1379	6.066	8.018	9.554	33	535	15.2	12.1	CEEHECCHCCCCCCCCHCCCHCCCCCCECCHCC	0
1380	9.313	7.797	16.663	33	535	12.1	12.1	CECCCCCHCCCCCCHECCCCHECCCCCCCCEHC	1
1381	6.085	8.027	11.060	33	535	12.1	12.1	CEEHECCHCCCCCCCCHCCCHCCCCCCECCCCC	0
1382	6.529	7.659	16.036	33	535	12.1	3.0	CHCCCCCHCCCCCCCCCCHCHCCCCCCECCCCC	2
1383	6.076	7.963	10.676	33	535	12.1	6.1	CCEHECCHCCCCCCCCCCCCCCCCCCHCCCHCC	0
1384	6.659	7.747	16.840	33	535	12.1	0.0	CCCCHHHHCCCCCCCCCCCCCCCCCCCCCCCCC	2
1385	9.173	7.733	16.123	33	535	15.2	9.1	CECCCECHCCCHCCHCCCCCHECCCCCCCCCHC	1
1386	5.983	8.004	10.054	33	535	6.1	15.2	CEEHECEHCCCCCCCCCCCCCCCCCCCECCCCC	0
1387	5.943	7.974	11.031	33	535	12.1	9.1	CCEHECEHCCCCCCCCHCCCCCCHCCCCCCCCC	0
1388	6.074	8.004	10.837	33	535	12.1	9.1	CCEHECCHCCCCCCCCHCCCHCCCCCCECCCCC	0
1389	6.065	7.979	9.549	33	535	15.2	12.1	CCEHECEHCCHCCCCCCCCCHCCCCCCECCHCC	0
1390	9.023	7.661	15.093	33	535	15.2	6.1	CCCCCCCHCCCHCCHCCCCCHECCCCCCCCEHC	1
1391	6.486	7.705	16.197	33	535	21.2	6.1	CHCCCCCHECCCCCCCCCHCHCCCCHCCCEHHC	2
1392	6.463	7.649	15.974	33	535	18.2	6.1	CHCCCCCHCCCCCCCCCCHCHCCCCCCECEHHC	2
1393	6.006	8.004	10.369	33	535	15.2	6.1	CCEHECCHCCHCCCCCHCCCHCCCCCCCCCCCC	0
1394	6.015	7.950	10.206	33	535	9.1	12.1	CCEHECEHCCCCCCCCHCCCCCCCCCCECCCCC	0
1395	6.363	7.720	16.004	33	535	15.2	6.1	CCCCHCCHCCCCCCCCCCCCHCCCCHCECECHC	2
1396	6.071	8.017	10.143	33	535	18.2	6.1	CCEHECCHCCHCCCHCHCCCHCCCCCCCCCCCC	0
1397	6.524	7.789	16.738	33	535	12.1	6.1	CHCCCCCHCCCCCCCCCCHCHCCCCCCECECCC	2
1398	5.974	8.007	11.636	33	535	15.2	9.1	CCEHECCHCCCCCCCHCCCCHCCCCHCCCECCC	0
1399	9.160	7.697	15.626	33	535	15.2	3.0	CCCCCCCHCCCHCCHCCCCCHCCCCCCCCCEHC	1
1400	6.508	7.700	16.051	33	535	12.1	6.1	CHCCCCCHCCCCCCCCCCCCHCCCCCCECEHCC	2
1401	6.021	7.959	10.592	33	535	12.1	9.1	CEEHECCHCCHCCCCCHCCCCCCCCCCCCCCCC	0
1402	6.091	8.008	10.174	33	535	9.1	9.1	CCECECEHCCCCCCCCHCCCHCCCCCCCCCCCC	0
1403	6.534	7.675	16.023	33	535	18.2	0.0	CHCCCCCHCCCCCCCCCCHCHCCCCHCCCCHCC	2
1404	9.362	7.688	15.617	33	535	15.2	3.0	CCCCCCCHCCCHCCHCCCCCHCCCCCCCCCEHC	1
1405	6.052	8.007	11.359	33	535	9.1	9.1	CCEHECEHCCCCCCCCCCCCHCCCCCCCCCCCC	0
1406	8.922	7.683	15.378	33	535	15.2	6.1	CCCCCCCHCCCHCCHCCCCCHECCCCCCCCEHC	1
1407	6.104	7.980	9.893	33	535	18.2	6.1	CCEHECCHCCHCCCCHCCCCHCCCCCCCCCHCC	0
1408	9.098	7.705	16.389	33	535	15.2	0.0	CCCCCCCHCCCHCCHCCCCCHCCCCCCCCCCHC	1
1409	8.939	7.770	15.786	33	535	15.2	6.1	CCCCCCCHCCCHCCHCCCCCHECCCCCCCCEHC	1
1410	8.970	7.712	14.622	33	535	15.2	6.1	CCCCCCCHCCCHCHCCCECCHCCCCCCCCCEHC	1
1411	5.966	7.858	10.109	33	535	12.1	9.1	CCECECEHCCCCCCCCHCCCHCCCCCCCCCHCC	0
1412	9.149	7.743	15.852	33	535	15.2	6.1	CCCCCCCHCCCHCCHCCECCHCCCCCCCCCEHC	1
1413	9.092	7.700	14.829	33	535	15.2	0.0	CCCCCCCHCCCHCCHCCCCCHCCCCCCCCCCHC	1
1414	6.217	8.217	10.026	33	535	15.2	6.1	CCECECCHCCCCCCHCHCCCHCCCCCCCCCHCC	0
1415	9.119	7.620	14.519	33	535	12.1	6.1	CCCCCCCCCCCHCCHCCECCHCCCCCCCCCEHC	1
1416	9.168	7.739	15.621	33	535	12.1	3.0	CCCCCCCHCCCHCCCCCCCCHCCCCCCCCCEHC	1
1417	9.175	7.830	16.754	33	535	15.2	9.1	CECCCCCHCCCHCCHCCCCCHECCCCCCCCEHC	1
1418	6.035	8.086	9.345	33	535	3.0	6.1	CCECECCHCCCCCCCCCCCCCCCCCCCCCCCCC	0
1419	6.631	7.748	16.069	33	535	21.2	3.0	CHCCCCCHCCECCCCCCCHCHCCCCHCCCCHHC	2
1420	9.182	7.708	15.995	33	535	15.2	3.0	CCCCCECHCCCHCCHCCCCCHCCCCCCCCCCHC	1
1421	6.553	7.693	16.363	33	535	18.2	6.1	CHCCCCCHCCCCCCCCCCCCHCCCCHCECEHHC	2
1422	6.450	7.763	16.658	33	535	18.2	6.1	CHCCCCCHCCCCCCCCCCHCHCCCCHCECEHCC	2
1423	9.139	7.687	14.908	33	535	15.2	9.1	CCCCCECHCCCHCCHCCCCCHECCCCCCCCEHC	1
1424	9.180	7.749	15.908	33	535	15.2	3.0	CECCCCCHCCCHCCHCCCCCHCCCCCCCCCCHC	1
1425	6.045	8.186	9.941	33	535	12.1	9.1	CCECECCHCCHCCCCCHCCCCCCCCHCECCCCC	0
1426	9.226	7.675	14.701	33	535	15.2	9.1	CCCCCECHCCCHCCHCCCCCHECCCCCCCCEHC	1
1427	6.517	7.695	16.481	33	535	18.2	0.0	CHCCCCCHCCCCCCCCCCHCHCCCCHCCCCCHC	2
1428	5.982	8.015	9.814	33	535	18.2	6.1	CCECECCHCCHCCCCCHCCCHCCHCCCCCCHCC	0
1429	9.243	7.764	15.348	33	535	9.1	6.1	CCCCCECHCCCCCCHCCCCCHCCCCCCCCCECC	1
1430	6.103	8.010	11.051	33	535	9.1	12.1	CCECECEHCCCCCCCHCCCCHCCCCCCECCCCC	0
1431	9.238	7.712	15.852	33	535	15.2	6.1	CCCCCECHCCCHCCHCCCCCHECCCCCCCCCHC	1
1432	6.428	7.678	15.750	33	535	12.1	3.0	CCHCCCCHCCCCCCCCCCCCHCCCCHCCCECCC	2
1433	9.286	7.731	15.996	33	535	15.2	3.0	CCCCCECHCCCHCCHCCCCCHCCCCCCCCCCHC	1
1434	5.989	8.031	9.286	33	535	15.2	6.1	CCEHECCHCCHCCCCHCCCCHCCCCCCCCCCCC	0
1435	6.654	7.636	16.146	33	535	18.2	3.0	CHCCCCCHCCCCCCCCCCHCHCCCCHCCCEHCC	2
1436	9.369	7.741	15.830	33	535	15.2	9.1	CCCCCECHECCHCCHCCCCCHCCCCCCCCCEHC	1
1437	6.491	7.709	16.249	33	535	15.2	3.0	CHCCCCCHCCCCCCCCCCHCHCCCCCCCCEHCC	2
1438	6.149	8.028	8.965	33	535	6.1	9.1	CCECECCHCCCCCCCHCCCCCCCCCCCECCCCC	0
1439	9.115	7.692	16.355	33	535	15.2	3.0	CCCCCCCHCCCHCCHCCCCCHCCCCCCCCCEHC	1
1440	6.497	7.656	15.896	33	535	21.2	0.0	CHCCCCCHCCCCCHCCCCHCHCCCCHCCCCCHC	2
1441	9.242	7.640	14.722	33	535	15.2	6.1	CCCCCCCHCCCHECHCCCCCHCCCCCCCCCEHC	1
1442	9.222	7.652	14.384	33	535	12.1	6.1	CCCCCECHCCCHCCCCCCCCHCCCCCCCCCEHC	1
1443	9.238	7.604	15.042	33	535	15.2	0.0	CCCCCCCHCCCHCCHCCCCCHCCCCCCCCCCHC	1
1444	5.969	8.122	8.895	33	535	9.1	12.1	CCECECEHCCHCCCCHCCCCCCCCCCCCCECCC	0
1445	9.149	7.726	16.065	33	535	15.2	9.1	CCCCCECHCCCHCCHCCECCHCCCCCCCCCEHC	1
1446	6.591	7.715	15.936	33	535	15.2	3.0	CHCCCCCHCCCCCCCCCCHCHCCCCCCECCHCC	2
1447	9.277	7.681	14.993	33	535	15.2	6.1	CCCCCECHCCCHCCHCCCCCHCCCCCCCCCEHC	1
1448	6.014	8.118	10.068	33	535	12.1	6.1	CCEHECCHCCCCCCCCHCCCHCCCCCCCCCCCC	0
1449	6.033	8.232	9.423	33	535	15.2	9.1	CCEHECEHCCHCCCCCHCCCHCCCCCCCCCCCC	0
1450	9.271	7.739	15.213	33	535	15.2	6.1	CCCCCCCHCCEHCCHCCCCCHCCCCCCCCCEHC	1
1451	6.488	7.773	16.178	33	535	15.2	3.0	CHCCCCCHCCCCCCCCCCHCHCCCCHCECCCCC	2
1452	6.618	7.709	16.135	33	535	15.2	3.0	CHCCCCCHCCCCCCCCCCHCHCCCCCCECCHCC	2
1453	6.551	7.711	16.649	33	535	18.2	0.0	CHCCHCCHCCCCCCCCCCHCHCCCCCCCCCHCC	2
1454	6.089	8.293	11.550	33	535	12.1	6.1	CCECECCHCCCCCCCHCCCCHCCCCCCCCCHCC	0
1455	6.208	8.242	11.826	33	535	3.0	12.1	CCECECEHCCCCCCCCCCCCCCCCCCCECCCCC	0
1456	6.089	8.170	12.221	33	535	18.2	9.1	CCEHECEHCCCCCCCCHCCCHCCCCCHCCCHCC	0
1457	6.565	7.745	16.551	33	535	15.2	0.0	CHCCCCCHCCCCCCCCCCHCHCCCCCCCCCHCC	2
1458	5.882	8.271	15.005	33	535	9.1	12.1	CEECECEHCCCCCCCHCCCCHCCCCCCCCCCCC	0
1459	5.921	8.192	12.330	33	535	15.2	9.1	CEEHECCHCCCCCCCCCCCCHCCCCCHCCCHCC	0
1460	5.760	8.274	15.823	33	535	15.2	6.1	CCECECCHCCHCCCCHCCCCHCCCCCHCCCCCC	0
1461	9.264	7.868	15.989	33	535	15.2	6.1	CCCCCCCHCCCHCCHCCECCHCCCCCCECCCHC	1
1462	6.006	8.258	13.879	33	535	21.2	9.1	CCEHECEHCCHCCCCHCCCCHCCCCCHCCCHCC	0
1463	6.143	8.075	12.705	33	535	15.2	9.1	CCECECEHCCHCCCCCHCCCCCCCCCHCCCHCC	0
1464	6.518	7.781	16.229	33	535	15.2	3.0	CHCCCCCHCCCCCCCCCCHCHCCCCCCECCHCC	2
1465	6.566	7.723	16.522	33	535	15.2	3.0	CHCCCCCHCCCCCCCCCCHCHCCCCHCECCCCC	2
1466	9.405	7.886	16.459	33	535	12.1	3.0	CCCCCCCHCCCCECHCCCCCHCCCCCCCCCCHC	1
1467	6.262	8.310	12.576	33	535	18.2	12.1	CEECECEHCCHCCCHHCCCCHCCCCCHCCCCCC	0
1468	9.298	7.843	15.889	33	535	12.1	9.1	CCCCCCCHCCCHECHCCCCCCCCCCCCECCEHC	1
1469	6.115	8.116	11.619	33	535	18.2	9.1	CCECECCHCCHCCCHCCCCCHCCHCCHCCECCC	0
1470	6.481	7.721	16.605	33	535	24.2	3.0	CHCCHCCHCCCCCCCCCCHCHCCCCHCCCEHHC	2
1471	6.363	8.175	12.185	33	535	21.2	15.2	CEEHECEHCCCCCCHCHCCCHCCHCCHECCCCC	0
1472	6.087	8.066	10.058	33	535	6.1	12.1	CCEHECEHCCCCCCCCCCCCCCCCCCCECCCCC	0
1473	6.409	7.758	16.096	33	535	21.2	9.1	CHCCHCCHECCCCCCCCCHCHCCCCCCECEHHC	2
1474	9.224	7.731	16.127	33	535	15.2	9.1	CCCCCCCHCCEHCCHCCECCHCCCCCCECCCHC	1
1475	6.676	7.667	15.817	33	535	18.2	3.0	CHCCCCCHCCCCCCCCCCHCHCCCCCCCCEHHC	2
1476	9.176	7.861	15.440	33	535	15.2	12.1	CCCCCECHECCHECHCCCCCHECCCCCCCCCHC	1
1477	5.994	8.057	10.073	33	535	15.2	9.1	CCECECEHCCHCCCCCHCCCHCCCCCCCCCHCC	0
1478	9.257	7.882	17.527	33	535	15.2	9.1	CECCCCCHCCEHCCHCCCCCHECCCCCCCCCHC	1
1479	9.231	7.827	16.698	33	535	15.2	9.1	CCCCCCCHCCCHECHCCCCCHECCCCCCCCEHC	1
1480	9.147	7.851	16.573	33	535	15.2	6.1	CCCCCCCHCCEHCCHCCCCCHECCCCCCCCCHC	1
1481	5.985	8.104	10.595	33	535	15.2	9.1	CCEHECEHCCCCCCCHCCCCHCCCCCCCCCHCC	0
1482	9.253	7.850	16.046	33	535	15.2	21.2	CCCCCECHECCHECHECECCHECCCCCCCCEHC	1
1483	9.245	7.830	16.356	33	535	15.2	9.1	CCCCCCCHCCCHCCHCCECCHCCCCCCECCEHC	1
1484	6.022	8.142	10.093	33	535	12.1	9.1	CCEHECEHCCCCCCCCCCCCHCCCCCCCCCHCC	0
1485	5.965	8.083	10.375	33	535	12.1	12.1	CCEHECEHCCCCCCCCHCCCHCCCCCCECCCCC	0
1486	6.090	7.986	9.907	33	535	15.2	12.1	CEEHECEHCCCCCCCCHCCCHCCHCCCCCCCCC	0
1487	6.029	8.093	11.346	33	535	21.2	15.2	CEEHECEHCCCCCCCHHCCCHCCHCCCCCEHCC	0
1488	5.938	8.178	11.667	33	535	15.2	18.2	CEEHECEHCCCCCCCCHCCCHCCHCCCECECCC	0
1489	6.150	8.132	11.651	33	535	15.2	9.1	CCEHECEHCCCCCCCCHCCCHCCHCCCCCCCCC	0
1490	6.019	8.095	12.130	33	535	9.1	12.1	CCECECEHCCCCCCCCHCCCHCCCCCCECCCCC	0
1491	6.092	8.201	11.430	33	535	9.1	12.1	CEEHECEHCCCCCCCCCCCCHCCCCCCCCCCCC	0
1492	9.341	7.897	16.895	33	535	15.2	6.1	CCCCCCCHCCCHCCHCCCCCHCCCCCCECCEHC	1
1493	9.289	7.780	16.262	33	535	15.2	9.1	CCCCCECHCCCCCCHCCECCHCCHCCCCCCEHC	1
1494	9.305	7.769	16.738	33	535	18.2	15.2	CCCCCCCHECEHCCHECCCCHECHCCCECCCHC	1
1495	5.958	8.160	9.921	33	535	15.2	9.1	CCEHECCHCCCCCCCCHCCCHCCCCCCECCHCC	0
1496	6.104	8.168	10.056	33	535	15.2	12.1	CEEHECEHCCCCCCCCHCCCHCCCCCCCCCHCC	0
1497	5.959	8.237	10.216	33	535	12.1	15.2	CCEHECEHCCCCCCCCCCCCHCCCCCCECEHCC	0
1498	5.942	8.095	9.787	33	535	9.1	12.1	CCEHECECCCCCCCCCHCCCHCCCCCCCCECCC	0
1499	9.181	7.836	17.069	33	535	15.2	12.1	CECCCECHCCCHCCHCCCCCHCCCCCCECCEHC	1
1500	9.368	7.834	16.677	33	535	15.2	3.0	CCCCCCCHCCCHCCHCCCCCHCCCCCCCCCEHC	1
1501	6.028	8.187	9.843	33	535	21.2	9.1	CCEHECEHCCCCCCHCHCCCHCCCCCHCCCHCC	0
1502	6.854	7.668	16.695	33	535	12.1	0.0	CCCCHHHHCCCCCCCCCCCCCCCCCCCCCCCCC	2
1503	6.860	7.774	16.682	33	535	24.2	3.0	CHCCCCCHCCCCCCCCCCHCHCCHCHCCCEHHC	2
1504	9.242	7.884	16.897	33	535	12.1	6.1	CCCCCCCCCCEHCCHCCCCCHCCCCCCCCCEHC	1
1505	9.104	7.852	16.762	33	535	12.1	9.1	CCCCCCCHECCHCCCCCECCHCCCCCCCCCEHC	1
1506	6.865	7.634	15.912	33	535	15.2	3.0	CHCCCCCHCCCCCCCCHCHCCCCCCCCCCECHC	2
1507	9.193	7.899	16.572	33	535	12.1	9.1	CCCCCECHCCEHCCCCCCCCHCCCCCCCCCEHC	1
1508	9.087	7.909	15.716	33	535	12.1	9.1	CCCCCCCCCCEHECHCCCCCHCCCCCCCCCEHC	1
1509	9.196	7.878	15.567	33	535	12.1	9.1	CECCCECCCCCHCCHCCCCCHCCCCCCECCCHC	1
1510	6.030	8.162	10.882	33	535	6.1	9.1	CCECECEHCCCCCCCCCCCCHCCCCCCCCCCCC	0
1511	9.272	7.882	16.232	33	535	15.2	15.2	CCCCCECHECEHECHCCCCCHCCCCCCECCCHC	1
1512	9.179	7.955	17.435	33	535	15.2	6.1	CCCCCCCHCCEHCCHCCCCCHCCCCCCECCCHC	1
1513	9.117	7.902	15.894	33	535	15.2	6.1	CCCCCCCHCCEHCCHECCCCHCCCCCCCCCCHC	1
1514	9.318	7.834	16.078	33	535	12.1	15.2	CCCCCCCCECEHECHCCCCCHECCCCCECCCHC	1
1515	9.231	7.893	16.834	33	535	15.2	9.1	CCCCCECHCCCHCCHCCCCCHCCCCCCECCEHC	1
1516	9.176	7.936	16.906	33	535	15.2	9.1	CCCCCCCHCCEHCCHCCCCCHECCCCCCCCEHC	1
1517	6.101	8.113	10.424	33	535	15.2	6.1	CCECECCHCCCCCCCCHCCCHCCCCCHCCCHCC	0
1518	9.087	7.832	16.599	33	535	15.2	9.1	CCCCCCCHCCEHCCHCCCCCHECCCCCCCCEHC	1
1519	9.110	7.993	16.663	33	535	15.2	12.1	CECCCECHCCEHCCHCCCCCHCCCCCCCCCEHC	1
1520	9.059	7.930	17.138	33	535	15.2	12.1	CCCCCECHCCEHECHCCCCCHECCCCCCCCCHC	1
1521	9.030	7.927	16.351	33	535	15.2	9.1	CCCCCCCHCCEHCCHECCCCHCCCCCCCCCEHC	1
1522	9.070	7.927	15.653	33	535	15.2	12.1	CCCCCECHCCCHCCHCCCCCHECCCCCECCEHC	1
1523	8.941	7.938	15.964	33	535	15.2	12.1	CCCCCCCHECEHECHCCCCCHCCCCCCCCCEHC	1
1524	6.093	7.989	9.818	33	535	9.1	6.1	CCECECCHCCCCCCCCHCCCCCCCCCCCCCHCC	0
1525	8.862	7.906	14.906	33	535	15.2	9.1	CCCCCCCHCCEHCCHECCCCHCCCCCCCCCEHC	1
1526	8.858	7.865	15.289	33	535	15.2	15.2	CCCCCCCHCCEHECHECCCCHECCCCCCCCEHC	1
1527	8.936	7.835	15.744	33	535	12.1	9.1	CCCCCCCHCCEHCCHCCCCCHECCCCCCCCECC	1
1528	6.432	7.765	15.777	33	535	12.1	0.0	CHCCCCCHCCCCCCCCCCHCCCCCCCCCCCCHC	2
1529	6.115	8.039	10.645	33	535	9.1	15.2	CCEHECEHCCCCCCCCCCCCHCCCCCCECECCC	0
1530	6.447	7.711	16.393	33	535	12.1	0.0	CCCCHHHHCCCCCCCCCCCCCCCCCCCCCCCCC	2
1531	6.147	8.142	9.377	33	535	9.1	9.1	CCECECEHCCCCCCCCCCCCHCCHCCCCCCCCC	0
1532	6.118	8.020	10.326	33	535	9.1	9.1	CCEHECEHCCCCCCCCHCCCCCCCCCCCCCCCC	0
1533	8.983	7.849	15.621	33	535	12.1	6.1	CCCCCCCCECCHCCHCCCCCHCCCCCCCCCEHC	1
1534	6.085	8.133	9.788	33	535	12.1	9.1	CCEHECEHCCCCCCCCHCCCHCCCCCCCCCCCC	0
1535	8.863	7.800	15.703	33	535	12.1	12.1	CCCCCCCHCCEHCCHCCCCCHECCCCCECCECC	1
1536	8.894	7.949	15.795	33	535	15.2	12.1	CCCCCCCHECEHCCHCCCECHCCCCCCCCCEHC	1
1537	6.471	7.748	16.429	33	535	18.2	6.1	CHCCCCCHCCCCCCCCCCHCHCCCCCCECEHHC	2
1538	8.891	7.822	15.610	33	535	15.2	6.1	CCCCCCCHCCEHCCHCCCCCHCCCCCCECCCHC	1
1539	8.897	7.839	15.304	33	535	15.2	9.1	CCCCCCCHCCEHCCHCCCECHCCCCCCCCCEHC	1
1540	6.215	8.089	8.818	33	535	9.1	9.1	CCECECEHCCCCCCCCHCCCHCCCCCCCCCCCC	0
1541	6.326	7.699	15.794	33	535	21.2	6.1	CHCCCCCHCCCCCCCCCCHCHCCHCCCECEHHC	2
1542	6.509	7.771	16.120	33	535	15.2	3.0	CHCCCCCHCCCCCCCCCCHCHCCCCCCCCECHC	2
1543	6.114	8.128	7.956	33	535	9.1	15.2	CCEHECEHCCCCCCCCHCCCCCCCCCCECECCC	0
1544	8.860	7.898	15.526	33	535	12.1	3.0	CCCCCCCHCCCHCCHCCCCCCCCCCCCCCCEHC	1
1545	6.276	8.033	10.350	33	535	9.1	9.1	CCCCECCHCCCCCCCHCCCCHCCCCCCECECCC	0
1546	8.801	7.866	15.853	33	535	12.1	9.1	CCCCCCCHCCEHCCHCCCECHCCCCCCCCCECC	1
1547	8.937	7.870	15.820	33	535	15.2	6.1	CCCCCCCHCCCHCCHCCCCCHECCCCCCCCEHC	1
1548	8.917	7.889	15.234	33	535	12.1	9.1	CCCCCCCHCCCHCCCCCCCCHECCCCCECCEHC	1
1549	6.157	8.022	10.263	33	535	15.2	9.1	CCEHECCHCCCCCCHCHCCCCCCCCCCCCEHCC	0
1550	8.844	7.881	15.895	33	535	15.2	3.0	CCCCCCCHCCCHCCHCCCCCHCCCCCCCCCEHC	1
1551	8.970	7.833	15.804	33	535	15.2	12.1	CCCCCCCHECEHECHCCCCCHECCCCCCCCCHC	1
1552	6.447	7.751	15.944	33	535	15.2	3.0	CHCCCCCHCCCCCCCCCCCCHCCCCCCCCEHHC	2
1553	6.296	8.093	9.812	33	535	12.1	12.1	CCECECEHCCCCCCCCHCCCHCCCCCCECCHCC	0
1554	6.252	8.140	10.306	33	535	15.2	9.1	CCEHECEHCCCCCCCCHCCCHCCCCCHCCCCCC	0
1555	6.295	7.958	10.232	33	535	12.1	9.1	CCECECEHCCCCCCCHCCCCHCCCCCHCCCCCC	0
1556	6.207	8.145	10.093	33	535	9.1	9.1	CCECECEHCCCCCCCCHCCCHCCCCCCCCCCCC	0
1557	6.079	8.139	10.383	33	535	9.1	12.1	CCEHECCHCCCCCCCCCCCCHCCCCCCECECCC	0
1558	8.959	7.889	15.769	33	535	15.2	9.1	CCCCCCCHCCCHECHCCCCCHECCCCCECCCHC	1
1559	8.943	7.872	16.593	33	535	15.2	12.1	CCCCCCCHECEHECHECCCCHCCCCCCCCCCHC	1
1560	5.978	8.003	10.949	33	535	9.1	12.1	CCEHECEHCCCCCCCCHCCCCCCCCCCCCECCC	0
1561	6.052	8.161	11.028	33	535	9.1	15.2	CCECECEHCCCCCCHCCCCCHCCCCCCECECCC	0
1562	6.070	7.982	11.254	33	535	12.1	12.1	CCECECEHCCCCCCCCHCCCHCCCCCCECCHCC	0
1563	8.990	7.903	15.958	33	535	15.2	18.2	CCCCCCCHCCEHECHECCECHECCCCCCCCEHC	1
1564	6.097	8.099	10.009	33	535	6.1	9.1	CEECECCHCCCCCCCCCCCCCCCCCCCCCCHCC	0
1565	8.752	7.816	15.871	33	535	15.2	3.0	CCCCCCCHCCEHCCHCCCCCHCCCCCCCCCCHC	1
1566	8.852	7.900	15.939	33	535	15.2	6.1	CCCCCCCHCCEHECHCCCCCHCCCCCCCCCCHC	1
1567	8.913	7.848	16.276	33	535	15.2	6.1	CCCCCCCHCCCHCCHCCCCCHCCCCCCECCEHC	1
1568	8.785	7.904	16.442	33	535	15.2	12.1	CECCCCCHCCEHECHCCCCCHCCCCCCCCCEHC	1
1569	8.938	7.865	15.744	33	535	12.1	12.1	CCCCCCCHECCHECHCCCCCHECCCCCCCCECC	1
1570	6.293	8.051	10.210	33	535	6.1	12.1	CEECECEHCCCCCCCCCCCCHCCCCCCCCCCCC	0
1571	8.873	7.953	15.721	33	535	15.2	9.1	CCCCCCCHCCEHECHCCCCCHECCCCCCCCCHC	1
1572	6.514	7.748	16.227	33	535	12.1	0.0	CCCCHHHHCCCCCCCCCCCCCCCCCCCCCCCCC	2
1573	8.962	7.877	15.678	33	535	15.2	9.1	CCCCCCCHCCCHECHCCCCCHECCCCCCCCEHC	1
1574	6.320	8.087	11.229	33	535	6.1	9.1	CCECECEHCCCCCCCCCCCCHCCCCCCCCCCCC	0
1575	8.913	7.874	14.764	33	535	15.2	0.0	CCCCCCCHCCCHCCHCCCCCHCCCCCCCCCCHC	1
1576	9.038	7.821	15.364	33	535	15.2	12.1	CCCCCCCHECEHCCHECCCCHCCCCCCCCCEHC	1
1577	8.766	7.871	16.886	33	535	15.2	15.2	CCCCCCCHCCEHCCHCCCECHECCCCCECCEHC	1
1578	6.111	8.147	9.741	33	535	9.1	12.1	CCEHECEHCCCCCCCCCCCCHCCCCCCCCECCC	0
1579	8.907	7.899	16.125	33	535	15.2	6.1	CCCCCCCHCCEHCCHCCCCCHCCCCCCCCCEHC	1
1580	6.347	8.164	9.955	33	535	12.1	9.1	CCECECCHCCCCCCHCCCCCHCCCCCCECCHCC	0
1581	6.102	8.090	10.333	33	535	9.1	9.1	CCECECEHCCCCCCCCCCCCCCCCCCHCCCHCC	0
1582	6.349	8.142	11.854	33	535	6.1	12.1	CEECECEHCCCCCCCCCCCCCCCCCCCCCCHCC	0
1583	8.928	7.949	16.619	33	535	15.2	6.1	CCCCCCCHCCCHCCHCCCCCHECCCCCCCCEHC	1
1584	8.911	7.852	16.295	33	535	15.2	9.1	CCCCCCCHCCCHCCHECCCCHCCCCCCECCEHC	1
1585	6.207	8.139	10.234	33	535	9.1	12.1	CCEHECEHCCCCCCCCCCCCHCCCCCCCCECCC	0
1586	6.132	8.040	8.779	33	535	6.1	15.2	CEECECEHCCCCCCCCCCCCHCCCCCCECCCCC	0
1587	8.977	7.794	16.249	33	535	15.2	3.0	CCCCCCCHECCHCCHCCCCCHCCCCCCCCCCHC	1
1588	6.143	8.089	9.284	33	535	6.1	15.2	CCECECEHCCCCCCCCCCCCHCCCCCCECECCC	0
1589	6.122	8.112	10.350	33	535	9.1	9.1	CCECECCHCCCCCCCCCCCCHCCCCCCECCHCC	0
1590	6.203	8.262	10.296	33	535	9.1	9.1	CCEHECCHCCCCCCCCCCCCHCCCCCCECCCCC	0
1591	6.126	8.106	10.184	33	535	9.1	9.1	CCECECEHCCCCCCCCHCCCHCCCCCCCCCCCC	0
1592	6.141	8.100	9.505	33	535	15.2	12.1	CCEHECEHCCCCCCCCCCCCHCCCCCHCCEHCC	0
1593	6.041	8.010	9.055	33	535	3.0	9.1	CCECECEHCCCCCCCCCCCCCCCCCCCCCCCCC	0
1594	6.107	8.067	11.513	33	535	9.1	15.2	CEEHECEHCCCCCCCCCCCCHCCCCCCECCCCC	0
1595	8.901	7.948	16.200	33	535	15.2	9.1	CCCCCCCHCCEHECHCCCCCHCCCCCCCCCEHC	1
1596	6.057	8.125	9.192	33	535	9.1	9.1	CCECECCHCCCCCCCCCCCCHCCCCCCECCHCC	0
1597	8.935	7.912	16.152	33	535	15.2	6.1	CCCCCCCHCCEHECHCCCCCHCCCCCCCCCCHC	1
1598	5.978	8.158	11.290	33	535	9.1	15.2	CCECECEHCCCCCCCCHCCCHCCCCCCECECCC	0
1599	5.901	8.027	10.850	33	535	9.1	12.1	CEECECEHCCCCCCCCCCCCHCCCCCCCCCHCC	0
1600	6.426	7.737	16.479	33	535	18.2	6.1	CHCCCCCHCCCCCCCCCCHCHCCCCCCECEHHC	2
1601	6.479	7.736	15.981	33	535	9.1	9.1	CHCCCCCHECCCCCCCCCHCCCCCCCCECECCC	2
1602	6.531	7.766	16.589	33	535	15.2	6.1	CHCCCCCHCCCCCHCCCCHCCCCCCCCECECHC	2
1603	9.040	7.920	16.590	33	535	15.2	9.1	CCCCCCCHCCEHECHCCCCCHCCCCCCCCCEHC	1
1604	9.074	7.975	16.103	33	535	15.2	15.2	CCCCCCCHCCEHECHECCCCHECCCCCCCCEHC	1
1605	6.120	7.968	10.129	33	535	12.1	9.1	CCECECEHCCCCCCCCHCCCHCCCCCCCCCHCC	0
1606	9.077	7.950	16.304	33	535	15.2	18.2	CCCCCCCHECEHECHECCCCHCCCCCCECCEHC	1
1607	8.907	7.879	16.455	33	535	12.1	3.0	CCCCCCCHCCEHCCHCCCCCHCCCCCCCCCCCC	1
1608	6.526	7.699	15.851	33	535	12.1	6.1	CCCCCCCHCCCCCCCCCCHCCCCCCHCECECHC	2
1609	6.003	8.130	11.646	33	535	15.2	9.1	CCECCCEHCCHCCCHHCCCCHCCCCCCCCECCC	0
1610	6.157	8.086	10.369	33	535	9.1	9.1	CCECECEHCCCCCCCHCCCCHCCCCCCCCCCCC	0
1611	8.932	7.901	16.496	33	535	12.1	12.1	CCCCCCCHCCCHCCHCCCECHECCCCCECCECC	1
1612	8.858	7.903	15.792	33	535	15.2	12.1	CCCCCCCHCCCHCCHECCECHECCCCCCCCEHC	1
1613	8.764	7.934	16.083	33	535	15.2	6.1	CCCCCCCHCCEHCCHCCCCCHECCCCCCCCCHC	1
1614	8.781	7.860	16.610	33	535	15.2	12.1	CCCCCCCHECEHECHCCCCCHCCCCCCCCCEHC	1
1615	6.105	8.097	9.910	33	535	18.2	12.1	CCEHECEHCCHCCCCCHCCCHCCCCCCECCHCC	0
1616	8.980	7.865	15.778	33	535	15.2	9.1	CCCCCCCHCCEHCCHECCCCHCCCCCCECCCHC	1
1617	8.969	7.905	16.352	33	535	15.2	12.1	CCCCCCCHCCEHECHECCCCHCCCCCCECCCHC	1
1618	6.514	7.803	16.627	33	535	18.2	6.1	CHCCCCCHCCCCCCCCCCHCHCCCCHCECECHC	2
1619	9.008	7.805	15.880	33	535	15.2	18.2	CCCCCCCHECEHCCHCCCECHECCCCCECCEHC	1
1620	6.493	7.676	16.169	33	535	21.2	3.0	CHCCCCCHCCCCCCCCCCHCHCCCCHCCCEHHC	2
1621	9.045	7.858	16.534	33	535	15.2	6.1	CCCCCCCHECCHCCHCCCCCHECCCCCCCCCHC	1
1622	6.070	7.982	10.791	33	535	15.2	9.1	CCEHECEHCCCCCCCCHCCCHCCCCCCCCCHCC	0
1623	6.164	8.020	11.609	33	535	9.1	12.1	CCEHECEHCCCCCCCCCCCCHCCCCCCECCCCC	0
1624	6.251	7.981	9.447	33	535	9.1	12.1	CEEHECEHCCCCCCCCCCCCCCCHCCCCCCCCC	0
1625	6.180	7.980	9.724	33	535	21.2	9.1	CEEHECCHCCCCCCHCHCCCHCCHCCCCCCHCC	0
1626	6.165	7.943	10.047	33	535	15.2	12.1	CCEHECEHCCCCCCCCCCCCHCCHCCCCCEHCC	0
1627	8.994	7.916	15.842	33	535	15.2	9.1	CCCCCCCHCCCHECHCCCCCHCCCCCCECCEHC	1
1628	8.942	7.936	16.989	33	535	12.1	9.1	CCCCCCCHCCEHECHCCCCCHCCCCCCCCCECC	1
1629	6.277	7.955	9.830	33	535	9.1	12.1	CCEHECEHCCCCCCCCCCCCHCCCCCCCCECCC	0
1630	9.021	7.873	15.647	33	535	15.2	3.0	CCCCCCCHCCCHCCHCCCCCHCCCCCCCCCEHC	1
1631	6.252	8.062	10.450	33	535	9.1	9.1	CCEHECCHCCCCCCCCCCCCHCCCCCCECCCCC	0
1632	6.271	7.944	9.114	33	535	12.1	9.1	CEEHECCHCCCCCCCCCCCCHCCCCCCCCCHCC	0
1633	8.956	7.834	16.006	33	535	12.1	9.1	CCCCCCCCECCHCCHCCCCCHECCCCCCCCEHC	1
1634	6.271	8.093	10.051	33	535	12.1	12.1	CCEHECEHCCCCCCCCHCCCHCCCCCCECCCCC	0
1635	9.071	7.926	15.454	33	535	15.2	9.1	CCCCCCCHCCCHCCHCCCCCHECCCCCECCEHC	1
1636	6.649	7.619	16.000	33	535	21.2	9.1	CHCCCCCHCCECCCCCCCHCHCCCCHCECEHHC	2
1637	6.174	8.017	9.068	33	535	15.2	12.1	CEEHECEHCCCCCCCCHCCCHCCHCCCCCCCCC	0
1638	8.956	7.829	15.800	33	535	15.2	9.1	CCCCCCCHCCCHECHCCCECHCCCCCCCCCEHC	1
1639	9.012	7.955	15.873	33	535	15.2	0.0	CCCCCCCHCCCHCCHCCCCCHCCCCCCCCCCHC	1
1640	8.977	7.829	16.004	33	535	12.1	6.1	CCCCCCCCECEHCCHCCCCCHCCCCCCCCCCHC	1
1641	9.051	7.846	16.634	33	535	15.2	9.1	CCCCCCCHCCEHCCHCCCECHCCCCCCCCCEHC	1
1642	6.196	7.973	9.414	33	535	9.1	9.1	CCEHECCHCCCCCCCCCCCCHCCCCCCECCCCC	0
1643	6.176	7.982	9.748	33	535	15.2	12.1	CCEHECEHCCCCCCCCCCCCHCCHCCCECCHCC	0
1644	5.975	7.944	9.818	33	535	12.1	12.1	CCEHECEHCCCCCCCCCCCCHCCCCCCECCHCC	0
1645	6.717	7.709	16.585	33	535	18.2	3.0	CHCCCCCHCCCCCCCCCCHCHCCHCCCCCECHC	2
1646	8.950	7.823	16.558	33	535	15.2	6.1	CCCCCCCHCCEHCCHCCCCCHCCCCCCCCCEHC	1
1647	6.749	7.662	16.200	33	535	12.1	0.0	CCCCHHHHCCCCCCCCCCCCCCCCCCCCCCCCC	2
1648	6.081	7.854	10.629	33	535	3.0	9.1	CCEHECECCCCCCCCCCCCCCCCCCCCCCCCCC	0
1649	5.876	7.937	10.018	33	535	12.1	6.1	CCECECCHCCCCCCCCHCCCHCCCCCCCCCHCC	0
1650	8.968	7.937	16.256	33	535	12.1	6.1	CCCCCCCHCCCHCCHCCCCCHECCCCCCCCECC	1
1651	6.488	7.638	16.305	33	535	21.2	0.0	CHCCCCCHCCCCCHCCCCHCHCCCCCCCCCHHC	2
1652	8.966	7.894	15.804	33	535	15.2	12.1	CCCCCCCHCCEHECHECCCCHCCCCCCCCCEHC	1
1653	6.014	7.979	9.369	33	535	15.2	3.0	CCECCCCHCCCCCCCCHCCCHCCCCCHCCCHCC	0
1654	8.966	7.865	15.866	33	535	15.2	9.1	CCCCCCCHCCCHECHCCCCCHECCCCCCCCEHC	1
1655	6.118	7.983	9.566	33	535	9.1	3.0	CCECCCCHCCCCCCCCHCCCHCCCCCCCCCCCC	0
1656	6.599	7.701	16.469	33	535	21.2	3.0	CHCCCCCHCCCCCCCCCHHCHCCCCCCCCEHHC	2
1657	8.989	7.869	15.337	33	535	15.2	6.1	CCCCCCCHCCCHECHECCCCHCCCCCCCCCCHC	1
1658	9.043	7.886	16.510	33	535	12.1	12.1	CCCCCCCHCCEHCCHECCCCHCCCCCCECCECC	1
1659	8.935	7.883	16.507	33	535	15.2	3.0	CCCCCCCHCCCHCCHCCCCCHCCCCCCCCCEHC	1
1660	6.107	7.981	8.933	33	535	12.1	9.1	CCECCCCHCCCCCCHCHCCCHCCCCCCECECCC	0
1661	8.972	7.900	15.977	33	535	15.2	9.1	CCCCCCCHECCHECHCCCCCHCCCCCCCCCEHC	1
1662	8.932	7.916	15.671	33	535	15.2	9.1	CCCCCCCHCCEHCCHCCCCCHCCCCCCECCEHC	1
1663	8.964	7.919	16.053	33	535	15.2	12.1	CCCCCCCHCCEHCCHCCCCCHECCCCCECCEHC	1
1664	8.965	7.893	15.859	33	535	15.2	9.1	CCCCCCCHCCEHCCHCCCCCHECCCCCCCCEHC	1
1665	8.957	7.856	16.098	33	535	15.2	6.1	CCCCCCCHCCCHCCHECCCCHCCCCCCCCCEHC	1
1666	8.879	7.836	16.369	33	535	15.2	6.1	CCCCCCCHCCCHCCHCCCECHCCCCCCCCCEHC	1
1667	8.917	7.893	15.911	33	535	15.2	9.1	CCCCCCCHCCEHCCHCCCCCHECCCCCCCCEHC	1
1668	6.191	7.917	9.674	33	535	12.1	6.1	CCEHECCHCCCCCCCCCCCCHCCCCCCCCCHCC	0
1669	8.944	7.833	16.130	33	535	15.2	9.1	CCCCCCCHECEHCCHCCCCCHECCCCCCCCCHC	1
1670	8.957	7.878	15.848	33	535	15.2	12.1	CCCCCCCHCCCHECHCCCCCHECCCCCECCEHC	1
1671	8.920	7.879	16.484	33	535	15.2	15.2	CCCCCCCHECCHECHCCCECHCCCCCCECCEHC	1
1672	6.030	8.049	10.055	33	535	18.2	9.1	CCEHECCHCCCCCCCHCCCCHCCCCCHECCHCC	0
1673	8.963	7.855	15.869	33	535	15.2	6.1	CCCCCCCHCCEHCCHCCCCCHCCCCCCCCCEHC	1
1674	8.985	7.901	15.632	33	535	12.1	15.2	CCCCCCCHCCECECHCCCCCHECCCCCECCEHC	1
1675	8.987	7.956	15.646	33	535	12.1	12.1	CCCCCCCHCCEHECHCCCCCHECCCCCCCCECC	1
1676	9.014	7.861	15.784	33	535	15.2	12.1	CCCCCCCHCCEHECHCCCCCHCCCCCCECCEHC	1
1677	6.810	7.721	16.835	33	535	15.2	3.0	CHCCCCCHCCCCCCCCCCCCHCCCCCCCCEHHC	2
1678	9.007	7.931	15.505	33	535	15.2	9.1	CCCCCCCHCCEHCCHCCCCCHECCCCCCCCEHC	1
1679	6.760	7.709	16.655	33	535	18.2	6.1	CHCCCCCHECECCCCCCHCCHCCCCCCCCCHHC	2
1680	6.647	7.766	16.631	33	535	9.1	6.1	CCCCCCCHCCECCCCCCCCCCCCHCCCCCECHC	2
1681	8.876	7.908	16.059	33	535	12.1	9.1	CCCCCCCHECEHCCHCCCCCHCCCCCCCCCECC	1
1682	9.063	7.968	16.255	33	535	15.2	6.1	CCCCCCCHECEHCCHCCCCCHCCCCCCCCCCHC	1
1683	6.191	8.052	10.531	33	535	12.1	12.1	CCECECEHCCHCCCCCHCCCHCCCCCCECCCCC	0
1684	9.044	7.894	16.222	33	535	15.2	3.0	CCCCCCCHCCCHCCHCCCCCHCCCCCCCCCEHC	1
1685	6.753	7.668	16.335	33	535	21.2	6.1	CHCCCCCHCCECCCCCCCHCHCCHCCCCCEHHC	2
1686	8.954	7.924	16.034	33	535	15.2	3.0	CCCCCCCHCCCHECHCCCCCHCCCCCCCCCCHC	1
1687	6.141	8.252	10.359	33	535	9.1	9.1	CCECECCHCCCCCCCCHCCCHCCCCCCCCECCC	0
1688	8.987	7.952	16.194	33	535	15.2	9.1	CCCCCCCHCCCHECHECCCCHCCCCCCCCCEHC	1
1689	6.865	7.670	16.264	33	535	15.2	6.1	CHCCCCCHCCECCCCCCHCCHCCCCCCCCECHC	2
1690	9.025	7.877	16.121	33	535	12.1	6.1	CCCCCCCHCCEHCCHCCCCCHCCCCCCCCCECC	1
1691	8.913	7.915	15.780	33	535	15.2	9.1	CCCCCCCHCCEHCCHECCCCHCCCCCCCCCEHC	1
1692	6.101	8.049	9.350	33	535	9.1	6.1	CCECCCCHCCCCCCCCCCCCHCCCCCCCCEHCC	0
1693	6.138	8.010	9.474	33	535	12.1	12.1	CCECECEHCCCCCCCHCCCCHCCCCCHECCCCC	0
1694	9.020	7.895	15.456	33	535	12.1	12.1	CCCCCCCHCCEHECHCCCCCHECCCCCCCCECC	1
1695	8.944	7.855	15.904	33	535	15.2	6.1	CCCCCCCHCCEHCCHCCCCCHCCCCCCCCCEHC	1
1696	9.240	7.828	16.309	33	535	15.2	6.1	CCCCCCCHCCCHCCHCCCCCHECCCCCCCCEHC	1
1697	9.056	7.885	16.102	33	535	15.2	6.1	CCCCCCCHCCEHCCHCCCCCHECCCCCCCCCHC	1
1698	6.153	8.178	10.553	33	535	15.2	12.1	CEEHECEHCCHCCCCCHCCCHCCCCCCCCCCCC	0
1699	6.290	8.155	10.422	33	535	6.1	9.1	CCECECEHCCCCCCCCCCCCHCCCCCCCCCCCC	0
1700	9.088	7.887	16.028	33	535	15.2	6.1	CCCCCCCHCCCHCCHCCCCCHECCCCCCCCEHC	1
1701	9.059	7.869	16.433	33	535	15.2	12.1	CCCCCCCHCCEHECHECCCCHECCCCCCCCCHC	1
1702	6.270	8.043	10.320	33	535	6.1	6.1	CCECECCHCCCCCCCCCCCCHCCCCCCCCCCCC	0
1703	6.719	7.855	17.213	33	535	24.2	6.1	CHCCCCCHCCCCCHCCCCHCHCCHCCCECEHHC	2
1704	9.077	7.914	16.324	33	535	15.2	12.1	CCCCCCCHECCHECHCCCCCHECCCCCCCCEHC	1
1705	9.055	7.884	16.338	33	535	15.2	6.1	CCCCCCCHCCEHCCHCCCCCHECCCCCCCCCHC	1
1706	8.991	7.864	15.826	33	535	15.2	6.1	CCCCCCCHCCCHCCHCCCCCHECCCCCCCCEHC	1
1707	9.006	7.914	16.280	33	535	12.1	3.0	CCCCCCCHCCEHCCHCCCCCHCCCCCCCCCCCC	1
1708	6.816	7.741	16.238	33	535	12.1	0.0	CCCCHHHHCCCCCCCCCCCCCCCCCCCCCCCCC	2
1709	6.778	7.678	16.229	33	535	21.2	6.1	CHCCCCCHCCCCCHCCCCCCHCCCCHCECEHHC	2
1710	9.058	7.864	16.798	33	535	15.2	9.1	CCCCCCCHCCEHCCHCCCCCHCCCCCCECCEHC	1
1711	9.247	7.884	16.744	33	535	12.1	3.0	CCCCCCCHCCCHCCHCCCCCHCCCCCCCCCECC	1
1712	6.415	8.296	9.025	33	535	12.1	9.1	CCECCCEHCCHCCCCCHCCCHCCCCCCECCCCC	0
1713	9.197	7.917	16.691	33	535	12.1	9.1	CCCCCCCHCCCCECHCCCCCHECCCCCCCCEHC	1
1714	9.069	7.899	16.313	33	535	12.1	9.1	CCCCCCCHCCCCCCHCCCCCHECCCCCECCEHC	1
1715	6.668	7.674	16.049	33	535	18.2	6.1	CHCCCCCHCCECCCCCCCHCHCCHCCCCCEHCC	2
1716	6.408	8.171	9.208	33	535	15.2	12.1	CCEHECEHCCCCCCCCHCCCHCCCCCCCCEHCC	0
1717	9.217	7.857	16.910	33	535	12.1	12.1	CECCCCCHCCECCCHCCCECHCCCCCCECCCHC	1
1718	6.748	7.667	15.751	33	535	18.2	3.0	CHCCCCCHCCCCCCCCCCHCHCCCCCCCCEHHC	2
1719	9.326	7.933	17.311	33	535	15.2	9.1	CECCCCCHCCCHECHCCCCCHCCCCCCCCCEHC	1
1720	9.244	7.825	16.504	33	535	12.1	3.0	CCCCCCCHCCCCCCHECCCCHCCCCCCCCCCHC	1
1721	6.407	8.177	9.169	33	535	9.1	6.1	CCECECCHCCHCCCCCCCCCCCCCCCHCCCCCC	0
1722	6.217	8.196	9.376	33	535	12.1	6.1	CCECECCHCCHCCCCCHCCCCCCCCCCCCCHCC	0
1723	9.366	7.856	17.923	33	535	12.1	9.1	CCCCCCCHCCECECHCCCCCHCCCCCCECCCHC	1
1724	9.219	7.973	17.832	33	535	15.2	6.1	CCCCCCCHCCEHCCHCCCCCHCCCCCCCCCEHC	1
1725	9.302	7.915	17.180	33	535	15.2	0.0	CCCCCCCHCCCHCCHCCCCCHCCCCCCCCCCHC	1
1726	6.552	8.086	9.551	33	535	21.2	6.1	CCECECCHCCHCCCCHHCCCHCCCCCHCCCHCC	0
1727	9.346	7.842	16.599	33	535	12.1	3.0	CCCCCCCHCCCCCCHCCCCCHCCCCCCECCCHC	1
1728	9.415	7.955	17.690	33	535	15.2	6.1	CCCCCCCHCCCHECHCCECCHCCCCCCCCCCHC	1
1729	6.704	8.177	9.867	33	535	12.1	12.1	CCECECEHCCHCCCCCHCCCHCCCCCCCCECCC	0
1730	6.327	8.201	9.061	33	535	12.1	6.1	CCEHECCHCCHCCCCCCCCCHCCCCCCCCCCCC	0
1731	9.379	7.895	18.284	33	535	15.2	9.1	CECCCCCHCCEHECHCCCCCHCCCCCCCCCCHC	1
1732	6.189	8.293	9.470	33	535	9.1	12.1	CCECECEHCCHCCCCCCCCCHCCCCCCECCCCC	0
1733	9.181	7.845	17.123	33	535	15.2	3.0	CCCCCCCHCCCHECHCCCCCHCCCCCCCCCCHC	1
1734	9.337	7.983	18.111	33	535	12.1	12.1	CECCCCCHCCECCCHCCCCCHCCCCCCECCEHC	1
1735	6.611	8.170	10.531	33	535	9.1	12.1	CCECECCHCCHCCCCCCCCCHCCCCCCECECCC	0
1736	6.546	7.668	16.799	33	535	21.2	3.0	CHCCHCCHCCCCCCCCCHCCHCCCCCCCCEHHC	2
1737	6.199	8.297	8.421	33	535	18.2	6.1	CCEHECCHCCHCCCCCHCCCHCCHCCCCCCCCC	0
1738	8.974	7.808	15.553	33	535	15.2	6.1	CCCCCCCHCCCHCCHCCCCCHECCCCCCCCEHC	1
1739	6.465	8.202	9.649	33	535	6.1	15.2	CEECECEHCCHCCCCCCCCCCCCCCCCECCCCC	0
1740	9.035	7.811	15.772	33	535	15.2	9.1	CCCCCCCHECEHECHCCCCCHCCCCCCCCCCHC	1
1741	6.367	8.022	8.807	33	535	3.0	6.1	CCECECCHCCCCCCCCCCCCCCCCCCCCCCCCC	0
1742	6.464	8.075	8.825	33	535	9.1	9.1	CCEHECCHCCCCCCCCHCCCCCCCCCCECCCCC	0
1743	6.333	8.174	8.535	33	535	9.1	6.1	CCECECCHCCHCCCHCCCCCCCCCCCCCCCCCC	0
1744	6.399	8.163	9.165	33	535	9.1	12.1	CCECECEHCCHCCCCCCCCCHCCCCCCECCCCC	0
1745	9.175	7.844	15.556	33	535	12.1	12.1	CCCCCCCHECEHECHCCCCCHCCCCCCCCCECC	1
1746	6.489	8.170	10.509	33	535	18.2	9.1	CCEHECCHCCHCCCHCHCCCHCCCCCCECCCCC	0
1747	9.179	7.904	16.083	33	535	15.2	3.0	CCCCCCCHCCCHECHCCCCCHCCCCCCCCCCHC	1
1748	6.381	8.117	9.020	33	535	9.1	6.1	CCECCCEHCCCCCCCCHCCCHCCCCCCCCCCCC	0
1749	9.046	7.885	15.744	33	535	15.2	6.1	CCCCCCCHCCEHECHCCCCCHCCCCCCCCCCHC	1
1750	6.452	8.244	9.317	33	535	12.1	12.1	CCECECCHCCHCCCHCCCCCHCCCCCCECECCC	0
1751	9.138	7.796	15.339	33	535	15.2	12.1	CCCCCCCHCCEHCCHECCCCHCCCCCCECCEHC	1
1752	6.335	8.219	9.287	33	535	12.1	6.1	CCECECCHCCHCCCCCHCCCHCCCCCCCCCCCC	0
1753	6.430	8.170	9.151	33	535	6.1	9.1	CCECECCHCCCCCCCCCCCCHCCCCCCCCECCC	0
1754	6.361	8.156	9.217	33	535	9.1	9.1	CCEHECEHCCCCCCCCCCCCHCCCCCCCCCCCC	0
1755	6.715	7.656	15.599	33	535	9.1	6.1	CCCCCCCCCCCCCCCCCCCCHCCCCCCECEHHC	2
1756	6.341	8.173	9.430	33	535	9.1	9.1	CCECCCEHCCCCCCCCCCCCHCCCCCHCCECCC	0
1757	6.288	8.077	8.595	33	535	18.2	6.1	CCECECCHCCHCCCHCHCCCHCCCCCHCCCCCC	0
1758	6.400	8.056	9.621	33	535	12.1	6.1	CCEHECCHCCHCCCCCCCCCHCCCCCCCCCCCC	0
1759	6.729	7.777	16.872	33	535	21.2	3.0	CHCCHCCHCCCCCCCCCCCCHCCCCHCCCEHHC	2
1760	6.414	8.174	9.147	33	535	6.1	9.1	CCECECEHCCCCCCCCCCCCHCCCCCCCCCCCC	0
1761	6.675	7.745	17.411	33	535	12.1	0.0	CCCCHHHHCCCCCCCCCCCCCCCCCCCCCCCCC	2
1762	9.223	7.838	16.350	33	535	15.2	9.1	CCCCCCCHECEHCCHCCCCCHCCCCCCCCCEHC	1
1763	9.247	7.854	15.488	33	535	12.1	9.1	CCCCCCCHCCCHECCCCECCHCCCCCCCCCEHC	1
1764	9.176	7.796	16.330	33	535	12.1	3.0	CCCCCCCCCCCHCCHCCCCCHCCCCCCCCCEHC	1
1765	9.256	7.811	16.236	33	535	15.2	9.1	CCCCCCCHECEHCCHCCCCCHCCCCCCCCCEHC	1
1766	9.201	7.801	16.237	33	535	15.2	9.1	CCCCCCCHCCEHCCHCCECCHCCCCCCCCCEHC	1
1767	6.597	8.151	9.399	33	535	15.2	9.1	CCECECCHCCHCCCCHCCCCHCCHCCCECCCCC	0
1768	9.287	7.788	15.362	33	535	15.2	0.0	CCCCCCCHCCCHCCHCCCCCHCCCCCCCCCCHC	1
1769	9.216	7.827	16.874	33	535	15.2	0.0	CCCCCCCHCCCHCCHCCCCCHCCCCCCCCCCHC	1
1770	9.114	7.850	16.108	33	535	15.2	6.1	CCCCCCCHECCHCCHCCECCHCCCCCCCCCCHC	1
1771	7.014	7.621	15.537	33	535	21.2	0.0	CHCCCCCCCCCCCHCCCCHCHCCCCHCCCCHHC	2
1772	6.510	8.162	10.838	33	535	12.1	9.1	CCECECEHCCHCCCCCHCCCHCCCCCCCCCCCC	0
1773	6.418	8.048	9.625	33	535	12.1	12.1	CCECECEHCCCCCCCCCCCCHCCHCCCECCHCC	0
1774	6.508	8.064	9.870	33	535	6.1	3.0	CCECCCCCCCCCCCHCHCCCCCCCCCCCCCCCC	0
1775	6.729	7.672	17.100	33	535	12.1	0.0	CCCCHHHHCCCCCCCCCCCCCCCCCCCCCCCCC	2
1776	6.588	7.927	9.367	33	535	12.1	3.0	CCECCCCHCCCCCCCCHCCCHCCCCCHCCCCCC	0
1777	9.218	7.798	16.215	33	535	15.2	9.1	CCCCCCCHECEHCCHCCCCCHCCCCCCCCCEHC	1
1778	6.341	8.008	9.061	33	535	9.1	6.1	CCECECCHCCHCCCCCCCCCHCCCCCCCCCCCC	0
1779	9.156	7.810	16.401	33	535	15.2	9.1	CCCCCCCHCCEHCCHCCECCHCCCCCCCCCEHC	1
1780	9.028	7.823	15.682	33	535	15.2	6.1	CCCCCCCHCCEHCCHCCCCCHCCCCCCCCCEHC	1
1781	6.764	7.718	16.493	33	535	12.1	0.0	CCCCHHHHCCCCCCCCCCCCCCCCCCCCCCCCC	2
1782	6.823	7.668	16.040	33	535	21.2	0.0	CHCCCCCHCCCCCCCCCCHCHCCCCHCCCCHHC	2
1783	6.551	8.047	9.507	33	535	21.2	9.1	CCEHECCHCCHCCCHCHCCCHCCHCCCECCCCC	0
1784	6.584	8.070	10.054	33	535	15.2	6.1	CCECECCHCCCCCCHCHCCCHCCCCCHCCCCCC	0
1785	6.853	7.602	14.883	33	535	18.2	3.0	CHCCHCCHCCCCCCCCCCCCHCCCCCCCCEHHC	2
1786	6.581	7.972	9.924	33	535	15.2	6.1	CCECECCHCCHCCCCCHCCCHCCCCHCCCCCCC	0
1787	6.517	8.005	9.638	33	535	15.2	9.1	CCECECEHCCHCCCCHHCCCHCCCCCCCCCCCC	0
1788	6.716	7.669	15.800	33	535	12.1	9.1	CHCCCCCHCCECCCCCCCCCHCCCCCCECECHC	2
1789	6.472	8.036	10.109	33	535	18.2	3.0	CCECCCCHCCHCCCHHCCCCHCCCCHCCCCCCC	0
1790	9.229	7.844	16.402	33	535	15.2	3.0	CCCCCCCHCCEHCCHCCCCCHCCCCCCCCCCHC	1
1791	6.647	7.693	16.658	33	535	12.1	0.0	CCCCHHHHCCCCCCCCCCCCCCCCCCCCCCCCC	2
1792	6.778	8.067	10.688	33	535	15.2	6.1	CCECECCHCCHCCCCCHCCCHCCHCCCCCCCCC	0
1793	9.258	7.874	16.786	33	535	15.2	3.0	CCCCCCCHCCEHCCHCCCCCHCCCCCCCCCCHC	1
1794	9.182	7.737	16.001	33	535	15.2	3.0	CCCCCCCHCCEHCCHCCCCCHCCCCCCCCCCHC	1
1795	6.862	7.680	15.985	33	535	18.2	3.0	CHCCCCCHCCCCCCCCCCHCHCCCCCCCCEHHC	2
1796	6.767	8.039	10.220	33	535	21.2	6.1	CCECECCHCCHCCCHHCCCCHCCCCCHCCCHCC	0
1797	6.833	7.682	16.540	33	535	12.1	3.0	CHCCCCCHCCCCCCCCCCCCHCCCCCCCCECHC	2
1798	6.537	8.033	10.592	33	535	6.1	9.1	CCECECCCCCCCCCCCHCCCCCCCCCHECCCCC	0
1799	6.423	8.173	10.227	33	535	15.2	12.1	CCECECCHCCCCCCHCHCCCHCCCCCHECECCC	0
1800	9.137	7.698	16.237	33	535	15.2	0.0	CCCCCCCHCCCHCCHCCCCCHCCCCCCCCCCHC	1
1801	6.777	7.803	17.030	33	535	12.1	6.1	CCCCCCCHCCECCCCCCCCCHCCCCHCCCECHC	2
1802	6.406	8.135	9.547	33	535	15.2	9.1	CCECECCHCCHCCCHCHCCCHCCCCCCECCCCC	0
1803	6.524	8.114	10.730	33	535	15.2	9.1	CCEHECCHCCCCCCCCHCCCHCCCCCHECCCCC	0
1804	6.599	8.075	11.530	33	535	12.1	12.1	CCEHECCCCCCCCCCHCCCCHCCCCCCECEHCC	0
1805	6.394	8.159	11.867	33	535	12.1	6.1	CCECECCHCCHCCCHCHCCCCCCCCCCCCCCCC	0
1806	6.388	8.104	11.889	33	535	15.2	9.1	CCECECCHCCHCCCCCHCCCHCCCCCCECCHCC	0
1807	9.345	7.822	15.821	33	535	15.2	3.0	CCCCCCCHCCCHCCHCCCECHCCCCCCCCCCHC	1
1808	6.428	8.004	10.387	33	535	9.1	9.1	CCEHECCHCCCCCCCCCCCCCCCCCCHECCCCC	0
1809	6.715	8.020	11.520	33	535	15.2	6.1	CCEHECCHCCHCCCCCHCCCHCCCCCCCCCCCC	0
1810	6.536	8.110	12.015	33	535	12.1	6.1	CCECECCCCCHCCCCCHCCCHCCCCCHCCCCCC	0
1811	9.214	7.854	16.304	33	535	15.2	6.1	CCCCCCCHCCEHCCHCCCCCHCCCCCCCCCEHC	1
1812	6.815	7.768	16.576	33	535	21.2	6.1	CHCCCCCHCCCCCCCCCCHCHCCCCHCECEHHC	2
1813	6.652	7.730	16.450	33	535	15.2	6.1	CHCCCCCHCCECCCCCCCHCHCCCCCCCCECHC	2
1814	9.276	7.774	15.850	33	535	15.2	0.0	CCCCCCCHCCCHCCHCCCCCHCCCCCCCCCCHC	1
1815	6.790	7.687	16.507	33	535	18.2	0.0	CHCCCCCHCCCCCCCCCCCCHCCCCHCCCCHHC	2
1816	6.707	8.089	11.532	33	535	18.2	6.1	CCECCCCHCCHCCCHCHCCCHCCCCCHECCCCC	0
1817	6.857	7.725	16.402	33	535	18.2	6.1	CHCCCCCHCCECCCCCCCHCHCCCCHCECCCHC	2
1818	6.547	7.944	11.660	33	535	12.1	3.0	CCECCCCHCCHCCCCCCCCCHCCCCHCCCCCCC	0
1819	6.529	8.150	12.609	33	535	15.2	6.1	CCEHECCHCCCCCCCCHCCCHCCCCCHCCCCCC	0
1820	6.488	8.254	11.417	33	535	15.2	6.1	CCECCCCHCCHCCCCCHCCCHCCCCCHCCECCC	0
1821	6.659	7.715	16.466	33	535	24.2	3.0	CHCCHCCHCCECCHCCCCHCHCCCCCCCCCHHC	2
1822	6.405	8.381	13.461	33	535	18.2	9.1	CEEHECCHCCCCCCHCHCCCHCCCCCHCCCCCC	0
1823	6.865	7.735	16.485	33	535	15.2	3.0	CHCCCCCHCCCCCCCCCCHCHCCCCCCCCEHCC	2
1824	9.145	7.777	16.065	33	535	15.2	0.0	CCCCCCCHCCCHCCHCCCCCHCCCCCCCCCCHC	1
1825	6.495	8.118	10.544	33	535	15.2	6.1	CCEHECCHCCCCCCHCCCCCHCCCCCCCCCHCC	0
1826	6.477	8.152	12.811	33	535	9.1	12.1	CEECECCHCCCCCCHCCCCCHCCCCCCECCCCC	0
1827	6.558	8.099	13.270	33	535	12.1	9.1	CCEHECCHCCCCCCCCHCCCHCCCCCCECCCCC	0
1828	6.383	8.194	15.390	33	535	15.2	6.1	CCEHECCHCCHCCCCCHCCCHCCCCCCCCCCCC	0
1829	9.145	7.843	16.087	33	535	15.2	0.0	CCCCCCCHCCCHCCHCCCCCHCCCCCCCCCCHC	1
1830	9.138	7.786	15.817	33	535	15.2	3.0	CCCCCCCHCCEHCCHCCCCCHCCCCCCCCCCHC	1
1831	9.160	7.693	16.009	33	535	15.2	9.1	CCCCCCCHECEHCCHCCCCCHCCCCCCCCCEHC	1
1832	6.452	8.001	11.769	33	535	12.1	9.1	CCEHECCHCCHCCCCCCCCCCCCCCCCCCEHCC	0
1833	9.134	7.811	16.650	33	535	15.2	3.0	CCCCCCCHCCCHCCHCCCCCHCCCCCCCCCEHC	1
1834	6.591	8.183	11.104	33	535	6.1	9.1	CCECCCCCCCHCCCCCCCCCHCCCCCCECECCC	0
1835	6.479	8.236	11.664	33	535	12.1	9.1	CCECECCHCCHCCCHCCCCCCCCCCCCECCHCC	0
1836	6.477	8.036	11.299	33	535	15.2	6.1	CCECCCCHCCHCCCHCHCCCHCCCCCCECCCCC	0
1837	6.546	8.182	11.164	33	535	9.1	12.1	CCEHECCHCCCCCCCCCCCCHCCCCCCECECCC	0
1838	6.908	7.708	16.392	33	535	12.1	0.0	CCCCHHHHCCCCCCCCCCCCCCCCCCCCCCCCC	2
1839	6.640	8.100	11.156	33	535	6.1	9.1	CCEHECCCCCCCCCCCCCCCHCCCCCCECCCCC	0
1840	6.476	8.169	10.607	33	535	6.1	6.1	CCECCCCHCCCCCCCCCCCCHCCCCCCECCCCC	0
1841	6.797	7.762	16.761	33	535	12.1	0.0	CCCCHHHHCCCCCCCCCCCCCCCCCCCCCCCCC	2
1842	6.540	8.072	12.265	33	535	12.1	3.0	CCECCCCHCCHCCCCCCCCCHCCCCCHCCCCCC	0
1843	6.631	8.049	11.150	33	535	6.1	3.0	CCECCCCHCCCCCCCCCCCCHCCCCCCCCCCCC	0
1844	6.528	8.189	12.036	33	535	12.1	6.1	CCEHECCHCCCCCCCCCCCCHCCCCCHCCCCCC	0
1845	6.473	8.157	12.961	33	535	12.1	9.1	CCEHECCCCCCCCCCCCCCCHCCCCCHECCHCC	0
1846	9.107	7.861	15.525	33	535	15.2	6.1	CCCCCCCHCCCHCCHECCCCHCCCCCCCCCEHC	1
1847	6.578	8.238	11.209	33	535	9.1	9.1	CCECECCCCCCCCCCCHCCCHCCCCCHCCECCC	0
1848	6.515	8.093	11.310	33	535	21.2	9.1	CCEHECCHCCHCCCCCHCCCHCCCCCHCCEHCC	0
1849	6.509	8.177	11.776	33	535	15.2	12.1	CCEHECECCCCCCCHCHCCCHCCCCCHECCCCC	0
1850	6.452	8.223	12.096	33	535	18.2	12.1	CCEHECEHCCCCCCCCHCCCHCCCCCHECCHCC	0
1851	6.511	8.160	10.604	33	535	15.2	9.1	CCEHECCCCCHCCCHCCCCCHCCCCCHECCCCC	0
1852	6.646	8.084	11.032	33	535	21.2	9.1	CCEHECCCCCHCCCHCHCCCHCCCCCHECCHCC	0
1853	6.590	8.125	9.792	33	535	9.1	6.1	CCECECCCCCHCCCCCHCCCHCCCCCCCCCCCC	0
1854	6.364	8.082	9.783	33	535	12.1	6.1	CCECECCHCCHCCCCCCCCCHCCCCCHCCCCCC	0
1855	6.515	8.189	10.285	33	535	12.1	9.1	CCECECCHCCHCCCCCHCCCHCCCCCCCCECCC	0
1856	9.175	7.763	16.620	33	535	12.1	12.1	CECCCCCHCCECCCHCCCCCHECCCCCCCCEHC	1
1857	6.666	8.170	10.679	33	535	15.2	3.0	CCECCCCHCCHCCCHCHCCCHCCCCCCCCCCCC	0
1858	6.434	8.231	12.029	33	535	6.1	9.1	CCECECCHCCCCCCCCCCCCHCCCCCCECCCCC	0
1859	6.619	8.093	9.916	33	535	9.1	6.1	CCECCCCCCCCCCCCCHCCCHCCCCCCECCHCC	0
1860	6.609	8.110	10.788	33	535	15.2	6.1	CCECCCCHCCCCCCCCHCCCHCCCCCHECCHCC	0
1861	9.215	7.747	16.209	33	535	9.1	6.1	CECCCCCCECCCCCHCCCCCHCCCCCCCCCCHC	1
1862	9.242	7.768	15.946	33	535	12.1	6.1	CCCCCCCHCCECCCHCCCCCHCCCCCCCCCEHC	1
1863	6.523	8.183	12.121	33	535	21.2	9.1	CCEHECCHCCHCCCHCHCCCHCCCCCHECCCCC	0
1864	6.413	8.339	10.973	33	535	18.2	9.1	CCEHECCHCCHCCCCHCCCCHCCCCCHCCECCC	0
1865	6.444	8.266	12.157	33	535	15.2	9.1	CCECECCCCCHCCCHCHCCCHCCCCCHCCECCC	0
1866	9.328	7.800	16.894	33	535	15.2	9.1	CCCCCCCHCCEHCCHCCCCCHECCCCCCCCEHC	1
1867	6.580	8.091	10.929	33	535	12.1	6.1	CCEHECCHCCHCCCCCCCCCHCCCCCCCCCCCC	0
1868	6.509	8.214	11.803	33	535	15.2	6.1	CCEHECCCCCHCCCCCCCCCHCCCCCHCCCHCC	0
1869	9.128	7.849	16.277	33	535	15.2	9.1	CCCCCCCHCCEHCCHCCCCCHECCCCCCCCEHC	1
1870	6.615	8.070	9.852	33	535	15.2	6.1	CCEHECCHCCCCCCHCHCCCHCCCCCCCCCCCC	0
1871	6.619	8.091	11.632	33	535	12.1	3.0	CCECCCCHCCHCCCCCCCCCCCCCCCHCCCHCC	0
1872	6.342	8.268	11.860	33	535	24.2	9.1	CCEHECCHCCHCCCHCHCCCHCCCCCHCCEHCC	0
1873	6.434	8.214	13.577	33	535	12.1	6.1	CCEHECCHCCCCCCHCCCCCHCCCCCCCCCCCC	0
1874	6.373	8.162	12.290	33	535	18.2	6.1	CCEHECCHCCHCCCCCCCCCHCCCCCHCCCHCC	0
1875	9.286	7.845	17.101	33	535	12.1	6.1	CCCCCCCCCCEHCCHCCCCCHCCCCCCCCCEHC	1
1876	9.171	7.803	15.896	33	535	12.1	3.0	CCCCCCCHCCCCCCHECCCCHCCCCCCCCCCHC	1
1877	6.427	8.287	11.220	33	535	18.2	9.1	CEEHECCCCCHCCCCCHCCCHCCCCCHCCCHCC	0
1878	6.482	8.132	11.325	33	535	12.1	9.1	CCEHECCCCCCCCCCCHCCCHCCCCCCECCHCC	0
1879	6.509	8.148	11.519	33	535	21.2	9.1	CEEHECCHCCHCCCCCHCCCHCCHCCHCCCCCC	0
1880	9.163	7.754	14.998	33	535	15.2	6.1	CCCCCCCHCCCHCCHCCCCCHECCCCCCCCEHC	1
1881	9.060	7.770	15.611	33	535	12.1	6.1	CCCCCCCHCCEHCCHCCCCCHECCCCCCCCCCC	1
1882	6.416	8.168	12.051	33	535	9.1	6.1	CCEHECCHCCCCCCCCCCCCHCCCCCCCCCCCC	0
1883	6.404	8.049	11.689	33	535	9.1	9.1	CCECECCHCCHCCCCCCCCCHCCCCCCCCECCC	0
1884	6.226	8.012	11.768	33	535	12.1	6.1	CCEHECCCCCHCCCCCHCCCHCCCCCCCCCCCC	0
1885	9.312	7.815	15.668	33	535	15.2	3.0	CCCCCCCHCCCHCCHCCCCCHECCCCCCCCCHC	1
1886	9.194	7.777	15.726	33	535	15.2	6.1	CCCCCCCHECCHCCHCCCCCHCCCCCCCCCEHC	1
1887	6.376	8.187	11.700	33	535	15.2	12.1	CEEHECCHCCHCCCCCHCCCHCCCCCCECCCCC	0
1888	6.446	8.186	12.614	33	535	18.2	9.1	CEEHECCHCCHCCCCCHCCCHCCCCCHCCCCCC	0
1889	9.046	7.904	16.057	33	535	12.1	9.1	CCCCCCCHECEHCCHCCCCCCCCCCCCCCCEHC	1
1890	6.280	8.047	10.444	33	535	15.2	9.1	CCEHECCHCCHCCCHCCCCCHCCCCCCECCCCC	0
1891	6.427	8.105	12.353	33	535	6.1	9.1	CCEHECCCCCHCCCCCCCCCCCCCCCCECCCCC	0
1892	6.439	8.056	12.135	33	535	9.1	9.1	CCEHECCCCCHCCCCCCCCCHCCCCCCECCCCC	0
1893	6.429	8.041	11.254	33	535	12.1	9.1	CCECECCHCCHCCCCCCCCCHCCCCCHECCCCC	0
1894	6.232	8.080	10.963	33	535	15.2	6.1	CCECCCCHCCHCCCCCHCCCHCCCCCHECCCCC	0
1895	6.212	8.157	12.219	33	535	15.2	9.1	CCEHECCHCCHCCCHCCCCCHCCCCCCECCCCC	0
1896	6.252	8.042	11.436	33	535	15.2	6.1	CCECCCCHCCHCCCHCHCCCHCCCCCCECCCCC	0
1897	9.106	7.861	16.376	33	535	15.2	6.1	CCCCCCCHCCEHCCHCCCCCHCCCCCCCCCEHC	1
1898	6.395	7.945	12.430	33	535	21.2	9.1	CCEHECCHCCHCCCHCHCCCHCCCCCCECCHCC	0
1899	9.094	7.745	15.221	33	535	15.2	6.1	CCCCECCHCCCHCCHCCECCHCCCCCCCCCCHC	1
1900	9.123	7.796	16.370	33	535	15.2	3.0	CCCCCCCHCCCHCCHCCCCCHCCCCCCCCCEHC	1
1901	8.982	7.734	16.013	33	535	15.2	3.0	CCCCCCCHCCCHCCHCCCCCHCCCCCCCCCEHC	1
1902	6.484	8.157	13.764	33	535	6.1	0.0	CCCCCCCCCCCCCCHCCCCCHCCCCCCCCCCCC	0
1903	6.539	8.048	12.818	33	535	6.1	3.0	CCECCCCCCCHCCCHCCCCCCCCCCCCCCCCCC	0
1904	6.442	8.208	13.125	33	535	15.2	3.0	CCECCCCHCCHCCCHCCCCCHCCCCCCCCCHCC	0
1905	9.098	7.895	16.380	33	535	15.2	3.0	CCCCCCCHCCCHCCHCCCCCHCCCCCCCCCEHC	1
1906	9.097	7.795	16.308	33	535	15.2	6.1	CCCCCCCHCCCHCCHCCECCHCCCCCCCCCEHC	1
1907	6.385	8.231	12.545	33	535	12.1	12.1	CEEHECCCCCCCCCHCHCCCHCCCCCCECCCCC	0
1908	6.448	8.157	12.229	33	535	15.2	9.1	CEEHECCHCCCCCCHCHCCCHCCCCCCCCCCCC	0
1909	6.544	8.209	12.018	33	535	15.2	9.1	CCEHECCCCCHCCCHCHCCCCCCCCCHECCCCC	0
1910	6.682	8.336	13.767	33	535	18.2	12.1	CEEHECCHCCHCCCHCCCCCHCCCCCHECCCCC	0
1911	6.614	8.230	12.711	33	535	18.2	6.1	CCEHECCCCCHCCCHHCCCCHCCCCCCCCCHCC	0
1912	6.431	8.197	12.104	33	535	15.2	9.1	CCEHECCCCCHCCCHCHCCCHCCCCCCECCCCC	0
1913	6.603	8.190	12.472	33	535	18.2	9.1	CCEHECCHCCHCCCCCCCCCHCCCCCHECCHCC	0
1914	6.430	8.154	12.599	33	535	18.2	9.1	CCEHECCHCCHCCCCCHCCCCCCCCCHECCHCC	0
1915	6.493	8.205	12.653	33	535	6.1	12.1	CEECECCCCCHCCCHCCCCCCCCCCCCECCCCC	0
1916	6.373	8.156	12.506	33	535	9.1	9.1	CEEHECCCCCHCCCCCCCCCHCCCCCCCCCCCC	0
1917	6.448	8.132	11.553	33	535	15.2	12.1	CEEHECCHCCHCCCCCCCCCHCCCCHCECCCCC	0
1918	6.487	8.111	12.016	33	535	12.1	6.1	CCEHECCHCCCCCCCCCCCCHCCCCHCCCCCCC	0
1919	6.396	8.129	12.263	33	535	15.2	9.1	CCEHECCHCCHCCCHHCCCCCCCCCCCECCCCC	0
1920	6.571	8.151	12.712	33	535	12.1	18.2	CEEHECEHCCHCCCCCCCCCHCCCCCCECECCC	0
1921	6.512	8.132	11.880	33	535	15.2	9.1	CCEHECCHCCHCCCHCCCCCHCCCCCCECCCCC	0
1922	6.691	8.223	12.270	33	535	12.1	6.1	CCEHECCCCCHCCCCCCCCCHCCCCCHCCCCCC	0
1923	6.646	8.273	12.312	33	535	9.1	12.1	CEEHECCCCCHCCCCCCCCCCCCCCHCECCCCC	0
1924	6.545	8.175	12.864	33	535	12.1	6.1	CCEHECCCCCCCCCHHCCCCHCCCCCCCCCCCC	0
1925	6.655	8.232	12.639	33	535	18.2	12.1	CEEHECCHCCHCCCCCCCCCHCCCCHCECCHCC	0
1926	6.606	7.820	16.376	33	535	15.2	3.0	CHCCHCCHCCECCCCCCCCCHCCCCCCCCCCHC	2
1927	6.682	8.317	14.601	33	535	15.2	12.1	CEEHECCCCCHCCCHCHCCCHCCCCCCECCCCC	0
1928	6.618	8.273	12.555	33	535	9.1	12.1	CEEHECCCCCHCCCCCCCCCHCCCCCCECCCCC	0
1929	6.648	8.118	12.393	33	535	15.2	9.1	CEEHECCHCCHCCCCCCCCCHCCCCCCCCCHCC	0
1930	6.636	8.144	12.823	33	535	18.2	9.1	CCEHECCHCCHCCCHCCCCCHCCCCHCECCCCC	0
1931	6.555	8.285	13.108	33	535	12.1	12.1	CEEHECCHCCCCCCCCCCCCHCCCCCHECCCCC	0
1932	6.822	8.407	14.601	33	535	9.1	15.2	CEEHECCCCCHCCCCCCCCCCCCCCHCECECCC	0
1933	6.655	8.179	12.050	33	535	12.1	9.1	CCEHECCHCCCCCCHCCCCCHCCCCCCECCCCC	0
1934	6.383	8.148	11.524	33	535	21.2	9.1	CEEHECCHCCHCCCHCHCCCHCCCCCHCCCCCC	0
1935	6.497	8.121	11.175	33	535	12.1	12.1	CEEHECCCCCHCCCCCHCCCHCCCCCCECCCCC	0
1936	6.410	8.117	11.356	33	535	15.2	6.1	CCEHECCCCCHCCCCCHCCCCCCCCCHCCCHCC	0
1937	6.474	8.199	12.147	33	535	12.1	12.1	CEEHECCHCCHCCCCCCCCCHCCCCCCECCCCC	0
1938	6.417	8.119	11.966	33	535	12.1	12.1	CEEHECCHCCCCCCCCHCCCHCCCCCCECCCCC	0
1939	6.673	8.212	13.141	33	535	6.1	9.1	CEEHECCCCCHCCCCCCCCCCCCCCCCCCCCCC	0
1940	6.607	8.168	12.995	33	535	12.1	15.2	CEEHECEHCCCCCCHCCCCCHCCCCCCECCCCC	0
1941	6.672	8.215	13.173	33	535	9.1	9.1	CEEHECCHCCCCCCCCCCCCHCCCCCCCCCCCC	0
1942	6.456	8.185	12.336	33	535	12.1	12.1	CCEHECCHCCCCCCCCCCCCHCCCCHCECECCC	0
1943	6.465	8.146	11.630	33	535	12.1	12.1	CCEHECCCCCHCCCCCHCCCHCCCCCCECECCC	0
1944	6.390	8.122	11.105	33	535	15.2	12.1	CCEHECEHCCCCCCCCHCCCHCCCCHCECCCCC	0
1945	6.491	7.708	16.442	33	535	12.1	6.1	CHCCCCCHCCECCCCCCCCCHCCCCCCCCECHC	2
1946	6.447	8.092	10.936	33	535	12.1	12.1	CEEHECCHCCCCCCCCCCCCHCCCCHCECCCCC	0
1947	6.724	7.754	16.656	33	535	15.2	3.0	CHCCHCCHCCCCCCCCCCCCCCCCCCCCCEHHC	2
1948	6.127	7.998	11.377	33	535	18.2	9.1	CCEHECCHCCHCCCCCHCCCHCCCCHCECCCCC	0
1949	6.521	8.209	11.650	33	535	15.2	12.1	CEEHECCHCCHCCCCCCCCCHCCCCCHECCCCC	0
1950	6.660	8.126	12.651	33	535	12.1	15.2	CEEHECCCCCHCCCCCHCCCCCCCCCHECECCC	0
1951	6.468	8.131	12.361	33	535	15.2	12.1	CEEHECCCCCHCCCHCCCCCHCCCCCCECCHCC	0
1952	6.407	8.159	12.479	33	535	12.1	9.1	CEEHECCCCCHCCCCCHCCCHCCCCCCCCCCCC	0
1953	6.549	8.154	12.046	33	535	15.2	12.1	CEEHECCCCCHCCCHCHCCCHCCCCCCECCCCC	0
1954	6.431	8.000	11.276	33	535	12.1	9.1	CCEHECCCCCHCCCCCHCCCHCCCCCCECCCCC	0
1955	6.484	8.135	12.034	33	535	15.2	9.1	CCEHECCCCCCCCCHCHCCCHCCCCCHCCECCC	0
1956	6.431	8.153	11.887	33	535	18.2	9.1	CEEHECCHCCHCCCCCHCCCHCCCCHCCCCCCC	0
1957	6.499	8.210	13.091	33	535	12.1	15.2	CEEHECCHCCCCCCCCCCCCHCCCCCHECECCC	0
1958	6.401	8.201	13.039	33	535	18.2	9.1	CCEHECCHCCHCCCCCHCCCHCCCCCHECCCCC	0
1959	6.257	8.191	12.128	33	535	6.1	12.1	CCECECCCCCCCCCHCCCCCHCCCCCCECECCC	0
1960	6.445	8.366	12.957	33	535	9.1	9.1	CCEHECCCCCHCCCCCCCCCCCCCCHCCCECCC	0
1961	6.359	8.354	11.613	33	535	9.1	9.1	CCEHECCCCCHCCCCCCCCCHCCCCCCECCCCC	0
1962	6.381	8.237	11.595	33	535	9.1	6.1	CCEHECCCCCHCCCCCCCCCHCCCCCCCCCCCC	0
1963	6.601	8.235	11.431	33	535	15.2	6.1	CCEHECCHCCHCCCCCCCCCHCCCCCCCCCHCC	0
1964	6.670	8.321	13.242	33	535	15.2	9.1	CEEHECCHCCHCCCCCHCCCHCCCCCCCCCCCC	0
1965	6.504	8.092	12.778	33	535	6.1	12.1	CEEHECCCCCCCCCCCCCCCHCCCCCCCCECCC	0
1966	6.384	8.199	13.217	33	535	9.1	9.1	CCEHECCCCCHCCCCCCCCCHCCCCCCECCCCC	0
1967	6.428	8.137	13.835	33	535	15.2	9.1	CEEHECCHCCHCCCHCCCCCCCCCCHCCCCCCC	0
1968	6.321	8.221	11.667	33	535	15.2	9.1	CCEHECCHCCHCCCHCCCCCHCCCCCCECCCCC	0
1969	6.557	8.238	9.947	33	535	12.1	9.1	CCEHECCHCCCCCCHCCCCCHCCCCCCECCCCC	0
1970	9.110	7.765	15.969	33	535	15.2	6.1	CCCCCCCHCCEHCCHCCCCCHECCCCCCCCCHC	1
1971	6.631	8.212	12.101	33	535	18.2	9.1	CCEHECCHCCHCCCHCHCCCHCCCCCCCCECCC	0
1972	6.362	8.285	12.136	33	535	12.1	15.2	CEEHECECCCCCCCHCHCCCHCCCCCCECCCCC	0
1973	6.778	7.661	16.147	33	535	18.2	3.0	CHCCCCCHCCCCCCCCCCCCHCCCCHCCCEHHC	2
1974	6.585	8.186	12.366	33	535	9.1	9.1	CEEHECCCCCHCCCCCHCCCCCCCCCCCCCCCC	0
1975	6.504	8.083	11.733	33	535	12.1	9.1	CCEHECECCCHCCCHCCCCCCCCCCCHCCCCCC	0
1976	6.609	8.243	12.968	33	535	12.1	12.1	CEEHECCCCCCCCCHCHCCCHCCCCCCECCCCC	0
1977	6.696	8.220	11.372	33	535	6.1	3.0	CCECCCCCCCCCCCHCCCCCHCCCCCCCCCCCC	0
1978	6.743	8.171	11.239	33	535	12.1	9.1	CEEECCCHCCHCCCHCCCCCHCCCCCCCCCCCC	0
1979	6.492	8.116	11.160	33	535	6.1	12.1	CCEECCCCCCCCCCHCCCCCHCCCCCCECECCC	0
1980	6.569	8.207	11.101	33	535	9.1	12.1	CEEECCECCCHCCCHCHCCCCCCCCCCCCCCCC	0
1981	6.604	8.321	11.451	33	535	9.1	15.2	CCEECCECCCCCCCHCHCCCHCCCCCCECECCC	0
1982	6.593	8.273	10.259	33	535	9.1	9.1	CCEECCCCCCCCCCHCHCCCHCCCCCCECCCCC	0
1983	8.861	7.824	16.371	33	535	12.1	15.2	CECCCCCHCCEHECCCCCCCHECCCCCCCCEHC	1
1984	6.745	8.169	12.274	33	535	9.1	9.1	CCECCCECCCCCCCHCHCCCHCCCCCCECCCCC	0
1985	6.973	8.221	10.832	33	535	12.1	9.1	CCEECCCCCCHCCCHCHCCCHCCCCCCCCECCC	0
1986	6.799	8.267	10.849	33	535	9.1	6.1	CCEECCCCCCHCCCHCCCCCCCCCCCCCCCHCC	0
1987	8.864	7.843	17.005	33	535	15.2	12.1	CECCCCCHCCEHCCHCCCCCHECCCCCCCCEHC	1
1988	6.882	8.276	10.872	33	535	9.1	6.1	CCECCCCCCCHCCCHCCCCCHCCCCCCECCCCC	0
1989	7.016	8.217	11.871	33	535	6.1	9.1	CCECCCCCCCCCCCCCHCCCCCCCCCCECEHCC	0
1990	6.716	8.231	11.794	33	535	12.1	9.1	CCEECCCHCCHCCCCCCCCCHCCCCCHECCCCC	0
1991	8.988	7.961	17.648	33	535	15.2	6.1	CCCCCCCHCCEHECHCCCCCHCCCCCCCCCCHC	1
1992	8.908	7.962	17.216	33	535	12.1	6.1	CCCCCCCHCCEHCCCCCCCCHCCCCCCCCCEHC	1
1993	6.364	8.410	10.414	33	535	12.1	12.1	CCEECCEHCCHCCCCHCCCCHCCCCCCECCCCC	0
1994	6.499	8.316	11.200	33	535	9.1	12.1	CEEECCCHCCCCCCCCHCCCHCCCCCCECCCCC	0
1995	8.790	7.872	16.355	33	535	15.2	9.1	CCCCCCCHCCEHECHCCCCCHECCCCCCCCCHC	1
1996	6.498	8.316	9.480	33	535	6.1	9.1	CEECCCCCCCHCCCCCHCCCCCCCCCCECCCCC	0
1997	6.484	8.374	10.067	33	535	12.1	0.0	CCCCCCCHCCHCCCHCCCCCHCCCCCCCCCCCC	0
1998	6.433	8.287	12.049	33	535	9.1	9.1	CEECCCCHCCCCCCCCHCCCHCCCCCCECCCCC	0
1999	6.289	8.358	11.784	33	535	12.1	6.1	CCECCCCHCCHCCCCCHCCCHCCCCCCECCCCC	0
2000	6.394	8.359	11.118	33	535	18.2	6.1	CCEECCCHCCHCCCHCHCCCHCCCCCHCCCCCC	0
2001	6.411	8.335	11.208	33	535	9.1	12.1	CCEECCCHCCCCCCCCHCCCHCCCCCCECECCC	0
2002	6.424	8.228	11.047	33	535	6.1	12.1	CEEECCCHCCCCCCCCCCCCHCCCCCCECCCCC	0
2003	6.218	8.377	11.842	33	535	12.1	12.1	CEEECCCHCCHCCCHCCCCCHCCCCCCECCCCC	0
2004	6.356	8.170	9.800	33	535	12.1	9.1	CCEECCCHCCHCCCCCCCCCHCCCCCHECCCCC	0
2005	6.389	8.264	10.432	33	535	15.2	9.1	CCEECCCHCCHCCCHCHCCCHCCCCCCECCCCC	0
2006	6.355	8.229	11.928	33	535	12.1	9.1	CCEECCCHCCHCCCCCHCCCHCCCCCCECCCCC	0
2007	6.417	8.061	9.982	33	535	9.1	12.1	CEEECCCHCCCCCCCCHCCCCCCCCCHECCCCC	0
2008	6.635	8.159	10.957	33	535	9.1	12.1	CEEECCCHCCCCCCHCHCCCCCCCCCCECCCCC	0
2009	6.233	8.330	11.922	33	535	9.1	12.1	CEEECCCHCCHCCCCCCCCCHCCCCCCECCCCC	0
2010	6.366	8.192	10.199	33	535	9.1	9.1	CCEECCCHCCCCCCCCHCCCHCCCCCCECCCCC	0
2011	6.240	8.127	9.812	33	535	6.1	6.1	CCECCCCHCCCCCCCCCCCCHCCCCCCECCCCC	0
2012	6.201	8.217	10.889	33	535	12.1	9.1	CCEECCCHCCCCCCHCHCCCHCCCCCCECCCCC	0
2013	8.795	7.953	16.541	33	535	15.2	6.1	CECCCCCHCCCHCCHCCCCCHECCCCCCCCCHC	1
2014	6.200	8.094	10.824	33	535	9.1	9.1	CCEECCCHCCHCCCCCCCCCHCCCCCCECCCCC	0
2015	6.206	8.037	11.476	33	535	12.1	12.1	CEEECCCHCCHCCCCCHCCCHCCCCCCECCCCC	0
2016	8.635	7.893	15.767	33	535	15.2	12.1	CCCCCCCHCCCHCCHECECCHECCCCCCCCEHC	1
2017	6.137	8.100	9.973	33	535	12.1	12.1	CCEECCCHCCHCCCCCCCCCHCCCCHCECECCC	0
2018	8.839	7.928	16.552	33	535	15.2	15.2	CCCCCCCHCCEHECHECCCCHECCCCCCCCEHC	1
2019	6.281	8.189	10.026	33	535	18.2	9.1	CEECCCCHCCHCCCHCHCCCHCCCCCCECCHCC	0
2020	6.430	8.177	9.392	33	535	18.2	15.2	CEEECCCHCCHCCCHCHCCCHCCCCCCECEHCC	0
2021	8.718	7.940	16.117	33	535	15.2	6.1	CCCCCCCHCCEHCCHCCCCCHCCCCCCCCCEHC	1
2022	6.453	8.396	9.748	33	535	12.1	3.0	CCECCCCHCCHCCCCHCCCCHCCCCCCCCCCCC	0
2023	6.317	8.178	10.136	33	535	12.1	6.1	CCCCCCCHCCCCCCHCHCCCHCCCCCCECECCC	0
2024	6.207	8.095	8.205	33	535	9.1	3.0	CCCCCCCHCCHCCCCCCCCCHCCCCCCECCCCC	0
2025	8.751	7.956	16.297	33	535	15.2	6.1	CCCCECCHCCCHCCHCCCCCHECCCCCCCCCHC	1
2026	6.381	8.191	11.249	33	535	12.1	12.1	CEEECCCHCCCCCCHCHCCCHCCCCCCECCCCC	0
2027	6.571	8.219	10.679	33	535	9.1	6.1	CCEECCCCCCCCCCCCHCCCHCCCCHCCCCCCC	0
2028	6.328	8.297	12.389	33	535	12.1	12.1	CEEECCCCCCHCCCCCHCCCHCCCCCHECCCCC	0
2029	6.487	8.199	10.653	33	535	12.1	3.0	CCECCCCCCCHCCCCCHCCCHCCCCCHCCCCCC	0
2030	6.493	8.377	11.077	33	535	12.1	9.1	CEECCCCHCCHCCCCHCCCCHCCCCCCECCCCC	0
2031	8.759	7.860	16.575	33	535	15.2	12.1	CCCCCCCHCCEHECHCCCCCHECCCCCCCCEHC	1
2032	8.812	8.000	17.520	33	535	12.1	6.1	CCCCCCCHECEHCCCCCCCCHCCCCCCCCCCHC	1
2033	8.774	7.915	17.650	33	535	15.2	9.1	CCCCCCCHCCEHCCHCCCCCHECCCCCCCCEHC	1
2034	8.677	7.906	16.613	33	535	15.2	6.1	CCCCCCCHCCEHCCHECCCCHCCCCCCCCCCHC	1
2035	6.139	8.043	9.166	33	535	9.1	6.1	CCECCCCHCCCCCCCCHCCCHCCCCCCCCECCC	0
2036	8.897	7.907	16.691	33	535	15.2	9.1	CCCCCCCHECCHCCHCCECCHCCCCCCCCCEHC	1
2037	8.711	7.854	15.874	33	535	15.2	12.1	CCCCCCCHCCEHCCHECCCCHECCCCCCCCEHC	1
2038	6.453	8.212	10.347	33	535	9.1	9.1	CEEECCCHCCCCCCHCCCCCHCCCCCCCCCCCC	0
2039	6.745	7.730	16.696	33	535	12.1	3.0	CHCCCCCHCCCCCCCCCCCCHCCCCCCCCECHC	2
2040	8.789	7.894	16.268	33	535	18.2	9.1	CCCCCCCHCCEHCCHCCCCCHECHCCCCCCEHC	1
2041	6.195	8.183	10.253	33	535	12.1	9.1	CEEECCCHCCCCCCCCHCCCHCCCCCCCCCHCC	0
2042	6.239	8.153	11.475	33	535	15.2	6.1	CCEECCCHCCHCCCHHCCCCHCCCCCCCCCCCC	0
2043	8.814	7.901	17.056	33	535	15.2	15.2	CCCCCCCHECEHCCHCCECCHECCCCCCCCEHC	1
2044	6.563	7.705	15.805	33	535	15.2	6.1	CHCCCCCHCCECCCCCCCCCHCCCCCCCCEHHC	2
2045	6.271	8.151	9.498	33	535	12.1	9.1	CCEECCCHCCCCCCCCHCCCHCCCCCHECCCCC	0
2046	6.335	8.173	10.300	33	535	9.1	3.0	CCECCCCHCCHCCCCCCCCCHCCCCCCCCCCCC	0
2047	6.775	7.632	16.139	33	535	15.2	3.0	CHCCHCCHCCCCCCCCCCHCHCCCCCCECCCCC	2
2048	8.928	7.886	16.479	33	535	15.2	6.1	CCCCCCCHCCEHCCHCCCCCHECCCCCCCCCHC	1
2049	6.504	8.292	9.913	33	535	12.1	6.1	CCECCCCCCCHCCCHHCCCCHCCCCCCCCECCC	0
2050	6.197	8.291	10.424	33	535	15.2	6.1	CCEECCCHCCHCCCCCHCCCHCCCCCHCCCCCC	0
2051	6.473	8.308	10.337	33	535	12.1	6.1	CEECCCCHCCHCCCCCCCCCHCCCCCHCCCCCC	0
2052	9.037	7.849	17.425	33	535	15.2	6.1	CCCCCCCHCCEHCCHCCCCCHCCCCCCCCCEHC	1
2053	9.037	7.873	16.733	33	535	15.2	6.1	CCCCCCCHCCEHECHCCCCCHCCCCCCCCCCHC	1
2054	6.632	8.220	10.993	33	535	15.2	12.1	CEEECCCHCCHCCCHCHCCCHCCCCCCECCCCC	0
2055	8.841	7.849	15.427	33	535	15.2	6.1	CCCCCCCHCCCHCCHCCCCCHCCCCCCECCEHC	1
2056	8.774	7.896	16.964	33	535	12.1	9.1	CCCCCCCCCCEHECHCCCCCHCCCCCCECCCHC	1
2057	6.696	8.144	10.664	33	535	18.2	9.1	CEEECCCHCCHCCCHCCCCCHCCHCCHCCCCCC	0
2058	6.484	8.201	11.034	33	535	15.2	12.1	CCEECCCHCCHCCCCCHCCCHCCCCCCECEHCC	0
2059	6.542	8.211	10.366	33	535	18.2	6.1	CCECCCCHCCHCCCHCHCCCHCCHCCCECCCCC	0
2060	6.772	8.239	10.670	33	535	18.2	3.0	CCECCCCHCCHCCCHHCCCCHCCCCHCCCCCCC	0
2061	6.596	8.374	10.373	33	535	9.1	9.1	CEEECCCHCCCCCCCCCCCCHCCHCCCCCCCCC	0
2062	6.647	8.232	10.109	33	535	21.2	6.1	CCEECCCHCCHCCCHHCCCCHCCHCCHCCCCCC	0
2063	8.767	7.893	16.659	33	535	15.2	12.1	CECCCCCHCCEHCCHECCCCHCCCCCCCCCEHC	1
2064	8.841	7.853	16.920	33	535	12.1	12.1	CCCCCCCCECCHECHCCECCHCCCCCCCCCEHC	1
2065	6.453	8.316	9.588	33	535	12.1	9.1	CCEECCCHCCHCCCHCCCCCHCCCCCCECCCCC	0
2066	8.963	7.950	16.689	33	535	12.1	6.1	CCCCCCCCECEHCCHCCCCCHCCCCCCCCCCHC	1
2067	6.608	8.393	10.500	33	535	18.2	9.1	CEEECCCHCCHCCCHHCCCCHCCCCHCCCCCCC	0
2068	6.626	8.265	10.018	33	535	15.2	3.0	CCECCCCHCCCCCCHCCCCCHCCCCHCCCCHCC	0
2069	6.725	8.375	10.241	33	535	6.1	3.0	CECCCCCHCCCCCCCCCCCCHCCCCCCCCCCCC	0
2070	6.638	8.397	12.242	33	535	15.2	6.1	CCEECCCHCCHCCCCCCCCCHCCCCHCCCCHCC	0
2071	6.739	8.425	11.909	33	535	15.2	9.1	CEEECCCHCCHCCCCCCCCCHCCCCHCCCCHCC	0
2072	6.800	8.423	12.255	33	535	6.1	9.1	CEEECCCCCCCCCCHCCCCCCCCCCHCCCCCCC	0
2073	6.460	8.323	11.368	33	535	18.2	9.1	CEEECCCHCCHCCCHCHCCCHCCCCHCCCCCCC	0
2074	6.518	8.248	10.350	33	535	3.0	12.1	CCEECCCCCCHCCCCCCCCCCCCCCCCECECCC	0
2075	8.752	7.949	16.391	33	535	15.2	12.1	CCCCCCCHCCEHECHCCCCCHECCCCCCCCEHC	1
2076	6.645	8.343	11.180	33	535	12.1	9.1	CEEECCCCCCCCCCCCHCCCHCCCCHCCCCHCC	0
2077	8.786	7.906	16.839	33	535	15.2	12.1	CCCCCCCHCCCHECHCCECCHECCCCCCCCEHC	1
2078	6.550	7.645	16.234	33	535	18.2	6.1	CHCCCCCHCCCCCCCCCCHCHCCCCCCECEHHC	2
2079	6.689	8.469	12.379	33	535	12.1	12.1	CEEECCCHCCHCCCCCHCCCCCCCCHCCCECCC	0
2080	8.752	7.866	17.046	33	535	15.2	12.1	CCCCCCCHCCEHCCHCCCCCHECCCCCECCEHC	1
2081	6.731	8.363	12.380	33	535	15.2	9.1	CCEECCCCCCHCCCCCHCCCHCCCCHCECCHCC	0
2082	8.820	7.905	16.523	33	535	15.2	6.1	CCCCCCCHCCEHCCHCCCCCHCCCCCCCCCEHC	1
2083	6.609	8.370	10.464	33	535	12.1	6.1	CCEECCCHCCHCCCCCHCCCHCCCCCCCCCCCC	0
2084	8.738	7.965	16.452	33	535	15.2	9.1	CCCCCCCHCCCHECHECCCCHCCCCCCCCCEHC	1
2085	8.931	7.971	16.886	33	535	15.2	6.1	CCCCCCCHCCEHCCHCCCCCHCCCCCCECCCHC	1
2086	8.855	7.925	16.664	33	535	12.1	3.0	CCCCCCCHCCEHCCCCCCCCHCCCCCCCCCCHC	1
2087	6.707	7.673	15.946	33	535	18.2	3.0	CHCCCCCHCCCCCCCCCHCCHCCCCCCCCEHHC	2
2088	6.493	8.315	13.399	33	535	15.2	6.1	CEECCCCHCCHCCCCCCCCCHCCCCHCCCCHCC	0
2089	6.547	8.301	11.317	33	535	21.2	9.1	CEEECCCHCCHCCCHCHCCCHCCCCHCCCCHCC	0
2090	8.960	7.834	16.882	33	535	15.2	9.1	CCCCCCCHCCCHCCHECCCCHECCCCCCCCEHC	1
2091	6.524	8.322	10.498	33	535	21.2	12.1	CEEECCCHCCCCHCHCHCCCHCCCCCHECCHCC	0
2092	8.696	7.946	15.318	33	535	15.2	6.1	CCCCCCCHCCEHCCHCCCCCHECCCCCCCCCHC	1
2093	8.775	7.828	15.451	33	535	12.1	9.1	CCCCCCCHCCEHCCCCCECCHCCCCCCECCCHC	1
2094	8.699	7.757	15.307	33	535	12.1	6.1	CCCCCCCHCCCHECCCCCCCHCCCCCCCCCEHC	1
2095	8.807	7.807	15.914	33	535	12.1	6.1	CCCCCCCHECCHECCCCCCCHCCCCCCCCCCHC	1
2096	8.699	7.924	16.777	33	535	15.2	0.0	CCCCCCCHCCCHCCCCCCCCHCCHCCCCCCCHC	1
2097	8.837	7.809	17.329	33	535	15.2	12.1	CECCCCCHECCHECCCCCCCHCCHCCCCCCEHC	1
2098	6.489	8.233	12.337	33	535	12.1	9.1	CEECCCCCCCHCCCCCCCCCHCCCCHCECCHCC	0
2099	8.718	7.878	16.022	33	535	12.1	9.1	CCCCCCCHCCEHCCCCCECCHCCCCCCECCCHC	1
2100	8.786	7.922	16.774	33	535	12.1	3.0	CCCCCCCHCCCHCCCCCCCCHCCCCCCECCCHC	1
2101	6.480	8.398	14.426	33	535	15.2	12.1	CEEECCCHCCHCCCCCCCCCHCCCCHCECCHCC	0
2102	8.678	7.928	15.676	33	535	12.1	9.1	CCCCCCCHCCEHCCCCCECCHECCCCCCCCCHC	1
2103	6.793	8.308	10.712	33	535	15.2	9.1	CEEECCCHCCHCCCCCCCCCHCCHCHCCCCCCC	0
2104	6.652	8.179	10.714	33	535	12.1	9.1	CEEECCCCCCHCCCCCCCCCHCCCCHCCCCHCC	0
2105	6.674	8.278	10.572	33	535	12.1	6.1	CCEECCCHCCHCCCCCHCCCCCCCCCCCCCHCC	0
2106	8.782	7.909	16.329	33	535	15.2	6.1	CCCCCCCHCCCHCCCCCCCCHECHCCCCCCEHC	1
2107	6.675	7.630	16.562	33	535	12.1	0.0	CCCCHHHHCCCCCCCCCCCCCCCCCCCCCCCCC	2
2108	6.935	8.171	10.804	33	535	15.2	3.0	CCECCCCHCCCCCCHCHCCCHCCCCCHCCCCCC	0
2109	7.106	8.165	10.484	33	535	9.1	9.1	CEECCCCCCCHCCCCCHCCCHCCCCCCECCCCC	0
2110	7.197	8.286	9.760	33	535	12.1	12.1	CEEECCCCCCHCCCCCHCCCHCCCCCHECCCCC	0
2111	8.897	7.831	17.057	33	535	15.2	9.1	CCCCCCCHCCCHCCCCCCCCHECHCCCECCEHC	1
2112	8.970	7.838	16.502	33	535	15.2	12.1	CCCCCCCHCCEHCCHECCCCHCCCCCCECCEHC	1
2113	6.775	7.682	16.410	33	535	18.2	3.0	CHCCCCCHCCECCCCCCHCCHCCCCCCCCCHHC	2
2114	7.069	8.284	10.801	33	535	9.1	9.1	CEECCCECCCHCCCCCCCCCHCCCCCHCCCCCC	0
2115	8.789	7.811	15.975	33	535	12.1	3.0	CCCCCCCHCCEHCCCCCCCCHCCCCCCCCCCHC	1
2116	7.076	8.270	10.580	33	535	12.1	3.0	CCCCCCCCCCHCCCHCCCCCHCCCCHCECCCCC	0
2117	8.693	7.898	16.017	33	535	15.2	12.1	CCCCCCCHCCCHCCHCCECCHECCCCCECCEHC	1
2118	6.944	8.112	10.190	33	535	12.1	9.1	CCEECCCCCCCCHCCCHCCCHCCCCCHECCCCC	0
2119	7.086	8.216	10.921	33	535	12.1	6.1	CECCCCCCCCHCCCCCCCCCHCCCCCHECCHCC	0
2120	7.163	8.124	10.560	33	535	9.1	6.1	CECECCCCCCHCCCCCCCCCHCCCCCHCCCCCC	0
2121	7.039	8.093	10.486	33	535	12.1	3.0	CECCCCCCCCCCHCCCCCCCHCCCCCHCCCHCC	0
2122	7.064	8.185	10.927	33	535	3.0	3.0	CECCCCCCCCCCCCCCCCCCHCCCCCCCCCCCC	0
2123	6.972	8.028	10.311	33	535	9.1	9.1	CECECCCCCCHCCCCCCCCCHCCCCCCECCHCC	0
2124	8.740	8.001	16.649	33	535	12.1	3.0	CCCCCCCHCCEHCCCCCCCCHCCCCCCCCCCHC	1
2125	6.713	7.783	16.982	33	535	18.2	6.1	CHCCCCCHCCECCCCCCCHCHCCCCCCCCEHHC	2
2126	6.954	8.138	10.719	33	535	12.1	6.1	CEECCCCCCCHCCCCCCCCCHCCCCCHCCCHCC	0
2127	6.862	8.205	10.364	33	535	9.1	12.1	CEEECCCCCCCCHCCCCCCCHCCCCHCECCCCC	0
2128	7.289	8.251	11.207	33	535	9.1	9.1	CEECCCCCCCCCCCCCHCCCHCCCCCHECCCCC	0
2129	7.220	8.161	10.738	33	535	9.1	3.0	CCECCCCCCCHCCCCCCCCCHCCCCCCCCCHCC	0
2130	8.890	7.874	17.375	33	535	15.2	9.1	CCCCCCCHCCEHECHCCCCCHECCCCCCCCCHC	1
2131	6.967	8.010	11.529	33	535	15.2	6.1	CEECCCCCCCHCHCCCHCCCHCCCCCHCCCCCC	0
2132	7.001	8.201	10.948	33	535	12.1	9.1	CCEECCCCCCCCHCCCHCCCHCCCCCHECCCCC	0
2133	8.884	7.832	16.820	33	535	15.2	6.1	CCCCCCCHCCEHCCHCCECCHCCCCCCCCCCHC	1
2134	6.971	8.112	9.680	33	535	6.1	6.1	CECCCCCCCCCCHCCCCCCCCCCCCHCECCCCC	0
2135	8.785	7.875	16.853	33	535	15.2	9.1	CCCCCCCHCCEHCCHECCCCHCCCCCCCCCEHC	1
2136	8.644	7.948	17.519	33	535	15.2	12.1	CCCCCCCHCCEHCCHCCECCHCCCCCCECCEHC	1
2137	7.056	8.139	10.374	33	535	9.1	12.1	CEEECCCCCCCCHCCCCCCCHCCCCCHECCCCC	0
2138	8.820	7.926	17.124	33	535	15.2	9.1	CCCCCCCHCCEHCCHCCCCCHCCCCCCECCEHC	1
2139	6.949	8.266	10.422	33	535	9.1	6.1	CCCECCCCCCCCHCCCCCCCHCCCCCHECCCCC	0
2140	8.911	7.862	15.641	33	535	15.2	15.2	CCCCCCCHCCEHECHECCCCHECCCCCCCCEHC	1
2141	7.085	8.117	10.751	33	535	9.1	9.1	CEECCCCCCCCCHCCCCCCCCCCCCCHECCHCC	0
2142	7.023	8.165	10.979	33	535	15.2	9.1	CEECCCCCCCHCHCCCCCCCHCCCCCHECCHCC	0
2143	8.763	7.844	16.640	33	535	15.2	9.1	CCCCCCCHCCEHCCHCCCCCHCCCCCCECCEHC	1
2144	7.053	8.170	10.969	33	535	12.1	6.1	CECECCCCCCCCHCCCCCCCHCCCCCHCCCHCC	0
2145	7.285	8.076	10.393	33	535	18.2	3.0	CCECCCCCCCHCHCCCHCCCHCCHCCHCCCCCC	0
2146	8.730	7.780	15.938	33	535	12.1	9.1	CCCCCCCHCCEHCCHCCCCCHECCCCCCCCECC	1
2147	8.794	7.817	15.725	33	535	12.1	3.0	CCCCCCCHCCCHCCCCCCCCHCCCCCCCCCEHC	1
2148	8.711	7.909	16.047	33	535	15.2	9.1	CCCCCCCHCCEHCCHCCCCCHCCCCCCECCEHC	1
2149	7.041	8.138	10.280	33	535	6.1	6.1	CCECCCCCCCHCHCCCCCCCCCCCCCCECCCCC	0
2150	7.173	8.242	10.720	33	535	9.1	6.1	CECCCCCCCCCCCECCCCCCHCCCCCHCCCHCC	0
2151	7.043	8.146	10.806	33	535	9.1	9.1	CECECCCCCCCCHCCCHCCCHCCCCCCECCCCC	0
2152	8.820	7.866	16.242	33	535	15.2	15.2	CCCCCCCHECCHCCHECCCCHECCCCCECCEHC	1
2153	7.143	8.201	10.461	33	535	6.1	6.1	CEECCCCCCCCCHCCCCCCCCCCCCCHCCCCCC	0
2154	8.635	7.917	16.674	33	535	15.2	9.1	CCCCCCCHCCCHCCHCCCCCHECCCCCECCEHC	1
2155	8.902	7.922	16.852	33	535	15.2	6.1	CCCCCCCHCCEHCCHCCCCCHCCCCCCCCCEHC	1
2156	6.945	8.141	11.006	33	535	9.1	6.1	CEECCCCCCCCCHCCCCCCCHCCCCCCCCCHCC	0
2157	6.995	8.108	11.224	33	535	9.1	6.1	CCECCCCCCCCCHCCCCCCCHCCCCCHECCCCC	0
2158	7.185	8.073	10.553	33	535	12.1	6.1	CEECCCCCCCCCHCCCHCCCHCCCCCHCCCCCC	0
2159	8.927	7.885	16.182	33	535	12.1	6.1	CECCCCCHCCEHCCCCCCCCHCCCCCCCCCCHC	1
2160	7.095	8.081	10.415	33	535	12.1	6.1	CECECCCCCCHCHCCCCCCCHCCCCCHCCCCCC	0
2161	8.834	7.826	15.807	33	535	18.2	9.1	CCCCCCCHCCCHECHECCCCHCCHCCCCCCEHC	1
2162	6.695	7.751	16.712	33	535	18.2	9.1	CHCCCCCHECCCCCCCCCHCHCCCCCCECEHHC	2
2163	7.018	8.204	10.626	33	535	6.1	6.1	CEECCCCCCCHCCCCCCCCCHCCCCCCCCCCCC	0
2164	7.212	8.117	10.713	33	535	12.1	6.1	CCCECCCCCCHCCCHCCCCCHCCCCCHECCCCC	0
2165	7.138	8.063	9.821	33	535	12.1	6.1	CECCCCCCCCHCCCCCCCCCHCCCCCHECCHCC	0
2166	8.916	7.890	16.808	33	535	12.1	6.1	CCCCCCCHCCEHCCCCCCCCHCCCCCCCCCEHC	1
2167	7.188	8.096	10.862	33	535	12.1	9.1	CECECCCCCCHCHCCCCCCCHCCCCHCECCCCC	0
2168	8.800	7.914	16.990	33	535	15.2	9.1	CCCCCCCHCCCHCCHCCECCHECCCCCCCCEHC	1
2169	8.873	7.932	17.114	33	535	15.2	12.1	CCCCCCCHCCEHCCHCCCCCHECCCCCECCEHC	1
2170	8.861	7.870	16.548	33	535	15.2	9.1	CCCCCCCHCCCHCCHCCCCCHECCCCCECCEHC	1
2171	8.886	7.877	16.508	33	535	15.2	9.1	CCCCCCCHCCCHECHCCCCCHECCCCCCCCEHC	1
2172	8.970	7.915	16.149	33	535	9.1	0.0	CCCCCCCHCCCHCCCCCCCCHCCCCCCCCCCCC	1
2173	7.323	8.039	10.573	33	535	6.1	9.1	CEEECCCCCCCCCCCCCCCCCCCCCCHCCCHCC	0
2174	8.704	7.922	16.371	33	535	15.2	15.2	CCCCCCCHCCCHECHECECCHECCCCCCCCEHC	1
2175	7.238	8.128	10.012	33	535	6.1	9.1	CECECCCCCCCCCCCCCCCCHCCCCHCECCCCC	0
2176	7.272	8.099	10.097	33	535	15.2	9.1	CECECCCCCCHCHCCCCCCCHCCCCCHECCHCC	0
2177	7.199	8.117	10.268	33	535	12.1	3.0	CCCECCCCCCHCCCCCCCCCHCCCCCHCCCHCC	0
2178	8.671	7.936	16.304	33	535	12.1	9.1	CCHCCCCCECEHCCHCCECCHCCCCCCCCCCCC	1
2179	6.758	7.680	16.137	33	535	21.2	0.0	CHCCHCCHCCCCCHCCCCHCHCCCCCCCCCCHC	2
2180	6.780	7.744	16.490	33	535	24.2	3.0	CHCCCCCHCCCCCCCCCHHCHCCHCCCCCEHHC	2
2181	7.330	8.289	11.742	33	535	9.1	9.1	CEECCCCHCCHCCCCCCCCCHCCCCCCECCCCC	0
2182	7.284	8.209	11.491	33	535	12.1	3.0	CCCECCCHCCHCCCCCCCCCHCCCCCHCCCCCC	0
2183	8.911	7.818	15.854	33	535	15.2	3.0	CCCCCCCHCCCHCCHCCECCHCCCCCCCCCCHC	1
2184	7.052	8.153	9.534	33	535	12.1	12.1	CEEECCCCCCHCCCCCCCCCHCCCCCHECCHCC	0
2185	7.123	8.246	9.818	33	535	12.1	3.0	CCECCCCCCCHCCCHCCCCCHCCCCHCCCCCCC	0
2186	8.887	7.937	16.187	33	535	15.2	6.1	CCCCCCCHCCEHCCHCCCCCHECCCCCCCCCHC	1
2187	8.876	7.874	16.155	33	535	15.2	6.1	CCCCCCCHCCEHCCHCCCCCHECCCCCCCCCHC	1
2188	7.118	8.188	10.450	33	535	9.1	6.1	CEECCCCCCCCCHCCCCCCCHCCCCCHCCCCCC	0
2189	8.750	7.962	15.999	33	535	15.2	9.1	CCCCCCCHCCEHECHCCECCHCCCCCCCCCCHC	1
2190	8.870	7.863	15.339	33	535	12.1	9.1	CCCCCCCHCCCHCCCCCECCHECCCCCECCCHC	1
2191	8.855	7.890	15.855	33	535	12.1	9.1	CCCCCCCHCCCHECCCCECCHECCCCCCCCCHC	1
2192	8.800	7.930	16.301	33	535	15.2	18.2	CCCCCCCHECEHECHCCCCCHECCCCCECCEHC	1
2193	8.927	7.914	16.236	33	535	15.2	12.1	CCCCCCCHECEHECHCCCCCHECCCCCCCCCHC	1
2194	8.844	7.997	16.356	33	535	15.2	9.1	CCCCCCCHCCEHCCHCCECCHCCCCCCCCCEHC	1
2195	8.823	7.925	15.664	33	535	12.1	6.1	CCCCCCCHCCEHCCCCCCCCHCCCCCCCCCEHC	1
2196	7.090	8.164	10.418	33	535	15.2	6.1	CECCCCCCCCHCCCCCHCCCHCCCCCHECCHCC	0
2197	8.729	7.946	16.394	33	535	15.2	18.2	CCCCCCCHECEHCCHCCECCHECCCCCECCEHC	1
2198	8.743	7.893	16.302	33	535	9.1	15.2	CCCCCCCHCCEHCCCCCECCCECCCCCECCEHC	1
2199	6.531	7.612	15.899	33	535	12.1	0.0	CCCCHHHHCCCCCCCCCCCCCCCCCCCCCCCCC	2
2200	8.776	7.827	17.026	33	535	15.2	15.2	CCCCCCCHCCCHECHECECCHECCCCCCCCEHC	1
2201	8.782	7.818	16.307	33	535	15.2	15.2	CCCCCCCHCCEHECHCCECCHECCCCCCCCEHC	1
2202	8.688	7.958	16.519	33	535	15.2	12.1	CCCCCCCHCCEHCCHCCCCCHECCCCCECCEHC	1
2203	8.717	7.958	16.335	33	535	15.2	9.1	CCCCCCCHCCCHCCHCCECCHECCCCCCCCEHC	1
2204	8.729	7.928	16.823	33	535	12.1	12.1	CCCCCCCCECEHECHCCCCCHCCCCCCCCCEHC	1
2205	8.683	7.943	16.044	33	535	15.2	18.2	CCCCCCCHECEHECHECCCCHECCCCCCCCEHC	1
2206	7.172	8.188	11.134	33	535	18.2	6.1	CEECCCCCCCHCCCHCHCCCHCCCCCHCCCHCC	0
2207	6.970	8.140	10.342	33	535	18.2	3.0	CCCECCCCCCHCCCHCHCCCCCCHCCHCCCHCC	0
2208	6.722	8.136	10.851	33	535	12.1	9.1	CECECCCCCCHCCCCCHCCCHCCCCCHECCCCC	0
2209	8.663	7.857	15.818	33	535	12.1	6.1	CCCCCCCHCCEHCCCCCCCCHCCCCCCCCCEHC	1
2210	6.931	8.033	10.826	33	535	6.1	9.1	CEEECCCCCCHCCCCCCCCCCCCCCCHCCCCCC	0
2211	8.730	7.759	15.521	33	535	12.1	9.1	CCCCCCCHCCEHECCCCCCCHCCCCCCCCCEHC	1
2212	6.581	7.666	16.283	33	535	21.2	0.0	CHCCCCCHCCCCCCCCCCHCHCCCCHCCCCHHC	2
2213	8.701	7.865	15.788	33	535	12.1	9.1	CCCCCCCHCCEHCCCCCECCHCCCCCCCCCEHC	1
2214	7.126	8.272	11.138	33	535	12.1	9.1	CEECCCCCCCHCCCHCCCCCCCCHCCHECCCCC	0
2215	8.643	7.863	16.533	33	535	12.1	6.1	CCCCCCCHCCCHCCCCCCCCHECCCCCCCCEHC	1
2216	8.741	7.885	16.589	33	535	15.2	9.1	CCCCCCCHECEHCCHCCECCHCCCCCCCCCCHC	1
2217	8.742	7.959	16.823	33	535	15.2	9.1	CCCCCCCHECCHCCHCCCCCHECCCCCCCCEHC	1
2218	8.615	7.897	15.598	33	535	15.2	9.1	CCCCCCCHCCCHCCHCCECCHECCCCCCCCEHC	1
2219	8.758	7.881	16.801	33	535	15.2	12.1	CCCCCCCHECEHCCHCCECCHCCCCCCCCCEHC	1
2220	8.749	7.875	15.427	33	535	12.1	3.0	CCCCCCCHCCCHCCCCCCCCHCCCCCCCCCEHC	1
2221	7.098	8.344	10.892	33	535	15.2	9.1	CECECCCCCCHCCCHCHCCCCCCCCCHECCHCC	0
2222	7.193	8.383	10.597	33	535	9.1	6.1	CECECCCCCCHCCCCCCCCCCCCCCCHCCCHCC	0
2223	7.105	8.130	9.693	33	535	12.1	9.1	CEEECCCCCCCCCCCCCCCCHCCHCCHCCCHCC	0
2224	7.025	8.154	10.469	33	535	15.2	6.1	CECCCCCCCCHCCCCCCCCCHCCHCCHECCHCC	0
2225	7.174	8.120	10.219	33	535	12.1	9.1	CEEECCCCCCHCCCCCCCCCHCCHCCHCCCCCC	0
2226	7.218	8.186	10.083	33	535	9.1	6.1	CEECCCCCCCCCCCCCCCCCCCCHCCHCCCHCC	0
2227	8.869	7.759	16.390	33	535	15.2	6.1	CCCCCCCHECEHCCHCCCCCHCCCCCCCCCCHC	1
2228	7.327	8.236	9.638	33	535	12.1	9.1	CEEECCCCCCCCCCCCCCCCHCCHCCHCCCHCC	0
2229	8.938	7.821	16.766	33	535	12.1	12.1	CCCCCCCCECCHECHCCCCCHECCCCCCCCEHC	1
2230	7.249	8.258	10.943	33	535	9.1	9.1	CEECCCCCCCCCCCCCCCCCHCCHCHCECCCCC	0
2231	8.691	7.899	15.688	33	535	15.2	3.0	CCCCCCCHCCCHCCHCCECCHCCCCCCCCCCHC	1
2232	7.038	8.116	10.566	33	535	12.1	12.1	CEEECCCCCCHCCCCCCCCCHCCHCCHECCCCC	0
2233	8.785	7.793	15.640	33	535	15.2	6.1	CCCCCCCHECCHCCHCCCCCHCCCCCCCCCEHC	1
2234	7.249	8.278	10.464	33	535	3.0	6.1	CCECCCCCCCCCCCCCCCCCHCCCCCCECCCCC	0
2235	7.091	8.137	10.378	33	535	12.1	9.1	CEEECCCCCCHCCCCCCCCCHCCHCCHCCCCCC	0
2236	7.159	8.150	10.393	33	535	12.1	12.1	CEEECCCCCCHCCCHCCCCCHCCCCCCECCHCC	0
2237	8.812	8.014	16.678	33	535	15.2	12.1	CCCCCCCHCCEHECHCCECCHCCCCCCCCCEHC	1
2238	8.684	7.963	16.619	33	535	12.1	9.1	CCCCCCCCCCEHCCHCCCCCHECCCCCCCCEHC	1
2239	8.950	7.892	16.156	33	535	15.2	9.1	CCCCCCCHCCCHECHCCCCCHCCCCCCECCEHC	1
2240	7.129	8.137	9.924	33	535	9.1	9.1	CEECCCCCCCHCCCCCCCCCCCCHCCCECCHCC	0
2241	8.732	7.959	17.237	33	535	15.2	12.1	CCCCCCCHECEHCCHCCCCCHECCCCCCCCEHC	1
2242	8.752	7.843	16.469	33	535	15.2	3.0	CCCCCCCHCCCHCCHCCECCHCCCCCCCCCCHC	1
2243	8.761	7.825	16.076	33	535	15.2	6.1	CCCCCCCHCCEHCCHCCCCCHCCCCCCCCCEHC	1
2244	8.787	8.001	16.383	33	535	15.2	15.2	CCCCCCCHECEHECHCCCCCHECCCCCCCCEHC	1
2245	8.822	7.982	16.564	33	535	15.2	12.1	CCCCCCCHCCCHECHCCCCCHECCCCCECCEHC	1
2246	8.822	7.905	16.486	33	535	15.2	18.2	CCCCCCCHECEHECHCCCCCHECCCCCECCEHC	1
2247	6.991	8.268	9.713	33	535	12.1	9.1	CCEECCCCCCHCCCHCCCCCHCCCCCCECCHCC	0
2248	7.084	8.248	10.262	33	535	15.2	12.1	CEEECCCCCCHCHCHCHCCCHCCCCCCECCCCC	0
2249	8.796	7.989	16.653	33	535	12.1	6.1	CCCCCCCCCCCHECHCCCCCHECCCCCCCCCHC	1
2250	8.808	7.942	16.449	33	535	15.2	15.2	CECCCCCHECEHCCHCCCCCHCCCCCCECCEHC	1
2251	8.681	7.923	16.194	33	535	12.1	9.1	CCCCCCCCCCCHECHCCCCCHECCCCCCCCEHC	1
2252	8.792	7.950	16.764	33	535	12.1	18.2	CCCCCCCCECEHECHCCECCHECCCCCCCCEHC	1
2253	8.686	7.892	16.182	33	535	15.2	15.2	CCCCCCCHCCEHCCHCCECCHECCCCCECCEHC	1
2254	8.711	7.877	16.425	33	535	15.2	12.1	CECCCCCHCCEHCCHCCCCCHECCCCCCCCEHC	1
2255	7.032	8.234	10.588	33	535	6.1	3.0	CECCCCCCCCCCCCCCCCCCHCCCCCCCCCHCC	0
2256	8.780	7.936	16.583	33	535	15.2	12.1	CCCCCCCHCCEHCCHECCCCHECCCCCCCCEHC	1
2257	8.836	7.946	16.340	33	535	15.2	6.1	CCCCCCCHCCCHECHCCCCCHCCCCCCCCCEHC	1
2258	8.974	7.924	16.501	33	535	15.2	9.1	CCCCCCCHECEHCCHCCECCHCCCCCCCCCCHC	1
2259	8.820	7.852	16.169	33	535	15.2	15.2	CCCCCCCHECEHCCHCCECCHECCCCCCCCEHC	1
2260	8.883	7.897	16.091	33	535	15.2	12.1	CCCCCCCHECEHCCHCCECCHECCCCCCCCCHC	1
2261	6.580	7.722	16.144	33	535	18.2	6.1	CHCCCCCHCCCCCCCCCCHCHCCCCHCECECHC	2
2262	7.230	8.272	11.492	33	535	9.1	3.0	CCCCCCCCCCCCHCCCCCCCHCCCCCHECCCCC	0
2263	7.211	8.113	9.960	33	535	12.1	3.0	CECCCCCCCCCCCCCCCCCCHCCHCCHCCCHCC	0
2264	8.694	7.980	16.931	33	535	15.2	15.2	CCCCCCCHCCEHCCHCCECCHECCCCCECCEHC	1
2265	8.749	7.907	16.377	33	535	12.1	18.2	CCCCCCCCECEHECHCCECCHCCCCCCECCEHC	1
2266	8.800	7.867	16.702	33	535	15.2	12.1	CCCCCCCHECEHCCHCCCCCHECCCCCCCCEHC	1
2267	8.943	7.927	16.765	33	535	15.2	9.1	CCCCCCCHCCCHCCHCCCCCHECCCCCECCEHC	1
2268	6.671	7.628	16.099	33	535	12.1	0.0	CCCCHHHHCCCCCCCCCCCCCCCCCCCCCCCCC	2
2269	7.082	8.083	9.953	33	535	15.2	6.1	CCCECCCCCCHCCCCCCCCCHCCHCCHECCHCC	0
2270	8.719	7.810	15.904	33	535	15.2	12.1	CCCCCCCHCCEHCCHCCECCHECCCCCCCCEHC	1
2271	7.199	8.241	9.639	33	535	18.2	9.1	CECECCCCCCHCCCCHCCCCHCCHCCHECCHCC	0
2272	7.141	8.214	10.348	33	535	12.1	6.1	CCCECCCCCCHCCCCCCCCCHCCHCCHECCCCC	0
2273	8.749	7.891	16.999	33	535	15.2	9.1	CCCCCCCHCCEHECHCCCCCHCCCCCCCCCEHC	1
2274	8.814	7.981	17.080	33	535	15.2	18.2	CCCCCCCHCCEHECHECCCCHECCCCCECCEHC	1
2275	8.664	7.841	16.193	33	535	15.2	12.1	CCCCCCCHECEHCCHCCECCHECCCCCCCCCHC	1
2276	8.836	7.946	16.761	33	535	15.2	12.1	CECCCCCHCCCHECHECCCCHCCCCCCCCCEHC	1
2277	8.868	7.859	16.021	33	535	15.2	6.1	CCCCCCCHCCEHCCHCCCCCHECCCCCCCCCHC	1
2278	7.086	8.092	9.809	33	535	9.1	6.1	CCCECCCCCCHCHCCCCCCCCCCCCCCECCHCC	0
2279	6.550	7.737	16.331	33	535	21.2	6.1	CHCCCCCHCCECCCCCCCHCCCCHCHCCCEHHC	2
2280	6.581	7.635	15.955	33	535	15.2	6.1	CHCCCCCCCCECCCCCCCHCHCCCCCCCCEHHC	2
2281	6.680	7.745	16.392	33	535	21.2	3.0	CHCCCCCHCCCCCCCCCCHCHCCCCHCCCEHHC	2
2282	8.766	7.941	16.594	33	535	15.2	12.1	CCCCCCCHCCEHECHCCCCCHECCCCCCCCEHC	1
2283	6.703	7.742	15.992	33	535	18.2	3.0	CHCCCCCHCCCCCCCCCCHCHCCCCCCCCEHHC	2
2284	8.906	7.767	16.307	33	535	15.2	15.2	CCCCCCCHECEHCCHCCECCHECCCCCCCCEHC	1
2285	7.104	8.133	9.597	33	535	12.1	9.1	CEECCCCCCCHCCCCCCCCCHCCCCCHECCHCC	0
2286	7.142	8.155	10.258	33	535	12.1	3.0	CCECCCCCCCHCCCCCCCCCHCCCCCHCCCHCC	0
2287	7.285	8.138	8.335	33	535	15.2	9.1	CECECCCCCCHCHCCCCCCCHCCCCCHECCHCC	0
2288	7.182	8.079	9.240	33	535	6.1	3.0	CCECCCCCCCCCCCCCCCCCHCCCCCCCCCHCC	0
2289	7.353	8.189	8.264	33	535	12.1	6.1	CECECCCCCCHCCCCCCCCCHCCCCCHCCCHCC	0
2290	8.795	7.855	16.153	33	535	15.2	15.2	CECCCCCHECCHCCHCCECCHECCCCCCCCEHC	1
2291	7.373	8.144	8.070	33	535	6.1	3.0	CCECCCCCCCCCCCCCCCCCHCCCCCCCCCHCC	0
2292	8.899	7.844	16.073	33	535	15.2	6.1	CCCCCCCHECCHECHCCCCCHCCCCCCCCCCHC	1
2293	8.746	7.919	16.688	33	535	18.2	9.1	CCHCECCHCCEHCCHCCCCCHCCCCCCCCCEHC	1
2294	7.266	8.141	8.138	33	535	12.1	6.1	CCEECCCCCCHCCCCCCCCCHCCCCHCCCCHCC	0
2295	7.274	8.195	9.010	33	535	6.1	6.1	CECECCCCCCHCCCCCCCCCHCCCCCCCCCCCC	0
2296	8.884	7.882	16.560	33	535	15.2	12.1	CCCCCCCHECEHECHCCECCHCCCCCCCCCCHC	1
2297	7.165	7.944	9.813	33	535	9.1	6.1	CCCECCCCCCHCCCCCCCCCHCCCCCCECCHCC	0
2298	8.702	7.902	16.677	33	535	12.1	9.1	CECCCCCHCCEHCCCCCCCCHCCCCCCCCCEHC	1
2299	8.765	7.884	15.958	33	535	15.2	12.1	CECCCCCHCCEHECHCCCCCHECCCCCCCCCHC	1
2300	7.029	8.162	5.739	33	535	15.2	6.1	CECECCCCCCHCHCCHCCCCHCCCCCCCCCHCC	0
2301	8.733	8.001	16.885	33	535	15.2	21.2	CECCCCCHECEHECHCCECCHECCCCCCCCEHC	1
2302	8.948	7.826	15.350	33	535	15.2	12.1	CCCCCCCHCCCHECHCCECCHECCCCCCCCEHC	1
2303	8.846	7.856	16.313	33	535	15.2	15.2	CCCCCCCHCCEHECHCCECCHCCCCCCECCEHC	1
2304	8.735	7.979	16.806	33	535	15.2	9.1	CCCCCCCHECEHCCHCCECCHCCCCCCCCCCHC	1
2305	6.852	8.116	5.474	33	535	12.1	6.1	CCCECCCCCCHCCCCCCCCCHCCCCHCECCHCC	0
2306	6.856	8.162	4.980	33	535	15.2	3.0	CCCCCCCCCCCCHCCCCCCCHCCCCCHECCHHC	0
2307	8.729	7.935	16.313	33	535	12.1	6.1	CCCCCCCHCCEHCCCCCCCCHCCCCCCCCCEHC	1
2308	7.134	8.177	5.109	33	535	18.2	6.1	CCCECCCHCCHCCCCCCCCCHCCCCHCECCHHC	0
2309	8.866	7.832	16.544	33	535	15.2	21.2	CCCCCCCHECEHECHECECCHECCCCCCCCEHC	1
2310	7.120	8.108	5.035	33	535	21.2	9.1	CEEECCCCCCHCHCHCCCCCHCCHCHCCCCHCC	0
2311	8.934	7.887	16.801	33	535	12.1	9.1	CCCCCCCCECCHCCHECCCCHCCCCCCCCCEHC	1
2312	7.066	8.193	5.937	33	535	6.1	9.1	CEECCCCCCCHCCCCCCCCCHCCCCCCECCCCC	0
2313	8.866	7.938	16.678	33	535	15.2	6.1	CCCCCCCHECEHCCHCCCCCHCCCCCCCCCCHC	1
2314	7.002	8.169	5.185	33	535	6.1	9.1	CCEECCCCCCHCCCCCHCCCCCCCCCCECCCCC	0
2315	8.805	7.850	16.552	33	535	15.2	9.1	CCCCCCCHCCEHCCHCCECCHECCCCCCCCCHC	1
2316	6.947	8.140	5.077	33	535	15.2	3.0	CCCCCCCCCCHCCCCCHCCCHCCCCCHECCHCC	0
2317	8.704	7.852	16.559	33	535	15.2	12.1	CCCCCCCHECCHCCHCCCCCHECCCCCECCEHC	1
2318	8.752	7.881	16.174	33	535	15.2	6.1	CCCCCCCHCCCHCCHCCECCHCCCCCCCCCEHC	1
2319	6.976	8.105	5.226	33	535	12.1	6.1	CCECCCCCCCHCCCCCHCCCHCCCCCCECCHCC	0
2320	7.031	8.093	4.448	33	535	12.1	3.0	CCCECCCCCCHCCCCHCCCCHCCCCCCCCCHCC	0
2321	9.006	7.856	15.652	33	535	15.2	9.1	CCCCCCCHCCCHECHCCECCHECCCCCCCCCHC	1
2322	6.956	8.188	5.024	33	535	9.1	12.1	CEEECCCCCCHCCCCCCCCCHCCCCCCECCHCC	0
2323	6.739	8.170	5.076	33	535	9.1	12.1	CEEECCCCCCHCCCCCCCCCHCCCCCCECCHCC	0
2324	6.978	8.122	4.889	33	535	9.1	6.1	CCEECCCCCCCCCCCCCCCCHCCCCCCCCCHHC	0
2325	6.970	8.120	4.840	33	535	6.1	3.0	CCCECCCCCCCCCCCCCCCCHCCCCCCCCCHCC	0
2326	6.921	8.184	5.292	33	535	9.1	3.0	CCCECCCCCCHCCCCCCCCCHCCCCCCCCCHCC	0
2327	7.022	8.215	5.580	33	535	6.1	3.0	CCCECCCCCCHCCCCCCCCCHCCCCCCCCCCCC	0
2328	8.780	7.885	16.064	33	535	15.2	6.1	CCCCCCCHCCEHCCHCCCCCHCCCCCCCCCEHC	1
2329	8.799	7.824	16.396	33	535	15.2	15.2	CCCCCCCHECEHECHCCCCCHECCCCCCCCEHC	1
2330	6.726	7.696	16.033	33	535	21.2	6.1	CHCCHCCHCCECCCCCCCHCHCCCCHCECCCHC	2
2331	6.722	8.278	5.337	33	535	9.1	9.1	CECECCCCCCHCCCCCCCCCHCCCCCCECCHCC	0
2332	6.978	8.076	5.770	33	535	15.2	6.1	CEECCCCCCCHCCCHHCCCCHCCCCCCCCCHCC	0
2333	7.113	8.205	4.795	33	535	12.1	6.1	CECECCCCCCCCCCHCCCCCHCCCCCHCCCHCC	0
2334	7.193	8.197	4.991	33	535	3.0	9.1	CEEECCCCCCHCCCCCCCCCCCCCCCCCCCCCC	0
2335	7.026	8.127	5.427	33	535	9.1	6.1	CCECCCCCCCHCCCCCCCCCHCCCCHCECCCCC	0
2336	8.720	7.899	15.753	33	535	12.1	9.1	CCCCCCCHCCEHCCCCCCCCHECCCCCCCCEHC	1
2337	6.861	7.742	16.644	33	535	18.2	3.0	CHCCCCCHCCCCCCCCCCHCHCCCCCCCCEHHC	2
2338	8.828	7.842	16.294	33	535	15.2	6.1	CCCCCCCHCCEHECHCCCCCHCCCCCCCCCCHC	1
2339	8.669	7.781	15.020	33	535	12.1	9.1	CCCCCCCHECEHCCCCCCCCHECCCCCCCCCHC	1
2340	8.748	7.855	16.015	33	535	15.2	6.1	CCCCCCCHCCCHCCHCCECCHCCCCCCCCCEHC	1
2341	8.717	7.877	17.012	33	535	15.2	18.2	CCCCCCCHCCEHECHECECCHECCCCCCCCEHC	1
2342	7.052	8.140	4.722	33	535	9.1	3.0	CCECCCCCCCCCCCHCCCCCHCCCCCCCCCHCC	0
2343	8.848	7.903	16.433	33	535	15.2	9.1	CCCCCCCHCCCHECHECCCCHCCCCCCECCCHC	1
2344	8.760	7.917	15.696	33	535	15.2	9.1	CCCCCCCHCCEHCCHCCCCCHECCCCCCCCEHC	1
2345	6.784	7.797	16.719	33	535	18.2	3.0	CHCCCCCHCCCCCCCCCCHCHCCCCCCCCEHHC	2
2346	7.077	8.239	5.355	33	535	12.1	6.1	CCEECCCCCCHCCCCCCCCCHCCHCCCCCCHCC	0
2347	7.004	8.258	4.928	33	535	9.1	6.1	CEECCCCCCCHCCCCCCCCCHCCCCCCCCCHCC	0
2348	6.646	7.656	16.019	33	535	12.1	0.0	CCCCHHHHCCCCCCCCCCCCCCCCCCCCCCCCC	2
2349	8.763	7.947	16.339	33	535	12.1	15.2	CECCCCCHCCEHCCCCCECCHECCCCCCCCEHC	1
2350	7.010	8.153	5.287	33	535	12.1	3.0	CCCECCCCCCHCHCCCCCCCHCCCCCCCCCHCC	0
2351	7.045	8.102	4.982	33	535	12.1	3.0	CECCCCCCCCHCCCCCCCCCHCCHCCHCCCCCC	0
2352	7.156	8.095	4.864	33	535	12.1	3.0	CCECCCCCCCHCCCCCCCCCHCCCCCHCCCCHC	0
2353	7.050	8.047	4.655	33	535	9.1	12.1	CECECCCCCCHCCECCCCCCHCCCCCCECCHCC	0
2354	6.988	7.991	5.550	33	535	12.1	6.1	CCECCCCCCCHCHCCHCCCCHCCCCCCECCCCC	0
2355	7.030	8.304	7.512	33	535	9.1	6.1	CECCCCCCCCHCCCHCCCCCHCCCCCCECCCCC	0
2356	7.140	8.071	5.930	33	535	6.1	3.0	CCECCCCCCCHCCCCCCCCCHCCCCCCCCCCCC	0
2357	8.748	7.947	16.986	33	535	15.2	6.1	CCCCCCCHCCEHECHCCCCCHCCCCCCCCCCHC	1
2358	8.676	7.929	16.147	33	535	15.2	9.1	CCCCCCCHCCEHCCHCCCCCHECCCCCECCCHC	1
2359	6.794	8.158	5.439	33	535	12.1	6.1	CCECCCCCCCCCHCCCCCCCHCCCCHCECCHCC	0
2360	8.718	7.931	16.377	33	535	15.2	9.1	CCCCCCCHCCCHECHCCECCHECCCCCCCCCHC	1
2361	6.884	7.796	17.387	33	535	15.2	0.0	CHCCCCCHCCCCCCCCCCHCHCCCCCCCCCHCC	2
2362	8.870	7.959	16.896	33	535	12.1	9.1	CCCCCCCHCCEHCCCCCECCHECCCCCCCCCHC	1
2363	6.611	7.734	16.584	33	535	12.1	3.0	CHCCCCCHCCCCCCCCCCCCHCCCCCCECCHCC	2
2364	8.853	7.992	16.923	33	535	9.1	12.1	CCCCCCCCECEHECHCCCCCHECCCCCCCCCCC	1
2365	8.700	7.874	15.882	33	535	15.2	12.1	CCCCCCCHCCEHECHCCCCCHECCCCCCCCEHC	1
2366	6.920	8.281	7.317	33	535	12.1	9.1	CECECCCCCCHCCCCHCCCCHCCCCHCECCCCC	0
2367	8.904	7.795	15.674	33	535	15.2	18.2	CCCCCCCHECEHCCHECCCCHECCCCCECCEHC	1
2368	8.957	7.859	15.656	33	535	15.2	9.1	CCCCCCCHCCEHCCHCCCCCHECCCCCCCCEHC	1
2369	8.833	7.982	17.025	33	535	12.1	6.1	CECCCCCHCCEHCCCCCCCCHCCCCCCCCCCHC	1
2370	7.088	8.046	5.527	33	535	9.1	6.1	CEECCCCCCCHCHCCCCCCCCCCCCCCCCCCHC	0
2371	8.822	7.913	15.785	33	535	15.2	9.1	CCCCCCCHCCEHCCHCCECCHCCCCCCCCCEHC	1
2372	8.903	7.867	16.637	33	535	9.1	9.1	CCCCCCCHCCCHCCCCCECCHECCCCCCCCECC	1
2373	8.820	7.902	16.336	33	535	15.2	3.0	CCCCCCCHCCEHCCHCCCCCHCCCCCCCCCCHC	1
2374	6.852	8.082	7.043	33	535	12.1	9.1	CECECCCCCCHCCCHCCCCCHCCCCHCECCCCC	0
2375	6.885	8.167	8.248	33	535	12.1	6.1	CECCCCCCCCHCCCHCCCCCHCCHCCCECCCCC	0
2376	8.802	7.860	16.288	33	535	15.2	6.1	CCCCCCCHCCCHCCHCCCCCHECCCCCECCCHC	1
2377	9.033	7.909	15.883	33	535	15.2	9.1	CCCCCCCHCCCHCCHCCCCCHECCCCCECCEHC	1
2378	6.944	8.198	8.552	33	535	6.1	9.1	CECECCCCCCCCCCHCCCCCHCCCCCCECCCCC	0
2379	6.767	8.222	8.845	33	535	12.1	3.0	CCECCCCCCCCCCCHCCCCCHCCHCCCCCCHCC	0
2380	8.957	7.890	16.113	33	535	15.2	12.1	CCCCCCCHECEHCCHCCCCCHECCCCCCCCEHC	1
2381	8.988	7.820	15.984	33	535	9.1	6.1	CCCCCCCHECCCECCCCCCCHCCCCCCCCCCHC	1
2382	6.913	8.015	8.349	33	535	15.2	9.1	CECECCCCCCHCCCHCHCCCHCCCCHCECCCCC	0
2383	6.859	8.158	7.887	33	535	12.1	6.1	CEECCCCCCCHCCCHCCCCCHCCCCHCCCCCCC	0
2384	6.930	8.168	7.331	33	535	9.1	3.0	CCCECCCCCCHCCCHCCCCCCCCCCHCCCCCCC	0
2385	8.995	7.947	15.835	33	535	15.2	0.0	CCCCCCCHCCCHCCHCCCCCHCCCCCCCCCCHC	1
2386	8.832	7.855	15.875	33	535	15.2	9.1	CCCCCCCHCCCHCCHCCCECHECCCCCCCCEHC	1
2387	8.949	7.895	15.685	33	535	12.1	12.1	CCCCCCCCCCCHECHECCCCHECCCCCCCCEHC	1
2388	7.202	7.989	9.218	33	535	9.1	6.1	CCECCCCCCCHCHCCCCCCCHCCCCCCECCCCC	0
2389	7.072	8.111	9.433	33	535	12.1	12.1	CEEECCCCCCHCHCCCCCCCHCCHCCCECCCCC	0
2390	8.856	7.821	15.907	33	535	15.2	12.1	CCCCCCCHCCEHECHCCCCCHECCCCCCCCEHC	1
2391	9.044	7.788	15.054	33	535	15.2	9.1	CCCCCCCHCCCHECHCCCCCHECCCCCCCCEHC	1
2392	9.024	7.805	15.362	33	535	12.1	9.1	CCCCCCCHCCCHECHECCCCHCCCCCCCCCECC	1
2393	8.923	7.868	15.871	33	535	15.2	9.1	CCCCCCCHCCEHCCHCCCCCHECCCCCCCCEHC	1
2394	8.974	7.949	15.965	33	535	12.1	6.1	CCCCCCCHCCECCCHCCCCCHECCCCCCCCCHC	1
2395	6.741	8.176	7.948	33	535	15.2	0.0	CCCCCCCCCCHCHCCCCCCCHCCHCHCCCCCCC	0
2396	6.790	8.337	9.482	33	535	9.1	12.1	CEEECCCCCCHCHCCCCCCCHCCCCCCECCCCC	0
2397	6.727	8.198	8.229	33	535	9.1	3.0	CCCECCCCCCHCCCCCCCCCHCCCCCCCCCCHC	0
2398	9.214	7.761	16.859	33	535	9.1	12.1	CECCCCCHECCCCCHCCCCCHCCCCCCECCECC	1
2399	9.230	7.807	16.238	33	535	9.1	9.1	CECCCCCHECCCCCHCCCCCHCCCCCCECCCCC	1
2400	6.616	7.666	16.390	33	535	18.2	3.0	CHCCCCCHCCCCCCCCCCHCHCCCCCCCCEHHC	2
2401	9.276	7.800	16.674	33	535	9.1	3.0	CCCCCCCHCCCCCCHCCCCCHCCCCCCCCCECC	1
2402	6.958	8.210	8.252	33	535	12.1	6.1	CEECCCCCCCHCHCHCCCCCHCCCCCCCCCCCC	0
2403	6.715	8.373	9.747	33	535	12.1	9.1	CCEECCCCCCHCCCHCHCCCHCCCCCCECCCCC	0
2404	9.260	7.725	16.030	33	535	9.1	6.1	CCCCCCCHECCCCCHCCCCCHECCCCCCCCCCC	1
2405	6.680	8.305	9.403	33	535	3.0	6.1	CCCECCCCCCCCCCCCCCCCHCCCCCCECCCCC	0
2406	7.019	8.270	7.822	33	535	12.1	9.1	CCEECCCCCCHCHCHCCCCCHCCCCCCECCCCC	0
2407	9.382	7.757	17.033	33	535	9.1	3.0	CCCCCCCHCCCCCCHCCCCCHCCCCCCCCCECC	1
2408	9.280	7.802	17.175	33	535	9.1	9.1	CCCCCCCHECCCCCHCCCCCHECCCCCECCCCC	1
2409	9.185	7.763	17.355	33	535	9.1	12.1	CECCCCCHCCCCCCHCCCCCHECCCCCECCECC	1
2410	9.182	7.792	16.112	33	535	12.1	9.1	CCCCCCCHCCCCCCHCCCCCHECCCCCECCEHC	1
2411	9.292	7.822	16.764	33	535	9.1	9.1	CECCCCCHCCCCECHCCCCCHCCCCCCCCCECC	1
2412	9.340	7.708	16.425	33	535	9.1	12.1	CCCCCCCHECCCCCHCCCCCHECCCCCECCECC	1
2413	9.339	7.797	16.890	33	535	12.1	6.1	CCCCCCCHCCCCECHCCCCCHCCCCCCCCCEHC	1
2414	7.015	8.155	8.181	33	535	9.1	3.0	CCCCCCECCCHCHCCCCCCCHCCCCCCCCCCCC	0
2415	9.277	7.777	16.848	33	535	9.1	0.0	CCCCCCCHCCCCCCHCCCCCHCCCCCCCCCCCC	1
2416	9.308	7.740	16.685	33	535	9.1	6.1	CECCCCCHCCCCCCHCCCCCHECCCCCCCCCCC	1
2417	6.979	8.152	7.564	33	535	6.1	6.1	CECECCCCCCHCCCCCCCCCHCCCCCCCCCCCC	0
2418	9.186	7.748	16.036	33	535	9.1	3.0	CCCCCCCHCCCCCCHCCCCCHCCCCCCECCCCC	1
2419	7.071	8.174	7.021	33	535	6.1	3.0	CCCECCCCCCHCCCCCCCCCHCCCCCCCCCCCC	0
2420	9.205	7.938	17.370	33	535	6.1	12.1	CECCCCCCCCECCCHCCCCCHECCCCCCCCECC	1
2421	9.107	7.836	17.042	33	535	12.1	9.1	CCCCCCCHCCEHECHCCCECHCCCCCCCCCCCC	1
2422	7.124	8.043	8.365	33	535	6.1	3.0	CECCCCCCCCHCCCCCCCCCHCCCCCCCCCCCC	0
2423	6.962	8.128	9.712	33	535	6.1	9.1	CECCCCCCCCHCCECCCCCCHCCCCCCECCCCC	0
2424	8.999	7.870	16.996	33	535	15.2	3.0	CCCCCCCHCCHCCCHCCCCCHCCCCCCCCCEHC	1
2425	9.066	7.861	16.426	33	535	12.1	12.1	CCCCCCCHCCCCCCHCCCECHECCCCCECCEHC	1
2426	6.781	8.222	8.117	33	535	6.1	6.1	CCCECCCCCCCCHCCCCCCCHCCCCCCECCCCC	0
2427	9.074	7.878	16.925	33	535	12.1	6.1	CCCCCCCHCCCHECHCCCCCHCCCCCCCCCECC	1
2428	6.624	7.671	16.015	33	535	15.2	0.0	CHCCCCCHCCCCCCCCCCHCHCCCCCCCCCCHC	2
2429	7.413	8.147	7.830	33	535	9.1	6.1	CEECCCCCCCHCHCCCCCCCHCCCCCCCCCCCC	0
2430	7.343	8.006	8.373	33	535	6.1	9.1	CEECCCCCCCHCCCCCCCCCHCCCCCCECCCCC	0
2431	9.111	7.900	17.229	33	535	12.1	15.2	CCCCCCCHCCEHECHECCCCHECCCCCCCCECC	1
2432	7.151	8.089	8.053	33	535	9.1	6.1	CECCCCCCCCHCHCCCCCCCHCCCCCCECCCCC	0
2433	9.138	7.872	16.394	33	535	9.1	12.1	CCCCCCCCECCHCCHCCCCCHECCCCCECCECC	1
2434	8.957	7.818	16.752	33	535	12.1	3.0	CCCCCCCHCCCHCCHCCCCCHECCCCCCCCCCC	1
2435	9.017	7.960	17.004	33	535	12.1	6.1	CCCCCCCHCCEHCCHCCCECHCCCCCCCCCCCC	1
2436	6.650	7.679	16.606	33	535	18.2	9.1	CHCCCCCHCCECCCCCCCHCHCCCCHCECECHC	2
2437	6.850	7.720	16.583	33	535	21.2	6.1	CHCCCCCHCCCCCCCCCCHCHCCCCHCECEHHC	2
2438	6.937	8.232	8.965	33	535	6.1	6.1	CEECCCCCCCCCHCCCCCCCHCCCCCCCCCCCC	0
2439	6.890	8.188	8.233	33	535	9.1	3.0	CCCECCCCCCHCCCHCCCCCHCCCCCCCCCCCC	0
2440	6.783	7.744	16.526	33	535	18.2	3.0	CHCCCCCHCCCCCCCCCCCCHCCCCHCCCEHHC	2
2441	7.305	8.252	10.485	33	535	12.1	3.0	CECCCCCCCCHCCCHCHCCCHCCCCCCCCCCCC	0
2442	8.936	7.873	17.227	33	535	15.2	9.1	CCCCCCCHCCCHECHCCCCCHECCCCCCCCEHC	1
2443	8.868	7.860	16.505	33	535	15.2	6.1	CCCCCCCHECEHCCHCCCCCHCCCCCCCCCCHC	1
2444	7.075	8.344	8.732	33	535	6.1	6.1	CCEECCCCCCHCCCCCCCCCHCCCCCCCCCCCC	0
2445	7.031	8.221	6.968	33	535	9.1	3.0	CCECCCCCCCHCCCHCCCCCCCCCCCHCCCCCC	0
2446	8.971	7.921	16.674	33	535	15.2	12.1	CCCCCCCHCCEHCCHECCCCHECCCCCCCCEHC	1
2447	7.078	8.242	7.966	33	535	18.2	6.1	CECECCCCCCHCHCCCHCCCHCCCCHCCCCHCC	0
2448	7.171	8.162	7.473	33	535	18.2	6.1	CCECCCCCCCHCHCHCCCCCHCCHCCCECCHCC	0
2449	7.295	8.215	8.394	33	535	9.1	3.0	CCCCCCCCCCHCCCCCCCCCHCCHCCCECCCCC	0
2450	7.145	8.144	7.695	33	535	12.1	6.1	CECECCCCCCHCCCCCCCCCHCCCCCHCCCCHC	0
2451	9.087	7.873	17.036	33	535	15.2	6.1	CCCCCCCHCCEHCCHCCCCCHCCCCCCCCCEHC	1
2452	7.117	8.209	8.137	33	535	9.1	3.0	CCCECCCCCCHCCCCCCCCCHCCCCCHCCCCCC	0
2453	7.138	8.093	8.708	33	535	12.1	3.0	CECCCCCCCCHCCCHCHCCCHCCCCCCCCCCCC	0
2454	7.230	8.216	7.500	33	535	6.1	3.0	CCECCCCCCCHCCCCCCCCCCCCHCCCCCCCCC	0
2455	6.753	7.680	16.790	33	535	18.2	6.1	CHCCCCCHECCCCCCCCCCCHCCHCCCCCEHHC	2
2456	7.061	8.135	8.236	33	535	6.1	15.2	CEEECCECCCHCCCCCCCCCCCCCCCCECCHCC	0
2457	6.688	7.763	17.363	33	535	21.2	6.1	CHCCCCCHCCECCCCCCCHCHCCCCHCCCEHHC	2
2458	7.014	8.009	8.949	33	535	9.1	0.0	CCCCCCCCCCHCCCCCCCCCHCCCCCHCCCCCC	0
2459	7.093	8.032	7.058	33	535	12.1	12.1	CECECCECCCHCCCCCCCCCHCCHCCHECCCCC	0
2460	7.144	8.098	7.994	33	535	6.1	12.1	CCEECCECCCCCHCCCCCCCHCCCCCCECCCCC	0
2461	7.112	8.115	6.644	33	535	3.0	9.1	CEECCCECCCCCCCCCCCCCCCCCCCHCCCCCC	0
2462	7.107	8.205	8.043	33	535	12.1	6.1	CECECCCCCCCCCCHHCCCCHCCCCCCCCCHCC	0
2463	6.984	8.087	9.383	33	535	12.1	9.1	CCEECCCCCCHCHCCCCCCCHCCCCCCECCHCC	0
2464	9.107	7.723	15.942	33	535	15.2	3.0	CCCCCCCHCCCHCCHCCCCCHCCCCCCCCCEHC	1
2465	9.339	7.708	16.985	33	535	9.1	3.0	CCCCCCCHCCCCCCHCCCCCHCCCCCCCCCECC	1
2466	7.254	8.098	9.881	33	535	15.2	6.1	CECCCCCCCCHCHCCCCCCCHCCHCHCECCCCC	0
2467	7.292	8.065	8.028	33	535	12.1	9.1	CEEECCCCCCCCCCCCHCCCCCCHCHCCCCHCC	0
2468	7.080	8.099	8.122	33	535	15.2	3.0	CCECCCCCCCHCHCHCCCCCHCCCCHCCCCCCC	0
2469	7.147	8.223	8.789	33	535	6.1	9.1	CEECCCCCCCHCCCCCCCCCHCCCCCCECCCCC	0
2470	7.279	8.202	9.253	33	535	9.1	9.1	CECECCCCCCHCCCCCHCCCHCCCCCCECCCCC	0
2471	9.255	7.820	16.675	33	535	12.1	15.2	CECCCCCHECEHCCHCCCCCHECCCCCCCCECC	1
2472	7.194	8.243	6.087	33	535	9.1	3.0	CCECCCCCCCHCCCCCCCCCHCCCCCCCCCHCC	0
2473	7.257	8.122	6.799	33	535	12.1	3.0	CCCECCCCCCHCCCCCCCCCCCCHCCHCCCHCC	0
2474	7.240	8.192	5.557	33	535	9.1	3.0	CCECCCCCCCHCCCCCCCCCHCCCCCCCCCHCC	0
2475	6.763	7.700	15.573	33	535	15.2	6.1	CHCCCCCHCCECCCCCCCCCHCCCCCCCCEHHC	2
2476	7.312	8.104	5.843	33	535	12.1	6.1	CECECCCCCCHCCCCCCCCCHCCCCCHCCCHCC	0
2477	9.159	7.806	16.557	33	535	15.2	3.0	CECCCCCHCCCHCCHCCCCCHCCCCCCCCCCHC	1
2478	9.349	7.887	16.291	33	535	12.1	0.0	CCCCCCCHCCCHCCHCCCCCHCCCCCCCCCCCC	1
2479	7.239	8.165	5.595	33	535	9.1	6.1	CCCECCCCCCHCCCCCCCCCHCCCCCCECCHCC	0
2480	7.085	8.197	5.473	33	535	12.1	3.0	CCECCCCCCCHCCCCCCCCCHCCCCCHCCCCHC	0
2481	7.151	8.177	8.647	33	535	9.1	9.1	CEECCCCCCCCCCCHCCCCCHCCCCCCECCHCC	0
2482	6.930	8.093	7.553	33	535	12.1	3.0	CCECCCCCCCHCHCCCCCCCHCCCCCCCCCHCC	0
2483	6.938	8.064	6.969	33	535	15.2	6.1	CEECCCCCCCHCCCCCCCCCHCCHCCHCCCHCC	0
2484	6.877	8.150	6.503	33	535	15.2	6.1	CCECCCCCCCHCCCCCCCCCHCCHCHCECCHCC	0
2485	6.873	8.129	8.182	33	535	9.1	9.1	CEEECCCCCCHCHCCCHCCCCCCCCCCCCCCCC	0
2486	7.058	8.194	8.046	33	535	9.1	9.1	CEEECCCCCCCCHCCCCCCCHCCCCCCCCCHCC	0
2487	6.986	8.275	6.752	33	535	12.1	6.1	CEECCCCCCCCCCCHCCCCCHCCCCCCCCCHHC	0
2488	6.911	8.194	7.351	33	535	15.2	6.1	CCCECCCCCCHCHCCHCCCCHCCCCHCECCCCC	0
2489	6.972	8.054	5.208	33	535	12.1	6.1	CECECCCCCCCCCCCCCCCCHCCHCCCCCCHHC	0
2490	9.367	7.798	16.799	33	535	9.1	12.1	CECCCCCCCCECCCHECCCCHCCCCCCCCCEHC	1
2491	7.158	8.286	5.095	33	535	15.2	9.1	CEECCCCCCCHCCCHCCCCCHCCHCCCECCCHC	0
2492	7.071	8.222	5.383	33	535	15.2	6.1	CECECCCCCCHCCCCCCCCCHCCHCHCCCCHCC	0
2493	6.743	7.709	16.051	33	535	21.2	6.1	CHCCCCCHCCECCCCCCCHCHCCHCCCCCEHHC	2
2494	9.152	7.720	15.822	33	535	15.2	3.0	CCCCCCCHCCEHCCHCCCCCHCCCCCCCCCCHC	1
2495	6.883	7.693	16.960	33	535	12.1	3.0	CCCCCCCHCCCCCCCCCCHCHCCCCCCCCECHC	2
2496	9.016	7.824	15.826	33	535	15.2	9.1	CCCCCCCHCCEHCCHECCCCHCCCCCCCCCEHC	1
2497	9.074	7.754	16.052	33	535	12.1	3.0	CCCCCCCHCCCHCCCCCCCCHECCCCCCCCCHC	1
2498	9.247	7.741	16.274	33	535	15.2	6.1	CCCCCCCHECEHCCHCCCCCHCCCCCCCCCCHC	1
2499	9.250	7.889	16.499	33	535	12.1	9.1	CCCCCCCHCCEHECHCCCCCHCCCCCCCCCECC	1
2500	6.877	7.565	16.511	33	535	12.1	3.0	CCCCCCCCCCECCCCCCCHCHCCCCCCCCCHHC	2
2501	7.183	8.158	5.413	33	535	9.1	3.0	CCCECCCCCCCCCCCCCCCCHCCCCHCCCCCHC	0
2502	7.265	8.234	7.057	33	535	9.1	9.1	CEECCCCCCCHCCCCCCCCCHCCHCCCECCCCC	0
2503	7.213	8.208	7.806	33	535	12.1	6.1	CCEECCCCCCHCCCHCCCCCHCCCCCCCCCHCC	0
2504	6.848	7.761	16.487	33	535	15.2	6.1	CHCCCCCHCCCCCCCCCCHCHCCCCCCECEHCC	2
2505	7.266	8.261	6.060	33	535	9.1	6.1	CECECCCCCCHCCCCCCCCCHCCCCCCCCCCHC	0
2506	9.200	7.772	15.948	33	535	9.1	9.1	CCCCCCCCECEHCCHCCCCCHCCCCCCCCCECC	1
2507	9.112	7.770	15.759	33	535	15.2	0.0	CCCCCCCHCCCHCCHCCCCCHCCCCCCCCCCHC	1
2508	7.280	8.297	5.658	33	535	15.2	9.1	CECECCCCCCHCCCHCCCCCHCCHCCCECCHCC	0
2509	7.160	8.333	6.186	33	535	15.2	6.1	CCCECCCHCCHCCCCCCCCCHCCHCCCECCHCC	0
2510	7.116	8.312	6.398	33	535	15.2	6.1	CEECCCCCCCHCCCCCCCCCHCCHCCCCCCHHC	0
2511	6.532	7.716	17.168	33	535	15.2	6.1	CHCCCCCHCCECCCCCCCHCCCCCCCCCCEHHC	2
2512	9.233	7.785	15.127	33	535	12.1	6.1	CCCCCCCHECCCCCHCCCCCHCCCCCCCCCEHC	1
2513	6.806	7.648	16.446	33	535	24.2	3.0	CHCCHCCHCCCCCHCCCCHCHCCHCCCCCECHC	2
2514	6.752	8.221	6.860	33	535	15.2	9.1	CEECCCCCCCHCCCHCCCCCHCCHCCCECCHCC	0
2515	9.272	7.787	15.572	33	535	9.1	9.1	CCCCCCCCCCEHCCHCCCECHCCCCCCCCCECC	1
2516	6.834	8.173	5.566	33	535	6.1	9.1	CEECCCCCCCHCCCCCCCCCHCCCCCCECCCCC	0
2517	9.304	7.767	16.471	33	535	15.2	9.1	CCCCCCCHCCEHECHCCCCCHCCCCCCCCCEHC	1
2518	6.911	8.167	6.973	33	535	15.2	3.0	CECCCCCCCCCCCCHCCCCCHCCCCHCCCCHHC	0
2519	6.913	8.313	5.854	33	535	12.1	9.1	CECECCCCCCCCCCHCCCCCHCCCCHCECCHCC	0
2520	6.890	8.242	6.656	33	535	15.2	9.1	CEEECCCCCCHCCCHCCCCCCCCHCHCCCCHCC	0
2521	6.828	8.289	6.606	33	535	18.2	6.1	CECECCCCCCHCCCHCCCCCHCCHCHCCCCHCC	0
2522	6.838	7.625	15.866	33	535	12.1	3.0	CCCCCCCCCCCCCCCCCCHCHCCHCCCCCECHC	2
2523	6.884	8.386	5.586	33	535	21.2	3.0	CCECCCCCCCHCHCHHCCCCHCCCCCCCCCHHC	0
2524	6.919	8.222	5.798	33	535	15.2	12.1	CEEECCCCCCHCCECCCCCCHCCCCHCCCCHHC	0
2525	6.907	8.134	5.802	33	535	12.1	6.1	CCECCCCCCCHCCCCCCCCCHCCCCCCECCHHC	0
2526	9.297	7.756	16.150	33	535	12.1	3.0	CCCCCCCHECCCCCHCCCCCHCCCCCCCCCCHC	1
2527	6.847	8.165	5.833	33	535	18.2	6.1	CCCECCCCCCHCCCHCCCCCHCCHCHCECCCHC	0
2528	6.853	8.231	5.253	33	535	18.2	6.1	CEECCCCCCCHCHCCCCCCCHCCCCHCCCCHHC	0
2529	6.762	8.168	5.514	33	535	12.1	6.1	CCEECCCCCCCCHCCCCCCCHCCCCCCCCCHHC	0
2530	7.097	8.203	5.962	33	535	21.2	9.1	CEEECCCCCCHCCCCCHCCCHCCHCHCCCCHHC	0
2531	9.304	7.883	16.383	33	535	12.1	6.1	CCCCCCCHCCEHCCHCCCCCHCCCCCCCCCECC	1
2532	6.997	8.206	5.309	33	535	12.1	9.1	CEECCCCCCCHCCCCCCCCCHCCCCHCECCHCC	0
2533	7.121	8.143	5.703	33	535	12.1	3.0	CCCECCCCCCHCCCCCCCCCHCCCCHCCCCCHC	0
2534	7.161	8.208	5.710	33	535	15.2	6.1	CCEECCCCCCHCCCHCCCCCHCCCCHCCCCHCC	0
2535	6.842	7.576	16.302	33	535	18.2	3.0	CHCCCCCHCCCCCCCCCCHCHCCHCCCCCECHC	2
2536	7.139	8.241	6.168	33	535	6.1	12.1	CEEECCCCCCCCCCCCCCCCHCCCCCCECCHCC	0
2537	6.989	8.288	5.644	33	535	9.1	6.1	CCEECCCCCCHCCCCCCCCCCCCCCHCCCCHCC	0
2538	7.021	8.209	6.158	33	535	9.1	6.1	CCECCCCCCCHCCECCHCCCHCCCCCCCCCCCC	0
2539	6.906	8.147	7.429	33	535	15.2	12.1	CEEECCCCCCHCCCHCHCCCHCCCCHCECCCCC	0
2540	6.992	8.301	6.114	33	535	12.1	9.1	CEEECCCCCCCCCCHCCCCCHCCCCCHCCCHCC	0
2541	7.024	8.270	5.995	33	535	12.1	12.1	CEEECCCCCCHCCCCCCCCCHCCCCCHECCHCC	0
2542	6.897	8.201	6.060	33	535	9.1	6.1	CCEECCCCCCHCCCCCCCCCHCCCCHCCCCCCC	0
2543	7.018	8.216	5.694	33	535	9.1	9.1	CECECCCCCCCCCCCCCCCCHCCHCHCECCCCC	0
2544	6.929	8.293	5.674	33	535	12.1	9.1	CCEECCCCCCHCCCHCCCCCHCCCCCCECCHCC	0
2545	6.979	8.237	6.485	33	535	6.1	6.1	CEECCCCCCCHCCCCCCCCCCCCCCHCCCCCCC	0
2546	6.997	8.243	5.528	33	535	18.2	6.1	CEECCCCCCCHCCCHCHCCCHCCHCCCCCCHCC	0
2547	6.780	7.846	16.226	33	535	21.2	6.1	CHCCCCCHCCCCCCCCCCHCHCCCCHCECEHHC	2
2548	6.896	8.165	7.190	33	535	12.1	6.1	CCECCCCCCCHCCCHCCCCCHCCCCHCECCCCC	0
2549	6.944	8.269	7.193	33	535	9.1	6.1	CCEECCCCCCHCCCCCCCCCHCCCCHCCCCCCC	0
2550	7.065	8.195	5.685	33	535	18.2	6.1	CEECCCCCCCHCCCHCCCCCHCCHCCHCCCHCC	0
2551	9.094	7.738	14.891	33	535	12.1	6.1	CCCCCCCHECEHCCHCCCCCHCCCCCCCCCCCC	1
2552	7.118	8.229	7.456	33	535	12.1	9.1	CEEECCCCCCHCCCHCCCCCHCCHCCCCCCCCC	0
2553	7.264	8.040	7.730	33	535	15.2	6.1	CEECCCCCCCHCCCCCHCCCHCCHCCHCCCCCC	0
2554	7.242	8.058	7.503	33	535	3.0	6.1	CEECCCCCCCCCCCCCCCCCHCCCCCCCCCCCC	0
2555	7.304	8.171	9.308	33	535	12.1	6.1	CEECCCCCCCHCCCHCCCCCHCCCCCHCCCCCC	0
2556	7.232	8.194	8.029	33	535	6.1	6.1	CECECCCCCCHCCCCCCCCCHCCCCCCCCCCCC	0
2557	7.288	8.146	8.421	33	535	12.1	6.1	CECCCCCCCCHCCCCCCCCCHCCHCCHECCCCC	0
2558	7.062	8.096	8.728	33	535	12.1	9.1	CEEECCCCCCHCCCHCCCCCHCCCCCHCCCCCC	0
2559	7.003	8.284	7.983	33	535	12.1	6.1	CCCECCCCCCHCCCCCCCCCHCCHCCHECCCCC	0
2560	6.639	7.654	15.972	33	535	21.2	3.0	CHCCCCCHCCCCCCCCCHCCHCCHCHCCCECHC	2
2561	6.721	8.218	8.298	33	535	9.1	12.1	CEECCECCCCHCCCHCCCCCCCCCCCHECCCCC	0
2562	9.081	7.860	15.920	33	535	12.1	9.1	CCCCCCCHECCCCCHECCCCHCCCCCCCCCEHC	1
2563	6.903	8.233	7.713	33	535	9.1	12.1	CECECECCCCHCCCCCCCCCHCCCCHCECCCCC	0
2564	6.787	8.169	7.329	33	535	12.1	6.1	CCCCCECCCCHCCCHCCCCCHCCCCHCECCCCC	0
2565	7.018	8.253	6.610	33	535	9.1	6.1	CECCCECCCCCCCCHCCCCCHCCCCHCCCCCCC	0
2566	7.054	8.346	6.440	33	535	15.2	6.1	CECCCCCCCCHCCCCCHCCCHCCCCHCECCCHC	0
2567	6.837	8.329	7.632	33	535	12.1	6.1	CCCECCCCCCHCHCCCCCCCHCCCCHCECCCCC	0
2568	7.041	8.232	7.990	33	535	9.1	9.1	CECCCECCCCHCCCCCCCCCCCCCCCHECCCHC	0
2569	7.044	8.245	5.664	33	535	12.1	6.1	CECCCCCCCCHCCCCCCCCCHCCCCCHECCCHC	0
2570	7.040	8.188	7.982	33	535	12.1	12.1	CEECCECCCCHCCCCCCCCCHCCCCHHECCCCC	0
2571	7.069	8.187	8.404	33	535	9.1	6.1	CCCCCECCCCHCCCCCCCCCHCCCCHCECCCCC	0
2572	7.103	8.207	7.535	33	535	6.1	9.1	CECECCCCCCCCCCHCCCCCHCCCCCCECCCCC	0
2573	9.271	7.757	15.495	33	535	15.2	6.1	CCCCCCCHCCEHCCHCCCCCHECCCCCCCCCHC	1
2574	9.046	7.758	15.196	33	535	15.2	0.0	CCCCCCCHCCCHCCHCCCCCHCCCCCCCCCCHC	1
2575	6.977	8.224	7.644	33	535	15.2	9.1	CECECCCCCCHCHCHCHCCCHCCCCCCECCCCC	0
2576	9.177	7.807	15.392	33	535	15.2	3.0	CCCCCCCHCCCHCCHCCCCCHCCCCCCCCCEHC	1
2577	6.914	8.127	6.792	33	535	9.1	6.1	CECCCCCCCCHCCCCCCCCCCCCCCHCECCCHC	0
2578	6.994	8.261	7.600	33	535	9.1	3.0	CCCCCCCCCCHCCCCCCCCCHCCCCHCECCCCC	0
2579	9.213	7.783	15.143	33	535	15.2	6.1	CCCCCCCHECEHCCHCCCCCHCCCCCCCCCCHC	1
2580	9.272	7.760	15.665	33	535	15.2	3.0	CCCCCCCHCCCHCCHCCCCCHCCCCCCCCCEHC	1
2581	9.177	7.757	15.510	33	535	15.2	3.0	CCCCCCCHCCEHCCHCCCCCHCCCCCCCCCCHC	1
2582	9.250	7.820	15.651	33	535	15.2	0.0	CCCCCCCHCCCHCCHCCCCCHCCCCCCCCCCHC	1
2583	9.126	7.782	15.582	33	535	15.2	0.0	CCCCCCCHCCCHCCHCCCCCHCCCCCCCCCCHC	1
2584	9.269	7.820	15.080	33	535	12.1	9.1	CCCCCCCHECECCCHCCCCCHCCCCCCCCCEHC	1
2585	9.212	7.791	15.472	33	535	15.2	3.0	CCCCCCCHCCCHCCHCCCCCHCCCCCCCCCEHC	1
2586	7.041	8.221	7.166	33	535	9.1	6.1	CEECCCCCCCHCCCCCCCCCHCCCCHCCCCCCC	0
2587	7.094	8.269	8.279	33	535	9.1	9.1	CEECCCCCCCHCCCCCCCCCHCCCCCHECCCCC	0
2588	7.319	8.204	7.179	33	535	9.1	6.1	CECECCCCCCHCCCCCCCCCHCCCCCHCCCCCC	0
2589	6.665	7.769	16.527	33	535	15.2	6.1	CHCCCCCHCCECCCCCCHCCHCCCCCCCCECHC	2
2590	7.176	8.121	8.566	33	535	9.1	3.0	CCCCCCCCCCCCHCCCCCCCHCCCCHCECCCCC	0
2591	9.207	7.770	14.778	33	535	12.1	3.0	CCCCCCCHCCCHCCCCCCCCHCCCCCCCCCEHC	1
2592	6.943	8.291	7.695	33	535	6.1	9.1	CEEECCCCCCHCCCCCCCCCCCCCCCCCCCHCC	0
2593	6.749	7.668	16.380	33	535	24.2	6.1	CHCCHCCHCCCCCCCCCCHCHCCCCHCECEHHC	2
2594	6.683	7.633	15.723	33	535	18.2	6.1	CHCCCCCHCCECCCCCCCHCHCCCCHCCCECHC	2
2595	7.101	8.287	5.800	33	535	6.1	6.1	CECCCCCCCCCCCCHCCCCCCCCCCHCECCCCC	0
2596	7.123	8.178	5.910	33	535	15.2	3.0	CCCECCCCCCHCCCHCCCCCHCCCCHCCCCHCC	0
2597	7.023	8.357	6.713	33	535	9.1	9.1	CEEECCCCCCHCCCCCCCCCCCCCCHCCCCHCC	0
2598	7.088	8.154	6.043	33	535	12.1	6.1	CCCECCCCCCHCCCHCCCCCHCCCCCCECCHCC	0
2599	9.280	7.727	15.997	33	535	15.2	6.1	CCCCCCCHECEHCCHCCCCCHCCCCCCCCCCHC	1
2600	7.107	8.126	4.943	33	535	9.1	0.0	CCCCCCCCCCHCCCCCCCCCHCCCCCHCCCCCC	0
2601	7.052	8.190	5.842	33	535	12.1	6.1	CECECCCCCCCCCCCCCCCCHCCCCCHCCCHHC	0
2602	9.429	7.787	16.542	33	535	15.2	9.1	CECCCCCHCCEHCCHCCCCCHCCCCCCCCCEHC	1
2603	7.095	8.243	5.228	33	535	12.1	9.1	CECECCCCCCHCCCCCCCCCHCCCCHCECCHCC	0
2604	6.690	7.626	15.482	33	535	18.2	9.1	CHCCCCCHECCCCCCCCHCCHCCCCCCECEHHC	2
2605	6.937	8.281	7.113	33	535	9.1	12.1	CEEECCCCCCHCCCCCCCCCHCCCCCCECCHCC	0
2606	9.246	7.751	16.563	33	535	15.2	3.0	CCCCCCCHCCCHECHCCCCCHCCCCCCCCCCHC	1
2607	7.113	8.220	5.685	33	535	12.1	6.1	CEECCCCCCCHCCCHCCCCCCCCCCHCCCCHCC	0
2608	7.136	8.086	4.750	33	535	9.1	6.1	CECECCCCCCHCCCCCCCCCHCCCCHCCCCCCC	0
2609	6.941	8.175	5.306	33	535	15.2	9.1	CCEECCCCCCHCHCCCCCCCHCCCCCCECCHHC	0
2610	7.014	8.179	5.660	33	535	12.1	3.0	CCECCCCCCCHCCCCCHCCCHCCCCCHCCCCCC	0
2611	7.072	8.072	5.076	33	535	3.0	3.0	CCECCCCCCCHCCCCCCCCCCCCCCCCCCCCCC	0
2612	6.983	8.207	5.391	33	535	12.1	12.1	CEEECCCCCCHCCCHCCCCCHCCCCCCECCHCC	0
2613	6.878	8.040	6.391	33	535	9.1	6.1	CCEECCCCCCHCCCCCCCCCHCCCCCHCCCCCC	0
2614	9.315	7.791	16.725	33	535	15.2	3.0	CCCCCCCHCCCHCCHCCCCCHCCCCCCCCCEHC	1
2615	6.866	8.099	5.490	33	535	3.0	6.1	CCECCCCCCCCCCCCCCCCCHCCCCCCECCCCC	0
2616	9.368	7.796	16.955	33	535	15.2	15.2	CECCECCHCCEHCCHCCECCHCCCCCCCCCEHC	1
2617	9.216	7.735	16.697	33	535	12.1	9.1	CCCCCCCCECEHCCHCCCCCHCCCCCCCCCEHC	1
2618	7.002	7.983	6.267	33	535	9.1	3.0	CCCECCCCCCCCHCCCCCCCCCCCCCHCCCCHC	0
2619	6.967	8.230	5.233	33	535	6.1	3.0	CCECCCCCCCHCCCCCCCCCHCCCCCCCCCCCC	0
2620	6.935	8.085	5.106	33	535	9.1	3.0	CCECCCCCCCHCCCCCCCCCHCCCCCCCCCHCC	0
2621	6.901	8.071	5.343	33	535	12.1	3.0	CCECCCCCCCHCCCCCCCCCHCCCCHCCCCCHC	0
2622	9.240	7.749	16.439	33	535	15.2	9.1	CECCCCCHCCEHCCHCCCCCHCCCCCCCCCEHC	1
2623	9.305	7.896	16.681	33	535	15.2	3.0	CCCCCCCHCCCHCCHCCCCCHECCCCCCCCCHC	1
2624	6.902	8.249	8.163	33	535	9.1	9.1	CEEECCCCCCHCCCCCCCCCHCCCCCHCCCCCC	0
2625	6.963	8.171	7.515	33	535	15.2	6.1	CEECCCCCCCHCHCHCCCCCHCCCCCHCCCCCC	0
2626	9.362	7.867	16.420	33	535	12.1	3.0	CCCCCCCHCCCCECHCCCCCHCCCCCCCCCCHC	1
2627	7.014	8.097	8.173	33	535	6.1	6.1	CEECCCCCCCHCCCCCCCCCCCCCCCCCCCCHC	0
2628	6.806	8.035	4.607	33	535	6.1	9.1	CCECCCECCCCCCCCCCCCCCCCCCHCECCCHC	0
2629	6.962	8.125	6.493	33	535	12.1	9.1	CEECCCCCCCHCCCHCCCCCCCCCCCHECCCHC	0
2630	9.300	7.815	16.451	33	535	15.2	6.1	CCCCCCCHCCEHCCHCCCCCHCCCCCCCCCEHC	1
2631	6.973	8.138	4.956	33	535	6.1	9.1	CCEECCCCCCCCCCCCCCCCCCCCCHCECCCHC	0
2632	7.043	8.124	4.976	33	535	15.2	3.0	CCECCCCCCCHCHCCCHCCCHCCCCHCCCCCCC	0
2633	6.986	8.126	5.436	33	535	12.1	3.0	CCECCCCCCCHCCCCCCCCCHCCCCHCCCCHCC	0
2634	6.892	8.180	5.440	33	535	9.1	12.1	CCEECCCCCCHCCECCCCCCHCCCCCCECCCHC	0
2635	7.082	8.238	5.724	33	535	9.1	6.1	CEECCCCCCCHCCCCCCCCCHCCCCHCCCCCCC	0
2636	6.997	8.201	4.989	33	535	15.2	9.1	CECECCCCCCCCCCCCHCCCHCCCCHCECCHHC	0
2637	9.151	7.789	16.112	33	535	15.2	12.1	CECCCCCHECEHCCHCCCCCHCCCCCCCCCEHC	1
2638	6.867	8.115	6.285	33	535	9.1	6.1	CCECCCCCCCHCCCCCCCCCCCCCCHCECCHCC	0
2639	6.883	8.036	5.524	33	535	9.1	6.1	CEECCCCCCCCCCCHCCCCCHCCCCCHCCCCCC	0
2640	6.978	8.158	5.892	33	535	12.1	0.0	CCCCCCCCCCCCHCCCCCCCHCCCCCHCCCCHC	0
2641	6.900	8.090	5.317	33	535	12.1	6.1	CCECCCCCCCCCHCHCCCCCHCCCCCCECCCHC	0
2642	6.676	7.734	16.113	33	535	12.1	3.0	CHCCCCCHCCECCCCCCCCCHCCCCCCCCCCHC	2
2643	6.995	8.168	4.875	33	535	6.1	3.0	CCECCCCCCCCCHCCCCCCCHCCCCCCCCCCCC	0
2644	6.930	8.159	5.817	33	535	6.1	6.1	CCEECCCCCCHCCCCCCCCCHCCCCCCCCCCCC	0
2645	6.986	8.117	4.893	33	535	12.1	9.1	CEEECCCCCCHCHCCCCCCCHCCCCHCCCCCCC	0
2646	9.261	7.782	16.331	33	535	15.2	3.0	CCCCCCCHCCCHCCHCCCCCHCCCCCCCCCEHC	1
2647	6.941	8.060	6.846	33	535	12.1	9.1	CCEECCECCCCCHCCCCCCCHCCCCCHCCCCHC	0
2648	9.316	7.781	16.592	33	535	12.1	9.1	CCCCCCCHCCECCCHCCCCCHECCCCCCCCEHC	1
2649	6.896	8.166	5.361	33	535	9.1	15.2	CEEECCECCCCCHCCCCCCCHCCCCCHECCCCC	0
2650	6.958	8.139	5.558	33	535	12.1	9.1	CCEECCCCCCHCCCCCCCCCHCCCCHCECCCHC	0
2651	6.934	8.106	5.548	33	535	6.1	3.0	CCECCCCCCCCCHCCCCCCCHCCCCCCCCCCCC	0
2652	6.888	8.190	5.137	33	535	15.2	6.1	CCEECCCCCCHCHCCCCCCCHCCCCHCCCCHCC	0
2653	6.884	8.121	5.725	33	535	18.2	6.1	CCECCCCCCCHCHEHCHCCCHCCCCCCCCCCHC	0
2654	6.913	8.221	5.472	33	535	18.2	6.1	CCEECCCCCCHCCCHCCCCCHCCCCHCCCCHHC	0
2655	9.379	7.763	17.501	33	535	12.1	3.0	CCCCCCCHCCCCCCHCCCCCHCCCCCCCCCEHC	1
2656	6.888	8.163	4.576	33	535	15.2	9.1	CEEECCCCCCHCHCHCCCCCHCCCCCCCCCHCC	0
2657	6.922	8.115	5.534	33	535	6.1	3.0	CCECCCCCCCHCCCCCCCCCHCCCCCCCCCCCC	0
2658	6.831	8.134	5.242	33	535	9.1	6.1	CEECCCCCCCHCCCCCCCCCHCCCCCCCCCCHC	0
2659	6.810	8.103	5.366	33	535	15.2	3.0	CCECCCCCCCHCHCCCCCCCHCCCCHCCCCHCC	0
2660	9.416	7.857	17.143	33	535	12.1	6.1	CCCCCCCHECECCCHCCCCCHCCCCCCCCCCHC	1
2661	6.943	8.160	5.524	33	535	6.1	0.0	CCCCCCCCCCHCCCCCCCCCHCCCCCCCCCCCC	0
2662	6.801	8.176	7.051	33	535	12.1	9.1	CCCECCCCCCHCCECHCCCCHCCCCHCECCCCC	0
2663	9.313	7.730	16.104	33	535	12.1	9.1	CECCCCCHCCCCCCHCCCECHCCCCCCCCCEHC	1
2664	9.245	7.729	16.606	33	535	9.1	6.1	CCCCCCCCECCCCCHCCCCCHCCCCCCCCCEHC	1
2665	6.918	8.141	5.596	33	535	18.2	6.1	CCECCCECCCCCHCHHCCCCHCCCCHCCCCCHC	0
2666	6.901	8.071	4.827	33	535	6.1	3.0	CCCECCCCCCCCCCCCCCCCHCCCCCCCCCCHC	0
2667	6.965	8.083	4.657	33	535	12.1	3.0	CCECCCCCCCCCCCCCCCCCHCCHCCHCCCCHC	0
2668	6.959	8.188	5.330	33	535	15.2	12.1	CEEECCECCCHCHCCCCCCCHCCCCCHCCCHCC	0
2669	6.766	8.105	5.170	33	535	12.1	6.1	CCECCCCCCCHCCCHCCCCCHCCCCHCECCCCC	0
2670	7.012	8.210	5.309	33	535	21.2	6.1	CCECCCCCCCHCHCHCHCCCHCCHCHCECCCCC	0
2671	6.787	8.113	5.680	33	535	12.1	6.1	CEECCCCCCCHCHCCCHCCCCCCCCHCCCCCCC	0
2672	6.852	8.073	4.974	33	535	15.2	0.0	CCCCCCCCCCHCHCHCCCCCHCCCCCCCCCCHC	0
2673	6.810	8.141	5.668	33	535	9.1	6.1	CCECCCCCCCHCCCCCCCCCHCCCCHCECCCCC	0
2674	6.907	8.109	6.311	33	535	9.1	9.1	CCEECCCCCCHCCCCCCCCCHCCHCCCECCCCC	0
2675	6.997	8.196	5.478	33	535	15.2	3.0	CCCECCCCCCHCCCHCCCCCHCCCCHCCCCCHC	0
2676	6.908	8.154	5.358	33	535	9.1	6.1	CECCCCCCCCHCCCCCCCCCHCCCCHCECCCCC	0
2677	6.959	8.162	5.273	33	535	9.1	6.1	CCCCCCECCCHCCECCCCCCHCCCCCHCCCCCC	0
2678	9.317	7.816	16.502	33	535	15.2	9.1	CCCCCCCHECEHCCHCCCCCHCCCCCCCCCEHC	1
2679	6.877	8.140	5.202	33	535	15.2	9.1	CEECCCCCCCHCHCHCCCCCCCCCCHCECCHCC	0
2680	6.983	8.285	5.862	33	535	12.1	6.1	CCECCCCCCCHCCCHCCCCCHCCCCHCECCCCC	0
2681	6.918	7.665	16.435	33	535	15.2	3.0	CHCCCCCHCCCCCCCCCCCCHCCCCCCCCEHHC	2
2682	9.337	7.717	16.750	33	535	9.1	6.1	CCCCCCCHECCCCCHCCCCCCCCCCCCCCCEHC	1
2683	6.778	8.088	7.600	33	535	6.1	3.0	CCECCCCCCCHCCCCCCCCCHCCCCCCCCCCCC	0
2684	6.792	8.126	6.089	33	535	6.1	6.1	CCEECCCCCCCCCCCCCCCCHCCCCHCCCCCCC	0
2685	9.316	7.731	16.663	33	535	9.1	3.0	CCCCCCCHECCCCCHCCCCCHCCCCCCCCCCCC	1
2686	9.271	7.798	17.098	33	535	12.1	9.1	CCCCCCCHECECCHCCCCCCHCCCCCCCCCEHC	1
2687	6.961	8.115	5.145	33	535	9.1	6.1	CCECCCCCCCCCCCHCCCCCHCCCCCHECCCCC	0
2688	6.810	8.173	5.706	33	535	6.1	9.1	CEECCCECCCCCCCCCCCCCHCCCCCHCCCCCC	0
2689	7.007	8.153	5.105	33	535	12.1	9.1	CEEECCCCCCHCCCCCCCCCHCCCCCHCCCHCC	0
2690	6.970	8.098	5.451	33	535	9.1	6.1	CCEECCCCCCHCCCHCCCCCHCCCCCCCCCCCC	0
2691	6.896	8.137	4.767	33	535	12.1	6.1	CCEECCCCCCHCCCHCCCCCHCCCCHCCCCCCC	0
2692	6.818	8.035	5.021	33	535	9.1	6.1	CCEECCCCCCHCCCCCCCCCHCCCCCHCCCCCC	0
2693	9.390	7.819	17.176	33	535	15.2	15.2	CECCCCCHECEHCCHCCECCHECCCCCCCCCHC	1
2694	6.931	8.092	4.989	33	535	12.1	3.0	CCECCCCCCCHCCCCCCCCCHCCCCCHCCCCHC	0
2695	6.990	8.054	5.635	33	535	6.1	6.1	CCCECCCCCCHCCCCCCCCCHCCCCCCECCCCC	0
2696	6.931	8.194	6.299	33	535	9.1	3.0	CCCECCCCCCHCCCCCCCCCCCCCCHCCCCCHC	0
2697	6.954	8.199	6.324	33	535	12.1	9.1	CCEECCECCCHCHCCHCCCCHCCCCCCCCCCCC	0
2698	6.853	8.085	5.534	33	535	9.1	6.1	CCEECCCCCCHCHCCCCCCCCCCCCCCCCCCHC	0
2699	6.909	8.102	5.111	33	535	9.1	9.1	CCECCCECCCHCCCCCHCCCCCCCCCCECCCHC	0
2700	6.926	8.093	5.937	33	535	12.1	15.2	CEEECCECCCHCCCCCCCCCHCCCCCHECCCHC	0
2701	6.884	8.169	5.351	33	535	9.1	9.1	CCEECCECCCHCHCCCCCCCCCCCCCHCCCCCC	0
2702	6.850	8.201	6.012	33	535	6.1	3.0	CCCCCCCCCCHCCECCCCCCCCCCCCCCCCHCC	0
2703	6.988	7.654	16.381	33	535	12.1	0.0	CCCCHHHHCCCCCCCCCCCCCCCCCCCCCCCCC	2
2704	6.910	8.150	6.132	33	535	12.1	0.0	CCCCCCCCCCHCCCCCCCCCHCCCCHCCCCHCC	0
2705	6.811	8.159	5.399	33	535	6.1	6.1	CCECCCCCCCHCCCCCCCCCHCCCCCCECCCCC	0
2706	6.930	8.119	6.355	33	535	12.1	0.0	CCCCCCCCCCHCCCCCCCCCHCCCCHCCCCCHC	0
2707	6.908	8.153	5.395	33	535	12.1	6.1	CEECCCCCCCCCHCCHCCCCHCCCCCCCCCCHC	0
2708	6.955	8.073	5.312	33	535	21.2	6.1	CCEECCCCCCHCHCHHCCCCHCCHCCCCCCCHC	0
2709	6.928	8.144	5.271	33	535	12.1	3.0	CCCCCCCCCCHCHCHCCCCCCCCCCHCECCCCC	0
2710	6.927	8.114	5.663	33	535	9.1	3.0	CCECCCCCCCCCHCCCCCCCHCCCCCHCCCCCC	0
2711	6.823	8.113	5.208	33	535	9.1	9.1	CEECCCCCCCHCCCCCCCCCHCCCCCCECCCHC	0
2712	6.848	8.095	5.792	33	535	9.1	3.0	CECCCCCCCCHCCCCCCCCCHCCCCHCCCCCCC	0
2713	6.969	8.211	6.577	33	535	15.2	9.1	CCEECCECCCHCHCCCCCCCHCCCCCHCCCCHC	0
2714	6.853	8.175	7.152	33	535	6.1	3.0	CCECCCCCCCCCHCCCCCCCHCCCCCCCCCCCC	0
2715	6.715	8.143	7.273	33	535	15.2	3.0	CCCECCCCCCHCHCCHCCCCHCCCCHCCCCCCC	0
2716	6.907	8.220	7.189	33	535	9.1	12.1	CEEECCCCCCHCCCHCCCCCCCCCCCCECCHCC	0
2717	6.830	8.274	8.110	33	535	6.1	3.0	CCECCCCCCCHCCCCCCCCCHCCCCCCCCCCCC	0
2718	6.949	8.192	5.737	33	535	6.1	9.1	CCEECCCCCCHCCCCCCCCCCCCCCHCECCCCC	0
2719	9.005	7.745	15.604	33	535	15.2	3.0	CECCCCCHCCCHCCHCCCCCHCCCCCCCCCCHC	1
2720	6.935	8.135	6.541	33	535	9.1	12.1	CEEECCCCCCCCHCCCCCCCHCCCCCCECCCHC	0
2721	6.880	8.266	6.752	33	535	12.1	6.1	CECCCCCCCCHCHCCCCCCCHCCCCHCECCCCC	0
2722	6.871	8.154	4.966	33	535	9.1	9.1	CEECCCCCCCHCCCCCCCCCHCCCCCCECCHCC	0
2723	6.993	8.182	5.737	33	535	9.1	6.1	CECCCCCCCCCCCCCHCCCCHCCCCHCECCCCC	0
2724	8.983	7.818	15.920	33	535	12.1	9.1	CCCCCCCHCCEHECHCCCCCHCCCCCCCCCECC	1
2725	6.931	8.108	5.956	33	535	12.1	9.1	CCEECCCCCCHCCCCCHCCCCCCHCHCECCCCC	0
2726	6.852	8.091	6.257	33	535	12.1	6.1	CEECCCCCCCHCCCCCCCCCHCCCCCHCCCHCC	0
2727	6.737	8.237	7.467	33	535	12.1	6.1	CECECCCCCCHCHCCCCCCCHCCCCCCCCCHCC	0
2728	6.874	8.223	5.718	33	535	9.1	6.1	CCEECCCCCCCCHCCCCCCCHCCCCCHCCCCCC	0
2729	6.887	8.213	5.615	33	535	15.2	9.1	CEEECCCCCCHCHCCCHCCCCCCCCCHCCCCHC	0
2730	6.883	8.116	6.550	33	535	9.1	6.1	CEECCCCCCCHCCCCCCCCCHCCCCCHCCCCCC	0
2731	6.974	8.110	7.781	33	535	12.1	9.1	CCEECCCCCCHCCECCHCCCHCCCCCHCCCCCC	0
2732	8.837	7.870	15.833	33	535	12.1	12.1	CCCCCCCHECEHCCCCCCCCHECCCCCCCCEHC	1
2733	6.873	8.285	8.945	33	535	6.1	12.1	CEEECCCCCCHCCCCCCCCCHCCCCCCECCCCC	0
2734	9.174	7.908	16.822	33	535	9.1	6.1	CCCCCCCHCCECCCHCCCCCHCCCCCCCCCECC	1
2735	9.066	7.765	15.445	33	535	15.2	6.1	CCCCCCCHCCCHCCHECCCCHCCCCCCCCCEHC	1
2736	6.883	8.332	7.560	33	535	12.1	9.1	CEEECCCCCCCCCCHCCCCCHCCCCCHCCCCHC	0
2737	6.708	8.149	8.758	33	535	6.1	0.0	CCCCCCCCCCCCCCCCCCCCHCCCCCCCCCCHC	0
2738	6.923	8.189	8.934	33	535	9.1	9.1	CEECCCCCCCCCCCCHCCCCHCCCCCCECCCHC	0
2739	9.269	7.826	15.944	33	535	9.1	6.1	CCCCCCCHCCCCCCHCCCCCHECCCCCCCCECC	1
2740	9.342	7.883	17.051	33	535	12.1	15.2	CCCCCCCHECEHECHCCCCCHECCCCCCCCECC	1
2741	6.926	8.288	9.096	33	535	9.1	3.0	CECCCCCCCCHCCCCHCCCCCCCCCCCCCCCHC	0
2742	6.957	8.230	8.057	33	535	9.1	9.1	CEECCCCCCCCCHCCCCCCCHCCCCCCECCCHC	0
2743	7.024	8.128	8.047	33	535	9.1	3.0	CCCECCCCCCHCCCCCCCCCHCCCCCCCCCCHC	0
2744	7.005	7.661	16.592	33	535	18.2	3.0	CHCCCCCHCCCCCCCCCCHCHCCCCCCCCEHHC	2
2745	9.102	7.690	16.121	33	535	15.2	9.1	CCCCCCCHECEHCCHCCCCCHCCCCCCCCCEHC	1
2746	7.014	8.078	6.479	33	535	6.1	9.1	CECECCCCCCHCCCHCCCCCCCCCCCCECCCCC	0
2747	6.983	8.075	6.459	33	535	9.1	3.0	CCECCCCCCCHCCCCCCCCCHCCCCCHCCCCCC	0
2748	9.206	7.831	16.534	33	535	12.1	12.1	CCCCCECHCCEHCCCCCCCCHECCCCCCCCEHC	1
2749	6.895	7.659	16.832	33	535	15.2	6.1	CCCCCCCHCCECCCCCCCHCHCCCCHCCCEHCC	2
2750	6.805	8.056	7.998	33	535	9.1	0.0	CCCCCCCCCCHCHCHCCCCCCCCCCCCCCCCCC	0
2751	9.239	7.752	16.639	33	535	15.2	6.1	CCCCCCCHECEHCCHCCCCCHCCCCCCCCCCHC	1
2752	9.206	7.690	16.044	33	535	15.2	6.1	CCCCCCCHECCHCCHCCCCCHECCCCCCCCCHC	1
2753	6.758	8.072	6.975	33	535	3.0	9.1	CEECCCCCCCHCCCCCCCCCCCCCCCCECCCCC	0
2754	6.944	8.042	7.790	33	535	12.1	9.1	CEECCCCCCCHCHCHCCCCCCCCCCCHECCCCC	0
2755	9.198	7.745	15.332	33	535	15.2	9.1	CCCCCCCHECCHCCHECCCCHECCCCCCCCCHC	1
2756	6.797	8.090	7.286	33	535	6.1	9.1	CECECCCCCCHCCCCCCCCCCCCCCCCECCHCC	0
2757	6.964	8.181	8.435	33	535	3.0	9.1	CCECCCECCCHCCCCCCCCCCCCCCCCECCCCC	0
2758	6.914	8.011	7.950	33	535	3.0	6.1	CEECCCCCCCHCCCCCCCCCCCCCCCCCCCCCC	0
2759	7.088	8.223	8.653	33	535	9.1	9.1	CEEECCCCCCHCCCHCCCCCHCCCCCCCCCCCC	0
2760	6.911	8.030	8.066	33	535	9.1	9.1	CCECCCECCCHCCCHCCCCCCCCCCCCECCHCC	0
2761	6.942	8.177	8.335	33	535	3.0	9.1	CEECCCCCCCHCCECCCCCCCCCCCCCCCCCCC	0
2762	6.916	8.212	9.171	33	535	9.1	6.1	CECCCCCCCCHCHCCCCCCCHCCCCCCECCCCC	0
2763	6.896	7.932	9.255	33	535	6.1	9.1	CCEECCCCCCCCHCCCCCCCHCCCCCCECCCCC	0
2764	7.095	8.262	6.607	33	535	12.1	6.1	CCEECCCCCCCCCCHCCCCCHCCCCCHCCCHCC	0
2765	7.057	8.162	6.917	33	535	0.0	6.1	CCECCCCCCCCCCCCCCCCCCCCCCCCECCCCC	0
2766	9.437	7.755	16.840	33	535	12.1	9.1	CCCCCCCHECCHCCHCCCCCHECCCCCCCCECC	1
2767	7.039	7.623	16.445	33	535	21.2	6.1	CHCCHCCHCCECCCCCCCHCHCCCCCCCCEHHC	2
2768	6.884	8.224	8.076	33	535	3.0	6.1	CECECCCCCCCCCCCCCCCCHCCCCCCCCCCCC	0
2769	6.871	8.185	7.502	33	535	9.1	0.0	CCCCCCCCCCHCCCCCHCCCCCCCCCCCCCHCC	0
2770	6.892	8.132	7.148	33	535	9.1	6.1	CCEECCCCCCHCHCCCCCCCCCCCCCHCCCCCC	0
2771	6.845	8.001	5.740	33	535	9.1	3.0	CCECCCCCCCHCHCCCCCCCCCCCCCHCCCCCC	0
2772	6.639	8.178	7.760	33	535	9.1	6.1	CCEECCCCCCCCCCCCCCCCHCCCCCHCCCHCC	0
2773	6.770	8.179	8.049	33	535	9.1	3.0	CCECCCCCCCCCCCCCCCCCHCCHCCHCCCCCC	0
2774	6.845	8.245	8.105	33	535	9.1	15.2	CCEECCECCCHCCECCHCCCHCCCCCCECCCCC	0
2775	6.804	8.136	8.438	33	535	12.1	6.1	CECECCCCCCHCHCCCCCCCHCCHCCCCCCCCC	0
2776	6.850	8.139	7.204	33	535	15.2	6.1	CCCECCCCCCHCCCCHCCCCHCCCCCHECCHCC	0
2777	9.321	7.737	16.823	33	535	15.2	3.0	CCCCCCCHCCEHCCHCCCCCHCCCCCCCCCCHC	1
2778	6.994	8.110	5.806	33	535	15.2	6.1	CCECCCCCCCHCHCHHCCCCCCCCCCCECCCHC	0
2779	6.986	8.034	5.331	33	535	3.0	9.1	CEEECCCCCCHCCCCCCCCCCCCCCCCCCCCCC	0
2780	6.928	8.102	5.612	33	535	12.1	6.1	CCEECCCCCCCCHCCCCCCCHCCHCCCCCCCHC	0
2781	7.087	8.087	5.477	33	535	12.1	9.1	CCECCCECCCCCCCCCHCCCHCCHCCHECCCCC	0
2782	7.010	8.114	5.215	33	535	9.1	6.1	CCEECCCCCCCCCCCCCCCCHCCCCCHCCCCHC	0
2783	6.996	7.621	16.268	33	535	12.1	0.0	CCCCHHHHCCCCCCCCCCCCCCCCCCCCCCCCC	2
2784	6.821	8.096	5.943	33	535	9.1	9.1	CEEECCCCCCCCCCCCHCCCCCCCCCHCCCHCC	0
2785	7.084	8.083	5.420	33	535	9.1	6.1	CCEECCCCCCCCCCCCHCCCCCCHCCCCCCCHC	0
2786	6.945	8.167	5.586	33	535	6.1	9.1	CEECCCCCCCCCCCCCCCCCHCCCCCCECCHCC	0
2787	6.942	8.092	5.435	33	535	12.1	6.1	CCECCCCCCCHCCCCCHCCCHCCCCHCECCCCC	0
2788	6.910	8.115	5.546	33	535	3.0	3.0	CCECCCCCCCCCCCCCCCCCCCCCCCCCCCCHC	0
2789	9.361	7.713	16.274	33	535	15.2	6.1	CCCCCCCHCCEHCCHCCCCCHCCCCCCCCCEHC	1
2790	7.276	8.158	7.784	33	535	9.1	6.1	CEECCCCCCCCCCCHCCCCCHCCCCCHCCCCCC	0
2791	9.549	7.790	16.491	33	535	15.2	9.1	CCCCCECHECEHCCHCCCCCHCCCCCCCCCCHC	1
2792	6.911	8.185	7.213	33	535	6.1	0.0	CCCCCCCCCCHCCCCCCCCCHCCCCCCCCCCCC	0
2793	6.873	8.114	5.943	33	535	9.1	9.1	CEECCCCCCCCCHCCCCCCCHCCCCHCECCCCC	0
2794	6.653	7.703	16.430	33	535	9.1	6.1	CHCCCCCHCCECCCCCCCCCCCCCCCCECCCHC	2
2795	9.376	7.769	15.863	33	535	15.2	9.1	CCCCCCCHCCEHECHCCCCCHCCCCCCCCCEHC	1
2796	6.901	8.210	7.975	33	535	15.2	6.1	CCEECCCCCCCCHCHHCCCCHCCCCHCCCCCCC	0
2797	9.248	7.801	16.472	33	535	15.2	12.1	CECCCCCHCCEHCCHECECCHCCCCCCCCCCHC	1
2798	9.292	7.853	17.060	33	535	15.2	9.1	CECCCCCHCCEHCCHCCCCCHCCCCCCCCCEHC	1
2799	9.338	7.811	16.716	33	535	15.2	9.1	CCCCCCCHCCEHECHCCCCCHCCCCCCCCCEHC	1
2800	6.798	7.716	16.452	33	535	12.1	0.0	CCCCHHHHCCCCCCCCCCCCCCCCCCCCCCCCC	2
2801	6.907	8.130	7.044	33	535	12.1	3.0	CCECCCCCCCCCHCCCHCCCHCCCCCHCCCCCC	0
2802	9.352	7.757	17.178	33	535	15.2	6.1	CCCCCCCHCCEHCCHCCCCCHECCCCCCCCCHC	1
2803	9.123	7.777	15.333	33	535	15.2	3.0	CCCCCCCHCCCHCCHCCCCCHCCCCCCCCCEHC	1
2804	7.204	8.223	8.168	33	535	12.1	3.0	CCECCCCCCCHCHCCCCCCCHCCCCHCCCCCCC	0
2805	7.195	8.172	8.170	33	535	12.1	9.1	CEECCCCCCCCCHCCCCCCCHCCCCCHECCHCC	0
2806	7.094	8.184	7.497	33	535	18.2	3.0	CCCCCCCCCCCCHCHCHCCCHCCCCCHECCCHC	0
2807	9.357	7.843	16.516	33	535	15.2	6.1	CCCCCCCHCCEHCCHCCECCHCCCCCCCCCCHC	1
2808	6.878	8.040	5.998	33	535	12.1	6.1	CEECCCCCCCHCHCCCCCCCHCCCCCHCCCCCC	0
2809	9.295	7.756	15.909	33	535	15.2	3.0	CCCCCCCHCCCHCCHCCCCCHECCCCCCCCCHC	1
2810	6.986	8.032	7.020	33	535	3.0	6.1	CCEECCCCCCCCCCCCCCCCHCCCCCCCCCCCC	0
2811	6.814	8.060	7.639	33	535	9.1	9.1	CEECCCCCCCHCHCCCCCCCCCCCCHCECCCCC	0
2812	9.327	7.837	16.543	33	535	15.2	3.0	CCCCCCCHECCHCCHCCCCCHCCCCCCCCCCHC	1
2813	7.113	8.242	8.107	33	535	12.1	9.1	CECECCCCCCHCCCHCCCCCHCCCCHCECCCCC	0
2814	6.892	8.142	8.760	33	535	12.1	0.0	CCCCCCCCCCHCHCHCCCCCHCCCCCCCCCCCC	0
2815	9.376	7.767	17.208	33	535	15.2	3.0	CCCCCCCHCCCHCCHCCCCCHCCCCCCCCCEHC	1
2816	6.896	7.721	16.454	33	535	15.2	3.0	CHCCCCCHCCCCCCCCCCHCHCCCCCCCCECHC	2
2817	6.902	8.004	7.838	33	535	12.1	9.1	CEEECCCCCCHCHCCCCCCCHCCCCCHCCCCCC	0
2818	6.853	8.101	7.500	33	535	9.1	12.1	CEEECCCCCCHCHCCCCCCCHCCCCCCECCCCC	0
2819	9.494	7.854	17.291	33	535	12.1	12.1	CCCCCECHCCCCCCHECECCHCCCCCCCCCEHC	1
2820	9.318	7.839	17.026	33	535	15.2	15.2	CECCCCCHCCEHCCHECECCHCCCCCCCCCEHC	1
2821	6.822	8.074	6.988	33	535	9.1	6.1	CECCCCCCCCCCHECCCCCCHCCCCCHCCCCCC	0
2822	7.005	8.012	6.164	33	535	9.1	3.0	CECCCCCCCCHCCCCCCCCCHCCCCCHCCCCCC	0
2823	6.612	7.595	15.786	33	535	12.1	3.0	CHCCCCHCCCECCCCCCCHCCCCCCCCCCCCHC	2
2824	7.070	8.118	8.184	33	535	9.1	6.1	CECCCCCCCCCCHCCCCCCCHCCCCCHECCCCC	0
2825	7.035	8.052	7.729	33	535	15.2	6.1	CECCCCCCCCHCHCHCCCCCHCCHCCCECCCCC	0
2826	9.220	7.772	15.687	33	535	15.2	3.0	CCCCCCCHCCCHCCHCCCCCHCCCCCCCCCEHC	1
2827	6.683	7.736	16.257	33	535	18.2	9.1	CHCCCCHCECECCCCCCCHCHCCHCCCECCCHC	2
2828	7.046	8.226	8.369	33	535	15.2	6.1	CCCECCCCCCCCHCHCCCCCHCCCCCHECCCHC	0
2829	6.833	8.122	7.330	33	535	3.0	3.0	CCCCCCCCCCCCHCCCCCCCCCCCCCCECCCCC	0
2830	6.860	8.157	8.840	33	535	12.1	6.1	CECCCCCCCCHCCCCHCCCCHCCCCCCECCCHC	0
2831	6.895	8.033	8.051	33	535	6.1	6.1	CCEECCCCCCCCCCCCCCCCHCCCCHCCCCCCC	0
2832	6.905	8.117	9.273	33	535	12.1	6.1	CCECCCCCCCHCHCCCCCCCHCCCCCHECCCCC	0
2833	6.892	8.116	7.755	33	535	9.1	6.1	CECCCCCCCCCCHCCCCCCCHCCCCCHECCCCC	0
2834	6.560	7.699	16.319	33	535	12.1	0.0	CHCCCCCHCCCCCCCCCCHCCCCCCCCCCCCHC	2
2835	6.744	7.691	16.287	33	535	15.2	3.0	CHCCCCCCCCCCCCCCCCHCHCCCCCCCCEHHC	2
2836	6.911	7.992	7.592	33	535	6.1	9.1	CECECCCCCCHCCCCCCCCCHCCCCCCECCCCC	0
2837	6.969	8.095	6.454	33	535	9.1	3.0	CCECCCCCCCCCHCCCCCCCHCCCCCHCCCCCC	0
2838	6.948	7.948	8.071	33	535	15.2	3.0	CCCECCCCCCCCHCHCCCCCCCCHCCHCCCHCC	0
2839	6.985	8.041	8.129	33	535	15.2	3.0	CCCCCCCCCCCCHCCCHCCCHCCCCHCECCCHC	0
2840	9.261	7.755	15.738	33	535	15.2	9.1	CCCCCCCHCCCHCCHCCECCHECCCCCCCCEHC	1
2841	9.318	7.773	16.035	33	535	15.2	9.1	CCCCCCCHCCEHCCHCCCCCHECCCCCCCCEHC	1
2842	9.380	7.766	15.272	33	535	12.1	9.1	CCCCCCCCCCEHCCHECECCHCCCCCCCCCCHC	1
2843	9.327	7.823	15.800	33	535	15.2	3.0	CCCCCCCHCCCHCCHCCCCCHCCCCCCCCCEHC	1
2844	9.295	7.820	16.766	33	535	12.1	9.1	CCCCCCCHCCEHCCCCCCCCHECCCCCCCCEHC	1
2845	9.322	7.776	15.913	33	535	15.2	9.1	CCCCCCCHCCEHECHCCCCCHCCCCCCCCCEHC	1
2846	6.907	8.159	8.114	33	535	18.2	9.1	CEECCCCCCCHCCCHHCCCCHCCCCCHECCCHC	0
2847	6.948	8.105	7.569	33	535	6.1	6.1	CECCCCCCCCCCCCCCCCCCHCCCCHCCCECCC	0
2848	7.036	8.152	8.042	33	535	9.1	3.0	CCCECCCCCCCCCCCCCCCCHCCCCCHCCCHCC	0
2849	7.118	7.978	7.416	33	535	12.1	3.0	CCCECCCCCCHCCCCHCCCCHCCCCCCCCCCHC	0
2850	7.110	8.184	8.276	33	535	15.2	12.1	CEEECCCCCCHCHCCCCCCCHCCCCHCCCECHC	0
2851	7.020	8.174	8.789	33	535	9.1	3.0	CCECCCCCCCHCCCCCCCCCHCCCCHCCCCCCC	0
2852	6.884	8.032	8.332	33	535	9.1	3.0	CCCECCCCCCHCHCCCCCCCHCCCCCCCCCCCC	0
2853	6.821	8.072	8.260	33	535	9.1	0.0	CCCCCCCCCCCCCCHCCCCCHCCCCHCCCCCCC	0
2854	7.038	8.135	7.653	33	535	18.2	0.0	CCCCCCCCCCHCHCCCHCCCCCCCCHCCCCHHC	0
2855	7.183	8.111	8.135	33	535	12.1	6.1	CCCECCCCCCHCCCHCCCCCHCCCCCCCCEHCC	0
2856	7.064	8.089	7.565	33	535	12.1	6.1	CCEECCCCCCHCCCCCHCCCCCCCCHCCCCHCC	0
2857	7.107	8.195	7.026	33	535	21.2	6.1	CECECCCCCCHCHCCCHCCCHCCCCHCCCCHHC	0
2858	6.871	8.115	7.514	33	535	15.2	6.1	CECECCCCCCHCHCCCCCCCHCCCCHCCCCHCC	0
2859	6.857	8.189	8.468	33	535	18.2	6.1	CECCCCCCCCHCCEHCCCCCHCCCCHCHCCHCC	0
2860	7.003	8.087	8.179	33	535	18.2	3.0	CCCCCCCCCCHCCEHHCCCCHCCCCHCCCCHCC	0
2861	9.317	7.772	16.685	33	535	15.2	9.1	CCCCCCCHCCEHCCHCCCCCHECCCCCCCCEHC	1
2862	6.877	8.119	8.205	33	535	6.1	3.0	CCCCCCCCCCHCHECCCCCCCCCCCCCCCCCCC	0
2863	6.870	8.082	8.332	33	535	6.1	6.1	CCEECCCCCCCCHCCCCCCCHCCCCCCCCCCCC	0
2864	6.896	8.009	8.953	33	535	6.1	3.0	CCECCCCCCCCCHCCCCCCCHCCCCCCCCCCCC	0
2865	6.875	8.084	8.798	33	535	6.1	6.1	CEECCCCCCCCCCCCCCCCCCCCCCHCCCCCHC	0
2866	7.098	8.166	7.631	33	535	12.1	3.0	CECCCCCCCCCCHCHCCCCCHCCCCHCCCCCCC	0
2867	6.845	8.012	8.248	33	535	9.1	3.0	CCECCCCCCCCCCCHCCCCCHCCCCHCCCCCCC	0
2868	6.921	8.047	7.632	33	535	6.1	9.1	CEEECCCCCCCCHCCCCCCCHCCCCCCCCCCCC	0
2869	6.975	8.175	8.498	33	535	12.1	3.0	CECCCCCCCCCCHCHCCCCCHCCCCHCCCCCCC	0
2870	6.970	8.117	7.791	33	535	3.0	3.0	CCCECCCCCCCCCCCCCCCCCCCCCCCCCCCHC	0
2871	7.077	8.095	8.623	33	535	9.1	12.1	CEEECCCCCCHCCECCCCCCHCCCCCCCCCHCC	0
2872	6.970	8.104	8.029	33	535	6.1	6.1	CECECCCCCCCCCCCHCCCCCCCCCHCCCCCCC	0
2873	6.905	8.180	7.926	33	535	9.1	3.0	CCCECCCCCCHCCCCCCCCCHCCCCCCCCCHCC	0
2874	6.662	8.250	8.496	33	535	9.1	12.1	CEEECCCCCCCCHCCCCCCCHCCCCHCECCCCC	0
2875	9.319	7.814	16.611	33	535	15.2	9.1	CCCCCCCHCCEHCCHCCECCHCCCCCCCCCEHC	1
2876	6.630	8.209	8.695	33	535	15.2	6.1	CCECCCCCCCHCHCCHCCCCCCCCCHCECCCHC	0
2877	6.613	8.134	6.741	33	535	6.1	6.1	CECECCCCCCHCCCCCCCCCCCCCCHCCCCCCC	0
2878	6.699	8.214	7.237	33	535	9.1	6.1	CCCECCCCCCHCCECCCCCCCCCCCHCCCCHCC	0
2879	6.732	8.145	7.954	33	535	18.2	9.1	CEEECCCCCCHCHCCCHCCCHCCCCHCCCCHCC	0
2880	6.902	8.170	7.716	33	535	15.2	6.1	CCCECCCCCCCCHECCHCCCHCCCCHCCCCCHC	0
2881	6.880	8.208	7.792	33	535	15.2	9.1	CEEECCCCCCHCHCCCHCCCHCCCCHCCCCCCC	0
2882	6.782	8.161	8.230	33	535	6.1	3.0	CCCCCCCCCCCCCECCHCCCCCCCCHCCCCCCC	0
2883	9.406	7.756	16.193	33	535	15.2	3.0	CCCCCCCHCCCHCCHCCCCCHCCCCCCCCCEHC	1
2884	6.759	8.147	7.711	33	535	12.1	9.1	CEEECCCCCCHCCCCCHCCCCCCCCHCCCCHCC	0
2885	6.784	8.033	7.728	33	535	12.1	6.1	CECCCCCCCCHCCECHCCCCCCCCCHCCCCHCC	0
2886	6.728	8.218	9.641	33	535	6.1	9.1	CCEECCCCCCCCCECCCCCCHCCCCHCCCCCCC	0
2887	6.661	7.722	16.569	33	535	18.2	3.0	CHCCCCCHCCCCCCCCCCHCHCCCCCCCCEHHC	2
2888	6.842	8.134	8.091	33	535	12.1	3.0	CECCCCCCCCHCHCCCCCCCHCCCCHCCCCCCC	0
2889	6.969	8.107	8.909	33	535	9.1	0.0	CCCCCCCCCCCCHCCCHCCCHCCCCCCCCCCCC	0
2890	6.520	7.679	16.381	33	535	15.2	3.0	CHCCCCCHCCECCCCCCCHCHCCCCCCCCCCHC	2
2891	6.815	8.065	8.900	33	535	15.2	3.0	CCCECCCCCCHCHCCCHCCCHCCCCHCCCCCCC	0
2892	6.804	7.721	16.549	33	535	15.2	0.0	CHCCCCCHCCCCCCCCCCHCHCCCCCCCCCCHC	2
2893	6.576	7.700	15.924	33	535	18.2	6.1	CHCCCCCHCCECCCCCCCHCHCCCCCCCCEHHC	2
2894	6.753	8.092	8.030	33	535	15.2	9.1	CEEECCCCCCHCHCCCHCCCHCCCCHCCCCCCC	0
2895	6.829	8.201	8.940	33	535	6.1	3.0	CCCCCCCCCCHCCECCCCCCHCCCCCCCCCCCC	0
2896	6.838	8.181	7.961	33	535	15.2	6.1	CCEECCCCCCHCHCCHCCCCHCCCCHCCCCCCC	0
2897	7.106	8.122	7.725	33	535	9.1	6.1	CEECCCCCCCHCCCCCCCCCHCCCCHCCCCCCC	0
2898	6.707	8.090	6.895	33	535	9.1	3.0	CECCCCCCCCCCHCCCCCCCHCCCCHCCCCCCC	0
2899	6.849	8.127	6.774	33	535	12.1	3.0	CCCCCCCCCCCCHECCHCCCHCCCCHCCCCCCC	0
2900	6.782	8.249	7.348	33	535	6.1	3.0	CECCCCCCCCCCCCCCCCCCHCCCCHCCCCCCC	0
2901	9.375	7.805	16.622	33	535	15.2	9.1	CCCCCCCHCCEHCCHCCCCCHECCCCCCCCEHC	1
2902	6.516	7.656	15.837	33	535	15.2	6.1	CHCCCCCHCCECCCCCCCHCHCCCCHCECCCCC	2
2903	6.976	8.246	6.455	33	535	15.2	6.1	CECECCCCCCHCCCHCHCCCHCCCCCCCCCCHC	0
2904	6.509	7.676	16.419	33	535	18.2	6.1	CHCCCCCHECECCCCCCCHCHCCCCHCCCCCHC	2
2905	7.064	7.883	7.953	33	535	12.1	3.0	CECCCCCCCCHCHCCCHCCCHCCCCCCCCCCCC	0
2906	6.971	7.905	7.958	33	535	9.1	3.0	CECCCCCCCCHCHCCCCCCCHCCCCCCCCCCCC	0
2907	6.871	7.878	9.692	33	535	6.1	0.0	CCCCCCCCCCHCCCCCCCCCHCCCCCCCCCCCC	0
2908	6.915	8.091	6.706	33	535	15.2	3.0	CCCECCCCCCHCHCCCHCCCHCCCCHCCCCCCC	0
2909	7.132	7.949	8.306	33	535	9.1	6.1	CECCCCECCCHCHCCCCCCCHCCCCCCCCCCCC	0
2910	7.074	7.990	10.329	33	535	3.0	6.1	CCEECCCCCCCCCCCCCCCCCCCCCHCCCCCCC	0
2911	6.892	8.018	8.551	33	535	9.1	3.0	CECCCCCCCCHCCCCCCCCCHCCCCHCCCCCCC	0
2912	6.875	7.698	16.918	33	535	12.1	0.0	CCCCHHHHCCCCCCCCCCCCCCCCCCCCCCCCC	2
2913	6.821	7.913	9.812	33	535	6.1	0.0	CCCCCCCCCCHCHCCCCCCCCCCCCCCCCCCCC	0
2914	9.355	7.791	16.918	33	535	15.2	0.0	CCCCCCCHCCCHCCHCCCCCHCCCCCCCCCCHC	1
2915	7.076	8.081	6.790	33	535	12.1	3.0	CCCCCCCCCCHCCCCCHCCCHCCCCCCCCCEHC	0
2916	6.775	7.934	7.981	33	535	6.1	0.0	CCCCCCCCCCHCCCCCCCCCCCCCCHCCCCCCC	0
2917	7.155	7.930	8.253	33	535	6.1	3.0	CECCCCCCCCHCCCCCCCCCHCCCCCCCCCCCC	0
2918	6.955	7.924	8.685	33	535	3.0	3.0	CECCCCCCCCCCCCCCCCCCHCCCCCCCCCCCC	0
2919	6.945	7.865	9.463	33	535	9.1	0.0	CCCCCCCCCCHCCCCHCCCCHCCCCCCCCCCCC	0
2920	7.048	7.596	15.374	33	535	12.1	0.0	CHCCCCCHCCCCCCCCCCHCHCCCCCCCCCCCC	2
2921	7.262	7.943	10.206	33	535	6.1	0.0	CCCCCCCCCCCCCCCCCCCCHCCCCCHCCCCCC	0
2922	7.010	7.672	16.248	33	535	18.2	3.0	CHCCCCCHCCECCHCCCCHCHCCCCCCCCCCHC	2
2923	7.169	7.862	7.883	33	535	12.1	6.1	CCEECCCCCCCCCCHCHCCCHCCCCHCCCCCCC	0
2924	7.026	7.615	16.158	33	535	15.2	0.0	CHCCCCCHCCCCCCCCCCHCHCCCCCCCCCCHC	2
2925	9.354	7.774	16.828	33	535	15.2	9.1	CCCCCCCHECCHCCHCCECCHCCCCCCCCCEHC	1
2926	7.006	7.860	8.124	33	535	9.1	6.1	CEECCCCCCCHCCCHCCCCCHCCCCCCCCCCCC	0
2927	7.082	7.925	8.439	33	535	9.1	3.0	CCCECCCCCCHCCCCCHCCCHCCCCCCCCCCCC	0
2928	7.023	7.954	8.586	33	535	9.1	3.0	CECCCCCCCCCCHCCCCCCCHCCCCCHCCCCCC	0
2929	6.970	7.898	8.893	33	535	12.1	9.1	CEEECCCCCCHCHCCHCCCCHCCCCCCCCCCCC	0
2930	6.886	7.978	8.128	33	535	9.1	6.1	CCCECCECCCCCHCCCCCCCCCCHCCHCCCCCC	0
2931	6.861	7.956	9.075	33	535	12.1	3.0	CCECCCCCCCHCHCCCHCCCHCCCCCCCCCCCC	0
2932	6.884	7.936	8.028	33	535	3.0	3.0	CCCCCCCCCCHCCECCCCCCCCCCCCCCCCCCC	0
2933	6.911	7.940	8.705	33	535	9.1	9.1	CCEECCCCCCHCCECCHCCCHCCCCCCCCCCCC	0
2934	7.048	8.065	7.811	33	535	6.1	9.1	CCEECCCCCCHCCECCCCCCHCCCCCCCCCCCC	0
2935	6.811	7.984	8.094	33	535	3.0	0.0	CCCCCCCCCCCCCCCCCCCCHCCCCCCCCCCCC	0
2936	6.874	8.079	7.520	33	535	9.1	9.1	CCEECCCCCCHCCECCHCCCCCCCCCHCCCCCC	0
2937	9.394	7.768	17.339	33	535	12.1	9.1	CCCCCCCHECEHCCHCCCCCHCCCCCCCCCECC	1
2938	6.974	8.089	6.752	33	535	9.1	9.1	CECECCCCCCHCCECCHCCCHCCCCCCCCCCCC	0
2939	7.013	8.175	8.306	33	535	6.1	3.0	CCCECCCCCCHCCCCCCCCCHCCCCCCCCCCCC	0
2940	9.387	7.870	17.408	33	535	15.2	3.0	CCCCCCCHCCEHCCHCCCCCHCCCCCCCCCCHC	1
2941	9.336	7.793	16.738	33	535	15.2	9.1	CCCCCCCHECEHCCHCCCCCHCCCCCCCCCEHC	1
2942	6.951	8.053	9.317	33	535	6.1	3.0	CCCCCCCCCCHCCECCCCCCHCCCCCCCCCCCC	0
2943	6.967	8.102	9.543	33	535	6.1	6.1	CECCCCCCCCHCCECCCCCCHCCCCCCCCCCCC	0
2944	6.778	8.025	9.204	33	535	9.1	12.1	CECECCECCCHCCECCHCCCHCCCCCCCCCCCC	0
2945	6.872	8.055	7.334	33	535	6.1	6.1	CECCCCCCCCHCCECCCCCCHCCCCCCCCCCCC	0
2946	7.054	8.049	7.644	33	535	3.0	6.1	CCECCCECCCHCCCCCCCCCCCCCCCCCCCCCC	0
2947	6.485	7.710	16.311	33	535	12.1	0.0	CCCCHHHHCCCCCCCCCCCCCCCCCCCCCCCCC	2
2948	6.498	7.797	15.952	33	535	12.1	3.0	CHCCCCCHCCECCCCCCCHCHCCCCCCCCCCCC	2
2949	6.616	7.670	16.103	33	535	18.2	6.1	CHCCCCCHCCECCCCCCCHCHCCCCCCCCEHHC	2
2950	6.916	8.012	7.715	33	535	12.1	3.0	CECCCCCCCCHCHCCCCCCCHCCCCHCCCCCCC	0
2951	6.651	7.700	16.217	33	535	21.2	0.0	CCCCCCCHCCCCCCCCCCHCHCCHCHCCCCHHC	2
2952	6.749	8.157	7.974	33	535	6.1	0.0	CCCCCCCCCCHCHCCCCCCCCCCCCCCCCCCCC	0
2953	6.480	7.792	16.342	33	535	15.2	0.0	CHCCCCCHCCCCCCCCCCHCHCCCCCCCCCCHC	2
2954	7.035	7.973	8.456	33	535	6.1	3.0	CECCCCCCCCCCCCCCHCCCHCCCCCCCCCCCC	0
2955	6.755	7.619	15.971	33	535	18.2	6.1	CHCCHCCHCCECCCCCCCHCHCCCCCCCCECHC	2
2956	7.037	7.900	8.554	33	535	12.1	3.0	CECCCCCCCCHCHCCCHCCCHCCCCCCCCCCCC	0
2957	7.049	7.945	8.462	33	535	15.2	3.0	CECCCCCCCCHCHCHCCCCCHCCHCCCCCCCCC	0
2958	6.943	7.856	7.057	33	535	6.1	3.0	CECCCCCCCCHCCCHCCCCCCCCCCCCCCCCCC	0
2959	6.842	7.689	15.832	33	535	15.2	3.0	CHCCCCCHCCECCCCCCCCCHCCCCHCCCCCHC	2
2960	6.910	7.827	9.621	33	535	6.1	3.0	CCECCCCCCCHCCCCCCCCCHCCCCCCCCCCCC	0
2961	6.875	7.965	9.159	33	535	12.1	3.0	CCECCCCCCCHCCCHCCCCCHCCCCHCCCCCCC	0
2962	6.954	8.019	8.940	33	535	9.1	3.0	CECCCCCCCCHCCCCCHCCCCCCCCHCCCCCCC	0
2963	9.260	7.756	16.329	33	535	12.1	3.0	CCCCCCCCECCHCCHCCCCCHCCCCCCCCCCHC	1
2964	6.842	7.939	8.412	33	535	9.1	6.1	CCEECCCCCCHCHCCCCCCCHCCCCCCCCCCCC	0
2965	7.194	7.820	7.391	33	535	9.1	3.0	CECCCCCCCCHCHCCCCCCCHCCCCCCCCCCCC	0
2966	9.281	7.651	16.064	33	535	12.1	3.0	CCCCCCCCECCHCCHCCCCCHCCCCCCCCCCHC	1
2967	6.645	7.693	15.935	33	535	18.2	6.1	CHCCCCCHCCECCCCCCCCCHCCCCHCCCEHHC	2
2968	6.578	7.670	16.409	33	535	18.2	6.1	CHCCCCCHCCECCCCCCCHCHCCCCCCECCHHC	2
2969	6.718	8.078	9.373	33	535	6.1	3.0	CECCCCCCCCCCHCCCCCCCHCCCCCCCCCCCC	0
2970	6.967	7.776	16.651	33	535	21.2	6.1	CHCCCCCHCCECCCCCCCHCHCCCCHCCCEHHC	2
2971	6.825	8.078	8.720	33	535	9.1	6.1	CCCECCCCCCHCCECCHCCCHCCCCCCCCCCCC	0
2972	6.641	7.644	15.903	33	535	18.2	3.0	CHCCCCCHCCCCCCCCCCHCHCCCCCCCCEHHC	2
2973	6.728	7.623	16.252	33	535	15.2	6.1	CHCCCCCCECCCCCCCCCHCHCCCCCCCCEHHC	2
2974	6.786	8.082	8.400	33	535	9.1	0.0	CCCCCCCCCCHCCCCCCCCCHCCCCHCCCCCCC	0
2975	7.034	8.080	7.751	33	535	9.1	3.0	CECCCCCCCCHCCCCCHCCCHCCCCCCCCCCCC	0
2976	6.890	8.067	7.943	33	535	9.1	3.0	CCCCCCECCCCCCCCCHCCCHCCCCHCCCCCCC	0
2977	6.907	8.011	8.348	33	535	6.1	0.0	CCCCCCCCCCHCCCCCCCCCHCCCCCCCCCCCC	0
2978	7.024	8.053	8.262	33	535	3.0	6.1	CCCECCCCCCHCCECCCCCCCCCCCCCCCCCCC	0
2979	9.236	7.730	15.891	33	535	15.2	6.1	CCCCCCCHECCHCCHCCCCCHCCCCCCCCCEHC	1
2980	6.757	7.678	16.042	33	535	18.2	3.0	CHCCCCCHCCCCCCCCCCHCHCCCCCCCCEHHC	2
2981	6.847	8.090	8.478	33	535	12.1	0.0	CCCCCCCCCCHCHCCCHCCCHCCCCCCCCCCCC	0
2982	6.871	7.672	16.844	33	535	18.2	6.1	CHCCCCCHCCCCCCCCCCHCHCCCCCCECEHHC	2
2983	6.986	7.690	16.414	33	535	12.1	0.0	CCCCHHHHCCCCCCCCCCCCCCCCCCCCCCCCC	2
2984	6.705	7.569	15.772	33	535	12.1	0.0	CCCCHHHHCCCCCCCCCCCCCCCCCCCCCCCCC	2
2985	6.790	8.051	7.823	33	535	12.1	6.1	CCCECCCCCCHCCECCHCCCHCCCCHCCCCCCC	0
2986	6.951	8.069	8.181	33	535	9.1	3.0	CCECCCCCCCHCCCCHCCCCHCCCCCCCCCCCC	0
2987	6.909	8.040	7.606	33	535	9.1	6.1	CECECCCCCCHCHCCCCCCCHCCCCCCCCCCCC	0
2988	7.024	8.050	7.991	33	535	9.1	9.1	CECECCCCCCHCHECCCCCCHCCCCCCCCCCCC	0
2989	6.986	8.171	7.524	33	535	6.1	9.1	CEECCCCCCCHCCECCHCCCCCCCCCCCCCCCC	0
2990	6.775	8.065	7.416	33	535	0.0	9.1	CECECCCCCCCCCECCCCCCCCCCCCCCCCCCC	0
2991	6.724	8.116	7.159	33	535	6.1	12.1	CECECCECCCHCCECCCCCCCCCCCCCCCCCHC	0
2992	6.892	8.144	7.591	33	535	6.1	6.1	CCCCCCECCCCCCECCCCCCHCCCCCHCCCCCC	0
2993	6.904	7.719	16.433	33	535	18.2	9.1	CHCCCCCHCCECCCCCCCHCHCCCCCCECEHHC	2
2994	9.329	7.735	16.374	33	535	15.2	9.1	CECCCCCHCCEHCCHCCCCCHECCCCCCCCCHC	1
2995	6.876	7.666	16.951	33	535	18.2	3.0	CHCCCCCHCCECCHCCCCHCHCCCCCCCCCCHC	2
2996	6.905	8.021	7.886	33	535	6.1	3.0	CECCCCCCCCHCCCCCCCCCHCCCCCCCCCCCC	0
2997	6.938	8.065	8.495	33	535	12.1	3.0	CCECCCCCCCHCHCCCHCCCHCCCCCCCCCCCC	0
2998	6.638	7.648	16.163	33	535	18.2	6.1	CHCCCCCHCCECCCCCCCHCHCCCCCCECCHHC	2
2999	7.008	8.102	8.260	33	535	9.1	3.0	CCCECCCCCCHCCCCCHCCCHCCCCCCCCCCCC	0
3000	6.895	8.043	7.830	33	535	9.1	0.0	CCCCCCCCCCHCHCCCCCCCHCCCCCCCCCCCC	0
3001	6.847	7.697	15.755	33	535	15.2	3.0	CHCCCCCHCCCCCCCCCCHCHCCCCCCCCECHC	2
3002	6.985	8.064	7.421	33	535	12.1	6.1	CCECCCECCCHCCCCCHCCCHCCCCCHCCCCCC	0
3003	7.207	8.179	8.055	33	535	9.1	3.0	CECCCCCCCCHCCCCCHCCCHCCCCCCCCCCCC	0
3004	6.857	8.046	8.092	33	535	12.1	3.0	CCCCCCCCCCHCHCCCHCCCHCCCCCCECCCCC	0
3005	6.901	8.117	7.826	33	535	9.1	3.0	CCCECCCCCCHCHCCCCCCCHCCCCCCCCCCCC	0
3006	7.180	8.021	7.951	33	535	6.1	3.0	CCCECCCCCCHCCCCCCCCCHCCCCCCCCCCCC	0
3007	6.823	7.792	16.934	33	535	15.2	9.1	CCCCCCCHCCECCHCCCCHCHCCCCCCECECHC	2
3008	6.941	7.956	9.262	33	535	15.2	3.0	CCCECCCCCCHCHCCCHCCCHCCCCHCCCCCCC	0
3009	6.939	8.022	7.944	33	535	12.1	6.1	CECECCCCCCHCHCCCCCCCHCCCCHCCCCCCC	0
3010	7.075	8.087	8.176	33	535	3.0	3.0	CECCCCCCCCCCCCCCCCCCHCCCCCCCCCCCC	0
3011	9.286	7.773	16.572	33	535	15.2	6.1	CCCCCCCHCCEHCCHCCCCCHCCCCCCCCCEHC	1
3012	6.818	7.665	15.943	33	535	15.2	3.0	CHCCHCCHCCCCCCCCCCHCCCCCCCCCCECHC	2
3013	7.133	8.070	8.707	33	535	6.1	3.0	CCECCCCCCCHCCCCCHCCCCCCCCCCCCCCCC	0
3014	6.997	7.946	8.371	33	535	3.0	3.0	CCCCCCECCCCCCCCCCCCCHCCCCCCCCCCCC	0
3015	6.724	8.051	8.498	33	535	6.1	3.0	CCCECCCCCCHCCCCCCCCCHCCCCCCCCCCCC	0
3016	9.327	7.650	16.510	33	535	15.2	6.1	CCCCCCCHECEHCCHCCCCCHCCCCCCCCCCHC	1
3017	6.918	7.990	6.879	33	535	6.1	3.0	CECCCCCCCCHCCCCCCCCCHCCCCCCCCCCCC	0
3018	7.011	7.695	15.679	33	535	18.2	3.0	CHCCCCCHCCCCCCCCCCHCHCCCCCCCCEHHC	2
3019	6.908	8.060	7.924	33	535	6.1	9.1	CECECCCCCCHCCCCCCCCCHCCCCCCECCCCC	0
3020	9.327	7.713	15.694	33	535	15.2	3.0	CCCCCCCHECCHCCHCCCCCHCCCCCCCCCCHC	1
3021	6.821	7.658	16.266	33	535	18.2	6.1	CHCCCCCCCCCCCCCCCCHCHCCHCCCECEHHC	2
3022	6.799	7.667	15.564	33	535	21.2	6.1	CHCCHCCHCCECCCCCCCHCHCCCCCCCCEHHC	2
3023	9.313	7.756	17.181	33	535	15.2	6.1	CCCCCCCHCCEHCCHCCCCCHECCCCCCCCCHC	1
3024	6.998	8.078	7.810	33	535	9.1	0.0	CCCCCCCCCCHCCCHCCCCCHCCCCCCCCCCCC	0
3025	6.993	8.130	7.985	33	535	6.1	0.0	CCCCCCCCCCHCHCCCCCCCCCCCCCCCCCCCC	0
3026	6.476	7.636	15.708	33	535	18.2	6.1	CHCCCCCHCCECCCCCCCHCCCCCCHCCCEHHC	2
3027	6.854	8.041	9.472	33	535	9.1	3.0	CECCCCCCCCHCCCCCHCCCHCCCCCCCCCCCC	0
3028	6.620	7.695	15.709	33	535	18.2	3.0	CHCCCCCHCCCCCCCCCCHCHCCCCCCCCEHHC	2
3029	6.620	7.631	16.078	33	535	21.2	6.1	CHCCCCCHCCCCCCCCCCHCHCCCCHCECEHHC	2
3030	6.979	7.795	8.809	33	535	3.0	6.1	CCECCCECCCCCCCCCCCCCHCCCCCCCCCCCC	0
3031	7.004	7.904	9.907	33	535	3.0	3.0	CCCCCCECCCHCCCCCCCCCCCCCCCCCCCCCC	0
3032	7.088	7.900	8.511	33	535	6.1	3.0	CCCCCCECCCHCCCCCCCCCHCCCCCCCCCCCC	0
3033	7.079	7.890	9.091	33	535	6.1	3.0	CCECCCCCCCCCCCCCCCCCHCCCCCHCCCCCC	0
3034	9.285	7.719	15.658	33	535	15.2	6.1	CCCCCCCHCCEHCCHCCCCCHCCCCCCCCCEHC	1
3035	6.954	7.848	8.634	33	535	6.1	3.0	CCECCCCCCCHCCCCCCCCCHCCCCCCCCCCCC	0
3036	7.042	7.993	7.425	33	535	6.1	3.0	CCCECCCCCCHCCCCCCCCCHCCCCCCCCCCCC	0
3037	6.880	7.834	9.437	33	535	3.0	0.0	CCCCCCCCCCCCCCCCCCCCHCCCCCCCCCCCC	0
3038	6.955	7.901	8.034	33	535	3.0	9.1	CCEECCECCCHCCCCCCCCCCCCCCCCCCCCCC	0
3039	6.643	7.729	16.439	33	535	18.2	9.1	CHCCCCCHCCECCCCCCCHCHCCCCCCECEHHC	2
3040	6.848	7.856	7.405	33	535	6.1	0.0	CCCCCCCCCCCCHCCCCCCCHCCCCCCCCCCCC	0
3041	6.955	7.869	8.766	33	535	9.1	0.0	CCCCCCCCCCHCHCHCCCCCCCCCCCCCCCCCC	0
3042	6.932	7.921	8.916	33	535	9.1	0.0	CCCCCCCCCCHCCCCCCCCCHCCCCCHCCCCCC	0
3043	9.258	7.764	17.153	33	535	12.1	6.1	CCCCCCCHCCEHCCHCCCCCHCCCCCCCCCECC	1
3044	6.832	8.041	8.009	33	535	9.1	3.0	CCECCCCCCCHCHCCCCCCCHCCCCCCCCCCCC	0
3045	6.932	7.896	6.953	33	535	9.1	0.0	CCCCCCCCCCHCHCCCCCCCHCCCCCCCCCCCC	0
3046	6.781	7.730	16.956	33	535	18.2	3.0	CHCCCCCHCCCCCCCCCCHCHCCCCCCECCHHC	2
3047	6.846	7.925	8.387	33	535	9.1	12.1	CEEECCECCCHCCCCCCCCCHCCCCCHCCCCCC	0
3048	9.256	7.626	16.067	33	535	15.2	3.0	CCCCCCCHCCCHCCHCCCCCHCCCCCCCCCEHC	1
3049	6.887	7.675	16.261	33	535	21.2	3.0	CHCCCCCHCCCCCCCCCCHCHCCCCHCCCEHHC	2
3050	6.847	7.956	8.313	33	535	15.2	3.0	CCCCCCECCCHCHCCCHCCCHCCCCHCCCCCCC	0
3051	9.362	7.679	16.232	33	535	15.2	3.0	CCCCCCCHCCEHCCHCCCCCHCCCCCCCCCCHC	1
3052	9.371	7.751	16.488	33	535	15.2	9.1	CECCCCCHECCHCCHCCCCCHECCCCCCCCCHC	1
3053	9.359	7.662	16.169	33	535	15.2	9.1	CCCCCECHCCEHCCHCCCCCHCCCCCCCCCEHC	1
3054	9.402	7.732	16.497	33	535	12.1	6.1	CCCCCCCHECCHCCCCCCCCHCCCCCCCCCEHC	1
3055	6.740	7.919	10.612	33	535	6.1	3.0	CCCECCCCCCHCCCCCCCCCHCCCCCCCCCCCC	0
3056	9.434	7.752	16.901	33	535	15.2	6.1	CCCCCCCHCCEHCCHCCCCCHCCCCCCCCCEHC	1
3057	6.948	8.107	8.234	33	535	12.1	3.0	CECCCCCCCCHCCCCCHCCCHCCCCHCCCCCCC	0
3058	6.946	8.110	7.633	33	535	6.1	0.0	CCCCCCCCCCCCCCHCCCCCHCCCCCCCCCCCC	0
3059	7.028	7.879	8.389	33	535	6.1	3.0	CCCECCCCCCCCHCCCCCCCCCCHCCCCCCCCC	0
3060	9.340	7.784	16.911	33	535	15.2	9.1	CECCCCCHECCHCCHCCCCCHCCCCCCCCCEHC	1
3061	6.780	7.667	16.745	33	535	18.2	3.0	CHCCCCCHCCCCCCCCCHHCHCCCCCCCCECHC	2
3062	6.917	8.052	8.454	33	535	9.1	3.0	CCCECCCCCCHCCCHCCCCCHCCCCCCCCCCCC	0
3063	6.931	8.096	8.297	33	535	6.1	6.1	CCEECCCCCCCCCCHCCCCCHCCCCCCCCCCCC	0
3064	9.421	7.748	16.942	33	535	15.2	12.1	CECCCCCHECEHCCHCCCCCHCCCCCCCCCEHC	1
3065	6.783	7.986	8.396	33	535	6.1	3.0	CCECCCCCCCCCHCCCCCCCHCCCCCCCCCCCC	0
3066	6.937	7.914	9.034	33	535	9.1	6.1	CECECCCCCCHCCCHCCCCCHCCCCCCCCCCCC	0
3067	6.673	7.741	16.767	33	535	18.2	3.0	CHCCCCCHCCCCCCCCCCHCHCCCCCCCCEHHC	2
3068	7.029	7.967	8.178	33	535	9.1	6.1	CECCCCCCCCHCCCCCCCCCHCCCCCHECCCCC	0
3069	6.860	7.908	8.369	33	535	9.1	0.0	CCCCCCCCCCHCHCCCCCCCHCCCCCCCCCCCC	0
3070	7.018	8.003	8.413	33	535	6.1	6.1	CECECCCCCCCCCCCCHCCCHCCCCCCCCCCCC	0
3071	6.561	7.711	15.169	33	535	12.1	0.0	CCCCHHHHCCCCCCCCCCCCCCCCCCCCCCCCC	2
3072	6.975	7.983	8.437	33	535	12.1	3.0	CCCECCCCCCHCHCCCCCCCHCCCCCHCCCCCC	0
3073	9.375	7.685	16.244	33	535	15.2	3.0	CCCCCCCHCCCHCCHCCCCCHCCCCCCCCCEHC	1
3074	9.306	7.752	16.435	33	535	12.1	12.1	CCCCCCCHECEHCCHCCCCCHECCCCCCCCECC	1
3075	6.853	8.067	7.965	33	535	9.1	6.1	CCCECCECCCHCHCCCCCCCHCCCCCCCCCCCC	0
3076	6.864	7.946	10.326	33	535	3.0	3.0	CCCECCCCCCCCCCCCCCCCHCCCCCCCCCCCC	0
3077	7.020	7.904	8.488	33	535	9.1	3.0	CCCECCCCCCHCHCCCCCCCHCCCCCCCCCCCC	0
3078	6.831	8.007	8.292	33	535	6.1	0.0	CCCCCCCCCCCCHCCCCCCCHCCCCCCCCCCCC	0
3079	6.889	7.978	8.924	33	535	9.1	3.0	CCCCCCECCCHCHCCCCCCCHCCCCCCCCCCCC	0
3080	6.946	8.015	9.081	33	535	12.1	0.0	CCCCCCCCCCHCHCHCCCCCHCCCCCCCCCCCC	0
3081	6.901	7.916	7.989	33	535	15.2	3.0	CCCECCCCCCHCHCHCCCCCHCCCCCHCCCCCC	0
3082	9.460	7.809	16.546	33	535	15.2	6.1	CCCCCCCHECEHCCHCCCCCHCCCCCCCCCCHC	1
3083	6.922	8.068	7.054	33	535	12.1	3.0	CCCCCCECCCHCHCCCCCCCHCCCCCHCCCCCC	0
3084	7.169	7.744	16.640	33	535	18.2	3.0	CHCCCCCHCCCCCCCCCCHCHCCCCCCCCEHHC	2
3085	6.902	7.877	7.953	33	535	9.1	0.0	CCCCCCCCCCHCCCHCCCCCCCCCCCHCCCCCC	0
3086	6.910	7.990	7.357	33	535	3.0	6.1	CECECCCCCCHCCCCCCCCCCCCCCCCCCCCCC	0
3087	6.870	8.079	7.366	33	535	12.1	9.1	CEEECCCCCCHCCCHCCCCCHCCCCHCCCCCCC	0
3088	9.244	7.721	15.092	33	535	15.2	12.1	CCCCCCCHECEHCCHCCCCCHECCCCCCCCEHC	1
3089	6.927	8.072	8.131	33	535	9.1	3.0	CECCCCCCCCHCHCCCCCCCHCCCCCCCCCCCC	0
3090	9.318	7.699	16.373	33	535	12.1	9.1	CCCCCCCCCCEHCCHCCCCCHECCCCCCCCEHC	1
3091	6.982	8.103	9.123	33	535	6.1	6.1	CEECCCCCCCCCHCCCCCCCHCCCCCCCCCCCC	0
3092	7.045	7.714	16.366	33	535	21.2	3.0	CHCCCCCHCCCCCCCCCCHCHCCHCCCCCEHHC	2
3093	6.995	7.977	9.239	33	535	12.1	6.1	CCEECCCCCCHCHCCCCCCCHCCCCHCCCCCCC	0
3094	6.896	7.893	8.428	33	535	6.1	0.0	CCCCCCCCCCHCCCCCCCCCHCCCCCCCCCCCC	0
3095	9.317	7.817	17.251	33	535	15.2	6.1	CCCCCECHECCHCCHCCCCCHCCCCCCCCCCHC	1
3096	7.034	7.990	8.438	33	535	9.1	6.1	CCEECCCCCCHCCCCCCCCCHCCCCCHCCCCCC	0
3097	6.941	7.926	8.566	33	535	6.1	3.0	CCCECCCCCCHCCCCCCCCCHCCCCCCCCCCCC	0
3098	7.023	7.727	16.631	33	535	18.2	6.1	CHCCCCCHCCECCCCCCCHCCCCHCCCCCEHHC	2
3099	6.992	7.692	15.908	33	535	15.2	6.1	CHCCCCCHCCECCCCCCCHCCCCCCCCCCEHHC	2
3100	6.780	8.115	8.018	33	535	6.1	0.0	CCCCCCCCCCCCCCCCHCCCHCCCCCCCCCCCC	0
3101	7.021	7.972	7.824	33	535	9.1	6.1	CCEECCCCCCCCHCCCCCCCHCCCCHCCCCCCC	0
3102	6.986	7.899	7.990	33	535	12.1	0.0	CCCCCCCCCCHCHCCCCCCCHCCCCHCCCCCCC	0
3103	6.701	7.856	8.537	33	535	12.1	3.0	CCCECCCCCCHCHCCCCCCCHCCCCHCCCCCCC	0
3104	6.823	7.876	8.454	33	535	9.1	9.1	CECECCECCCHCCCCCCCCCHCCCCHCCCCCCC	0
3105	6.871	7.932	7.898	33	535	15.2	6.1	CECECCCCCCHCHCCCHCCCHCCCCHCCCCCCC	0
3106	6.887	8.085	8.262	33	535	9.1	9.1	CEEECCCCCCHCCCCCHCCCCCCCCHCCCCCCC	0
3107	6.956	7.771	17.272	33	535	18.2	6.1	CHCCCCCHCCECCCCCCCHCHCCCCHCCCECHC	2
3108	6.916	7.952	8.370	33	535	18.2	3.0	CCCECCCCCCHCHCHHCCCCHCCCCHCCCCCCC	0
3109	6.812	8.093	8.033	33	535	12.1	3.0	CECCCCCCCCHCCCCCHCCCHCCCCHCCCCCCC	0
3110	7.057	7.942	8.069	33	535	12.1	6.1	CEECCCCCCCHCHCCCCCCCHCCCCHCCCCCCC	0
3111	6.882	7.995	8.033	33	535	3.0	0.0	CCCCCCCCCCHCCCCCCCCCCCCCCCCCCCCCC	0
3112	6.958	8.231	7.016	33	535	9.1	3.0	CCCECCCCCCHCCCCCCCCCHCCCCCHCCCCCC	0
3113	6.915	7.981	7.344	33	535	6.1	0.0	CCCCCCCCCCHCCCCCCCCCHCCCCCCCCCCCC	0
3114	7.017	7.967	7.367	33	535	9.1	6.1	CECECCCCCCHCHCCCCCCCHCCCCCCCCCCCC	0
3115	6.913	7.903	7.670	33	535	15.2	0.0	CCCCCCCCCCHCHCCCHCCCHCCCCHCCCCCCC	0
3116	7.041	7.955	8.269	33	535	12.1	3.0	CECCCCCCCCHCHCCCCCCCHCCCCHCCCCCCC	0
3117	9.287	7.735	15.569	33	535	15.2	9.1	CCCCCCCHECEHCCHCCCCCHCCCCCCCCCEHC	1
3118	6.878	7.945	7.359	33	535	9.1	6.1	CECECCCCCCHCCCCCHCCCHCCCCCCCCCCCC	0
3119	6.823	8.018	7.310	33	535	12.1	3.0	CCCECCCCCCHCHCCCCCCCHCCCCHCCCCCCC	0
3120	9.366	7.781	17.194	33	535	15.2	12.1	CECCCCCHECEHCCHCCCCCHCCCCCCCCCEHC	1
3121	6.926	7.917	8.531	33	535	12.1	0.0	CCCCCCCCCCHCHCCCHCCCCCCCCHCCCCCCC	0
3122	9.323	7.864	16.874	33	535	9.1	3.0	CCCCCCCCECCHCCHCCCCCHCCCCCCCCCCCC	1
3123	9.275	7.798	17.113	33	535	15.2	12.1	CCCCCECHECEHCCHCCCCCHCCCCCCCCCEHC	1
3124	9.300	7.682	15.288	33	535	15.2	9.1	CCCCCCCHECEHCCHCCCCCHECCCCCCCCCHC	1
3125	6.898	7.545	15.957	33	535	18.2	3.0	CHCCHCCHCCCCCCCCCCHCCCCHCCCCCEHCC	2
3126	7.025	8.036	8.291	33	535	6.1	3.0	CCCECCCCCCHCCCCCCCCCCCCCCHCCCCCCC	0
3127	9.372	7.705	15.765	33	535	15.2	9.1	CCCCCCCHECEHCCHCCCCCHCCCCCCCCCEHC	1
3128	9.260	7.725	15.803	33	535	15.2	6.1	CCCCCCCHECCHCCHCCCCCHCCCCCCCCCEHC	1
3129	7.098	7.649	15.951	33	535	18.2	6.1	CHCCCCCHCCECCCCCCCHCHCCHCCCCCECHC	2
3130	6.947	8.008	8.486	33	535	9.1	6.1	CCCECCECCCCCCCCCHCCCHCCCCHCCCCCCC	0
3131	6.943	8.080	7.592	33	535	9.1	0.0	CCCCCCCCCCHCCCCCHCCCCCCCCHCCCCCCC	0
3132	7.036	8.050	7.734	33	535	12.1	6.1	CCEECCCCCCHCCCCCHCCCHCCCCHCCCCCCC	0
3133	9.412	7.855	17.127	33	535	15.2	12.1	CECCCCCHCCEHCCHCCCCCHECCCCCCCCEHC	1
3134	9.305	7.777	16.875	33	535	15.2	6.1	CCCCCCCHECEHCCHCCCCCHCCCCCCCCCCHC	1
3135	9.442	7.753	16.843	33	535	15.2	9.1	CCCCCCCHECEHCCHCCCCCHCCCCCCCCCEHC	1
3136	6.893	8.091	7.977	33	535	9.1	9.1	CECECCECCCHCCCCCHCCCHCCCCCCCCCCCC	0
3137	6.906	8.060	8.340	33	535	6.1	6.1	CECECCCCCCCCCCCCHCCCCCCCCHCCCCCCC	0
3138	6.924	8.022	7.785	33	535	12.1	6.1	CCCECCECCCHCCCCCHCCCHCCCCHCCCCCCC	0
3139	6.961	7.773	16.919	33	535	9.1	15.2	CCCCCECCCCECCCCEHCCCHECCECCCCCCHC	3
3140	7.017	7.748	16.286	33	535	9.1	21.2	CCCCCECCCCECCCCEHECCHECCECCCCECHC	3
3141	7.018	8.120	7.674	33	535	12.1	6.1	CECECCCCCCHCHCCCCCCCHCCCCHCCCCCCC	0
3142	6.961	8.087	8.760	33	535	12.1	9.1	CEECCCECCCHCHCCCCCCCHCCCCHCCCCCCC	0
3143	6.948	8.034	8.286	33	535	9.1	6.1	CEECCCCCCCHCCCCCCCCCHCCCCHCCCCCCC	0
3144	7.037	8.078	8.115	33	535	9.1	9.1	CECECCECCCHCCCCCCCCCHCCCCHCCCCCCC	0
3145	6.936	7.923	7.737	33	535	9.1	3.0	CCCECCCCCCHCCCCCCCCCHCCCCHCCCCCCC	0
3146	6.778	7.973	8.018	33	535	9.1	6.1	CECECCCCCCHCCCCCCCCCHCCCCHCCCCCCC	0
3147	6.935	8.001	7.944	33	535	12.1	3.0	CCCCCCECCCHCHCCCCCCCHCCCCHCCCCCCC	0
3148	8.958	7.776	14.724	33	535	12.1	3.0	CCCCCCCHCCCHCCHCCCCCHCCCCCCCCCECC	1
3149	6.947	7.955	8.123	33	535	12.1	9.1	CECECCECCCHCCCCCHCCCHCCCCHCCCCCCC	0
3150	9.088	7.788	16.108	33	535	15.2	6.1	CCCCCCCHECCHCCHCCCCCHCCCCCCCCCEHC	1
3151	9.286	7.808	16.449	33	535	9.1	6.1	CCCCCCCCCCCCCCHCCCCCHECCCCCCCCEHC	1
3152	6.867	8.023	8.455	33	535	12.1	3.0	CCECCCCCCCHCHCCCCCCCHCCCCHCCCCCCC	0
3153	6.781	8.049	8.915	33	535	12.1	6.1	CCEECCCCCCCCHCHCCCCCHCCCCHCCCCCCC	0
3154	6.900	7.618	16.163	33	535	9.1	9.1	CCCCCCCCCCECCCCCHCCCHECCCCCCCECHC	3
3155	6.806	7.977	8.532	33	535	15.2	6.1	CCECCCECCCHCHCCHCCCCHCCCCHCCCCCCC	0
3156	6.836	7.646	15.349	33	535	9.1	9.1	CCCCCCCCCCECCCCCHCCCHCCCECCCCECHC	3
3157	6.957	7.915	7.894	33	535	9.1	3.0	CCCECCCCCCHCCCCCCCCCHCCCCHCCCCCCC	0
3158	6.974	7.640	16.090	33	535	9.1	9.1	CCCCCCCCCCECCCCCHCCCHCCCECCCCECHC	3
3159	6.860	7.950	7.949	33	535	12.1	3.0	CCCECCCCCCHCHCCCCCCCHCCCCCCCCCHCC	0
3160	7.072	7.990	7.495	33	535	6.1	3.0	CCCCCCECCCHCCCHCCCCCCCCCCCCCCCCCC	0
3161	6.961	7.644	16.113	33	535	15.2	9.1	CHCCCCCHECECCCCCCCHCHCCCCCCCCECHC	2
3162	9.002	7.860	16.548	33	535	15.2	9.1	CCCCCCCHCCEHCCHECCCCHCCCCCCCCCEHC	1
3163	7.090	7.884	7.327	33	535	15.2	3.0	CECCCCCCCCHCHCHHCCCCHCCCCCCCCCCCC	0
3164	6.992	7.881	8.088	33	535	12.1	3.0	CCECCCCCCCHCHCHCCCCCHCCCCCCCCCCCC	0
3165	6.975	7.997	8.860	33	535	12.1	0.0	CCCCCCCCCCHCHCHCCCCCCCCCCCHCCCCCC	0
3166	7.213	7.959	7.176	33	535	9.1	0.0	CCCCCCCCCCHCHCCCCCCCHCCCCCCCCCCCC	0
3167	6.852	7.780	8.884	33	535	9.1	0.0	CCCCCCCCCCHCCCCCCCCCHCCCCCHCCCCCC	0
3168	6.874	7.923	8.747	33	535	6.1	3.0	CCECCCCCCCHCCCCCCCCCHCCCCCCCCCCCC	0
3169	6.801	7.947	7.950	33	535	9.1	0.0	CCCCCCCCCCCCHCCCCCCCHCCCCHCCCCCCC	0
3170	6.795	7.676	15.613	33	535	9.1	15.2	CCCCCCCECCECCCCEHCCCHCCCECCCCECHC	3
3171	9.230	7.799	16.599	33	535	15.2	9.1	CCCCCCCHCCCHCCHECECCHCCCCCCCCCEHC	1
3172	6.744	7.703	16.508	33	535	21.2	6.1	CHCCHCCHCCECCHCCCCCCHCCHCCCCCECHC	2
3173	6.912	7.912	8.318	33	535	18.2	3.0	CCCCCCCCCCHCHCHEHCCCHCCCCHCCCCCCC	0
3174	6.895	8.031	7.612	33	535	3.0	3.0	CECCCCCCCCCCCCHCCCCCCCCCCCCCCCCCC	0
3175	7.077	8.001	7.948	33	535	3.0	0.0	CCCCCCCCCCCCCCCCCCCCHCCCCCCCCCCCC	0
3176	6.656	7.610	16.175	33	535	21.2	6.1	CHCCCCCHECECCCCCCCHCHCCCCHCCCCHHC	2
3177	6.876	7.942	7.639	33	535	12.1	0.0	CCCCCCCCCCHCHCCCCCCCHCCCCHCCCCCCC	0
3178	6.944	8.005	7.687	33	535	6.1	3.0	CCCCCCECCCHCCCCCCCCCCCCCCHCCCCCCC	0
3179	9.101	7.853	16.680	33	535	15.2	6.1	CCCCCCCHCCEHCCHCCCCCHCCCCCCCCCEHC	1
3180	9.080	7.737	15.846	33	535	15.2	6.1	CCCCCCCHCCEHCCHCCCCCHCCCCCCCCCEHC	1
3181	6.655	7.682	16.064	33	535	15.2	6.1	CHCCCCCHCCECCCCCCHCCCCCCCCCCCEHHC	2
3182	7.048	8.000	7.740	33	535	6.1	0.0	CCCCCCCCCCHCHCCCCCCCCCCCCCCCCCCCC	0
3183	6.793	8.049	9.309	33	535	12.1	3.0	CCCECCCCCCHCHCCCHCCCHCCCCCCCCCCCC	0
3184	9.021	7.826	16.559	33	535	15.2	6.1	CCCCCCCHCCEHCCHCCCCCHCCCCCCCCCEHC	1
3185	6.849	7.703	15.976	33	535	9.1	12.1	CCCCCECECCECCCCCHCCCHECCCCCCCCCHC	3
3186	6.937	7.720	17.020	33	535	15.2	3.0	CCCCCCCHCCCCCCCCCCHCHCCCCCCCCEHHC	2
3187	6.976	8.001	7.964	33	535	12.1	3.0	CCCECCCCCCHCHCHCCCCCHCCCCCCCCCCCC	0
3188	8.964	7.831	15.584	33	535	15.2	6.1	CCCCCCCHECCHCCHCCCCCHCCCCCCCCCEHC	1
3189	9.018	7.865	16.003	33	535	12.1	3.0	CCCCCCCHCCCHCCCCCCCCHCCCCCCCCCEHC	1
3190	7.152	7.946	7.707	33	535	12.1	6.1	CECECCCCCCHCHCCCCCCCHCCCCHCCCCCCC	0
3191	9.096	7.766	16.107	33	535	15.2	6.1	CCCCCCCHCCCHCCHCCCCCHECCCCCCCCEHC	1
3192	6.835	7.747	16.615	33	535	15.2	0.0	CHCCCCCHCCCCCCCCCCHCHCCCCCCCCCCHC	2
3193	9.052	7.736	15.672	33	535	15.2	6.1	CCCCCCCHCCCHCCHECCCCHCCCCCCCCCEHC	1
3194	6.616	7.924	7.321	33	535	9.1	3.0	CCECCCCCCCHCCCHCCCCCHCCCCCCCCCCCC	0
3195	6.701	7.970	7.712	33	535	6.1	3.0	CCCECCCCCCCCCCCCCCCCHCCCCHCCCCCCC	0
3196	6.947	7.786	16.706	33	535	9.1	9.1	CCCCCCCECCECCCCCHCCCHCCCCCCCCECHC	3
3197	6.811	7.916	7.347	33	535	12.1	6.1	CCCECCECCCHCHCCCCCCCHCCCCHCCCCCCC	0
3198	9.024	7.880	16.043	33	535	15.2	9.1	CCCCCCCHCCEHCCHECCCCHECCCCCCCCCHC	1
3199	9.054	7.871	16.379	33	535	15.2	9.1	CCCCCCCHCCCHCCHECCCCHECCCCCCCCEHC	1
3200	9.088	7.889	16.309	33	535	15.2	3.0	CCCCCCCHCCEHCCHCCCCCHCCCCCCCCCCHC	1
3201	9.052	7.796	17.134	33	535	12.1	6.1	CCCCCCCHCCCHECHCCCCCHCCCCCCCCCECC	1
3202	9.227	7.905	16.203	33	535	15.2	3.0	CCCCCCCHCCCHCCHCCCCCHCCCCCCCCCEHC	1
3203	6.839	7.821	6.969	33	535	9.1	9.1	CEEECCCCCCCCHCCCCCCCHCCCCHCCCCCCC	0
3204	9.099	7.843	16.667	33	535	15.2	12.1	CECCCCCHCCEHCCHCCCCCHECCCCCCCCEHC	1
3205	6.765	8.021	5.653	33	535	18.2	6.1	CCEECCCCCCHCHCHCCCCCHCCCCHCCCCCHC	0
3206	6.857	8.127	5.721	33	535	9.1	6.1	CEECCCCCCCHCCCCCCCCCHCCCCCCCCCHCC	0
3207	9.280	7.839	16.721	33	535	12.1	6.1	CCCCCCCHCCEHCCHCCCCCHECCCCCCCCCCC	1
3208	6.890	7.904	6.237	33	535	6.1	3.0	CCCECCCCCCHCCCCCCCCCCCCCCCCCCCHCC	0
3209	6.765	7.857	6.438	33	535	3.0	3.0	CCCECCCCCCCCHCCCCCCCCCCCCCCCCCCCC	0
3210	9.388	7.840	16.292	33	535	12.1	6.1	CCCCCCCHCCCCCCHCCCCCHECCCCCCCCEHC	1
3211	9.239	7.830	16.503	33	535	12.1	9.1	CECCCCCHCCECCCHCCCCCHCCCCCCCCCEHC	1
3212	9.319	7.779	16.093	33	535	12.1	3.0	CCCCCCCCCCEHCCHCCCCCHCCCCCCCCCCHC	1
3213	9.283	7.830	16.412	33	535	15.2	9.1	CCCCCCCHCCEHECHCCCCCHCCCCCCCCCEHC	1
3214	9.323	7.861	16.933	33	535	15.2	9.1	CECCCCCHCCCHECHCCCCCHCCCCCCCCCEHC	1
3215	9.301	7.822	16.396	33	535	15.2	6.1	CCCCCCCHCCEHECHCCCCCHCCCCCCCCCCHC	1
3216	6.875	7.913	7.175	33	535	9.1	0.0	CCCCCCCCCCHCCCCCCCCCHCCCCHCCCCCCC	0
3217	9.371	7.788	16.468	33	535	12.1	0.0	CCCCCCCHCCCHCCHCCCCCHCCCCCCCCCCCC	1
3218	6.864	7.914	6.791	33	535	12.1	0.0	CCCCCCCCCCHCHCHCCCCCHCCCCCCCCCCCC	0
3219	7.036	7.949	7.195	33	535	9.1	6.1	CEECCCCCCCHCHCCCCCCCCCCCCHCCCCCCC	0
3220	6.914	7.971	7.595	33	535	3.0	3.0	CCCECCCCCCCCCCCCCCCCCCCCCHCCCCCCC	0
3221	9.291	7.788	16.057	33	535	12.1	9.1	CECCCCCCCCCHCCHCCCCCHECCCCCCCCEHC	1
3222	9.254	7.760	16.553	33	535	12.1	3.0	CCCCCCCHCCCHCCHCCCCCCCCCCCCCCCEHC	1
3223	6.729	7.874	7.000	33	535	9.1	0.0	CCCCCCCCCCHCCCCCCCCCHCCCCHCCCCCCC	0
3224	6.668	7.771	6.865	33	535	15.2	0.0	CCCCCCCCCCHCHCCCCCCCHCCCCHCCCCHCC	0
3225	6.964	7.651	16.259	33	535	18.2	3.0	CHCCCCCHCCCCCCCCCCHCHCCCCCCCCEHHC	2
3226	9.090	7.849	16.721	33	535	12.1	6.1	CCCCCCCHCCEHCCHCCCCCHCCCCCCCCCECC	1
3227	9.017	7.772	15.880	33	535	12.1	9.1	CCCCCCCCCCEHCCHECCCCHCCCCCCCCCEHC	1
3228	6.670	7.946	7.018	33	535	15.2	0.0	CCCCCCCCCCHCCCCCHCCCHCCCCHCCCCHCC	0
3229	8.963	7.792	15.648	33	535	15.2	6.1	CCCCCCCHCCCHCCHCCCCCHECCCCCCCCEHC	1
3230	9.024	7.854	15.926	33	535	15.2	6.1	CCCCCCCHCCEHCCHCCCCCHCCCCCCCCCEHC	1
3231	9.057	7.816	16.797	33	535	15.2	18.2	CECCCCCHECEHCCHCCECCHECCCCCCCCEHC	1
3232	6.773	7.972	6.752	33	535	12.1	0.0	CCCCCCCCCCHCHCCCCCCCHCCCCHCCCCCCC	0
3233	9.104	7.879	16.042	33	535	15.2	3.0	CCCCCCCHCCCHCCHCCCCCHCCCCCCCCCEHC	1
3234	6.806	7.616	16.343	33	535	24.2	6.1	CHCCHCCHCCCCCCCCCCHCHCCHCCCECEHHC	2
3235	9.164	7.781	16.265	33	535	15.2	9.1	CCCCCCCHECEHCCHCCCCCHCCCCCCCCCEHC	1
3236	6.987	7.660	16.461	33	535	18.2	6.1	CHCCCCCHCCECCCCCCCHCHCCCCCCCCEHHC	2
3237	6.671	7.849	7.121	33	535	12.1	3.0	CCCECCCCCCHCHCCCCCCCCCCCCHCCCCHCC	0
3238	6.728	7.882	7.208	33	535	9.1	6.1	CCCECCECCCHCHCCCCCCCHCCCCCCCCCCCC	0
3239	9.204	7.843	16.500	33	535	15.2	9.1	CCCCCCCHECEHECHCCCCCHCCCCCCCCCCHC	1
3240	9.321	7.840	17.020	33	535	15.2	3.0	CCCCCCCHCCEHCCHCCCCCHCCCCCCCCCCHC	1
3241	7.023	7.774	16.673	33	535	9.1	9.1	CCCCCECCCCECCCCCHCCCHECCCCCCCCCHC	3
3242	6.792	7.986	7.017	33	535	3.0	3.0	CCCECCCCCCCCCCCCCCCCHCCCCCCCCCCCC	0
3243	6.826	7.949	6.529	33	535	15.2	6.1	CCCECCECCCHCHCCCHCCCHCCCCHCCCCCCC	0
3244	9.255	7.824	16.222	33	535	15.2	12.1	CCCCCCCHCCEHECHCCECCHCCCCCCCCCEHC	1
3245	6.916	8.040	7.606	33	535	12.1	3.0	CCCECCCCCCHCHCCCCCCCHCCCCHCCCCCCC	0
3246	9.192	7.831	16.698	33	535	15.2	3.0	CCCCCCCHCCCHCCHCCECCHCCCCCCCCCCHC	1
3247	9.168	7.884	17.127	33	535	15.2	3.0	CCCCCCCHCCCHCCHCCCCCHECCCCCCCCCHC	1
3248	6.897	7.628	16.121	33	535	24.2	6.1	CHCCCCCHCCECCHCCCCHCHCCHCCCCCEHHC	2
3249	6.796	7.950	8.020	33	535	9.1	6.1	CEECCCCCCCHCCCCCCCCCHCCCCHCCCCCCC	0
3250	6.845	7.670	16.769	33	535	18.2	6.1	CHCCCCCHECECCHCCCCHCCCCCCCCCCCHHC	2
3251	6.829	7.599	16.322	33	535	21.2	6.1	CCCCCCCHCCECCHCCCCHCHCCHCCCCCEHHC	2
3252	9.080	7.838	16.748	33	535	15.2	12.1	CCCCCCCHCCEHCCHECECCHCCCCCCCCCEHC	1
3253	6.701	7.697	16.890	33	535	21.2	6.1	CHCCCCCHCCECCHCCCCHCHCCCCCCCCEHHC	2
3254	9.280	7.928	16.851	33	535	15.2	6.1	CCCCCCCHCCEHCCHCCCCCHCCCCCCCCCEHC	1
3255	9.174	7.870	16.085	33	535	15.2	6.1	CCCCCCCHCCCHCCHCCECCHECCCCCCCCCHC	1
3256	9.091	7.875	16.415	33	535	15.2	9.1	CCCCCCCHECEHCCHCCCCCHECCCCCCCCCHC	1
3257	9.163	7.856	16.493	33	535	15.2	9.1	CCCCCCCHECEHCCHCCCCCHCCCCCCCCCEHC	1
3258	6.836	7.638	16.475	33	535	18.2	6.1	CHCCCCCHCCECCCCCCCHCHCCCCCCCCEHHC	2
3259	6.940	8.058	6.837	33	535	6.1	0.0	CCCCCCCCCCHCCCCCCCCCHCCCCCCCCCCCC	0
3260	6.718	7.760	17.234	33	535	21.2	6.1	CHCCCCCHCCECCHCCCCHCHCCCCCCCCEHHC	2
3261	9.174	7.786	16.172	33	535	12.1	3.0	CCCCCCCCCCEHCCHCCCCCHCCCCCCCCCCHC	1
3262	7.008	7.988	7.470	33	535	15.2	3.0	CCCECCCCCCHCHCCCHCCCHCCCCCCCCCCHC	0
3263	6.951	7.633	16.227	33	535	18.2	6.1	CHCCCCCHCCCCCCCCCCHCHCCCCCCECEHHC	2
3264	6.865	8.022	8.044	33	535	6.1	6.1	CCCECCECCCCCHCCCCCCCHCCCCCCCCCCCC	0
3265	6.957	7.612	16.021	33	535	18.2	0.0	CHCCCCCHCCCCCCCCCCHCHCCCCCCCCCHHC	2
3266	9.155	7.828	15.920	33	535	15.2	9.1	CCCCCCCHCCEHCCHCCCCCHECCCCCCCCEHC	1
3267	6.742	7.979	7.611	33	535	9.1	6.1	CCEECCCCCCHCCCCCCCCCHCCCCHCCCCCCC	0
3268	6.607	8.030	6.654	33	535	15.2	6.1	CCEECCCCCCHCCCHCCCCCHCCCCHCCCCHCC	0
3269	6.703	7.813	16.883	33	535	12.1	0.0	CCCCHHHHCCCCCCCCCCCCCCCCCCCCCCCCC	2
3270	6.862	7.704	15.872	33	535	12.1	0.0	CCCCHHHHCCCCCCCCCCCCCCCCCCCCCCCCC	2
3271	6.936	7.869	7.145	33	535	6.1	9.1	CEEECCCCCCHCCCCCCCCCHCCCCCCCCCCCC	0
3272	9.107	7.827	16.274	33	535	15.2	6.1	CCCCCCCHCCEHCCHCCCCCHCCCCCCCCCEHC	1
3273	6.894	7.885	7.985	33	535	12.1	6.1	CECECCCCCCHCHCHCCCCCHCCCCCCCCCCCC	0
3274	7.112	7.946	7.425	33	535	3.0	6.1	CCEECCCCCCCCHCCCCCCCCCCCCCCCCCCCC	0
3275	9.270	7.862	16.433	33	535	15.2	6.1	CCCCCCCHCCCHCCHCCCCCHECCCCCCCCEHC	1
3276	6.789	7.711	17.078	33	535	18.2	6.1	CHCCCCCHCCECCCCCCCHCHCCCCCCCCEHHC	2
3277	9.233	7.791	15.314	33	535	15.2	9.1	CCCCCCCHECEHCCHCCCCCHCCCCCCCCCEHC	1
3278	6.777	7.977	7.417	33	535	12.1	0.0	CCCCCCCCCCHCCCCCCCCCHCCCCHCCCCCHC	0
3279	6.817	7.973	7.359	33	535	9.1	3.0	CECCCCCCCCHCHCCCCCCCHCCCCCCCCCCCC	0
3280	9.054	7.755	15.552	33	535	15.2	12.1	CCCCCCCHCCEHCCHCCECCHECCCCCCCCEHC	1
3281	9.085	7.790	16.676	33	535	15.2	9.1	CCCCCCCHCCEHCCHECCCCHCCCCCCCCCEHC	1
3282	9.111	7.891	16.472	33	535	15.2	12.1	CECCCCCHCCCHCCHECCCCHECCCCCCCCEHC	1
3283	8.976	7.783	15.494	33	535	15.2	6.1	CCCCCCCHECCHCCHCCCCCHCCCCCCCCCEHC	1
3284	9.131	7.816	15.791	33	535	15.2	0.0	CCCCCCCHCCCHCCHCCCCCHCCCCCCCCCCHC	1
3285	9.091	7.859	16.288	33	535	15.2	9.1	CCCCCCCHCCEHCCHCCCCCHECCCCCCCCEHC	1
3286	9.105	7.808	16.390	33	535	12.1	3.0	CCCCCCCHCCECCCHCCCCCHCCCCCCCCCCHC	1
3287	6.835	7.645	16.518	33	535	15.2	3.0	CHCCCCCHCCCCCCCCCHCCHCCCCCCCCECHC	2
3288	6.882	7.800	8.418	33	535	9.1	3.0	CECCCCCCCCHCCCCCCCCCHCCCCHCCCCCCC	0
3289	9.085	7.899	16.385	33	535	15.2	12.1	CECCCCCHCCEHECHCCCCCHECCCCCCCCCHC	1
3290	8.980	7.872	15.590	33	535	15.2	6.1	CCCCCCCHECEHCCHCCCCCHCCCCCCCCCCHC	1
3291	6.770	7.617	15.997	33	535	15.2	6.1	CHCCCCCHCCECCCCCCHCCCCCCCCCCCEHHC	2
3292	6.787	8.009	8.464	33	535	12.1	3.0	CCCECCCCCCHCHCHCCCCCCCCCCHCCCCCCC	0
3293	6.822	7.995	8.804	33	535	6.1	9.1	CEEECCCCCCCCHCCCCCCCHCCCCCCCCCCCC	0
3294	9.156	7.784	15.496	33	535	15.2	6.1	CCCCCCCHCCEHCCHCCCCCHCCCCCCCCCEHC	1
3295	8.979	7.729	16.079	33	535	12.1	6.1	CCCCCCCCCCCHCCHCCCCCHECCCCCCCCEHC	1
3296	9.101	7.864	16.613	33	535	15.2	9.1	CCCCCCCHCCEHCCHECCCCHCCCCCCCCCEHC	1
3297	6.678	7.942	7.035	33	535	12.1	3.0	CCECCCCCCCHCCCCCHCCCHCCCCCCCCCHCC	0
3298	6.800	7.963	8.091	33	535	12.1	0.0	CCCCCCCCCCHCCCCCHCCCCCCCCHCCCCHCC	0
3299	6.751	7.833	6.542	33	535	6.1	6.1	CCCECCECCCHCCCCCCCCCHCCCCCCCCCCCC	0
3300	9.003	7.784	15.745	33	535	12.1	9.1	CCCCCCCHCCEHCCHECCCCHCCCCCCCCCECC	1
3301	9.124	7.814	15.732	33	535	15.2	0.0	CCCCCCCHCCCHCCHCCCCCHCCCCCCCCCCHC	1
3302	6.844	8.028	8.401	33	535	12.1	6.1	CCECCCECCCHCCCCCHCCCHCCCCHCCCCCCC	0
3303	6.835	7.883	7.655	33	535	9.1	0.0	CCCCCCCCCCHCHCHCCCCCCCCCCCCCCCCCC	0
3304	6.821	7.661	16.762	33	535	12.1	0.0	CCCCHHHHCCCCCCCCCCCCCCCCCCCCCCCCC	2
3305	8.874	7.847	15.894	33	535	15.2	0.0	CCCCCCCHCCCHCCHCCCCCHCCCCCCCCCCHC	1
3306	8.783	7.764	15.424	33	535	12.1	3.0	CCCCCCCHCCEHCCCCCCCCHCCCCCCCCCCHC	1
3307	8.808	7.803	15.826	33	535	12.1	0.0	CCCCCCCHCCCHCCHCCCCCHCCCCCCCCCCCC	1
3308	9.020	7.786	15.925	33	535	15.2	6.1	CCCCCCCHCCCHECHCCCCCHCCCCCCCCCEHC	1
3309	6.894	7.645	15.856	33	535	15.2	6.1	CHCCCCCCCCECCCCCCCHCHCCCCCCCCEHHC	2
3310	6.955	7.934	7.212	33	535	9.1	3.0	CCCECCCCCCHCCCCCCCCCHCCCCHCCCCCCC	0
3311	6.984	7.888	8.350	33	535	3.0	6.1	CECECCCCCCCCCCCCCCCCHCCCCCCCCCCCC	0
3312	6.968	7.987	8.742	33	535	15.2	6.1	CCEECCCCCCHCHCCCHCCCHCCCCHCCCCCCC	0
3313	6.849	7.927	7.638	33	535	12.1	0.0	CCCCCCCCCCCCHCHCCCCCHCCCCHCCCCCCC	0
3314	6.964	7.859	8.090	33	535	12.1	0.0	CCCCCCCCCCHCHCCCCCCCHCCCCHCCCCCCC	0
3315	6.997	8.028	8.098	33	535	9.1	3.0	CCECCCCCCCHCCCCCCCCCHCCCCCCCCCHCC	0
3316	7.060	8.025	7.889	33	535	12.1	6.1	CECECCCCCCHCHCCCCCCCHCCCCHCCCCCCC	0
3317	9.097	7.770	15.709	33	535	15.2	6.1	CCCCCCCHCCCHCCHCCCCCHECCCCCCCCEHC	1
3318	6.866	7.710	16.442	33	535	18.2	3.0	CHCCCCCHCCCCCCCCCCHCCCCHCCCECCHHC	2
3319	7.028	7.926	7.885	33	535	12.1	6.1	CECECCCCCCHCHCCCCCCCHCCCCHCCCCCCC	0
3320	6.613	7.729	16.792	33	535	12.1	0.0	CCCCHHHHCCCCCCCCCCCCCCCCCCCCCCCCC	2
3321	9.120	7.812	14.905	33	535	15.2	3.0	CCCCCCCHCCCHCCHCCCCCHCCCCCCCCCEHC	1
3322	6.901	7.912	7.653	33	535	9.1	6.1	CECECCCCCCHCCCCCCCCCHCCCCHCCCCCCC	0
3323	8.987	7.736	14.775	33	535	15.2	6.1	CCCCCCCHCCCHCHCCCCCCHECCCCCCCCEHC	1
3324	6.798	7.938	6.606	33	535	6.1	3.0	CCCECCCCCCCCCCCCCCCCHCCCCHCCCCCCC	0
3325	6.860	7.944	5.261	33	535	15.2	3.0	CECCCCCCCCHCHCHCCCCCHCCCCHCCCCCCC	0
3326	6.915	7.962	5.493	33	535	15.2	6.1	CEECCCCCCCHCHCCHCCCCHCCCCCCCCCHCC	0
3327	9.043	7.882	15.870	33	535	15.2	3.0	CCCCCCCHCCCHCCHCCCCCHCCCCCCCCCEHC	1
3328	9.027	7.727	15.983	33	535	15.2	0.0	CCCCCCCHCCCHCCHCCCCCHCCCCCCCCCCHC	1
3329	6.760	7.660	15.983	33	535	18.2	9.1	CHCCCCCHCCECCCCCCHCCHCCHCCCECECHC	2
3330	6.853	8.003	5.157	33	535	15.2	0.0	CCCCCCCCCCHCHCCCCCCCCCCHCHCCCCHCC	0
3331	6.746	7.637	15.795	33	535	18.2	6.1	CCCCCCCHCCCCCCCCCCHCHCCHCCCECEHHC	2
3332	6.824	8.135	6.601	33	535	12.1	6.1	CCCECCECCCHCCCHCCCCCHCCCCHCCCCCCC	0
3333	6.869	8.039	6.035	33	535	15.2	9.1	CEEECCCCCCHCHCCCCCCCHCCCCHCCCCCHC	0
3334	9.090	7.774	16.531	33	535	15.2	12.1	CCCCCCCHCCEHCCHCCECCHECCCCCCCCEHC	1
3335	9.098	7.848	17.274	33	535	12.1	12.1	CCCCCCCCECEHCCHCCCCCHECCCCCCCCEHC	1
3336	6.736	8.019	6.888	33	535	12.1	6.1	CECECCCCCCCCHCCHCCCCHCCCCHCCCCCCC	0
3337	6.780	8.171	6.767	33	535	12.1	0.0	CCCCCCCCCCHCCCCCHCCCHCCCCHCCCCCCC	0
3338	9.133	7.777	16.376	33	535	12.1	9.1	CECCCCCHCCCHCCCCCCCCHECCCCCCCCEHC	1
3339	8.987	7.793	16.862	33	535	15.2	3.0	CCCCCCCHCCCHCCHCCCCCHCCCCCCCCCEHC	1
3340	6.826	8.057	8.080	33	535	15.2	3.0	CCECCCCCCCHCHCCCHCCCHCCCCHCCCCCCC	0
3341	6.849	8.168	7.034	33	535	9.1	3.0	CCCECCCCCCHCHCCCCCCCHCCCCCCCCCCCC	0
3342	6.829	7.769	16.428	33	535	18.2	3.0	CHCCCCCHCCCCCCCCCHCCHCCHCCCCCECHC	2
3343	6.910	7.974	6.974	33	535	6.1	3.0	CCECCCCCCCHCCCCCCCCCHCCCCCCCCCCCC	0
3344	6.891	8.038	7.736	33	535	12.1	3.0	CCCCCCECCCHCHCCCCCCCHCCCCHCCCCCCC	0
3345	7.031	7.995	8.167	33	535	9.1	6.1	CECECCCCCCHCCCCCCCCCHCCCCHCCCCCCC	0
3346	6.718	7.893	15.514	33	535	9.1	15.2	CCCCCCCCECECCCCEHCCCHECCCCCCCECHC	3
3347	6.851	8.041	7.593	33	535	15.2	6.1	CECECCCCCCHCHCCCHCCCHCCCCHCCCCCCC	0
3348	6.629	7.922	15.948	33	535	9.1	12.1	CCCCCCCCCCECCCCEHCCCHECCCCCCCECHC	3
3349	6.976	7.933	8.000	33	535	9.1	0.0	CCCCCCCCCCHCCCCCCCCCHCCCCHCCCCCCC	0
3350	6.723	7.893	8.069	33	535	15.2	0.0	CCCCCCCCCCHCHCHCCCCCHCCCCHCCCCCCC	0
3351	6.831	7.922	6.913	33	535	12.1	3.0	CCCCCCECCCHCHCCCCCCCHCCCCHCCCCCCC	0
3352	9.207	7.830	15.691	33	535	15.2	6.1	CCCCCCCHCCEHCCHCCCCCHCCCCCCCCCEHC	1
3353	6.782	7.870	15.840	33	535	12.1	9.1	CCCCCCCCCCECCHCCHCCCHECCCCCCCECHC	3
3354	6.740	8.002	7.016	33	535	12.1	3.0	CECCCCCCCCHCHCCCHCCCHCCCCCCCCCCCC	0
3355	9.310	7.812	16.712	33	535	12.1	6.1	CCCCCCCHCCECCCHCCCCCHCCCCCCCCCEHC	1
3356	9.327	7.851	17.267	33	535	15.2	6.1	CCCCCCCHECEHCCHCCCCCHCCCCCCCCCCHC	1
3357	9.218	7.778	15.915	33	535	12.1	6.1	CCCCCCCHCCECCCHCCECCHCCCCCCCCCCHC	1
3358	6.641	7.948	9.247	33	535	9.1	0.0	CCCCCCCCCCHCHCCCCCCCHCCCCCCCCCCCC	0
3359	9.054	7.736	16.457	33	535	15.2	6.1	CCCCCCCHCCCHCCHCCECCHCCCCCCCCCEHC	1
3360	6.826	8.025	8.175	33	535	9.1	6.1	CECECCCCCCCCHCCCCCCCHCCCCHCCCCCCC	0
3361	6.869	7.899	8.425	33	535	3.0	3.0	CCCCCCECCCCCCCCCCCCCCCCCCHCCCCCCC	0
3362	9.023	7.790	15.600	33	535	12.1	6.1	CCCCCCCHCCEHCCHCCCCCHCCCCCCCCCECC	1
3363	6.988	8.042	7.815	33	535	9.1	6.1	CCEECCCCCCHCCCCCHCCCHCCCCCCCCCCCC	0
3364	6.870	7.972	8.923	33	535	9.1	9.1	CEEECCCCCCHCHCCCCCCCHCCCCCCCCCCCC	0
3365	6.942	7.950	8.022	33	535	12.1	3.0	CCCECCCCCCHCHCCCCCCCHCCCCHCCCCCCC	0
3366	9.095	7.775	15.803	33	535	15.2	0.0	CCCCCCCHCCCHCCHCCCCCHCCCCCCCCCCHC	1
3367	9.018	7.819	15.241	33	535	15.2	3.0	CCCCCCCHCCCHCCHCCCCCHCCCCCCCCCEHC	1
3368	6.918	7.905	8.153	33	535	12.1	0.0	CCCCCCCCCCHCHCCCHCCCHCCCCCCCCCCCC	0
3369	6.881	7.847	9.347	33	535	9.1	3.0	CCCCCCECCCCCHCHCCCCCCCCCCHCCCCCCC	0
3370	7.029	7.904	9.030	33	535	12.1	3.0	CCCECCCCCCHCCCCCHCCCHCCCCHCCCCCCC	0
3371	9.055	7.836	16.560	33	535	15.2	6.1	CCCCCCCHCCCHCCHCCCCCHECCCCCCCCEHC	1
3372	9.024	7.776	15.718	33	535	12.1	9.1	CCCCCCCHCCEHCCCCCCCCHECCCCCCCCEHC	1
3373	9.115	7.744	15.656	33	535	12.1	6.1	CCCCCCCHCCEHCCCCCCCCHCCCCCCCCCEHC	1
3374	9.001	7.807	15.794	33	535	15.2	6.1	CCCCCCCHCCCHCCHCCCCCHECCCCCCCCEHC	1
3375	6.963	7.892	8.571	33	535	6.1	6.1	CCCECCECCCHCCCCCCCCCHCCCCCCCCCCCC	0
3376	9.049	7.821	16.603	33	535	12.1	15.2	CCCCCCCHECEHCCCCCECCHECCCCCCCCEHC	1
3377	6.834	8.057	7.589	33	535	9.1	6.1	CCEECCCCCCHCHCCCCCCCHCCCCCCCCCCCC	0
3378	6.926	7.912	7.497	33	535	12.1	3.0	CCCCCCCCCCHCHCHCCCCCCCCCCHCECCCCC	0
3379	9.007	7.777	15.516	33	535	12.1	9.1	CCCCCCCHCCEHCCCCCECCHCCCCCCCCCEHC	1
3380	6.984	7.988	6.989	33	535	15.2	9.1	CEEECCCCCCHCHCHCHCCCHCCCCCCCCCCCC	0
3381	6.983	8.024	7.910	33	535	12.1	6.1	CECECCCCCCHCHCCCHCCCHCCCCCCCCCCCC	0
3382	8.941	7.770	16.222	33	535	15.2	6.1	CCCCCCCHCCCHCCHECCCCHCCCCCCCCCEHC	1
3383	9.010	7.796	15.974	33	535	15.2	3.0	CCCCCCCHCCCHCCHCCCCCHCCCCCCCCCEHC	1
3384	9.068	7.792	16.045	33	535	12.1	6.1	CCCCCCCHECCHCCCCCCCCHECCCCCCCCCHC	1
3385	6.816	7.973	8.689	33	535	9.1	6.1	CCCECCECCCHCCCCCCCCCHCCCCHCCCCCCC	0
3386	6.890	7.866	7.373	33	535	12.1	3.0	CCECCCCCCCHCHCCCHCCCHCCCCCCCCCCCC	0
3387	8.979	7.792	15.925	33	535	15.2	9.1	CCCCCCCHCCCHECHCCCCCHECCCCCCCCEHC	1
3388	6.918	7.986	9.821	33	535	9.1	3.0	CCECCCCCCCHCCCCCCCCCHCCCCHCCCCCCC	0
3389	6.654	7.641	15.866	33	535	21.2	6.1	CHCCHCCHCCECCCCCCCHCHCCCCCCCCEHHC	2
3390	6.913	7.993	9.354	33	535	6.1	3.0	CCCECCCCCCHCCCCCCCCCHCCCCCCCCCCCC	0
3391	6.972	8.087	9.509	33	535	12.1	6.1	CECECCCCCCHCCCHCCCCCHCCCCHCCCCCCC	0
3392	6.985	8.028	8.374	33	535	6.1	3.0	CCECCCCCCCHCCCCCCCCCHCCCCCCCCCCCC	0
3393	6.656	7.705	16.390	33	535	12.1	6.1	CHCCCCHCCCECCCCCCCCCCCCHCCCCCECHC	2
3394	6.962	8.009	7.436	33	535	15.2	9.1	CEEECCCCCCHCHCHCCCCCHCCHCCCCCCCCC	0
3395	6.821	7.952	7.261	33	535	15.2	0.0	CCCCCCCCCCHCHCCCHCCCHCCCCCCCCCHCC	0
3396	7.041	8.071	7.724	33	535	12.1	0.0	CCCCCCCCCCHCHCCCCCCCHCCCCHCCCCCCC	0
3397	6.779	7.806	16.517	33	535	12.1	9.1	CCCCCECCCCCCCHCCHCCCHECCECCCCCCHC	3
3398	8.991	7.798	15.890	33	535	15.2	12.1	CCCCCCCHCCEHCCHECCCCHECCCCCCCCEHC	1
3399	6.843	7.690	15.886	33	535	15.2	6.1	CHCCCCCHCCCCCCCCCCHCCCCCCCCECEHHC	2
3400	6.913	8.105	7.459	33	535	6.1	0.0	CCCCCCCCCCCCCCCCCCCCHCCCCCCCCCCHC	0
3401	6.808	7.994	8.710	33	535	6.1	3.0	CCCCCCECCCCCHCCCCCCCCCCCCHCCCCCCC	0
3402	6.840	7.916	7.843	33	535	6.1	0.0	CCCCCCCCCCHCCCCCCCCCHCCCCCCCCCCCC	0
3403	7.068	8.056	7.142	33	535	15.2	3.0	CCECCCCCCCHCHCHCHCCCHCCCCCCCCCCCC	0
3404	9.045	7.701	15.445	33	535	12.1	6.1	CCCCCCCHCCCHCCHCCCCCHECCCCCCCCECC	1
3405	9.087	7.805	16.657	33	535	15.2	9.1	CCCCCCCHCCEHECHCCCCCHCCCCCCCCCEHC	1
3406	7.169	7.985	8.712	33	535	6.1	9.1	CEECCCECCCHCHCCCCCCCCCCCCCCCCCCCC	0
3407	7.014	8.105	10.557	33	535	9.1	3.0	CECCCCCCCCHCHCCCCCCCHCCCCCCCCCCCC	0
3408	9.029	7.776	16.267	33	535	12.1	6.1	CCCCCCCHECEHCCCCCCCCHCCCCCCCCCCHC	1
3409	6.899	8.036	8.288	33	535	12.1	3.0	CCECCCCCCCHCHCCCHCCCCCCCCHCCCCCCC	0
3410	6.996	8.028	8.891	33	535	15.2	9.1	CEECCCECCCHCHCHHCCCCHCCCCCCCCCCCC	0
3411	6.745	7.690	16.066	33	535	15.2	6.1	CHCCCCCHCCECCCCCCCHCHCCCCCCCCECHC	2
3412	6.977	7.897	7.726	33	535	6.1	9.1	CEECCCECCCCCHCCCCCCCHCCCCCCCCCCCC	0
3413	9.104	7.805	16.360	33	535	15.2	6.1	CCCCCCCHECCHCCHCCCCCHCCCCCCCCCEHC	1
3414	9.069	7.716	16.179	33	535	15.2	3.0	CCCCCCCHCCEHCCHCCCCCHCCCCCCCCCCHC	1
3415	9.072	7.689	15.242	33	535	12.1	3.0	CCCCCCCHCCCHCCCCCCCCHCCCCCCCCCEHC	1
3416	6.489	7.788	16.091	33	535	15.2	9.1	CHCCCCCHCCECCCCCCCHCCCCCCCCECEHHC	2
3417	6.873	7.887	8.160	33	535	9.1	0.0	CCCCCCCCCCHCCCCCCCCCHCCCCCCCCCHCC	0
3418	6.769	7.906	6.833	33	535	15.2	3.0	CCCCCCCCCCHCHCCCCCCCHCCHCCHECCCCC	0
3419	6.875	8.098	7.656	33	535	9.1	9.1	CEECCCECCCHCCCHCCCCCHCCCCCCCCCCCC	0
3420	6.783	8.071	8.342	33	535	12.1	0.0	CCCCCCCCCCHCHCCCHCCCHCCCCCCCCCCCC	0
3421	6.882	7.916	16.117	33	535	9.1	15.2	CCCCCCCCECECCCCCHECEHCCCECCCCCCHC	3
3422	6.786	8.000	8.310	33	535	6.1	3.0	CCCECCCCCCCCCCCCCCCCCCCCCHCCCCHCC	0
3423	6.717	7.998	7.101	33	535	12.1	9.1	CCEECCECCCCCHCCCCCCCHCCCCHCCCCHCC	0
3424	6.960	8.073	7.422	33	535	6.1	6.1	CCCECCECCCCCHCCCCCCCCCCCCHCCCCCCC	0
3425	6.608	8.072	7.512	33	535	18.2	6.1	CCECCCECCCHCHCHCCCCCHCCCCHCCCCHCC	0
3426	9.090	7.875	16.739	33	535	15.2	6.1	CCCCCCCHCCEHCCHECCCCHCCCCCCCCCCHC	1
3427	6.756	8.027	7.380	33	535	6.1	6.1	CCECCCCCCCHCCCCCCCCCHCCCCCCECCCCC	0
3428	6.780	7.954	7.633	33	535	6.1	0.0	CCCCCCCCCCHCCCCCCCCCHCCCCCCCCCCCC	0
3429	9.182	7.788	16.300	33	535	15.2	9.1	CCCCCCCHCCCHCCHECCCCHECCCCCCCCEHC	1
3430	7.097	7.961	7.475	33	535	6.1	6.1	CCECCCCCCCHCCCCCCCCCHCCCCCCECCCCC	0
3431	9.162	7.834	16.205	33	535	15.2	9.1	CCCCCCCHCCEHCCHCCCCCHECCCCCCCCEHC	1
3432	9.032	7.788	15.977	33	535	15.2	6.1	CCCCCCCHCCEHCCHCCCCCHCCCCCCCCCEHC	1
3433	7.059	7.948	8.711	33	535	9.1	9.1	CCEECCCCCCCCCCHCCCCCHCCCCCHECCCCC	0
3434	7.096	7.967	7.611	33	535	12.1	3.0	CCCCCCECCCHCHCCCCCCCHCCCCHCCCCCCC	0
3435	6.845	7.911	7.383	33	535	12.1	3.0	CCCCCCCCCCHCCCHCCCCCHCCCCHCECCCCC	0
3436	9.168	7.751	16.099	33	535	15.2	3.0	CCCCCCCHCCCHCCHCCCCCHCCCCCCCCCEHC	1
3437	6.801	8.124	7.606	33	535	9.1	3.0	CCCECCCCCCHCCCHCCCCCCCCCCHCCCCCCC	0
3438	6.930	8.027	7.463	33	535	9.1	9.1	CEECCCCCCCHCCCCCCCCCHCCCCHCECCCCC	0
3439	6.884	8.022	7.508	33	535	9.1	3.0	CCCECCCCCCHCCCCCCCCCHCCCCHCCCCCCC	0
3440	6.599	7.695	15.877	33	535	15.2	9.1	CHCCCCCHECECCCCCCCCCHCCCCCCCCEHHC	2
3441	7.117	7.995	8.468	33	535	6.1	3.0	CCCECCCCCCHCCCCCCCCCCCCCCCHCCCCCC	0
3442	9.151	7.796	16.217	33	535	15.2	6.1	CCCCCCCHCCEHCCHCCCCCHCCCCCCCCCEHC	1
3443	6.614	7.580	15.386	33	535	12.1	0.0	CCCCHHHHCCCCCCCCCCCCCCCCCCCCCCCCC	2
3444	6.850	7.978	8.676	33	535	9.1	6.1	CCCECCECCCHCCCCCCCCCHCCCCHCCCCCCC	0
3445	6.726	7.814	8.675	33	535	9.1	3.0	CCECCCCCCCHCCCCCCCCCHCCCCHCCCCCCC	0
3446	9.135	7.831	16.267	33	535	15.2	9.1	CCCCCCCHCCEHCCHECCCCHCCCCCCCCCEHC	1
3447	8.957	7.841	16.353	33	535	15.2	9.1	CCCCCCCHECEHCCHCCCCCHECCCCCCCCCHC	1
3448	9.144	7.871	16.762	33	535	15.2	9.1	CCCCCCCHCCEHCCHCCCCCHECCCCCCCCEHC	1
3449	9.173	7.795	15.627	33	535	15.2	9.1	CCCCCCCHCCCHCCHECCCCHECCCCCCCCEHC	1
3450	7.107	8.092	9.136	33	535	9.1	3.0	CCCECCCCCCHCCCCCCCCCHCCCCCCCCCHCC	0
3451	6.933	7.963	7.816	33	535	9.1	0.0	CCCCCCCCCCHCCCCCCCCCHCCHCCCCCCCCC	0
3452	8.988	7.912	17.176	33	535	15.2	18.2	CECCCCCHECEHCCHECECCHCCCCCCCCCEHC	1
3453	9.204	7.832	16.385	33	535	15.2	6.1	CCCCCCCHCCEHCCHCCCCCHCCCCCCCCCEHC	1
3454	9.061	7.884	16.328	33	535	15.2	6.1	CCCCCCCHCCEHCCHCCCCCHCCCCCCCCCEHC	1
3455	9.106	7.861	16.809	33	535	15.2	12.1	CCCCCCCHCCEHCCHECCCCHECCCCCCCCEHC	1
3456	9.212	7.854	15.782	33	535	15.2	9.1	CECCCCCHCCCHCCHCCCCCHECCCCCCCCEHC	1
3457	9.177	7.820	16.473	33	535	12.1	9.1	CCCCCCCHECCCCCHCCCCCHECCCCCCCCEHC	1
3458	6.625	7.659	15.537	33	535	12.1	3.0	CHCCCCCHCCCCCCCCCCHCHCCCCCCCCECCC	2
3459	9.083	7.816	16.096	33	535	12.1	9.1	CCCCCCCHCCEHCCHCCECCHCCCCCCCCCECC	1
3460	8.999	7.784	15.271	33	535	15.2	9.1	CCCCCCCHCCEHCCHCCCCCHECCCCCCCCEHC	1
3461	6.825	8.038	7.272	33	535	9.1	6.1	CCCECCECCCHCCCCCCCCCHCCCCHCCCCCCC	0
3462	6.933	7.989	7.023	33	535	9.1	0.0	CCCCCCCCCCHCCCCCCCCCHCCCCHCCCCCCC	0
3463	6.613	7.719	16.007	33	535	15.2	3.0	CHCCCCCHCCCCCCCCCCHCHCCCCCCCCECHC	2
3464	6.621	7.710	15.784	33	535	15.2	3.0	CHCCCCCHCCCCCCCCCCHCHCCCCCCCCECHC	2
3465	8.977	7.790	15.469	33	535	15.2	3.0	CCCCCCCHCCCHCCHCCCCCHECCCCCCCCCHC	1
3466	9.038	7.761	15.304	33	535	15.2	0.0	CCCCCCCHCCCHCCHCCCCCHCCCCCCCCCCHC	1
3467	9.117	7.798	16.560	33	535	15.2	6.1	CCCCCCCHCCCHCCHCCCCCHECCCCCCCCEHC	1
3468	6.624	8.176	7.231	33	535	9.1	3.0	CCCECCCCCCHCCCCCCCCCHCCCCHCCCCCCC	0
3469	6.755	8.132	7.600	33	535	9.1	3.0	CCECCCCCCCCCCCCCCCCCHCCCCHCCCCHCC	0
3470	6.723	8.000	8.014	33	535	9.1	9.1	CEEECCCCCCHCCCCCCCCCHCCCCHCCCCCCC	0
3471	6.678	8.106	7.589	33	535	12.1	12.1	CECECCCCCCHCHCHECCCCCCCCCHCECCCCC	0
3472	6.724	8.037	7.845	33	535	15.2	6.1	CCEECCCCCCHCHCCCCCCCHCCCCHCCCCHCC	0
3473	9.145	7.850	16.195	33	535	15.2	6.1	CCCCCCCHCCEHCCHCCCCCHCCCCCCCCCEHC	1
3474	6.792	8.166	8.317	33	535	12.1	6.1	CECECCCCCCCCHCCCCCCCHCCCCHCCCCHCC	0
3475	6.682	8.052	8.612	33	535	6.1	0.0	CCCCCCCCCCCCHCCCCCCCHCCCCCCCCCCCC	0
3476	6.830	8.022	7.167	33	535	9.1	6.1	CCECCCCCCCHCCCCCHCCCHCCCCCCECCCCC	0
3477	6.884	8.039	8.002	33	535	6.1	6.1	CCEECCCCCCHCCCCCCCCCHCCCCCCCCCCCC	0
3478	6.940	7.980	7.132	33	535	6.1	6.1	CECECCCCCCHCCCCCHCCCCCCCCCCCCCCCC	0
3479	8.946	7.850	16.236	33	535	15.2	9.1	CCCCCCCHCCEHCCHCCCCCHECCCCCCCCEHC	1
3480	6.860	7.974	7.129	33	535	9.1	3.0	CCCECCCCCCHCCCCCCCCCHCCHCCCCCCCCC	0
3481	7.059	8.084	9.097	33	535	9.1	0.0	CCCCCCCCCCCCCCHCCCCCHCCCCHCCCCCCC	0
3482	9.059	7.735	16.034	33	535	12.1	3.0	CCCCCCCHCCCHCCHCCCCCHCCCCCCCCCECC	1
3483	6.996	8.060	10.019	33	535	3.0	9.1	CEEECCCCCCCCCCCCCCCCHCCCCCCCCCCCC	0
3484	7.077	8.052	8.431	33	535	6.1	6.1	CCCECCCCCCCCCCCCHCCCHCCCCCCECCCCC	0
3485	7.051	8.125	7.740	33	535	6.1	6.1	CCCECCECCCCCCCCCCCCCHCCCCCHCCCCCC	0
3486	8.919	7.894	16.352	33	535	15.2	6.1	CCCCCCCHCCCHCCHCCCCCHECCCCCCCCEHC	1
3487	7.011	8.024	7.923	33	535	6.1	6.1	CCCECCCCCCHCCCCCCCCCHCCCCCCECCCCC	0
3488	6.881	7.986	8.565	33	535	12.1	0.0	CCCCCCCCCCHCHCCCCCCCHCCCCCCCCCHCC	0
3489	8.900	7.783	16.124	33	535	12.1	6.1	CECCCCCHCCEHCCCCCCCCHCCCCCCCCCCHC	1
3490	7.195	8.009	7.717	33	535	6.1	6.1	CCCECCCCCCCCHCCCCCCCHCCCCCCECCCCC	0
3491	6.999	8.013	8.507	33	535	6.1	9.1	CCCECCECCCHCCCCCCCCCHCCCCCCECCCCC	0
3492	8.996	7.845	15.798	33	535	15.2	3.0	CCCCCCCHCCCHCCHCCCCCHCCCCCCCCCEHC	1
3493	8.993	7.838	16.430	33	535	12.1	9.1	CCCCCCCHECCHCCHCCCCCHECCCCCCCCECC	1
3494	6.948	8.087	8.385	33	535	9.1	3.0	CCCCCCECCCHCCCHCCCCCHCCCCCCCCCCCC	0
3495	8.998	7.768	16.616	33	535	15.2	9.1	CCCCCCCHCCEHCCHCCCCCHECCCCCCCCEHC	1
3496	8.965	7.798	16.068	33	535	15.2	6.1	CCCCCCCHECCHCCHCCCCCHECCCCCCCCCHC	1
3497	8.964	7.807	16.564	33	535	15.2	6.1	CCCCCCCHCCEHCCHCCCCCHCCCCCCCCCEHC	1
3498	9.066	7.824	15.884	33	535	15.2	6.1	CCCCCCCHCCEHCCHCCCCCHCCCCCCCCCEHC	1
3499	6.961	8.046	9.717	33	535	15.2	0.0	CCCCCCCCCCHCHCCCCCCCHCCCCHCCCCHCC	0
3500	8.968	7.820	15.859	33	535	15.2	6.1	CCCCCCCHCCCHCCHCCCCCHECCCCCCCCEHC	1
3501	9.224	7.883	17.695	33	535	15.2	9.1	CCCCCCCHECEHCCHCCCCCHCCCCCCCCCEHC	1
3502	9.100	7.777	16.538	33	535	15.2	9.1	CECCCCCHCCCHCCHCCCCCHECCCCCCCCEHC	1
3503	9.067	7.753	16.122	33	535	12.1	0.0	CCCCCCCHCCCHCCCCCCCCHCCCCCCCCCCHC	1
3504	8.932	7.788	16.048	33	535	15.2	0.0	CCCCCCCHCCCHCCHCCCCCHCCCCCCCCCCHC	1
3505	6.982	7.942	7.533	33	535	9.1	0.0	CCCCCCCCCCCCHCCCCCCCHCCCCHCCCCCCC	0
3506	8.949	7.857	16.185	33	535	15.2	9.1	CCCCCCCHECEHCCHCCCCCHCCCCCCCCCEHC	1
3507	8.877	7.909	16.989	33	535	12.1	12.1	CCCCCCCHCCEHECHCCCCCHECCCCCCCCECC	1
3508	6.819	7.616	16.174	33	535	15.2	0.0	CHCCCCCHCCCCCCCCCCHCHCCCCCCCCCCHC	2
3509	7.077	8.087	8.665	33	535	12.1	6.1	CEECCCCCCCHCHCCCCCCCHCCCCCHCCCCCC	0
3510	7.029	8.139	9.398	33	535	9.1	0.0	CCCCCCCCCCHCHCCCCCCCHCCCCCCCCCCCC	0
3511	7.072	8.046	7.653	33	535	18.2	6.1	CEECCCCCCCHCHCHCCCCCHCCCCHCCCCHCC	0
3512	9.002	7.866	15.675	33	535	15.2	6.1	CCCCCCCHCCCHCCHCCCCCHECCCCCCCCEHC	1
3513	9.039	7.887	16.202	33	535	15.2	3.0	CCCCCCCHCCCHCCHCCCCCHCCCCCCCCCEHC	1
3514	6.919	7.981	9.548	33	535	9.1	6.1	CECCCCCCCCHCCCHECCCCHCCCCCCCCCCCC	0
3515	9.137	7.799	16.453	33	535	15.2	3.0	CCCCCCCHCCEHCCHCCCCCHCCCCCCCCCCHC	1
3516	6.916	7.913	7.861	33	535	12.1	6.1	CEECCCCCCCHCHCCCCCCCHCCCCHCCCCCCC	0
3517	7.092	8.022	9.174	33	535	12.1	0.0	CCCCCCCCCCHCHCHCCCCCHCCCCCCCCCCCC	0
3518	6.910	7.993	9.099	33	535	15.2	3.0	CCCECCCCCCHCHCHCCCCCHCCCCHCCCCCCC	0
3519	6.792	7.912	16.546	33	535	9.1	3.0	CCCCCCCCCCCCCCCHCCCCHECCCCCCCCCHC	3
3520	9.024	7.881	16.230	33	535	15.2	9.1	CCCCCCCHCCEHCCHCCCCCHECCCCCCCCEHC	1
3521	6.914	8.003	7.710	33	535	6.1	6.1	CCEECCCCCCHCCCCCCCCCCCCCCHCCCCCCC	0
3522	7.185	7.974	7.431	33	535	6.1	3.0	CCECCCCCCCHCCCCCCCCCCCCCCCHCCCCCC	0
3523	6.985	8.031	8.090	33	535	9.1	6.1	CECCCCCCCCHCHCHCCCCCCCCCCCCECCCCC	0
3524	7.015	8.022	9.592	33	535	9.1	9.1	CEEECCCCCCCCHCCCCCCCHCCCCHCCCCCCC	0
3525	9.037	7.701	14.990	33	535	12.1	9.1	CCCCCCCHCCEHCCHECCCCHCCCCCCCCCECC	1
3526	6.982	8.070	8.005	33	535	9.1	12.1	CEEECCCCCCCCHCCCCCCCHCCCCHCECCCCC	0
3527	7.223	8.122	8.473	33	535	12.1	12.1	CEEECCCCCCHCHCHCCCCCHCCCCCCECCCCC	0
3528	7.051	7.982	7.423	33	535	6.1	9.1	CCEECCCCCCHCCCCCCCCCHCCCCCCECCCCC	0
3529	6.965	7.889	7.578	33	535	6.1	3.0	CECCCCCCCCCCHCCCCCCCHCCCCCCCCCCCC	0
3530	6.793	8.060	7.891	33	535	6.1	6.1	CCCECCCCCCCCHCCCCCCCHCCCCCCECCCCC	0
3531	7.021	7.962	8.702	33	535	12.1	3.0	CCCCCCCCCCHCCCCCHCCCHCCCCCHECCCCC	0
3532	7.122	7.956	8.734	33	535	9.1	6.1	CCCECCCCCCHCCCCCCCCCHCCCCHCECCCCC	0
3533	6.971	7.934	7.757	33	535	9.1	9.1	CCEECCCCCCHCHCCCCCCCHCCCCCCECCCCC	0
3534	7.010	7.963	7.653	33	535	6.1	9.1	CCCECCCCCCHCCCCECCCCHCCCCCCECCCCC	0
3535	7.073	8.077	7.863	33	535	9.1	3.0	CCECCCCCCCHCHCCCCCCCHCCCCCCCCCCCC	0
3536	7.087	8.023	7.894	33	535	12.1	9.1	CCECCCECCCHCHCHCCCCCHCCCCCCECCCCC	0
3537	6.765	7.612	16.139	33	535	18.2	9.1	CHCCCCCHCCECCCCCCCHCHCCCCCCECEHHC	2
3538	9.191	7.778	16.563	33	535	15.2	0.0	CCCCCCCHCCCHCCHCCCCCHCCCCCCCCCCHC	1
3539	7.042	7.702	16.231	33	535	12.1	6.1	CHCCCCCHCCECCCCCCCCCHCCCCCCCCECHC	2
3540	6.823	7.953	7.519	33	535	12.1	12.1	CCEECCECCCHCHCCECCCCHCCCCHCCCCCCC	0
3541	6.986	7.991	7.407	33	535	9.1	9.1	CEECCCCCCCHCHCHCCCCCCCCCCCCECCCCC	0
3542	6.861	8.024	7.551	33	535	9.1	6.1	CCCECCCCCCHCHCCCCCCCHCCCCCCECCCCC	0
3543	7.010	8.024	8.095	33	535	9.1	3.0	CCCCCCCCCCHCCECCCCCCHCCCCHCCCCCCC	0
3544	6.814	7.979	8.167	33	535	3.0	6.1	CEECCCCCCCCCCCCCCCCCCCCCCHCCCCCCC	0
3545	6.827	7.883	9.037	33	535	12.1	9.1	CEEECCCCCCHCHCCCCCCCHCCCCHCCCCCCC	0
3546	6.867	8.084	8.261	33	535	6.1	3.0	CCCECCCCCCHCCCCCCCCCCCCCCHCCCCCCC	0
3547	6.780	7.932	8.281	33	535	6.1	9.1	CEEECCCCCCHCCCCCCCCCCCCCCHCCCCCCC	0
3548	6.925	7.964	7.765	33	535	9.1	0.0	CCCCCCCCCCHCHCCCCCCCCCCCCHCCCCCCC	0
3549	7.012	7.939	7.571	33	535	12.1	0.0	CCCCCCCCCCHCCCCCHCCCHCCCCHCCCCCCC	0
3550	6.902	8.061	8.576	33	535	9.1	0.0	CCCCCCCCCCHCCCCCCCCCHCCCCHCCCCCCC	0
3551	7.048	7.664	16.934	33	535	12.1	3.0	CHCCCCCCCCCCCCCCCCCCHCCCCCCCCEHHC	2
3552	6.913	7.980	8.921	33	535	12.1	0.0	CCCCCCCCCCHCHCCCCCCCHCCCCHCCCCCCC	0
3553	9.075	7.753	15.852	33	535	12.1	6.1	CCCCCCCHCCCHECHCCCCCHCCCCCCCCCECC	1
3554	6.841	7.983	8.689	33	535	9.1	0.0	CCCCCCCCCCHCCCCCCCCCHCCCCHCCCCCCC	0
3555	9.079	7.661	14.879	33	535	15.2	3.0	CCCCCCCHECCHCCHCCCCCHCCCCCCCCCCHC	1
3556	9.116	7.640	15.020	33	535	12.1	9.1	CCCCCCCHECEHCCHCCCCCHCCCCCCCCCECC	1
3557	7.050	7.594	16.363	33	535	18.2	6.1	CHCCCCCHCCECCCCCCCHCHCCHCCCCCECHC	2
3558	6.854	7.989	7.886	33	535	3.0	6.1	CECECCCCCCHCCCCCCCCCCCCCCCCCCCCCC	0
3559	7.004	7.980	7.043	33	535	12.1	3.0	CCCECCCCCCHCCCHCCCCCHCCCCHCCCCCCC	0
3560	6.988	7.706	16.265	33	535	12.1	6.1	CCCCCCCHCCECCCCCCCHCCCCCCCCCCEHHC	2
3561	6.865	7.994	7.358	33	535	9.1	9.1	CEEECCCCCCHCCCCCCCCCHCCCCHCCCCCCC	0
3562	7.012	7.605	15.822	33	535	12.1	0.0	CCCCHHHHCCCCCCCCCCCCCCCCCCCCCCCCC	2
3563	7.475	8.030	7.697	33	535	9.1	0.0	CCCCCCCCCCCCCCCCCCCCHCCCCHCCCHCCC	4
3564	6.877	8.031	8.172	33	535	12.1	3.0	CECCCCCCCCHCCCCCHCCCHCCCCHCCCCCCC	0
3565	9.091	7.757	15.422	33	535	15.2	0.0	CCCCCCCHCCCHCCHCCCCCHCCCCCCCCCCHC	1
3566	6.912	7.935	8.122	33	535	9.1	3.0	CCCECCCCCCCCHCCCCCCCHCCCCHCCCCCCC	0
3567	9.385	7.808	16.353	33	535	12.1	9.1	CECCCCCHECEHCCHCCCCCHCCCCCCCCCCCC	1
3568	7.014	7.944	7.743	33	535	9.1	6.1	CEECCCCCCCHCHCCCCCCCHCCCCCCCCCCCC	0
3569	9.187	7.780	15.440	33	535	15.2	6.1	CCCCCCCHECCHCCHCCCCCHCCCCCCCCCEHC	1
3570	9.115	7.810	16.329	33	535	15.2	3.0	CCCCCCCHCCCHCCHECCCCHCCCCCCCCCCHC	1
3571	7.030	7.971	8.422	33	535	12.1	6.1	CCEECCCCCCHCHCCCCCCCHCCCCHCCCCCCC	0
3572	6.801	7.999	7.689	33	535	6.1	9.1	CCEECCECCCCCCCCCCCCCHCCCCHCCCCCCC	0
3573	6.800	8.004	7.444	33	535	12.1	6.1	CCEECCCCCCHCHCCCHCCCHCCCCCCCCCCCC	0
3574	6.859	8.099	7.778	33	535	9.1	3.0	CECCCCCCCCHCHCCCCCCCCCCCCHCCCCCCC	0
3575	6.864	8.156	7.258	33	535	12.1	6.1	CEECCCCCCCHCHCCCCCCCHCCCCHCCCCCCC	0
3576	6.799	8.105	8.483	33	535	12.1	3.0	CCCCCCECCCHCHCHCCCCCCCCCCHCCCCCCC	0
3577	6.880	8.102	7.487	33	535	15.2	3.0	CCCCCCECCCHCHCCCCCCCHCCCCHCCCCHCC	0
3578	6.999	7.589	15.640	33	535	21.2	3.0	CCCCCCCHCCCHCCCCCCHCHCCHCCCCCEHHC	2
3579	6.909	8.028	7.564	33	535	9.1	0.0	CCCCCCCCCCHCCCCCCCCCHCCCCHCCCCCCC	0
3580	7.080	8.206	6.590	33	535	6.1	3.0	CCCCCCCCCCHCCCCCCCCCHCCCCCCECCCCC	0
3581	7.088	8.156	7.225	33	535	15.2	9.1	CEECCCECCCHCHCHCCCCCHCCHCCCCCCCCC	0
3582	9.247	7.757	16.555	33	535	15.2	6.1	CCCCCCCHCCCHCCHCCCECHCCCCCCCCCEHC	1
3583	6.902	8.044	8.928	33	535	6.1	0.0	CCCCCCCCCCHCCCCCCCCCHCCCCCCCCCCCC	0
3584	6.887	7.703	16.816	33	535	12.1	3.0	CHCCCCCHCCCCCCCCCCCCHCCCCCCCCECHC	2
3585	9.293	7.875	16.634	33	535	15.2	9.1	CCCCCCCHCCEHCCHCCCCCHECCCCCCCCEHC	1
3586	6.838	8.012	9.492	33	535	3.0	6.1	CCCECCECCCCCCCCCCCCCHCCCCCCCCCCCC	0
3587	6.758	7.963	8.175	33	535	6.1	6.1	CCEECCCCCCHCHCCCCCCCCCCCCCCCCCCCC	0
3588	6.891	7.997	8.616	33	535	9.1	6.1	CCEECCCCCCHCCCCCCCCCHCCCCHCCCCCCC	0
3589	6.766	7.901	8.914	33	535	9.1	3.0	CCECCCCCCCHCCCCCCCCCHCCCCHCCCCCCC	0
3590	6.860	8.071	7.379	33	535	15.2	3.0	CECCCCCCCCHCHCCCCCCCHCCHCHCCCCCCC	0
3591	6.930	7.697	16.680	33	535	12.1	0.0	CCCCHHHHCCCCCCCCCCCCCCCCCCCCCCCCC	2
3592	6.790	8.038	8.970	33	535	6.1	9.1	CCEECCECCCHCCCCCCCCCCCCCCCCHCCCCC	0
3593	6.906	8.115	6.977	33	535	15.2	6.1	CCEECCCCCCHCCCCCHCCCHCCCCHCHCCCCC	0
3594	7.692	7.893	5.160	33	535	18.2	0.0	CCCCCCCCCCCCCCCHCHCCHCCCCHCCCHHCC	4
3595	9.170	7.819	16.265	33	535	6.1	12.1	CECCCCCCECEHCCHCCCCCCCCCCCCCCCECC	1
3596	6.977	8.033	8.107	33	535	12.1	9.1	CEEECCCCCCHCCCCCCCCCHCCCCHCHCCCCC	0
3597	6.872	7.590	15.943	33	535	15.2	6.1	CHCCCCCHECECCCCCCCHCHCCCCCCCCCHCC	2
3598	6.896	8.136	7.964	33	535	12.1	6.1	CCCECCCCCCHCCCHECCCCHCCCCCCHCCCCC	0
3599	6.874	8.109	7.087	33	535	9.1	3.0	CCCECCCCCCHCCCCCCCCCHCCCCCCHCCCCC	0
3600	7.078	8.014	8.658	33	535	6.1	6.1	CCEECCCCCCHCCCCCCCCCHCCCCCCCCCCCC	0
3601	7.073	7.606	16.068	33	535	12.1	0.0	CCCCHHHHCCCCCCCCCCCCCCCCCCCCCCCCC	2
3602	7.081	8.131	7.846	33	535	18.2	9.1	CECECCCCCCHCHCHEHCCCHCCCCCCHCCCCC	0
3603	6.794	8.008	8.208	33	535	12.1	3.0	CCECCCCCCCHCCCCCCCCCHCCCCHCHCCCCC	0
3604	8.958	7.847	15.803	33	535	15.2	0.0	CCCCCCCHCCCHCCHCCCCCHCCCCCCCCCCHC	1
3605	9.166	7.896	16.490	33	535	12.1	15.2	CECCCCCHECEHCCHCCCCCHECCCCCCCCECC	1
3606	6.765	8.035	8.314	33	535	12.1	9.1	CCEECCECCCHCHCCCCCCCHCCCCCCHCCCCC	0
3607	6.738	7.834	16.950	33	535	12.1	15.2	CCCCCCCCECECCHCEHCCCHCCCECCCCECHC	3
3608	7.008	8.195	7.168	33	535	9.1	6.1	CECECCCCCCHCCCCCCCCCHCCCCHCCCCCCC	0
3609	6.964	8.184	9.453	33	535	12.1	9.1	CEECCCCCCCHCCCCEHCCCHCCCCCCHCCCCC	0
3610	8.952	7.687	15.784	33	535	15.2	9.1	CECCCCCHCCEHCCHCCCCCHCCCCCCCCCEHC	1
3611	7.060	7.641	15.871	33	535	12.1	0.0	CCCCHHHHCCCCCCCCCCCCCCCCCCCCCCCCC	2
3612	6.750	8.038	8.037	33	535	12.1	6.1	CCEECCCCCCHCCCCCCCCCHCCCCHCHCCCCC	0
3613	9.159	7.830	16.149	33	535	15.2	9.1	CCCCCCCHECEHCCHCCCCCHCCCCCCCCCEHC	1
3614	6.894	8.109	7.801	33	535	9.1	12.1	CEECCCCCCCCCCECECCCCHCCHCCCHCCCCC	0
3615	6.788	8.195	5.969	33	535	12.1	6.1	CECCCCCCCCHCCCCECCCCHCCCCHCHCCCCC	0
3616	6.755	8.153	6.335	33	535	9.1	3.0	CCECCCCCCCCCCCCCCCCCCCCCCHCHCCCHC	0
3617	6.829	8.125	5.086	33	535	12.1	3.0	CCCECCCCCCHCCCCCCCCCHCCCCCCHCCCHC	0
3618	9.003	7.656	15.455	33	535	15.2	12.1	CCCCCCCHECCHECHCCCCCHECCCCCCCCEHC	1
3619	8.998	7.760	15.071	33	535	15.2	6.1	CCCCCCCHECCHCCHCCCCCHCCCCCCCCCEHC	1
3620	7.093	7.600	16.131	33	535	18.2	3.0	CHCCCCCHCCECCCCCCCHCHCCCCCCCCCHHC	2
3621	6.766	8.016	7.496	33	535	9.1	3.0	CECCCCCCCCHCCCCCCCCCCCCCCHCHCCCCC	0
3622	6.739	8.085	5.633	33	535	9.1	0.0	CCCCCCCCCCCCCCCCCCCCHCCCCHCHCCCCC	0
3623	6.587	7.637	15.341	33	535	12.1	6.1	CHCCCCCCCCECCCCCCCCCHCCCCCCCCEHHC	2
3624	9.100	7.671	14.682	33	535	15.2	12.1	CCCCCCCHECCHECHCCCCCHECCCCCCCCEHC	1
3625	9.011	7.716	15.488	33	535	15.2	6.1	CCCCCCCHCCCHECHCCCCCHCCCCCCCCCEHC	1
3626	7.050	8.097	4.755	33	535	3.0	9.1	CEEECCCCCCCCCCCCCCCCCCCCCCCHCCCCC	0
3627	6.881	8.243	5.715	33	535	15.2	6.1	CEECCCCCCCHCHCCCCCCCHCCCCCCHCCHCC	0
3628	7.071	7.716	16.168	33	535	18.2	3.0	CHCCCCCHCCECCCCCCCHCHCCCCCCCCCHHC	2
3629	6.820	8.288	4.842	33	535	12.1	9.1	CEEECCCCCCHCCCCCCCCCHCCCCHCHCCCCC	0
3630	6.691	8.229	5.041	33	535	9.1	6.1	CECECCCCCCHCCCCCCCCCCCCCCHCHCCCCC	0
3631	6.827	8.070	5.150	33	535	12.1	6.1	CECECCCCCCHCCCCCCCCCHCCCCHCHCCCCC	0
3632	6.677	8.241	5.694	33	535	12.1	3.0	CCCCCCCCCCHCCCCECCCCHCCCCCCHCCHCC	0
3633	6.801	8.076	4.933	33	535	12.1	12.1	CEEECCCCCCHCCECCCCCCHCCCCCCHCCCHC	0
3634	6.790	8.105	4.978	33	535	9.1	3.0	CCECCCCCCCCCCCCCCCCCHCCCCCCHCCHCC	0
3635	6.847	8.082	5.182	33	535	12.1	0.0	CCCCCCCCCCHCCCCCCCCCHCCCCCCHCCCHC	0
3636	6.908	8.044	5.597	33	535	9.1	6.1	CCECCCCCCCCCCECCCCCCHCCCCCCHCCCHC	0
3637	9.027	7.608	14.394	33	535	15.2	12.1	CECCCCCHCCCHEHCCCCCCHECCCCCCCCEHC	1
3638	6.720	8.195	5.090	33	535	15.2	6.1	CCEECCCCCCHCCCCCHCCCHCCCCHCHCCCCC	0
3639	6.810	7.978	4.674	33	535	15.2	0.0	CCCCCCCCCCHCHCCCCCCCCCCCCHCHCCCHC	0
3640	6.710	8.086	5.324	33	535	12.1	6.1	CCEECCCCCCHCCCCCCCCCHCCCCHCHCCCCC	0
3641	6.778	8.123	5.094	33	535	9.1	9.1	CEEECCCCCCHCCCCCCCCCHCCCCCCHCCCCC	0
3642	6.658	8.054	4.980	33	535	15.2	6.1	CCCECCCCCCHCHCCECCCCHCCCCHCHCCCCC	0
3643	6.775	8.130	6.087	33	535	12.1	12.1	CCEECCECCCHCCCCECCCCHCCCCHCHCCCCC	0
3644	9.269	7.777	15.511	33	535	12.1	12.1	CCCCCCCCCCCHECHCCECCHECCCCCCCCEHC	1
3645	6.713	8.164	5.315	33	535	9.1	0.0	CCCCCCCCCCHCHCCCCCCCCCCCCCCHCCCCC	0
3646	6.912	8.034	5.285	33	535	12.1	9.1	CEEECCCCCCHCHCCCCCCCCCCCCCCHCCHCC	0
3647	6.829	8.083	4.643	33	535	9.1	6.1	CCEECCCCCCHCCCCCCCCCCCCCCCCHCCHCC	0
3648	9.080	7.771	15.813	33	535	12.1	0.0	CCCCCCCCCCCHCCHCCCCCHCCCCCCCCCCHC	1
3649	6.584	7.971	16.475	33	535	12.1	6.1	CCCCCCCCCCECCHCCHCCCHCCCECCCCCCHC	3
3650	9.025	7.710	16.973	33	535	12.1	9.1	CCCCCCCHCCCHCCCCCECCHECCCCCCCCEHC	1
3651	6.914	7.989	5.142	33	535	15.2	6.1	CCEECCCCCCHCCCHCCCCCHCCCCHCHCCCCC	0
3652	6.832	8.219	5.367	33	535	6.1	6.1	CCECCCCCCCCCCECCCCCCHCCCCCCHCCCCC	0
3653	7.494	7.974	7.239	33	535	12.1	3.0	CECCCCCCCCCCCCCHCCCCHCCCCHCCCHCCC	4
3654	8.982	7.727	16.832	33	535	15.2	0.0	CCCCCCCHCCCHCCHCCCCCHCCCCCCCCCCHC	1
3655	6.654	7.876	16.942	33	535	12.1	15.2	CCCCCECCECCCCHECHCCCHECCCCCCCECHC	3
3656	8.999	7.719	17.156	33	535	12.1	3.0	CCCCCCCCCCCHCCHCCCCCHCCCCCCCCCEHC	1
3657	6.890	8.232	4.984	33	535	15.2	6.1	CCEECCCCCCHCHCCHCCCCHCCCCCCHCCCCC	0
3658	6.798	8.098	5.180	33	535	9.1	3.0	CCECCCCCCCHCCCCCHCCCCCCCCCCHCCCCC	0
3659	6.660	8.085	4.688	33	535	15.2	9.1	CEEECCCCCCHCHCCCCCCCHCCCCCCHCCHCC	0
3660	9.277	7.802	17.452	33	535	15.2	6.1	CCCCCCCHCCCHCCHCCCCCHECCCCCCCCEHC	1
3661	9.004	7.786	15.963	33	535	15.2	6.1	CCCCCCCHCCCHCCHCCCCCHECCCCCCCCEHC	1
3662	9.134	7.781	16.440	33	535	15.2	6.1	CCCCCCCHCCCHECHCCCCCHCCCCCCCCCEHC	1
3663	6.806	8.044	4.864	33	535	6.1	9.1	CCEECCECCCHCCCCCCCCCCCCCCCCHCCCCC	0
3664	6.814	8.110	5.652	33	535	12.1	6.1	CCEECCCCCCHCCCCCCCCCHCCCCCCHCCHCC	0
3665	6.790	8.225	6.165	33	535	12.1	9.1	CCEECCCCCCHCCCCECCCCHCCCCCCHCCHCC	0
3666	6.805	8.198	5.609	33	535	15.2	6.1	CCECCCECCCHCHCCCCCCCCCCCCHCHCCHCC	0
3667	6.963	8.140	4.689	33	535	12.1	9.1	CEEECCCCCCHCCCCCHCCCCCCCCHCHCCCCC	0
3668	7.500	7.916	5.390	33	535	9.1	0.0	CCCCCCCCCCCCCCCCCCHCHCCCCCCCCHCCC	4
3669	9.132	7.779	16.856	33	535	15.2	3.0	CCCCCCCHCCCHCCHCCCCCHCCCCCCCCCEHC	1
3670	7.510	7.984	5.298	33	535	18.2	0.0	CCCCCCCCCCCCCCCHCCHCHCCCCHCCCHHCC	4
3671	7.520	7.960	5.096	33	535	9.1	0.0	CCCCCCCCCCCCCCCCCCCCHCCCCHCCCCHCC	4
3672	6.948	8.366	7.556	33	535	6.1	3.0	CECCCCCCCCHCCCCCCCCCCCCCCCCHCCCCC	0
3673	6.795	8.023	6.814	33	535	12.1	3.0	CCECCCCCCCHCCCCCCCCCHCCCCHCHCCCCC	0
3674	6.747	8.060	6.555	33	535	3.0	3.0	CCCECCCCCCCCCCCCCCCCCCCCCCCHCCCCC	0
3675	9.068	7.693	14.717	33	535	15.2	9.1	CCCCCCCHCCCHCCHCCECCHECCCCCCCCEHC	1
3676	7.826	7.978	4.410	33	535	9.1	0.0	CCCCCCHCCCCCCCCCCCCCHCCCCCCCCHCCC	4
3677	9.034	7.836	16.707	33	535	15.2	3.0	CCCCCCCHCCCHCCHCCCCCHCCCCCCCCCEHC	1
3678	6.919	8.039	7.045	33	535	9.1	3.0	CCCECCCCCCHCCCCCCCCCHCCCCCCHCCCCC	0
3679	6.827	8.141	7.519	33	535	12.1	6.1	CCCECCECCCHCCCCCCCCCHCCCCHCHCCCCC	0
3680	6.758	8.013	6.838	33	535	12.1	9.1	CCECCCECCCHCCCCEHCCCHCCCCCCHCCCCC	0
3681	7.715	8.048	5.276	33	535	12.1	0.0	CCCCCCCCCCCCCCCHCCCCHCCCCHCCCHCCC	4
3682	6.897	8.070	6.783	33	535	12.1	3.0	CCECCCCCCCHCCCCCCCCCHCCCCHCHCCCCC	0
3683	6.860	8.136	7.228	33	535	6.1	3.0	CCCECCCCCCHCCCCCCCCCCCCCCCCHCCCCC	0
3684	6.850	8.000	6.684	33	535	9.1	3.0	CCCECCCCCCHCCCCCCCCCHCCCCCCHCCCCC	0
3685	9.085	7.715	14.594	33	535	9.1	0.0	CCCCCCCCCCCHCCCCCCCCHCCCCCCCCCCHC	1
3686	6.836	8.004	6.993	33	535	12.1	9.1	CCEECCCCCCHCCECCCCCCHCCCCCCHCCHCC	0
3687	6.895	8.022	7.574	33	535	6.1	9.1	CEEECCCCCCHCCCCCCCCCCCCCCCCHCCCCC	0
3688	6.946	8.104	6.798	33	535	9.1	3.0	CCECCCCCCCHCCCCCCCCCHCCCCCCHCCCCC	0
3689	6.668	7.992	7.147	33	535	9.1	3.0	CCCECCCCCCCCCCCCCCCCHCCCCCCHCCHCC	0
3690	6.853	8.100	6.007	33	535	15.2	12.1	CCECCCECCCHCCECEHCCCCCCCCHCHCCHCC	0
3691	6.907	8.064	6.107	33	535	12.1	6.1	CCEECCCCCCHCCCCCCCCCHCCCCHCHCCCCC	0
3692	9.082	7.649	14.329	33	535	12.1	3.0	CCCCCCCCCCCHCCHCCCCCHCCCCCCCCCEHC	1
3693	6.757	8.094	6.340	33	535	9.1	6.1	CCCECCECCCHCCCCCCCCCCCCCCHCHCCCCC	0
3694	9.155	7.694	14.752	33	535	12.1	3.0	CCCCCCCCCCCHCCHCCCCCHCCCCCCCCCEHC	1
3695	6.685	7.948	5.095	33	535	15.2	6.1	CCECCCCCCCHCCCHECCCCCCCCCHCHCCCHC	0
3696	6.878	7.999	6.695	33	535	9.1	6.1	CCEECCCCCCHCCCCCCCCCCCCCCHCHCCCCC	0
3697	6.853	8.066	7.831	33	535	15.2	6.1	CCEECCCCCCHCCCCCCCCCHCCCCHCHCCHCC	0
3698	9.225	7.716	15.385	33	535	12.1	3.0	CCCCCCCCCCCHCCHCCCCCHCCCCCCCCCEHC	1
3699	6.748	7.965	7.909	33	535	18.2	3.0	CCECCCCCCCHCHCCCHCCCHCCCCHCHCCCCC	0
3700	6.892	8.108	7.424	33	535	9.1	6.1	CCECCCECCCHCCCCCCCCCHCCCCCCHCCCCC	0
3701	9.132	7.643	14.285	33	535	12.1	9.1	CCCCCCCCCCCHECHCCECCHCCCCCCCCCEHC	1
3702	6.766	8.106	7.814	33	535	6.1	12.1	CEEECCECCCCCCCCCCCCCHCCCCCCHCCCCC	0
3703	8.994	7.684	14.301	33	535	12.1	6.1	CECCCCCCCCCHCCHCCCCCHCCCCCCCCCEHC	1
3704	7.031	8.213	7.590	33	535	12.1	6.1	CECECCCCCCCCCCCCHCCCHCCCCHCHCCCCC	0
3705	6.770	8.030	7.060	33	535	12.1	9.1	CEEECCCCCCCCCCCCCCCCHCCCCHCHCCHCC	0
3706	6.771	8.202	6.937	33	535	15.2	6.1	CCCECCECCCHCHCCCCCCCHCCCCHCHCCCCC	0
3707	9.087	7.692	14.893	33	535	12.1	0.0	CCCCCCCCCCCHCCHCCCCCHCCCCCCCCCCHC	1
3708	7.450	7.926	7.457	33	535	9.1	3.0	CECCCCCCCCCCCCCCCCHCHCCCCCCCCHCCC	4
3709	6.858	8.008	6.660	33	535	12.1	6.1	CCEECCCCCCCCCCCCHCCCHCCCCHCHCCCCC	0
3710	6.783	7.967	5.111	33	535	9.1	9.1	CEECCCCCCCHCCECCCCCCCCCCCHCHCCCCC	0
3711	9.054	7.810	15.534	33	535	12.1	3.0	CCCCCCCCCCCHCCHCCCCCHCCCCCCCCCEHC	1
3712	6.954	8.078	5.102	33	535	15.2	0.0	CCCCCCCCCCHCCCCCCCCCHCCCCHCHCCCHC	0
3713	6.796	7.939	5.748	33	535	12.1	3.0	CCCCCCECCCCCCCCCCCCCHCCCCHCHCCCHC	0
3714	9.150	7.823	16.170	33	535	12.1	9.1	CEECCCCCCCCHCCHCCCCCHECCCCCCCCCHC	1
3715	6.763	8.011	5.780	33	535	15.2	3.0	CCECCCCCCCHCCCHCCCCCHCCCCHCHCCCCC	0
3716	9.022	7.735	15.713	33	535	12.1	9.1	CEECCCCCCCCHCCHCCECCHCCCCCCCCCCHC	1
3717	6.812	7.976	5.320	33	535	3.0	0.0	CCCCCCCCCCCCCCCCCCCCCCCCCCCHCCCCC	0
3718	6.853	7.944	6.104	33	535	6.1	0.0	CCCCCCCCCCCCCCCCCCCCHCCCCCCHCCCCC	0
3719	6.721	7.942	4.798	33	535	12.1	6.1	CCECCCECCCHCCCCCCCCCHCCCCCCHCCCHC	0
3720	6.731	7.938	5.094	33	535	9.1	3.0	CCCCCCECCCCCCCCCCCCCHCCCCCCHCCCHC	0
3721	9.026	7.598	14.279	33	535	15.2	12.1	CEEECCCHCCCHCHCCCCCCHCCCCCCCCCEHC	1
3722	6.800	8.057	5.049	33	535	6.1	3.0	CCECCCCCCCCCCCCCCCCCHCCCCCCHCCCCC	0
3723	6.703	8.156	5.066	33	535	21.2	6.1	CCCECCECCCHCHCCCHCCCHCCCCHCHCCHCC	0
3724	9.149	7.711	15.617	33	535	15.2	9.1	CEEECCCHCCCHCCHCCCCCHCCCCCCCCCCHC	1
3725	9.149	7.699	15.084	33	535	12.1	15.2	CEEECCCHCCCCCCHCCECCHCCCCCCCCCEHC	1
3726	6.793	8.093	8.161	33	535	21.2	6.1	CCEECCCCCCHCHCCCHCCCHCCCCHCHCCCHC	0
3727	6.780	8.056	6.040	33	535	9.1	6.1	CCCECCECCCHCCCCCCCCCCCCCCHCHCCCCC	0
3728	6.688	8.102	5.024	33	535	12.1	6.1	CCEECCCCCCHCHCCCCCCCCCCCCCCHCCHCC	0
3729	9.109	7.605	14.753	33	535	9.1	15.2	CEEECCCCECCHCCCCCCCCHCCCCCCCCCEHC	1
3730	6.843	8.124	6.297	33	535	15.2	6.1	CCEECCCCCCHCHCCCCCCCHCCCCHCHCCCCC	0
3731	6.759	8.151	5.354	33	535	18.2	6.1	CCEECCCCCCHCHCCCHCCCHCCCCHCHCCCCC	0
3732	9.012	7.712	14.885	33	535	15.2	18.2	CCEECCCHECCHCCHCCECCHECCCCCCCCEHC	1
3733	6.838	8.235	7.493	33	535	15.2	9.1	CCEECCCCCCHCHCCCCCCCHCCCCHCCCECHC	0
3734	6.796	8.027	7.729	33	535	6.1	3.0	CCECCCCCCCCCCCCCCCCCHCCCCHCCCCCCC	0
3735	9.158	7.742	15.223	33	535	15.2	21.2	CCEECECHECCHECHCCECCHCCCCCCCCCEHC	1
3736	6.834	8.157	5.747	33	535	9.1	6.1	CCCECCECCCCCCCCCCCCCHCCCCHCCCCHCC	0
3737	8.913	7.674	15.363	33	535	15.2	15.2	CEEECCCHECCHCCHCCCCCHCCCCCCCCCEHC	1
3738	6.818	8.287	5.837	33	535	9.1	9.1	CEEECCCCCCCCCCCCCCCCHCCCCHCCCCHCC	0
3739	9.077	7.633	14.113	33	535	12.1	18.2	CCEECCCHCCCHECHCCECCHECCCCCCCCECC	1
3740	9.165	7.851	15.977	33	535	15.2	6.1	CCEECCCHCCCHCCHCCCCCHCCCCCCCCCCHC	1
3741	8.988	7.751	14.602	33	535	15.2	12.1	CCECCECHCCCHCCHCCCCCHECCCCCCCCEHC	1
3742	9.198	7.654	14.849	33	535	15.2	12.1	CCEECCCHCCCHCCHCCCCCHECCCCCCCCEHC	1
3743	7.532	7.977	6.822	33	535	12.1	0.0	CCCCCCCCCCCCCCCHCCCCHCCCCHCCCCHCC	4
3744	6.822	8.072	5.390	33	535	12.1	3.0	CCCCCCECCCHCCCCCCCCCCCCCCHCHCCHCC	0
3745	9.094	7.804	15.573	33	535	12.1	18.2	CEEECCCHCCCCCCHCCECCHECCCCCCCCEHC	1
3746	6.784	8.296	5.481	33	535	12.1	6.1	CEECCCCCCCHCCCCCCCCCHCCCCHCHCCCCC	0
3747	9.036	7.749	15.427	33	535	15.2	12.1	CEECCCCHCCCHCCHCCCCCHECCCCCCCCEHC	1
3748	9.011	7.708	15.566	33	535	15.2	18.2	CEEECECHECCHCCHCCECCHCCCCCCCCCCHC	1
3749	6.782	8.135	4.916	33	535	9.1	9.1	CEECCCCCCCHCCECCCCCCCCCCCHCHCCCCC	0
3750	6.794	8.094	4.966	33	535	15.2	9.1	CCCCCCECCCHCCECEHCCCHCCCCHCHCCCCC	0
3751	9.108	7.672	14.516	33	535	15.2	15.2	CEECCECHECCHCCHCCCCCHCCCCCCCCCEHC	1
3752	9.080	7.692	14.944	33	535	12.1	3.0	CCCCCCCHCCCCCCHCCECCHCCCCCCCCCCHC	1
3753	9.130	7.626	14.375	33	535	15.2	15.2	CEEECCCHECCHCCHCCCCCHECCCCCCCCCHC	1
3754	9.179	7.781	15.339	33	535	12.1	12.1	CCECCCCHECCCCCHCCECCHCCCCCCCCCEHC	1
3755	9.085	7.726	14.639	33	535	15.2	9.1	CCEECCCHCCCHCCHCCCCCHECCCCCCCCCHC	1
3756	9.025	7.639	14.561	33	535	15.2	12.1	CEECCECHECCHCCHCCCCCHCCCCCCCCCCHC	1
3757	9.337	7.687	15.299	33	535	15.2	12.1	CCECCCCHCCCHCCHECCCCHECCCCCCCCEHC	1
3758	6.923	7.619	16.275	33	535	18.2	3.0	CHCCCCCHCCCCCCCCCCHCHCCHCCCCCECHC	2
3759	6.863	8.094	7.767	33	535	12.1	3.0	CCCECCCCCCHCHCCCCCCCCCCCCHCHCCCCC	0
3760	9.241	7.701	15.086	33	535	15.2	15.2	CCEECCCHECCHCCHCCECCHCCCCCCCCCEHC	1
3761	9.193	7.786	16.111	33	535	15.2	18.2	CEEECECHECCHCCHCCCCCHCCCCCCCCCEHC	1
3762	6.833	7.965	7.263	33	535	12.1	3.0	CCCCCCECCCHCCCCCCCCCHCCCCHCHCCCCC	0
3763	6.890	8.077	5.732	33	535	12.1	6.1	CCEECCCCCCHCCCCCCCCCHCCCCCCHCCCHC	0
3764	6.780	8.035	6.512	33	535	15.2	3.0	CCCECCCCCCHCCCCCCCCCHCCCCHCHCCHCC	0
3765	9.017	7.718	14.456	33	535	15.2	12.1	CCECCCCHECCHCCHCCCCCHECCCCCCCCEHC	1
3766	7.498	7.807	7.677	33	535	9.1	3.0	CECCCCCCCCCCCCCHCHCCCCCCCCCCCCHCC	4
3767	6.636	8.157	5.177	33	535	12.1	9.1	CECECCECCCHCCCCCHCCCCCCCCCCHCCCHC	0
3768	9.218	7.692	15.333	33	535	12.1	12.1	CEEECCCHCCCCCCHCCCCCHCCCCCCCCCEHC	1
3769	9.235	7.747	15.895	33	535	15.2	9.1	CCECCECHCCCHCCHCCCCCHCCCCCCCCCEHC	1
3770	9.158	7.764	15.888	33	535	15.2	6.1	CECCCCCHCCCHCCHCCCCCHECCCCCCCCCHC	1
3771	6.748	8.082	5.546	33	535	12.1	3.0	CCCCCCECCCCCCCCCCCCCHCCCCHCHCCHCC	0
3772	6.676	8.052	5.616	33	535	12.1	6.1	CEECCCCCCCCCCCCCCCCCHCCCCHCHCCHCC	0
3773	6.787	8.131	4.782	33	535	15.2	9.1	CECECCCCCCCCCCCEHCCCHCCCCHCHCCHCC	0
3774	9.111	7.717	14.918	33	535	15.2	12.1	CCEECCCHECCHCCHCCCCCHECCCCCCCCCHC	1
3775	9.130	7.734	15.298	33	535	15.2	9.1	CCECCCCHECCHCCHCCCCCHCCCCCCCCCEHC	1
3776	6.610	8.070	5.344	33	535	15.2	9.1	CEEECCCCCCHCCCCCCCCCHCCCCHCHCCHCC	0
3777	6.744	7.988	5.081	33	535	15.2	9.1	CCCECCECCCHCCECCHCCCHCCCCHCCCCHCC	0
3778	9.100	7.681	15.681	33	535	15.2	9.1	CEECCCCHECCHCCHCCCCCHCCCCCCCCCCHC	1
3779	7.603	7.919	7.779	33	535	12.1	3.0	CECCCCCCCCCCCCCHCCCCHCCCCHCCCHCCC	4
3780	9.096	7.672	15.093	33	535	15.2	6.1	CCECCCCHCCCHCCHCCCCCHCCCCCCCCCEHC	1
3781	9.192	7.790	15.385	33	535	12.1	9.1	CCECCCCHCCCCCCHCCCCCHECCCCCCCCEHC	1
3782	6.654	8.138	5.188	33	535	24.2	9.1	CCCECCECCCHCHCCEHCCCHCCCCHCHCCHHC	0
3783	9.172	7.745	15.017	33	535	15.2	9.1	CCECCCCHECCHCCHCCCCCHCCCCCCCCCEHC	1
3784	7.601	7.911	7.864	33	535	9.1	0.0	CCCCCCCCCCCCCCCCCHCCHCCCCCCCCCHCC	4
3785	6.835	8.124	5.247	33	535	12.1	6.1	CEECCCCCCCHCCCCCCCCCCCCCCHCHCCHCC	0
3786	9.162	7.704	15.966	33	535	12.1	21.2	CEEECECCECCHCCHCCCCCHECCCCCCCCEHC	1
3787	9.263	7.757	15.819	33	535	15.2	21.2	CEEECCCHECCHECHCCCCCHECCCCCCCCEHC	1
3788	9.123	7.775	15.204	33	535	12.1	3.0	CCECCCCHCCCCCCHCCCCCHCCCCCCCCCCHC	1
3789	9.131	7.788	15.579	33	535	12.1	15.2	CEEECCCHECCHCCCCCCCCHECCCCCCCCCHC	1
3790	8.987	7.774	15.104	33	535	12.1	9.1	CCEECCCCCCCHCCHCCCCCHECCCCCCCCCHC	1
3791	6.751	8.111	5.495	33	535	15.2	9.1	CEEECCCCCCHCHCCCCCCCHCCCCHCCCCHCC	0
3792	6.779	8.319	5.668	33	535	15.2	9.1	CEEECCCCCCHCCCHCCCCCHCCCCHCCCCHCC	0
3793	6.670	8.297	5.399	33	535	12.1	6.1	CEECCCCCCCHCCCCCCCCCCCCCCHCHCCHCC	0
3794	9.243	7.667	15.581	33	535	15.2	9.1	CCCCCECHECCHCCHCCCCCHCCCCCCCCCEHC	1
3795	6.842	8.200	5.147	33	535	15.2	3.0	CECCCCCCCCHCCCCCHCCCHCCCCCCHCCHCC	0
3796	6.714	8.101	5.765	33	535	21.2	3.0	CCCECCCCCCHCHCCCHCCCCCCCCHCHCCHHC	0
3797	6.687	7.980	5.684	33	535	15.2	6.1	CEECCCCCCCHCCCCCCCCCHCCCCCCHCCHHC	0
3798	6.791	8.021	4.651	33	535	12.1	0.0	CCCCCCCCCCHCCCCCCCCCHCCCCCCHCCHCC	0
3799	9.270	7.734	14.952	33	535	15.2	9.1	CCEECCCHCCCHCCHCCCCCHCCCCCCCCCEHC	1
3800	9.117	7.666	14.774	33	535	15.2	15.2	CEEECCCHECCHCCHCCCCCHCCCCCCCCCEHC	1
3801	9.147	7.776	15.574	33	535	12.1	9.1	CEECCCCCECCHCCHCCCCCHCCCCCCCCCCHC	1
3802	9.217	7.693	14.412	33	535	15.2	3.0	CCCCCCCHCCCHCCHCCCCCHCCCCCCCCCEHC	1
3803	9.160	7.640	14.849	33	535	12.1	6.1	CCCCCCCHECCHCCHCCCCCHCCCCCCCCCECC	1
3804	9.155	7.731	15.774	33	535	15.2	9.1	CCECCCCHECCHCCHCCCCCHCCCCCCCCCEHC	1
3805	6.681	8.296	6.397	33	535	15.2	6.1	CEECCCCCCCHCHCCCCCCCHCCCCHCHCCCCC	0
3806	9.110	7.820	16.332	33	535	15.2	12.1	CEEECECHCCCHCCHCCCCCHCCCCCCCCCCHC	1
3807	7.739	7.969	4.742	33	535	12.1	0.0	CCCCCCCCCCCCCCCHCCCCHCCCCHCCCHCCC	4
3808	9.322	7.754	15.969	33	535	15.2	6.1	CCECCCCHCCCHCCHCCCCCHCCCCCCCCCEHC	1
3809	6.876	8.081	5.304	33	535	15.2	6.1	CEECCCCCCCCCCCCCHCCCHCCCCHCHCCHCC	0
3810	7.461	7.936	7.037	33	535	15.2	3.0	CECCCCCCCCCCCCCHCHCCHCCCCHCCCHCCC	4
3811	6.729	8.091	5.085	33	535	12.1	9.1	CECECCECCCCCCCCCCCCCCCCCCHCHCCHHC	0
3812	9.190	7.648	14.215	33	535	15.2	12.1	CCEECCCHECCHCCHCCECCHCCCCCCCCCCHC	1
3813	6.808	8.198	5.707	33	535	15.2	3.0	CECCCCCCCCHCCCCCCCCCHCCCCHCHCCHCC	0
3814	6.856	8.152	5.183	33	535	12.1	3.0	CCCECCCCCCCCHCCCCCCCCCCCCHCHCCCHC	0
3815	9.255	7.771	15.924	33	535	15.2	18.2	CEEECCCHECCHCCHCCECCHCCCCCCCCCEHC	1
3816	9.211	7.750	15.371	33	535	15.2	12.1	CCEECCCHECCHCCHCCCCCHECCCCCCCCCHC	1
3817	9.113	7.773	16.099	33	535	15.2	9.1	CEECCCCHECCHCCHCCCCCHCCCCCCCCCCHC	1
3818	9.031	7.733	14.746	33	535	12.1	9.1	CCECCCCHECCHCCCCCECCHCCCCCCCCCCHC	1
3819	9.235	7.679	15.122	33	535	15.2	15.2	CCEECCCHECCHCCHCCCCCHECCCCCCCCEHC	1
3820	9.097	7.684	14.005	33	535	15.2	9.1	CCEECCCHCCCHCCHCCECCHCCCCCCCCCCHC	1
3821	9.121	7.801	14.796	33	535	12.1	9.1	CCEECCCCCCCHCCHCCCCCHCCCCCCCCCEHC	1
3822	9.007	7.792	15.567	33	535	15.2	9.1	CCECCCCHCCCHCCHCCECCHECCCCCCCCCHC	1
3823	9.195	7.759	15.786	33	535	12.1	21.2	CEEECCCCECCHCCHCCECCHECCCCCCCCEHC	1
3824	9.148	7.722	15.351	33	535	15.2	15.2	CEEECCCHCCCHCCHCCCCCHECCCCCCCCEHC	1
3825	6.554	8.228	6.198	33	535	15.2	12.1	CEEECCCCCCHCHCCCCCCCHCCCCHCCCEHCC	0
3826	6.796	8.079	4.847	33	535	18.2	6.1	CECECCCCCCHCCCCCHCCCHCCCCHCCCCHHC	0
3827	6.762	8.138	5.875	33	535	12.1	3.0	CCECCCCCCCHCCCCCCCCCHCCCCHCCCCHCC	0
3828	6.740	8.112	5.390	33	535	9.1	3.0	CCCCCCCCCCHCCCCCCCCCCCCCCHCCCEHCC	0
3829	6.642	8.127	5.054	33	535	18.2	12.1	CEEECCCCCCHCHCCCCCCCHCCCCHCCCEHHC	0
3830	9.326	7.710	15.992	33	535	15.2	6.1	CCCCCCCHCCCHCCHCCCCCHECCCCCCCCEHC	1
3831	6.767	7.921	16.788	33	535	15.2	3.0	CECCCCCCCCCCCHCHCHCCHCCCCCCCCCCHC	3
3832	9.287	7.657	14.866	33	535	15.2	12.1	CCCCCCCHECCHECHCCECCHCCCCCCCCCEHC	1
3833	6.798	8.128	4.949	33	535	12.1	6.1	CEECCCCCCCHCHCCCCCCCHCCCCCCCCCHCC	0
3834	6.814	8.351	7.194	33	535	12.1	9.1	CCECCCCCCCCCCECCHCCCHCCCCHCCCEHCC	0
3835	6.767	8.506	6.819	33	535	15.2	15.2	CEEECCECCCHCCCCCCCCCHCCCCHCHCEHCC	0
3836	7.064	7.663	15.722	33	535	21.2	6.1	CHCCHCCHCCECCHCCCCCCHCCCCCCCCEHHC	2
3837	6.843	8.190	4.263	33	535	12.1	12.1	CEEECCCCCCHCCCCCCCCCCCCCCHCCCEHHC	0
3838	7.264	8.157	4.585	33	535	12.1	9.1	CEECCCECCCHCCCCCCCCCCCCCCHCCCCHHC	0
3839	6.959	8.107	5.325	33	535	15.2	12.1	CEEECCCCCCHCHCCCCCCCHCCCCCCHCEHCC	0
3840	6.872	8.269	4.562	33	535	12.1	6.1	CCEECCCCCCHCCCCCCCCCCCCCCHCHCCHCC	0
3841	6.830	8.285	5.428	33	535	9.1	9.1	CEEECCCCCCHCCCCCCCCCCCCCCCCHCCHCC	0
3842	9.285	7.756	15.658	33	535	15.2	9.1	CCCCCECHECCHCCHCCCCCHECCCCCCCCCHC	1
3843	9.266	7.721	16.163	33	535	15.2	15.2	CECCCECHECCHCCHECCCCHCCCCCCCCCEHC	1
3844	6.947	8.158	5.006	33	535	15.2	3.0	CCCCCCCCCCHCHCCCCCCCCCCCCHCCCEHHC	0
3845	9.330	7.735	15.853	33	535	15.2	6.1	CCCCCCCHECCHCCHCCECCHCCCCCCCCCCHC	1
3846	6.933	8.121	5.136	33	535	18.2	9.1	CECECCECCCHCCCCCCCCCHCCCCHCHCCHHC	0
3847	9.207	7.741	15.761	33	535	15.2	6.1	CCCCCECHECCHCCHCCCCCHCCCCCCCCCCHC	1
3848	9.255	7.668	15.043	33	535	15.2	3.0	CCCCCCCHCCCHCCHCCCCCHCCCCCCCCCEHC	1
3849	9.242	7.814	16.154	33	535	15.2	3.0	CCCCCCCHCCCHCCHCCECCHCCCCCCCCCCHC	1
3850	9.258	7.762	16.582	33	535	15.2	6.1	CCCCCCCHCCCHECHCCCCCHECCCCCCCCCHC	1
3851	6.816	8.163	5.737	33	535	12.1	9.1	CECECCCCCCHCCECCCCCCHCCCCCCHCCHCC	0
3852	9.230	7.746	16.920	33	535	15.2	6.1	CECCCCCHCCCHCCHCCCCCHCCCCCCCCCEHC	1
3853	6.764	8.221	7.828	33	535	12.1	0.0	CCCCCCCCCCHCCCCCCCCCCCCCCHCHCCHCC	0
3854	6.870	8.203	7.764	33	535	15.2	6.1	CECECCCCCCCCHCCCCCCCHCCCCHCHCCHCC	0
3855	9.320	7.671	16.328	33	535	15.2	3.0	CECCCCCHCCCHCCHCCCCCHCCCCCCCCCCHC	1
3856	7.157	8.103	5.340	33	535	15.2	3.0	CCCECCCCCCHCHCCCCCCCCCCCCHCHCCHCC	0
3857	7.186	7.974	5.601	33	535	15.2	9.1	CECECCCCCCHCHCHECCCCCCCCCCCHCCCHC	0
3858	7.106	8.092	6.040	33	535	21.2	9.1	CEEECCCCCCHCHCCCCCCCHCCCCHCHCCHHC	0
3859	7.300	8.185	5.955	33	535	12.1	3.0	CECCCCCCCCHCCCCCCCCCCCCCCHCHCCHCC	0
3860	7.225	8.090	5.746	33	535	21.2	6.1	CCCECCCCCCHCHCCEHCCCHCCCCHCHCCHCC	0
3861	9.165	7.712	14.675	33	535	12.1	9.1	CCCCCECCCCCHCCHCCECCHCCCCCCCCCEHC	1
3862	7.308	8.121	5.891	33	535	15.2	6.1	CCEECCCCCCHCCCCCCCCCHCCCCHCCCCHHC	0
3863	7.287	8.179	5.836	33	535	12.1	0.0	CCCCCCCCCCHCHCHCCCCCCCCCCHCCCCCCC	0
3864	7.096	8.103	5.531	33	535	12.1	3.0	CCCCCCCCCCHCCCHCCCCCCCCCCCCECCHHC	0
3865	7.147	8.026	5.793	33	535	15.2	6.1	CCCCCCCCCCHCCCHECCCCHCCCCCCECCHHC	0
3866	7.182	7.957	6.226	33	535	18.2	3.0	CCCCCCCCCCHCHCHCCCCCHCCCECCHCCHCC	0
3867	9.344	7.711	17.180	33	535	15.2	18.2	CECCCECHCCCHECHCCECCHECCCCCCCCEHC	1
3868	7.127	7.978	5.957	33	535	12.1	0.0	CCCCCCCCCCHCHCCCCCCCHCCCCCCCCCHCC	0
3869	7.314	8.106	6.136	33	535	9.1	9.1	CECCCCECCCCCHCCECCCCHCCCCCCCCCHCC	0
3870	7.228	8.125	5.839	33	535	9.1	9.1	CCEECCECCCHCCCCCCCCCCCCCCCCCCCHHC	0
3871	7.191	7.997	5.787	33	535	9.1	6.1	CECCCCECCCHCCCCCCCCCHCCCCCCCCCHCC	0
3872	9.367	7.754	15.900	33	535	12.1	12.1	CCCCCECCCCCHECHCCECCHECCCCCCCCCHC	1
3873	7.090	8.031	5.586	33	535	15.2	6.1	CEECCCCCCCCCHCCCCCCCCCCCCHCHCCHHC	0
3874	7.085	7.999	5.211	33	535	21.2	0.0	CCCCCCCCCCCCHCHCCCCCHCCCCHCHCCHHC	0
3875	6.962	7.912	5.501	33	535	15.2	9.1	CEEECCCCCCCCHCCCCCCCCCCCCHCHCCHHC	0
3876	9.288	7.670	14.571	33	535	15.2	3.0	CCCCCCCHCCCHECHCCCCCHCCCCCCCCCCHC	1
3877	7.008	8.009	5.368	33	535	18.2	3.0	CECCCCCCCCCCHCHCCCCCCCCCCHCHCCHHC	0
3878	7.162	8.006	5.863	33	535	15.2	3.0	CCCECCCCCCHCHCCCCCCCHCCCCCCHCCCHC	0
3879	9.368	7.743	15.819	33	535	12.1	3.0	CCCCCECHCCCCCCHCCCCCHCCCCCCCCCCHC	1
3880	7.141	8.001	5.276	33	535	15.2	6.1	CECCCCCCCCCCHCHCCCCCHCCCECCHCCHCC	0
3881	7.072	8.056	5.451	33	535	12.1	3.0	CCCCCCECCCCCHCCCCCCCCCCCCHCHCCHCC	0
3882	9.387	7.755	17.183	33	535	15.2	6.1	CECCCCCHCCCHCCHCCECCHCCCCCCCCCCHC	1
3883	7.198	8.137	5.727	33	535	15.2	6.1	CECCCCECCCCCHCCCCCCCHCCCCHCHCCHCC	0
3884	9.346	7.799	17.120	33	535	12.1	6.1	CCCCCECHCCCCCCHCCCCCHCCCCCCCCCEHC	1
3885	7.063	8.064	6.482	33	535	12.1	6.1	CECCCCECCCHCCCCCCCCCHCCCCHCCCCCHC	0
3886	7.132	8.082	7.861	33	535	15.2	3.0	CCCECCCCCCHCCCCCCCCCHCCCCHCHCCCHC	0
3887	7.141	7.670	16.396	33	535	12.1	0.0	CCCCHHHHCCCCCCCCCCCCCCCCCCCCCCCCC	2
3888	9.156	7.705	14.621	33	535	12.1	3.0	CCCCCCCHCCCHCCHCCECCHCCCCCCCCCCCC	1
3889	7.477	7.957	6.589	33	535	18.2	3.0	CECCCHCCCCCCCCCHCCHCHCCCCHCCCCHCC	4
3890	7.005	8.029	9.147	33	535	18.2	9.1	CECECCECCCCCHCCCCCCCHCCCCHCHCCHHC	0
3891	6.954	7.637	16.091	33	535	18.2	6.1	CHCCCCCHCCECCCCCCCHCHCCCCCCCCEHHC	2
3892	6.771	7.625	16.399	33	535	15.2	6.1	CHCCCCCCCCECCCCCCCHCHCCCCCCCCEHHC	2
3893	7.524	7.906	7.153	33	535	15.2	0.0	CCCCCCCCCCCCCCCHCCHCHCCCCHCCCCHCC	4
3894	7.035	8.086	10.401	33	535	9.1	6.1	CCECCCCCCCHCCCCCHCCCCCCCCHCECCCCC	0
3895	7.078	8.030	9.393	33	535	9.1	6.1	CECCCCECCCCCCCCCCCCCHCCCCHCCCCCHC	0
3896	7.147	8.106	9.434	33	535	9.1	6.1	CCECCCECCCCCCCCCCCCCCCCCCHCHCCCHC	0
3897	7.078	8.004	10.345	33	535	12.1	3.0	CECCCCCCCCCCCCCCCCCCHCCCCHCHCCCHC	0
3898	7.068	8.134	8.308	33	535	12.1	0.0	CCCCCCCCCCCCHCCCCCCCCCCCCHCHCCCHC	0
3899	7.129	8.084	7.377	33	535	12.1	3.0	CCCECCCCCCCCHCCCCCCCCCCCCHCHCCCHC	0
3900	9.319	7.773	17.157	33	535	15.2	12.1	CCCCCECHCCCHCCHECCCCHECCCCCCCCEHC	1
3901	9.317	7.770	16.627	33	535	12.1	9.1	CECCCCCHCCCCCCHCCCCCHECCCCCCCCEHC	1
3902	7.188	8.172	7.664	33	535	15.2	0.0	CCCCCCCCCCHCCCCCCCCCHCCCCHCHCCCHC	0
3903	6.979	7.707	16.350	33	535	15.2	12.1	CHCCCCCHECECCCCCCCHCHCCCCCCECEHCC	2
3904	9.279	7.681	16.454	33	535	12.1	9.1	CECCCCCHCCCHCCHCCCCCHECCCCCCCCECC	1
3905	7.489	7.905	6.593	33	535	12.1	0.0	CCCCCCCCCCCCCCCCCHCCHCCCCHCCCCHCC	4
3906	6.800	7.523	15.527	33	535	12.1	0.0	CCCCHHHHCCCCCCCCCCCCCCCCCCCCCCCCC	2
3907	7.175	8.047	5.829	33	535	15.2	6.1	CCCECCCCCCHCCECCCCCCHCCCCHCHCCHCC	0
3908	7.231	8.115	5.606	33	535	12.1	6.1	CEECCCCCCCCCCCCCCCCCHCCCCHCHCCHCC	0
3909	7.239	8.083	5.543	33	535	15.2	6.1	CEECCCCCCCCCHCCCCCCCHCCCCHCHCCHCC	0
3910	7.283	8.132	6.470	33	535	15.2	6.1	CECECCCCCCHCHCCCCCCCHCCCCHCCCCCHC	0
3911	7.093	8.129	6.357	33	535	9.1	3.0	CCCCCCECCCCCCCCCCCCCCCCCCHCCCCHHC	0
3912	7.318	8.110	6.193	33	535	18.2	6.1	CECECCCCCCHCHCCCHCCCCCCCCCCHCCHHC	0
3913	7.247	8.142	5.713	33	535	12.1	9.1	CECECCECCCCCCCCCHCCCCCCCCHCHCCHCC	0
3914	7.089	8.286	5.972	33	535	15.2	15.2	CEEECCECCCCCCCHCCCCCCCCCCHCHCEHHC	0
3915	6.794	8.150	5.799	33	535	12.1	3.0	CECCCCCCCCCCCCCCCCCCCCCCCHCHCCHHC	0
3916	7.138	8.146	5.543	33	535	12.1	9.1	CEEECCCCCCCCCCCCCCCCHCCCCHCCCCHHC	0
3917	7.111	8.250	5.519	33	535	9.1	0.0	CCCCCCCCCCCCCCCCCCCCHCCCCHCCCCHCC	0
3918	7.152	8.050	5.516	33	535	12.1	6.1	CCCECCCCCCCECCCCCCCCHCCCCHCHCCHCC	0
3919	7.299	8.237	5.801	33	535	15.2	6.1	CECECCCCCCCCCCCCCCCCHCCCCHCHCCHHC	0
3920	7.202	8.146	5.593	33	535	15.2	9.1	CCEECCECCCCCCCHCCCCCHCCCCHCCCCHHC	0
3921	7.272	8.226	6.324	33	535	15.2	3.0	CECCCCCCCCHCCCCCCCCCHCCCCHCHCCHCC	0
3922	7.152	8.186	5.217	33	535	12.1	6.1	CEECCCCCCCCCCCCCCCCCHCCCCHCHCCCHC	0
3923	7.146	8.039	5.654	33	535	15.2	3.0	CCCCCCECCCCCCCHCCCCCHCCCCHCHCCHCC	0
3924	7.101	8.158	6.962	33	535	12.1	6.1	CECCCCCCCCHCHCCCCCCCCCCCCHCHCECCC	0
3925	9.344	7.803	17.128	33	535	15.2	6.1	CECCCCCHCCCHCCHCCCCCHCCCCCCCCCEHC	1
3926	7.138	8.105	5.672	33	535	9.1	9.1	CEEECCCCCCCCCCCCCCCCHCCCCHCCCCCHC	0
3927	7.065	7.993	5.527	33	535	18.2	6.1	CECECCCCCCHCCCHCCCCCHCCCCHCHCCCHC	0
3928	9.237	7.635	14.123	33	535	15.2	6.1	CCCCCCCHCCCHCCHCCECCHECCCCCCCCCHC	1
3929	7.235	7.956	6.105	33	535	21.2	6.1	CEECCCCCCCHCHCCCCCCCHCCCCHCHCCHHC	0
3930	7.073	8.027	5.905	33	535	24.2	9.1	CCEECCECCCCCHCHCHCCCHCCCCHCHCCHHC	0
3931	9.307	7.756	15.418	33	535	12.1	0.0	CCCCCCCCCCCHCCHCCCCCHCCCCCCCCCCHC	1
3932	7.184	8.139	5.477	33	535	18.2	0.0	CCCCCCCCCCHCCCCCCCCCHCCCCHCHCCHHC	0
3933	9.355	7.741	16.665	33	535	15.2	9.1	CCCCCECHECCHCCHCCCCCHCCCCCCCCCEHC	1
3934	7.219	8.090	5.874	33	535	21.2	9.1	CEEECCCCCCHCHCCCCCCCHCCCCHCHCCHHC	0
3935	7.119	7.941	6.833	33	535	18.2	6.1	CEECCCCCCCHCHCCCCCCCHCCCCHCHCCHCC	0
3936	7.122	8.113	5.715	33	535	12.1	6.1	CCCECCECCCCCCCCCCCCCHCCCCCCHCCHHC	0
3937	7.176	8.143	6.419	33	535	9.1	3.0	CECCCCCCCCHCCCCCCCCCCCCCCHCCCCCHC	0
3938	7.295	8.110	6.767	33	535	18.2	3.0	CCECCCCCCCHCCCHCCCCCCCCCCHCHCCHHC	0
3939	7.185	8.111	5.406	33	535	15.2	9.1	CECECCECCCHCCCHCCCCCHCCCCHCHCCCCC	0
3940	9.305	7.685	15.650	33	535	12.1	3.0	CCCCCCCCCCCHCCHCCCCCHCCCCCCCCCEHC	1
3941	7.449	7.890	5.352	33	535	18.2	3.0	CECCCHCCCCCCCCCHCCHCHCCCCHCCCHCCC	4
3942	7.609	7.821	6.070	33	535	18.2	3.0	CECCCHCCCCCCCCCHCCCCHCCCCHCCCHHCC	4
3943	7.446	8.005	7.154	33	535	15.2	3.0	CECCCHCCCCCCCCCHCCCCHCCCCHCCCCHCC	4
3944	6.957	7.552	16.397	33	535	12.1	0.0	CCCCHHHHCCCCCCCCCCCCCCCCCCCCCCCCC	2
3945	7.299	8.168	5.814	33	535	21.2	12.1	CECECCECCCHCCCCCHCCCHCCCCHCHCEHHC	0
3946	7.138	8.119	7.512	33	535	12.1	6.1	CCEECCCCCCHCHCCCCCCCCCCCCHCHCCCCC	0
3947	7.211	8.172	6.841	33	535	15.2	3.0	CCCECCCCCCCCHCCCCCCCHCCCCHCHCCHCC	0
3948	7.023	8.159	7.580	33	535	18.2	9.1	CEEECCCCCCCCHCCCCCCCHCCCCHCHCCHHC	0
3949	6.874	8.076	7.646	33	535	18.2	0.0	CCCCCCCCCCHCHCHCCCCCHCCCCHCHCCCCC	0
3950	9.212	7.658	16.323	33	535	15.2	6.1	CCCCCCCHCCCHCCHCCCCCHECCCCCCCCEHC	1
3951	7.001	7.615	16.562	33	535	15.2	3.0	CHCCCCCHCCCCCCCCCCHCHCCCCCCECCHCC	2
3952	9.117	7.679	15.720	33	535	15.2	9.1	CCCCCCCHCCCHCCHCCECCHECCCCCCCCEHC	1
3953	9.227	7.728	15.784	33	535	15.2	3.0	CCCCCCCHCCCHCCHCCCCCHCCCCCCCCCEHC	1
3954	9.133	7.713	16.713	33	535	15.2	6.1	CCCCCCCHCCCHECHCCCCCHECCCCCCCCCHC	1
3955	7.165	8.067	5.556	33	535	18.2	6.1	CECCCCECCCHCCCCCCCCCHCCCCHCHCCHHC	0
3956	9.291	7.679	15.078	33	535	15.2	0.0	CCCCCCCHCCCHCCHCCCCCHCCCCCCCCCCHC	1
3957	6.906	8.032	7.273	33	535	18.2	3.0	CCCECCCCCCHCCCHCCCCCHCCCCHCHCCCHC	0
3958	7.052	8.063	6.426	33	535	15.2	9.1	CEEECCCCCCCCHCCCCCCCCCCCCHCHCCHHC	0
3959	7.116	8.189	5.689	33	535	21.2	6.1	CCEECCCCCCHCHCCCHCCCHCCCCHCHCCCHC	0
3960	6.726	7.744	16.437	33	535	18.2	3.0	CHCCCCCHCCCCCCCCCCHCHCCCCCCCCEHHC	2
3961	7.089	8.145	5.596	33	535	12.1	9.1	CCEECCECCCHCCCCCCCCCCCCCCHCHCCCHC	0
3962	7.466	7.937	6.655	33	535	12.1	0.0	CCCCCCCCCCCCCCCHCCCCHCCCCHCCCCHCC	4
3963	7.179	8.061	6.027	33	535	15.2	9.1	CEECCCECCCCCHCCCCCCCCCCCCHCHCCHHC	0
3964	7.192	8.176	6.382	33	535	9.1	6.1	CCECCCECCCCCCCCCCCCCHCCCCHCCCCCHC	0
3965	6.990	7.680	16.270	33	535	18.2	3.0	CHCCCCCHCCCCCCCCCCHCHCCCCCCCCEHHC	2
3966	7.295	8.078	5.748	33	535	18.2	6.1	CCEECCCCCCCCHCCCCCCCHCCCCHCHCCHHC	0
3967	7.600	7.982	6.735	33	535	15.2	3.0	CECCCCCCCCCCCCCHCHCCHCCCCHCCCCHCC	4
3968	7.098	8.061	5.557	33	535	12.1	3.0	CCCCCCCCCCCCCECCCCCCHCCCCHCHCCHCC	0
3969	7.157	8.033	6.225	33	535	18.2	3.0	CCECCCCCCCHCHCCCCCCCCCCCCHCHCCHHC	0
3970	7.135	8.056	5.354	33	535	18.2	0.0	CCCCCCCCCCHCHCCCCCCCHCCCCHCHCCHCC	0
3971	9.195	7.630	14.694	33	535	12.1	9.1	CCCCCECCECCHCCHCCCCCHCCCCCCCCCEHC	1
3972	9.014	7.697	14.625	33	535	15.2	9.1	CCCCCCCHECCHCCHCCCCCHECCCCCCCCEHC	1
3973	7.414	7.920	6.541	33	535	12.1	3.0	CCCCCCCCCCHCCECCCCCCHCCCCHCCCCHCC	0
3974	9.221	7.632	14.544	33	535	15.2	15.2	CCCCCECHECCHECHCCCCCHECCCCCCCCEHC	1
3975	7.155	8.004	5.632	33	535	18.2	6.1	CCECCCCCCCHCHCCCCCCCHCCCCHCHCECHC	0
3976	6.858	7.592	16.442	33	535	12.1	0.0	CCCCCCCCCCCCCCCCCCHCHCCCCCCCCCHHC	2
3977	6.972	7.640	16.144	33	535	12.1	3.0	CCCCCCCHCCCCCCCCCCHCHCCCCCCCCEHCC	2
3978	9.193	7.816	16.559	33	535	15.2	12.1	CCCCCCCHECCHCCHCCECCHECCCCCCCCEHC	1
3979	7.164	8.062	5.742	33	535	15.2	9.1	CECECCECCCHCHCCCHCCCCCCCCHCCCCHCC	0
3980	7.136	8.173	5.840	33	535	15.2	6.1	CEECCCCCCCHCCCCCCCCCHCCCCHCHCCHCC	0
3981	7.293	8.030	5.936	33	535	12.1	6.1	CECCCCECCCHCCCCCCCCCHCCCCCCHCCHCC	0
3982	7.177	8.204	4.457	33	535	9.1	9.1	CECECCCCCCCCCCCCCCCCHCCCCHCCCEHCC	0
3983	7.069	8.137	5.304	33	535	9.1	6.1	CCECCCCCCCCCCCCCCCCCHCCCCCCHCEHCC	0
3984	9.045	7.660	14.251	33	535	12.1	3.0	CCCCCCCCECCHCCHCCCCCHCCCCCCCCCCHC	1
3985	6.808	8.161	5.137	33	535	12.1	9.1	CEECCCECCCCCCCCCCCCCCCCCCHCHCCHHC	0
3986	7.614	8.035	7.981	33	535	12.1	3.0	CECCCCCCCCCCCCCCCCHCHCCCCHCCCCHCC	4
3987	7.027	8.306	5.866	33	535	15.2	6.1	CEECCCCCCCHCCCCCCCCCHCCCCHCHCCHCC	0
3988	9.401	7.722	18.445	33	535	12.1	12.1	CECCCECHECCHCCCCCCCCHCCCCCCCCCEHC	1
3989	6.819	8.200	5.526	33	535	9.1	3.0	CECCCCCCCCHCCCCCCCCCCCCCCHCCCCHCC	0
3990	9.246	7.781	18.499	33	535	15.2	3.0	CCCCCCCHCCCHCCHCCCCCHCCCCCCCCCEHC	1
3991	6.694	7.723	16.351	33	535	15.2	6.1	CCCCCCCHCCECCCCCCHCCHCCCCCCCCEHHC	2
3992	6.773	8.230	4.822	33	535	9.1	6.1	CEECCCCCCCCCCCCCCCCCCCCCCHCHCCHCC	0
3993	8.995	7.736	17.067	33	535	6.1	3.0	CCCCCCCHECCCCCCCCCCCHCCCCCCCCCCCC	1
3994	8.866	7.740	16.414	33	535	12.1	3.0	CCCCCCCHCCCHCCHCCCCCHCCCCCCCCCECC	1
3995	9.009	7.832	16.880	33	535	12.1	3.0	CCCCCCCHCCCHCCHCCECCHCCCCCCCCCCCC	1
3996	7.062	8.147	6.026	33	535	15.2	6.1	CECECCCCCCHCHCCCCCCCHCCCCCCHCCHCC	0
3997	7.087	7.998	5.784	33	535	15.2	3.0	CCCCCCCCCCHCCECCCCCCHCCCCHCCCCHHC	0
3998	7.028	8.028	5.682	33	535	12.1	0.0	CCCCCCCCCCHCHCCCCCCCCCCCCCCCCCHHC	0
3999	8.999	7.689	15.916	33	535	12.1	6.1	CCCCCCCHCCCHCCCCCCCCHECCCCCCCCEHC	1
4000	8.986	7.729	14.920	33	535	15.2	6.1	CCCCCCCHCCCHCHCCCCCCHECCCCCCCCEHC	1
4001	9.036	7.769	15.543	33	535	15.2	6.1	CCCCCCCHCCCHCHCCCECCHCCCCCCCCCEHC	1
4002	8.976	7.744	15.256	33	535	12.1	12.1	CCCCCCCHECCHCCCCCECCHECCCCCCCCEHC	1
4003	9.018	7.742	16.174	33	535	15.2	9.1	CCCCCCCHCCCHECHCCECCHECCCCCCCCCHC	1
4004	9.048	7.744	15.073	33	535	15.2	6.1	CCCCCCCHCCCHCCHCCCCCHECCCCCCCCEHC	1
4005	9.023	7.693	14.271	33	535	12.1	6.1	CCCCCCCHCCCHCCCCCCCCHECCCCCCCCEHC	1
4006	8.938	7.662	14.338	33	535	18.2	6.1	CCCCCCCHECCHCHHCCCCCHCCCCCCCCCEHC	1
4007	8.982	7.738	15.007	33	535	12.1	6.1	CECCCCCCCCCHCCHCCCCCHCCCCCCCCCEHC	1
4008	8.868	7.738	15.306	33	535	12.1	9.1	CCECCCCCCCCHCCHCCCCCHECCCCCCCCEHC	1
4009	7.176	8.151	6.951	33	535	21.2	6.1	CEECCCCCCCHCHCHCCCCCHCCCCHCHCCHCC	0
4010	7.249	8.120	5.885	33	535	15.2	6.1	CCCCCCCCCCHCHCCCCCCCCCCCEHCHCEHCC	0
4011	7.219	7.977	5.786	33	535	9.1	3.0	CCCCCCCCCCHCCCCCCCCCCCCCCHCCCEHCC	0
4012	7.220	8.067	5.823	33	535	21.2	3.0	CCCECCCCCCHCCCHCCCCCHCCCCHCHCCHHC	0
4013	9.007	7.687	15.476	33	535	12.1	15.2	CCECCCCCCCCHECHCCECCHECCCCCCCCEHC	1
4014	8.960	7.746	14.907	33	535	12.1	12.1	CEECCCCCCCCHECHCCCCCHECCCCCCCCCHC	1
4015	8.917	7.745	15.435	33	535	12.1	9.1	CCEECCCCCCCHCCHCCCCCHCCCCCCCCCEHC	1
4016	9.029	7.689	14.309	33	535	12.1	12.1	CEECCCCCCCCHCCHCCECCHECCCCCCCCCHC	1
4017	8.965	7.678	14.211	33	535	12.1	9.1	CCEECCCCCCCHCCHCCCCCHCCCCCCCCCEHC	1
4018	9.124	7.721	15.205	33	535	12.1	3.0	CCECCCCCCCCHCCHCCCCCHCCCCCCCCCCHC	1
4019	7.327	8.112	5.989	33	535	9.1	9.1	CEEECCCCCCCCCCCCCCCCCCCCCCCHCCHHC	0
4020	7.168	8.084	5.760	33	535	6.1	3.0	CECCCCCCCCCCCCCCCCCCCCCCCHCHCCCCC	0
4021	9.122	7.627	14.458	33	535	12.1	12.1	CCECCECHCCCHCCCCCECCHCCCCCCCCCEHC	1
4022	7.104	8.049	5.900	33	535	15.2	9.1	CEEECCCCCCHCHCCCCCCCHCCCCHCHCCCCC	0
4023	7.137	7.951	5.985	33	535	18.2	6.1	CCEECCCCCCHCCCHCCCCCHCCCCHCHCCCHC	0
4024	7.169	7.988	5.733	33	535	15.2	3.0	CCCECCCCCCHCHCCCCCCCHCCCCHCHCCCCC	0
4025	9.073	7.676	15.544	33	535	15.2	12.1	CCECCECHCCCHCCHCCCCCHECCCCCCCCEHC	1
4026	7.207	8.058	5.500	33	535	6.1	3.0	CECCCCCCCCHCCCHCCCCCCCCCCCCCCCCCC	0
4027	7.463	7.928	5.084	33	535	12.1	0.0	CCCCCCCCCCCCCCCHCHCCHCCCCCCCCCHCC	4
4028	7.408	7.828	4.511	33	535	9.1	0.0	CCCCCCCCCCCCCCCCCCCCHCCCCCCCCHHCC	4
4029	8.968	7.633	14.163	33	535	12.1	6.1	CCEECCCHCCCHCCCCCCCCHCCCCCCCCCCHC	1
4030	7.235	7.937	6.300	33	535	12.1	6.1	CCEECCCCCCCCCCCCCCCCHCCCCHCHCCHCC	0
4031	9.006	7.694	14.798	33	535	15.2	9.1	CCEECCCHCCCHCCHCCCCCHECCCCCCCCCHC	1
4032	7.657	7.891	4.348	33	535	12.1	0.0	CCCCCCCCCCCCCCCHCCCCHCCCCHCCCCHCC	4
4033	9.114	7.670	15.278	33	535	15.2	15.2	CCEECECHECCHCCHCCCCCHCCCCCCCCCEHC	1
4034	7.127	8.218	6.112	33	535	12.1	6.1	CECECCCCCCHCHCCCCCCCCCCCCHCHCCCCC	0
4035	9.101	7.781	15.166	33	535	12.1	6.1	CCEECCCCCCCHCCHCCCCCHCCCCCCCCCCHC	1
4036	9.183	7.733	16.001	33	535	12.1	12.1	CEECCECCCCCHCCHCCCCCHCCCCCCCCCEHC	1
4037	7.301	7.935	6.159	33	535	6.1	3.0	CCCCCCCCCCCCCCCCCCCCHCCCCCCCCEHCC	0
4038	8.942	7.652	14.571	33	535	15.2	12.1	CCEECECHCCCHCCHCCCCCHECCCCCCCCCHC	1
4039	9.072	7.691	15.693	33	535	12.1	12.1	CCEECCCCECCHCCHCCCCCHCCCCCCCCCEHC	1
4040	9.025	7.729	14.754	33	535	9.1	12.1	CEECCECHCCCHCCCCCCCCHCCCCCCCCCECC	1
4041	8.999	7.669	14.604	33	535	15.2	15.2	CCEECCCHECCHCCHCCCCCHECCCCCCCCEHC	1
4042	9.021	7.694	14.778	33	535	12.1	12.1	CCCECCCHECCHCCCCCCCCHECCCCCCCCEHC	1
4043	7.201	8.121	5.888	33	535	18.2	3.0	CCCECCCCCCHCCCCCCCCCHCCCCHCHCCHHC	0
4044	7.250	8.045	5.513	33	535	15.2	6.1	CCEECCCCCCHCCCCCCCCCHCCCCHCHCCHCC	0
4045	7.273	8.102	5.536	33	535	15.2	3.0	CECCCCCCCCHCCCCCCCCCHCCCCHCCCCHHC	0
4046	6.887	7.628	16.178	33	535	18.2	3.0	CHCCCCCHCCECCCCCCCHCHCCCCCCCCCHHC	2
4047	9.027	7.697	14.209	33	535	15.2	12.1	CCEECCCHCCCHCCHCCCCCHECCCCCCCCEHC	1
4048	8.935	7.717	14.518	33	535	12.1	9.1	CEECCCCHCCCHCCCCCCCCHCCCCCCCCCEHC	1
4049	9.012	7.740	14.015	33	535	9.1	12.1	CCECCECCCCCHCCCCCCCCHECCCCCCCCEHC	1
4050	8.925	7.679	14.259	33	535	9.1	9.1	CCEECCCCCCCHCCCCCCCCHCCCCCCCCCEHC	1
4051	7.188	8.119	4.852	33	535	6.1	6.1	CECECCCCCCCCCCCCCCCCHCCCCCCCCCHCC	0
4052	7.327	8.054	6.637	33	535	9.1	6.1	CCCCCCCCCCHCCECCCCCCCCCCCHCCCEHCC	0
4053	7.265	8.017	6.347	33	535	6.1	6.1	CECECCCCCCCCHCCCCCCCCCCCCCCCCCHCC	0
4054	7.161	7.941	6.221	33	535	12.1	3.0	CCCECCCCCCHCCCCCCCCCHCCCCCCHCCHCC	0
4055	9.006	7.668	14.002	33	535	15.2	12.1	CCEECCCHCCCHCCHCCCCCHECCCCCCCCEHC	1
4056	8.971	7.719	14.500	33	535	15.2	12.1	CCEECCCHECCHCCHCCCCCHCCCCCCCCCEHC	1
4057	7.334	7.914	6.218	33	535	12.1	3.0	CCCECCCCCCHCCCCCCCCCHCCCCHCCCCHCC	0
4058	9.124	7.645	14.383	33	535	9.1	12.1	CCECCECHCCCCCCCCCECCHCCCCCCCCCEHC	1
4059	7.058	8.103	5.125	33	535	15.2	6.1	CECECCCCCCHCCCHCCCCCCCCCCCCHCCHHC	0
4060	7.312	7.964	6.626	33	535	9.1	3.0	CECCCCCCCCHCHCCCCCCCHCCCCCCCCCCCC	0
4061	9.141	7.672	14.645	33	535	15.2	15.2	CCEECECHCCCHCCHCCCCCHECCCCCCCCEHC	1
4062	7.135	8.021	6.381	33	535	9.1	6.1	CCCCCCCCCCCCCECECCCCHCCCCHCHCCCCC	0
4063	9.004	7.748	14.746	33	535	15.2	12.1	CEECCCCHCCCHCCHCCCCCHECCCCCCCCEHC	1
4064	7.178	7.978	5.777	33	535	9.1	3.0	CCECCCCCCCHCCCCCCCCCCCCCCHCHCCCCC	0
4065	9.005	7.736	14.713	33	535	12.1	12.1	CCEECCCHCCCHCCCCCCCCHECCCCCCCCEHC	1
4066	7.184	8.111	5.811	33	535	9.1	9.1	CCEECCCCCCHCCECCCCCCHCCCCCCHCCCCC	0
4067	9.066	7.635	13.861	33	535	12.1	9.1	CEECCCCHCCCHCCCCCCCCHCCCCCCCCCEHC	1
4068	6.965	7.634	16.563	33	535	18.2	3.0	CHCCCCCHCCCCCCCCCCHCHCCCCCCCCEHHC	2
4069	9.135	7.722	14.671	33	535	15.2	9.1	CEECCCCHCCCHCCHCCCCCHECCCCCCCCCHC	1
4070	9.102	7.738	15.032	33	535	12.1	12.1	CEECCECHCCCHCCCCCCCCHCCCCCCCCCEHC	1
4071	9.056	7.705	14.694	33	535	12.1	12.1	CCECCCCCCCCHCCHCCECCHECCCCCCCCEHC	1
4072	9.230	7.738	14.744	33	535	12.1	12.1	CEECCCCCCCCHCCHCCECCHCCCCCCCCCEHC	1
4073	7.269	7.895	5.796	33	535	18.2	3.0	CECCCCCCCCHCHCCHCCCCHCCCCHCCCCHCC	0
4074	8.927	7.640	13.992	33	535	12.1	6.1	CCECCCCHCCCHCCCCCCCCHECCCCCCCCCHC	1
4075	7.315	7.819	6.563	33	535	12.1	0.0	CCCCCCCCCCHCHCCCCCCCHCCCCHCCCCCCC	0
4076	9.011	7.676	13.830	33	535	12.1	6.1	CCCCCCCHCCCHCCHCCECCHCCCCCCCCCECC	1
4077	7.237	7.823	5.655	33	535	15.2	3.0	CCCECCCCCCHCHCCCHCCCHCCCCHCCCCCCC	0
4078	9.072	7.614	14.211	33	535	15.2	12.1	CEECCCCHCCCHCCHCCECCHCCCCCCCCCEHC	1
4079	7.305	7.718	6.631	33	535	15.2	3.0	CCCECCCCCCHCCCCCHCCCHCCCCHCCCCHCC	0
4080	7.181	7.826	5.899	33	535	12.1	0.0	CCCCCCCCCCHCCCCCHCCCHCCCCCCCCCHCC	0
4081	7.223	7.760	6.159	33	535	15.2	0.0	CCCCCCCCCCHCHCCCCCCCHCCCCHCCCCHCC	0
4082	9.102	7.699	14.176	33	535	15.2	12.1	CEECCCCHCCCHCCHCCECCHCCCCCCCCCEHC	1
4083	9.074	7.743	15.136	33	535	15.2	15.2	CCEECECHCCCHCCHCCECCHCCCCCCCCCEHC	1
4084	9.059	7.676	14.132	33	535	15.2	12.1	CCEECCCHCCCHECHCCCCCHCCCCCCCCCEHC	1
4085	9.077	7.656	13.909	33	535	15.2	12.1	CEEECCCHCCCHCCHCCCCCHCCCCCCCCCEHC	1
4086	7.302	7.893	6.167	33	535	9.1	0.0	CCCCCCCCCCCCHCCCHCCCCCCCCHCCCCCCC	0
4087	7.377	7.813	5.691	33	535	12.1	3.0	CCCCCCCCCCHCHCCCCCCCHCCCCHCECCCCC	0
4088	7.230	7.986	6.817	33	535	9.1	6.1	CCCECCCCCCHCHCCCCCCCCCCCCHCECCCCC	0
4089	9.133	7.778	15.587	33	535	15.2	12.1	CEECCCCHCCCHCCHCCECCHCCCCCCCCCEHC	1
4090	7.222	7.772	5.837	33	535	12.1	3.0	CECCCCCCCCHCHCCCCCCCHCCCCHCCCCCCC	0
4091	9.188	7.660	14.966	33	535	15.2	6.1	CCECCCCHCCCHCCHCCECCHCCCCCCCCCCHC	1
4092	7.289	7.790	7.217	33	535	12.1	0.0	CCCCCCCCCCHCHCCCCCCCHCCCCHCCCCCCC	0
4093	7.267	7.912	7.447	33	535	18.2	3.0	CCCCCCCCCCHCHCCEHCCCHCCCCHCCCCHCC	0
4094	7.193	7.884	6.644	33	535	9.1	0.0	CCCCCCCCCCHCCCCCCCCCCCCCCHCCCCHCC	0
4095	7.160	7.583	15.998	33	535	15.2	6.1	CHCCCCCHECCCCCCCCCHCHCCCCCCCCECHC	2
4096	7.232	7.810	5.969	33	535	9.1	0.0	CCCCCCCCCCHCHCCHCCCCCCCCCCCCCCCCC	0
4097	7.235	7.836	6.130	33	535	12.1	0.0	CCCCCCCCCCHCHCCCCCCCCCCCCHCCCCCHC	0
4098	7.323	7.878	5.876	33	535	15.2	0.0	CCCCCCCCCCCCHCCCHCCCHCCCCHCCCCHCC	0
4099	8.926	7.700	14.639	33	535	12.1	12.1	CECCCCCHCCCHCCCCCECCHECCCCCCCCEHC	1
4100	9.061	7.680	15.082	33	535	12.1	12.1	CCEECCCHCCCHCCHCCCCCHECCCCCCCCECC	1
4101	7.404	7.758	6.071	33	535	9.1	3.0	CCCECCCCCCHCHCCCCCCCHCCCCCCCCCCCC	0
4102	7.285	7.830	5.731	33	535	9.1	0.0	CCCCCCCCCCHCHCCCCCCCHCCCCCCCCCCCC	0
4103	7.332	7.884	6.265	33	535	12.1	9.1	CECCCCCCCCHCCECCCCCCHCCCCHCECCHCC	0
4104	9.099	7.639	14.920	33	535	12.1	9.1	CCEECCCHCCCHCCCCCCCCHECCCCCCCCCHC	1
4105	9.177	7.717	15.045	33	535	15.2	6.1	CCECCCCHCCCHCCHCCECCHCCCCCCCCCCHC	1
4106	9.049	7.673	14.784	33	535	15.2	12.1	CCEECCCHCCCHCCHCCCCCHECCCCCCCCEHC	1
4107	7.094	8.023	5.948	33	535	15.2	9.1	CECECCCCCCHCCECHCCCCHCCCCHCCCCHCC	0
4108	7.072	7.562	16.063	33	535	12.1	0.0	CCCCCCCHCCCCCCCCCCHCHCCCCCCCCCCHC	2
4109	7.344	7.833	6.568	33	535	18.2	6.1	CCCECCCCCCHCHCCHCCCCHCCCCHCECCHCC	0
4110	7.322	7.908	6.454	33	535	9.1	9.1	CECECCCCCCCCHCCHCCCCHCCCCCCECCCCC	0
4111	9.073	7.638	14.856	33	535	12.1	9.1	CCECCCCHCCCHCCCCCCCCHECCCCCCCCEHC	1
4112	9.045	7.690	14.807	33	535	15.2	6.1	CCECCCCHCCCHCCHCCCCCHECCCCCCCCCHC	1
4113	9.129	7.740	15.474	33	535	15.2	9.1	CCEECCCHECCHCCHCCCCCHCCCCCCCCCCHC	1
4114	8.946	7.665	14.803	33	535	15.2	12.1	CCEECCCHECCHCCHCCCCCHCCCCCCCCCEHC	1
4115	7.268	7.842	5.915	33	535	3.0	6.1	CCCCCCECCCCCCCCCCCCCCCCCCHCECCCCC	0
4116	9.212	7.662	14.950	33	535	15.2	15.2	CCEECCCHECCHCCHCCCCCHECCCCCCCCEHC	1
4117	7.300	7.806	6.121	33	535	9.1	6.1	CCEECCCCCCCCHCCCCCCCHCCCCCCCCCHCC	0
4118	7.329	7.847	5.542	33	535	12.1	3.0	CCCCCCCCCCHCHCCCCCCCHCCCCHCECCCCC	0
4119	9.140	7.720	15.319	33	535	15.2	15.2	CEEECCCHCCCHCCHCCECCHCCCCCCCCCEHC	1
4120	7.291	7.725	6.474	33	535	15.2	0.0	CCCCCCCCCCHCHCCHCCCCHCCCCHCCCCCCC	0
4121	9.130	7.745	15.831	33	535	15.2	9.1	CCCCCCCHCCCHECHCCCCCHECCCCCCCCEHC	1
4122	8.946	7.658	14.455	33	535	12.1	12.1	CCEECCECCCCHCCHCCCCCHCCCCCCCCCEHC	1
4123	9.103	7.676	15.185	33	535	12.1	12.1	CEECCCCHCCCHECHCCCCCHECCCCCCCCCCC	1
4124	9.144	7.738	15.180	33	535	12.1	12.1	CCECCCCHCCCHCCHCCECCHECCCCCCCCECC	1
4125	8.998	7.620	13.999	33	535	15.2	9.1	CCEECCCHCCCHCCHCCCCCHCCCCCCCCCEHC	1
4126	9.013	7.801	15.796	33	535	12.1	12.1	CEEECCCHCCCCCCHCCCCCHCCCCCCCCCEHC	1
4127	7.111	8.037	5.776	33	535	9.1	3.0	CCECCCCCCCCCCCCCHCCCHCCCCHCCCCCCC	0
4128	8.980	7.602	14.669	33	535	15.2	3.0	CCCCCCCHCCCHCCHCCCCCHECCCCCCCCCHC	1
4129	9.020	7.815	14.744	33	535	15.2	9.1	CCEECCCHCCCHCCHCCCCCHCCCCCCCCCEHC	1
4130	7.203	7.917	5.023	33	535	15.2	6.1	CCECCCCCCCHCCCCCHCCCHCCCCCCECCHHC	0
4131	9.039	7.751	15.067	33	535	15.2	6.1	CCEECCCHCCCHCCHCCCCCHCCCCCCCCCCHC	1
4132	7.251	7.931	5.095	33	535	21.2	6.1	CCECCCCCCCHCHCCHCCCCHCCCCHCECCHHC	0
4133	8.956	7.768	15.545	33	535	15.2	9.1	CCEECCCHECCHCCHCCCCCHCCCCCCCCCCHC	1
4134	9.031	7.770	14.908	33	535	15.2	12.1	CCEECCCHCCCHECHCCECCHCCCCCCCCCCHC	1
4135	6.608	7.993	6.113	33	535	9.1	12.1	CEEECCCCCCHCCECCCCCCHCCCCHCCCCCCC	0
4136	8.921	7.727	14.698	33	535	15.2	9.1	CCEECCCHCCCHCCHCCCCCHCCCCCCCCCEHC	1
4137	9.091	7.646	14.826	33	535	15.2	12.1	CCEECCCHCCCHCCHCCCCCHECCCCCCCCEHC	1
4138	9.088	7.657	14.192	33	535	9.1	9.1	CCEECCCHCCCHCCCCCECCHCCCCCCCCCCCC	1
4139	9.094	7.587	13.897	33	535	18.2	12.1	CCECCCCHCCCHCHHCCECCHECCCCCCCCEHC	1
4140	9.038	7.653	13.857	33	535	12.1	12.1	CCECCCCHCCCHCCCCCECCHECCCCCCCCEHC	1
4141	9.195	7.707	16.121	33	535	15.2	12.1	CEECCCCHCCCHECHCCCCCHECCCCCCCCCHC	1
4142	9.155	7.673	15.860	33	535	15.2	12.1	CEEECCCHCCCHCCHCCCCCHECCCCCCCCCHC	1
4143	9.139	7.720	15.143	33	535	15.2	12.1	CCEECCCHCCCHECHCCCCCHECCCCCCCCCHC	1
4144	9.157	7.755	15.400	33	535	15.2	12.1	CCECCCCHCCCHECHCCCCCHECCCCCCCCEHC	1
4145	7.207	7.987	8.529	33	535	12.1	6.1	CECECCCCCCHCHCCCCCCCHCCCCCCCCCHCC	0
4146	7.056	8.005	8.134	33	535	9.1	9.1	CEEECCCCCCHCHCCCCCCCHCCCCCCCCCCCC	0
4147	7.101	8.055	7.349	33	535	12.1	9.1	CEEECCCCCCHCHCCCCCCCHCCCCCCCCCHCC	0
4148	8.984	7.671	15.111	33	535	15.2	9.1	CEECCCEHCCCHCCHCCCCCHCCCCCCCCCCHC	1
4149	6.978	7.918	9.781	33	535	15.2	3.0	CCCECCCCCCHCHCCCCCCCHCCCCHCCCCHCC	0
4150	9.029	7.693	15.659	33	535	15.2	18.2	CEEECCEHCCCHECHCCCCCHCCCCCCCCCEHC	1
4151	8.966	7.721	15.562	33	535	12.1	12.1	CCECCCCHECCHCCHCCCCCHECCCCCCCCECC	1
4152	8.887	7.711	14.776	33	535	15.2	12.1	CCEECCCHCCCHCCHCCECCHCCCCCCCCCEHC	1
4153	8.959	7.720	15.154	33	535	15.2	15.2	CCEECCEHCCCHCCHCCCCCHECCCCCCCCEHC	1
4154	6.840	7.867	7.824	33	535	12.1	3.0	CCECCCCCCCHCCCHCCCCCHCCCCHCCCCCCC	0
4155	8.986	7.730	15.133	33	535	15.2	12.1	CCECCCEHCCCHCCHCCCCCHECCCCCCCCEHC	1
4156	9.011	7.742	15.184	33	535	12.1	6.1	CCCCCCCHCCCHCCCCCECCHCCCCCCCCCEHC	1
4157	8.983	7.774	14.406	33	535	12.1	12.1	CCECCCEHCCCHECCCCCCCHECCCCCCCCCHC	1
4158	9.021	7.740	15.851	33	535	15.2	6.1	CCECCCEHCCCHCCHCCCCCHCCCCCCCCCCHC	1
4159	6.781	7.876	7.431	33	535	12.1	3.0	CCECCCCCCCHCHCCCCCCCHCCCCHCCCCCCC	0
4160	8.818	7.649	15.832	33	535	15.2	3.0	CCCCCCCHCCCHCCHCCCCCHECCCCCCCCCHC	1
4161	8.924	7.753	15.394	33	535	15.2	12.1	CCCCCCCHECCHCCHCCECCHECCCCCCCCEHC	1
4162	8.973	7.779	15.385	33	535	15.2	12.1	CCEECCCHCCCHCCHCCCCCHECCCCCCCCEHC	1
4163	8.866	7.730	14.404	33	535	12.1	12.1	CCEECCCHECCCCCHCCCCCHCCCCCCCCCEHC	1
4164	8.926	7.762	15.560	33	535	15.2	9.1	CCCCCCEHCCCHCCHCCCCCHECCCCCCCCEHC	1
4165	8.962	7.747	15.284	33	535	15.2	12.1	CCECCCEHCCCHCCHCCCCCHECCCCCCCCEHC	1
4166	9.008	7.778	15.964	33	535	15.2	12.1	CCCCCCCHECCHCCHCCECCHECCCCCCCCEHC	1
4167	9.192	7.793	16.186	33	535	15.2	6.1	CCECCCCHCCCHCCHCCCCCHCCCCCCCCCEHC	1
4168	9.045	7.699	15.159	33	535	15.2	6.1	CCCCCCCHECCHCCHCCCCCHECCCCCCCCCHC	1
4169	7.388	8.036	9.662	33	535	9.1	0.0	CCCCCCCCCCCCCCCCCHCCHCCCCCCCCCHCC	4
4170	9.142	7.715	14.895	33	535	15.2	6.1	CCECCCCHCCCHCCHCCCCCHCCCCCCCCCEHC	1
4171	9.100	7.833	15.659	33	535	15.2	12.1	CCECCCCHCCCHCCHCCECCHECCCCCCCCEHC	1
4172	9.029	7.747	14.069	33	535	15.2	9.1	CCCCCCCHECCHCHCCCCCCHECCCCCCCCEHC	1
4173	8.988	7.752	14.010	33	535	12.1	6.1	CCCCCCCHECCHCCCCCCCCHECCCCCCCCCHC	1
4174	9.192	7.672	14.654	33	535	15.2	9.1	CCEECCCHCCCHCCHCCCCCHCCCCCCCCCEHC	1
4175	9.048	7.676	15.506	33	535	15.2	18.2	CCEECCEHECCHECHCCCCCHCCCCCCCCCEHC	1
4176	9.090	7.766	14.273	33	535	9.1	9.1	CCECCCCHECCCCCHCCCCCHCCCECCCCCCCC	1
4177	8.923	7.851	15.577	33	535	15.2	9.1	CCECCCEHCCCHCCHCCCCCHECCCCCCCCCHC	1
4178	6.826	7.859	8.181	33	535	12.1	6.1	CCEECCCCCCHCHCCHCCCCCCCCCHCCCCCCC	0
4179	6.901	7.866	8.753	33	535	9.1	3.0	CCCECCCCCCHCCCCCCCCCHCCCCHCCCCCCC	0
4180	6.859	7.690	16.091	33	535	15.2	9.1	CHCCCCCCCCECCCCCCCHCHCCCCCCECEHHC	2
4181	6.992	8.055	9.196	33	535	9.1	9.1	CEEECCCCCCCCCCCCCCCCHCCCCHCCCCHCC	0
4182	6.806	7.722	15.457	33	535	15.2	3.0	CHCCCCCHCCCCCCCCCCHCHCCCCCCCCECHC	2
4183	6.789	8.105	7.484	33	535	9.1	3.0	CCCECCCCCCCCCCCCCCCCHCCCCHCCCCCHC	0
4184	6.861	7.936	6.696	33	535	9.1	6.1	CECECCCCCCHCCCCCCCCCHCCCCCCCCCCHC	0
4185	6.757	7.953	5.785	33	535	3.0	3.0	CCECCCCCCCHCCCCCCCCCCCCCCCCCCCCCC	0
4186	9.098	7.640	15.131	33	535	12.1	15.2	CEEECCEHCCCHCCCCCCCCHECCCCCCCCCHC	1
4187	9.167	7.709	15.855	33	535	15.2	9.1	CCECCCCHCCCHCCHCCECCHECCCCCCCCCHC	1
4188	9.119	7.648	14.364	33	535	15.2	9.1	CEECCCCHCCCHCCHCCECCHCCCCCCCCCCHC	1
4189	9.137	7.712	14.408	33	535	12.1	12.1	CCECCCCHCCCHCCCCCECCHECCCCCCCCEHC	1
4190	9.178	7.722	16.039	33	535	12.1	6.1	CCECCCCHCCCHCCHCCCCCHCCCCCCCCCECC	1
4191	9.047	7.743	14.758	33	535	15.2	6.1	CCCCCCEHCCCHCCHCCCCCHECCCCCCCCCHC	1
4192	9.193	7.784	15.811	33	535	12.1	9.1	CCCCCCEHCCCHECCCCCCCHCCCCCCCCCEHC	1
4193	9.306	7.811	15.333	33	535	12.1	9.1	CCECCCECCCCHECHCCCCCHCCCCCCCCCCHC	1
4194	8.996	7.658	14.883	33	535	15.2	9.1	CCCCCCEHECCHCCHCCCCCHCCCCCCCCCEHC	1
4195	8.945	7.737	13.628	33	535	12.1	12.1	CCECCCEHCCCHCHCCCECCHECCCCCCCCCCC	1
4196	8.964	7.735	14.548	33	535	12.1	9.1	CEEECCCHCCCHCCCCCCCCHCCCCCCCCCCHC	1
4197	6.714	7.826	6.522	33	535	3.0	6.1	CCEECCCCCCCCCCCCCCCCHCCCCCCCCCCCC	0
4198	6.914	7.913	6.849	33	535	6.1	3.0	CCECCCCCCCHCCCCCCCCCHCCCCCCCCCCCC	0
4199	6.840	7.935	7.000	33	535	6.1	3.0	CCECCCCCCCCCCCHCCCCCCCCCCCCCCCHCC	0
4200	8.972	7.567	13.764	33	535	9.1	15.2	CCECCCECCCCHCCECCECCHCCCCCCCCCEHC	1
4201	9.075	7.645	14.411	33	535	12.1	12.1	CEECCCECCCCHCHCCCCCCHCCCCCCCCCEHC	1
4202	9.058	7.663	14.352	33	535	9.1	12.1	CEEECCCCCCCHCCCCCCCCHCCCCCCCCCEHC	1
4203	9.148	7.752	15.259	33	535	12.1	18.2	CEEECCCCCCCHECHCCCCCHECCCCCCCCEHC	1
4204	7.034	7.962	8.875	33	535	9.1	6.1	CEECCCCCCCHCCCCCHCCCHCCCCCCCCCCCC	0
4205	9.035	7.717	14.054	33	535	9.1	15.2	CEEECCECCCCHCCCCCCCCHCCCCCCCCCEHC	1
4206	7.221	8.061	9.601	33	535	9.1	6.1	CECCCCECCCCCCCCCHCCCHCCCCCHCCCCCC	0
4207	8.979	7.608	13.942	33	535	15.2	12.1	CCECCCEHCCCHCCHCCCCCHECCCCCCCCEHC	1
4208	9.073	7.740	15.937	33	535	15.2	6.1	CCECCCEHCCCHCCHCCCCCHCCCCCCCCCCHC	1
4209	9.032	7.676	15.102	33	535	12.1	9.1	CCECCCCHCCCHECHCCCCCHCCCCCCCCCECC	1
4210	9.015	7.722	14.274	33	535	15.2	9.1	CEECCCCHCCCHCHCCCECCHCCCCCCCCCCHC	1
4211	9.151	7.737	15.635	33	535	15.2	9.1	CCEECCCHCCCHCCHCCCCCHECCCCCCCCCHC	1
4212	6.994	7.893	7.258	33	535	9.1	6.1	CCECCCCCCCCCCCCCCCCCHCCCCCHCCCEHC	0
4213	7.131	7.939	8.111	33	535	9.1	6.1	CEECCCCCCCHCCCCCCCCCHCCCCCCCCCHCC	0
4214	8.938	7.730	16.661	33	535	9.1	9.1	CCEECCCHCCCHCCCCCCCCCCCCCCCCCCEHC	1
4215	7.029	7.885	8.381	33	535	6.1	6.1	CEECCCCCCCHCCCCCCCCCHCCCCCCCCCCCC	0
4216	9.210	7.751	15.617	33	535	15.2	12.1	CCEECCCHCCCHECHCCCCCHECCCCCCCCCHC	1
4217	9.157	7.749	15.686	33	535	15.2	12.1	CEECCCCHCCCHCCHCCECCHECCCCCCCCCHC	1
4218	9.110	7.718	15.905	33	535	15.2	15.2	CCEECCEHCCCHECHCCCCCHCCCCCCCCCEHC	1
4219	9.161	7.754	16.059	33	535	15.2	9.1	CCECCCEHECCHCCHCCCCCHCCCCCCCCCCHC	1
4220	8.985	7.759	15.887	33	535	15.2	6.1	CCECCCCHCCCHCCHCCCCCHCCCCCCCCCEHC	1
4221	8.941	7.625	14.544	33	535	15.2	9.1	CCECCCCHCCCHCCHCCECCHCCCCCCCCCEHC	1
4222	8.951	7.692	14.271	33	535	15.2	12.1	CCECCCEHCCCHCCHCCCCCHECCCCCCCCEHC	1
4223	7.029	7.948	10.271	33	535	6.1	3.0	CCCECCCCCCCCCCCCCCCCHCCCCCCCCCHCC	0
4224	7.006	8.006	11.062	33	535	6.1	3.0	CCCECCCCCCCCCCCCCCCCHCCCCCHCCCCCC	0
4225	9.111	7.762	14.985	33	535	15.2	6.1	CCECCCCHCCCHCCHCCCCCHCCCCCCCCCEHC	1
4226	7.107	7.828	10.782	33	535	9.1	6.1	CCECCCCCCCHCCCCCCCCCHCCCCCCECCHCC	0
4227	9.073	7.700	15.508	33	535	15.2	18.2	CEEECCEHCCCHECHCCECCHCCCCCCCCCCHC	1
4228	9.082	7.658	14.990	33	535	15.2	9.1	CCCCCCEHCCCHCCHCCCCCHECCCCCCCCEHC	1
4229	9.162	7.744	15.175	33	535	12.1	9.1	CEECCCECCCCHCCHCCCCCHCCCCCCCCCCHC	1
4230	9.134	7.735	15.528	33	535	15.2	18.2	CCEECCEHCCCHECHCCECCHECCCCCCCCCHC	1
4231	9.156	7.668	15.147	33	535	12.1	15.2	CEECCCECCCCHCCHCCCCCHECCCCCCCCEHC	1
4232	9.009	7.677	15.026	33	535	12.1	15.2	CEEECCECCCCHCCHCCCCCHECCCCCCCCCHC	1
4233	7.229	7.936	8.769	33	535	12.1	3.0	CCCECCCCCCHCCCCCHCCCHCCCCCHCCCCCC	0
4234	9.071	7.784	15.403	33	535	15.2	6.1	CCECCCCHCCCHCCHCCCCCHCCCCCCCCCEHC	1
4235	9.075	7.736	15.609	33	535	15.2	9.1	CCECCCEHCCCHCCHCCCCCHCCCCCCCCCEHC	1
4236	8.931	7.635	14.109	33	535	12.1	9.1	CCECCCEHCCCHCCCCCCCCHCCCCCCCCCEHC	1
4237	9.045	7.748	15.243	33	535	12.1	15.2	CCECCCEHCCCHCCCCCECCHECCCCCCCCEHC	1
4238	9.129	7.739	16.095	33	535	15.2	9.1	CCEECCCHCCCHCCHCCCCCHECCCCCCCCCHC	1
4239	6.467	7.771	16.040	33	535	18.2	6.1	CHCCCCCHCCCCCCCCCCHCHCCCCCCECEHHC	2
4240	9.157	7.792	16.044	33	535	15.2	9.1	CCCECCEHCCCHCCHCCCCCHECCCCCCCCCHC	1
4241	9.023	7.690	15.955	33	535	9.1	12.1	CEECCCCHCCCHCCCCCCCCHECCCCCCCCECC	1
4242	7.164	7.913	8.347	33	535	6.1	6.1	CEECCCCCCCHCCCCCCCCCHCCCCCCCCCCCC	0
4243	9.081	7.707	15.940	33	535	15.2	15.2	CCECCCEHCCCHCCHCCECCHECCCCCCCCEHC	1
4244	9.044	7.770	15.107	33	535	12.1	15.2	CCEECCCHCCCHECCCCCCCHECCCCCCCCEHC	1
4245	7.011	8.027	7.497	33	535	9.1	6.1	CECECCCCCCHCHCCCCCCCHCCCCCCCCCCCC	0
4246	7.242	7.957	8.305	33	535	9.1	6.1	CECECCCCCCHCCCHCCCCCHCCCCCCCCCCCC	0
4247	7.095	7.895	9.377	33	535	6.1	3.0	CCCECCCCCCHCCCCCCCCCHCCCCCCCCCCCC	0
4248	6.986	7.801	8.030	33	535	6.1	0.0	CCCCCCCCCCHCCCCCCCCCHCCCCCCCCCCCC	0
4249	9.235	7.722	15.813	33	535	12.1	9.1	CCCCCCECCCCHCCHCCECCHCCCCCCCCCEHC	1
4250	7.112	7.842	8.405	33	535	6.1	9.1	CCEECCCCCCCCCCCCCCCCHCCCCCHECCCCC	0
4251	9.165	7.693	15.377	33	535	12.1	9.1	CCECCCECCCCHCHCCCCCCHECCCCCCCCCHC	1
4252	9.193	7.741	16.137	33	535	15.2	9.1	CCECCCCHCCCHECHCCECCHCCCCCCCCCCHC	1
4253	9.068	7.741	15.055	33	535	12.1	9.1	CCEECCCHCCCHCCCCCECCHCCCCCCCCCCHC	1
4254	9.091	7.734	14.876	33	535	15.2	12.1	CCECCCEHCCCHCHCCCECCHCCCCCCCCCEHC	1
4255	9.100	7.688	14.812	33	535	15.2	9.1	CCECCCCHCCCHEHCCCCCCHCCCCCCCCCEHC	1
4256	6.442	7.697	16.266	33	535	12.1	0.0	CCCCHHHHCCCCCCCCCCCCCCCCCCCCCCCCC	2
4257	9.083	7.692	14.401	33	535	15.2	15.2	CCEECCEHCCCHCHCCCCCCHECCCCCCCCEHC	1
4258	9.073	7.772	15.349	33	535	15.2	9.1	CCECCCEHCCCHCCHCCCCCHCCCCCCCCCEHC	1
4259	9.083	7.722	15.460	33	535	15.2	12.1	CEECCCEHCCCHCCHCCCCCHECCCCCCCCCHC	1
4260	9.036	7.675	14.715	33	535	12.1	18.2	CEECCCEHCCCCCCHCCECCHECCCCCCCCEHC	1
4261	9.166	7.734	15.833	33	535	15.2	15.2	CCEECCEHCCCHCCHCCECCHECCCCCCCCCHC	1
4262	7.186	7.953	9.358	33	535	3.0	6.1	CECECCCCCCCCCCCCCCCCHCCCCCCCCCCCC	0
4263	7.193	7.940	7.077	33	535	9.1	0.0	CCCCCCCCCCHCCCCCCCCCHCCCCCHCCCCCC	0
4264	9.083	7.783	15.043	33	535	12.1	15.2	CCEECCECCCCHCCHCCCCCHECCCCCCCCEHC	1
4265	9.060	7.725	15.003	33	535	12.1	12.1	CCECCCECCCCHCCHECECCHCCCCCCCCCCHC	1
4266	7.091	7.951	7.260	33	535	9.1	6.1	CECECCCCCCCCHCCCCCCCHCCCCCHCCCCCC	0
4267	6.496	7.779	16.701	33	535	24.2	9.1	CHCCCCCHECCCCHCCCCHCHCCCCHCECEHHC	2
4268	7.111	7.952	7.690	33	535	6.1	6.1	CECECCCCCCHCCCCCHCCCCCCCCCCCCCCCC	0
4269	7.134	7.929	8.574	33	535	6.1	6.1	CEECCCCCCCHCCCCCCCCCHCCCCCCCCCCCC	0
4270	6.636	7.701	16.127	33	535	18.2	6.1	CCCCCCCHCCECCCCCCCHCHCCHCCCCCEHHC	2
4271	7.019	7.822	16.464	33	535	12.1	9.1	CCCCCCCCCCECCCCHEHCCHECCCCCCCCCHC	3
4272	6.597	7.886	16.038	33	535	24.2	9.1	CHCCCCCHCCECCCCCCHHCHCCCCHCECEHHC	2
4273	7.301	7.950	8.357	33	535	6.1	3.0	CCECCCCCCCCCHCCCHCCCCCCCCCCCCCCCC	0
4274	7.003	7.813	7.906	33	535	3.0	6.1	CEECCCCCCCCCHCCCCCCCCCCCCCCCCCCCC	0
4275	9.080	7.828	15.944	33	535	12.1	15.2	CCECCCECCCCHCCHCCECCHECCCCCCCCEHC	1
4276	9.109	7.618	14.427	33	535	9.1	15.2	CCEECCECCCCHCCCCCECCHECCCCCCCCCHC	1
4277	9.136	7.655	14.688	33	535	9.1	9.1	CCECCCECCCCHCCCCCECCHCCCCCCCCCCHC	1
4278	7.006	8.011	7.972	33	535	3.0	9.1	CCEECCCCCCHCCECCCCCCCCCCCCCCCCCCC	0
4279	8.947	7.638	14.413	33	535	15.2	9.1	CCECCCEHCCCHCHCCCCCCHECCCCCCCCCHC	1
4280	9.033	7.668	14.987	33	535	15.2	18.2	CCEECCEHCCCHCCHCCECCHECCCCCCCCEHC	1
4281	9.079	7.748	14.904	33	535	15.2	9.1	CCEECCCHCCCHECHCCCCCHCCCCCCCCCCHC	1
4282	9.162	7.783	16.544	33	535	12.1	15.2	CCEECCECCCCHCCHCCCCCHECCCCCCCCEHC	1
4283	7.011	7.937	8.776	33	535	9.1	9.1	CEECCCECCCHCHCCCCCCCHCCCCCCCCCCCC	0
4284	6.992	7.932	8.175	33	535	9.1	6.1	CECCCCCCCCHCCCHCHCCCCCCCCCCECCCCC	0
4285	9.071	7.796	16.629	33	535	15.2	9.1	CCECCCEHCCCHCCHCCCCCHCCCCCCCCCEHC	1
4286	9.190	7.738	16.742	33	535	15.2	9.1	CEEECCCHCCCHCCHCCCCCHCCCCCCCCCCHC	1
4287	8.995	7.715	15.596	33	535	15.2	12.1	CCEECCEHCCCHCCHCCCCCHCCCCCCCCCEHC	1
4288	9.098	7.749	16.213	33	535	15.2	12.1	CCEECCEHCCCHCCHCCCCCHCCCCCCCCCEHC	1
4289	9.039	7.796	16.028	33	535	12.1	9.1	CCECCCCCECCHCCHCCCCCHCCCCCCCCCEHC	1
4290	7.006	7.904	7.880	33	535	3.0	3.0	CCCCCCECCCCCCCCCCCCCHCCCCCCCCCCCC	0
4291	7.079	8.001	7.870	33	535	6.1	3.0	CCCCCCCCCCHCCECCCCCCHCCCCCCCCCCCC	0
4292	9.056	7.730	15.789	33	535	15.2	9.1	CCECCCEHCCCHCCHCCCCCHCCCCCCCCCEHC	1
4293	7.002	7.901	7.458	33	535	12.1	6.1	CECECCCCCCHCHCHCCCCCHCCCCCCCCCCCC	0
4294	6.862	7.928	8.006	33	535	6.1	3.0	CCCECCCCCCHCCCCCCCCCHCCCCCCCCCCCC	0
4295	9.129	7.774	16.756	33	535	12.1	15.2	CEECCCECCCCHECHCCCCCHECCCCCCCCCHC	1
4296	9.159	7.775	15.837	33	535	15.2	15.2	CEECCCCHCCCHCCHCCECCHECCCCCCCCEHC	1
4297	9.169	7.663	15.839	33	535	15.2	12.1	CEECCCEHCCCHCCHCCCCCHCCCCCCCCCEHC	1
4298	9.212	7.758	16.404	33	535	12.1	15.2	CEECCCEHCCCHCCHECCCCHCCCCCCCCCECC	1
4299	6.608	7.738	16.154	33	535	15.2	3.0	CHCCCCCHCCCCCCCCCCHCHCCCCCCECCHCC	2
4300	9.083	7.723	15.451	33	535	12.1	12.1	CEECCCECCCCHCCHCCCCCHCCCCCCCCCEHC	1
4301	9.082	7.769	15.912	33	535	15.2	18.2	CEEECCEHCCCHCCHCCCCCHECCCCCCCCEHC	1
4302	9.093	7.751	15.104	33	535	15.2	12.1	CCEECCCHECCHCCHCCCCCHCCCCCCCCCEHC	1
4303	6.854	7.853	7.343	33	535	9.1	0.0	CCCCCCCCCCCCHCHCCCCCHCCCCCCCCCCCC	0
4304	6.966	7.879	7.904	33	535	6.1	0.0	CCCCCCCCCCHCCCCCCCCCHCCCCCCCCCCCC	0
4305	6.908	7.930	9.222	33	535	15.2	6.1	CCCECCECCCHCHCHCCCCCHCCCCHCCCCCCC	0
4306	9.183	7.715	14.870	33	535	12.1	12.1	CCECCCCHCCCHCCHCCECCHECCCCCCCCECC	1
4307	6.891	7.861	8.147	33	535	12.1	0.0	CCCCCCCCCCHCCCHCCCCCHCCCCCHCCCCCC	0
4308	6.910	7.821	15.867	33	535	12.1	9.1	CECCCCCCCCECCCCHCHCCHCCCCCECCCCHC	3
4309	6.609	7.855	16.251	33	535	12.1	0.0	CHCCCCCHCCCCCCCCCCHCHCCCCCCCCCCCC	2
4310	9.090	7.740	15.410	33	535	15.2	6.1	CCECCCCHCCCHCCHCCCCCHCCCCCCCCCEHC	1
4311	9.175	7.736	16.664	33	535	15.2	15.2	CEECCCEHCCCHCCHCCECCHCCCCCCCCCEHC	1
4312	7.141	7.984	8.008	33	535	9.1	3.0	CCCECCCCCCHCCCHCCCCCHCCCCCCCCCCCC	0
4313	7.027	7.906	7.550	33	535	6.1	3.0	CECCCCCCCCHCCCCCCCCCHCCCCCCCCCCCC	0
4314	7.185	7.922	8.380	33	535	9.1	6.1	CEECCCCCCCHCHCCCCCCCHCCCCCCCCCCCC	0
4315	7.154	7.868	7.819	33	535	6.1	6.1	CEECCCCCCCHCCCCCCCCCHCCCCCCCCCCCC	0
4316	9.090	7.758	15.347	33	535	18.2	12.1	CEEECCCHECCHCHHCCCCCHCCCCCCCCCCHC	1
4317	6.933	7.873	7.972	33	535	9.1	3.0	CECCCCCCCCHCCCHCCCCCHCCCCCCCCCCCC	0
4318	6.948	7.927	16.258	33	535	12.1	9.1	CCCCCCCCCCCCCCCHEHCCHECCCCECCCCHC	3
4319	7.190	7.876	8.011	33	535	9.1	0.0	CCCCCCCCCCHCCCCCCCCCHCCHCCCCCCCCC	0
4320	9.058	7.751	15.294	33	535	15.2	15.2	CEEECCCHCCCHCCHCCECCHECCCCCCCCCHC	1
4321	9.078	7.710	16.135	33	535	15.2	12.1	CEECCCEHCCCHCCHCCCCCHCCCCCCCCCEHC	1
4322	9.048	7.729	14.781	33	535	12.1	18.2	CEEECCEHCCCHCCCCCCCCHECCCCCCCCEHC	1
4323	6.979	7.896	16.158	33	535	15.2	6.1	CCCCCCCCCCECCHCHEHCCHCCCCCCCCCCHC	3
4324	7.103	7.934	6.787	33	535	6.1	6.1	CECECCCCCCCCHCCCCCCCHCCCCCCCCCCCC	0
4325	7.118	7.875	8.023	33	535	12.1	6.1	CEECCCCCCCHCCCHHCCCCHCCCCCCCCCCCC	0
4326	9.160	7.625	14.158	33	535	15.2	15.2	CEECCCCHCCCHEHCCCCCCHECCCCCCCCEHC	1
4327	9.133	7.685	14.509	33	535	15.2	9.1	CCEECCCHCCCHCCHCCCCCHECCCCCCCCCHC	1
4328	9.099	7.809	16.401	33	535	15.2	9.1	CCECCCCHCCCHCCHCCECCHCCCCCCCCCEHC	1
4329	9.044	7.823	15.825	33	535	15.2	18.2	CEEECCCHCCCHECHCCCCCHECCCCCCCCEHC	1
4330	9.191	7.763	15.490	33	535	15.2	3.0	CCECCCCHCCCHCCHCCCCCHCCCCCCCCCCHC	1
4331	6.558	7.670	15.726	33	535	15.2	3.0	CHCCCCCHCCECCCCCCCCCHCCCCCCCCCHHC	2
4332	9.103	7.686	15.682	33	535	12.1	12.1	CCEECCCHCCCHCCHCCECCHCCCCCCCCCECC	1
4333	7.002	7.878	16.153	33	535	12.1	6.1	CCCCCCCCCCCCCCCHCHCCHCCECCECCCCHC	3
4334	6.828	7.917	15.656	33	535	12.1	6.1	CCCCCCCCCCCCCCCHEHCCHCCCCCECCCCHC	3
4335	6.933	8.002	16.491	33	535	9.1	3.0	CCCCCECCCCCCCCCHCCCCHCCCCCCCCCCHC	3
4336	9.006	7.678	14.271	33	535	12.1	18.2	CEEECCCHCCCHECCCCECCHCCCCCCCCCEHC	1
4337	8.993	7.794	14.852	33	535	12.1	12.1	CCEECCCHCCCHCCCCCECCHCCCCCCCCCEHC	1
4338	6.634	7.675	16.079	33	535	18.2	9.1	CHCCCCCHCCECCCCCCCCCHCCHCCCECEHHC	2
4339	7.123	7.948	8.318	33	535	9.1	3.0	CCECCCCCCCHCCCCCCCCCCCCHCCHCCCCCC	0
4340	6.626	7.754	15.979	33	535	18.2	3.0	CHCCCCCHCCCCCCCCCCHCHCCCCCCCCEHHC	2
4341	6.607	7.789	16.303	33	535	21.2	3.0	CHCCCCCHCCECCHCCCCHCHCCCCCCCCCHHC	2
4342	7.103	7.858	8.115	33	535	6.1	0.0	CCCCCCCCCCHCCCCCCCCCHCCCCCCCCCCCC	0
4343	9.181	7.748	15.941	33	535	15.2	9.1	CEECCCCHCCCHCCHCCECCHCCCCCCCCCCHC	1
4344	7.167	7.877	7.693	33	535	9.1	3.0	CCCCCCCCCCHCCCCCCCCCHCCCCCHECCCCC	0
4345	7.014	7.917	7.586	33	535	6.1	6.1	CECECCCCCCCCCCHCCCCCHCCCCCCCCCCCC	0
4346	9.178	7.707	16.319	33	535	12.1	15.2	CEEECCCHCCCHCCHCCCCCHECCCCCCCCECC	1
4347	6.828	7.845	15.441	33	535	15.2	6.1	CCCCCCCECCCCCHCHEHCCHCCCCCCCCCCHC	3
4348	9.093	7.745	15.893	33	535	12.1	15.2	CCEECCEHCCCHCCHCCECCHCCCCCCCCCECC	1
4349	6.727	7.902	7.667	33	535	6.1	3.0	CCECCCCCCCCCCCCCCCCCHCCCCCCCCCHCC	0
4350	9.111	7.764	15.520	33	535	15.2	15.2	CEEECCCHCCCHCHCCCCCCHECCCCCCCCEHC	1
4351	9.157	7.669	15.149	33	535	15.2	6.1	CEECCCCHCCCHCCHCCCCCHCCCCCCCCCCHC	1
4352	6.762	7.825	7.539	33	535	9.1	6.1	CCEECCCCCCCCHCCHCCCCHCCCCCCCCCCCC	0
4353	6.746	7.986	7.287	33	535	9.1	9.1	CEEECCCCCCHCHCCCCCCCHCCCCCCCCCCCC	0
4354	9.105	7.749	15.132	33	535	15.2	9.1	CCEECCCHCCCHCCHCCCCCHCCCCCCCCCEHC	1
4355	6.819	7.874	6.981	33	535	6.1	6.1	CCCECCECCCHCCCCCCCCCCCCCCCCCCCHCC	0
4356	6.907	7.945	7.301	33	535	15.2	3.0	CCECCCCCCCHCCCHCHCCCHCCCCCHCCCCCC	0
4357	6.892	7.976	7.220	33	535	6.1	6.1	CECECCCCCCHCCCCCCCCCHCCCCCCCCCCCC	0
4358	7.073	7.947	7.593	33	535	9.1	3.0	CCCECCCCCCCCHCCCCCCCHCCCCCHCCCCCC	0
4359	7.253	7.914	7.355	33	535	6.1	0.0	CCCCCCCCCCCCHCCCCCCCCCCCCCHCCCCCC	0
4360	7.161	7.908	8.438	33	535	9.1	0.0	CCCCCCCCCCHCCCCCHCCCCCCCCCHCCCCCC	0
4361	7.058	7.961	7.706	33	535	6.1	0.0	CCCCCCCCCCHCHCCCCCCCCCCCCCCCCCCCC	0
4362	7.187	7.976	7.133	33	535	3.0	9.1	CEEECCCCCCHCCCCCCCCCCCCCCCCCCCCCC	0
4363	9.010	7.702	15.491	33	535	15.2	9.1	CCECCCCHECCHCCHCCCCCHCCCCCCCCCEHC	1
4364	7.213	7.913	7.964	33	535	9.1	6.1	CEECCCCCCCHCHCCCCCCCCCCCCCHCCCCCC	0
4365	6.966	7.977	8.123	33	535	6.1	3.0	CCECCCCCCCHCCCCCCCCCHCCCCCCCCCCCC	0
4366	8.953	7.663	14.618	33	535	15.2	6.1	CCEECCCHCCCHCCHCCCCCHCCCCCCCCCCHC	1
4367	9.011	7.693	14.620	33	535	12.1	12.1	CCEECCCHCCCHCCCCCCCCHECCCCCCCCEHC	1
4368	8.876	7.712	14.565	33	535	15.2	12.1	CEECCCEHCCCHCCHCCCCCHECCCCCCCCCHC	1
4369	6.551	7.709	15.834	33	535	21.2	3.0	CHCCHCCHCCCCCCCCCCHCHCCCCCCCCEHHC	2
4370	8.969	7.723	14.024	33	535	15.2	12.1	CEEECCCHCCCHCCHCCCCCHCCCCCCCCCEHC	1
4371	9.021	7.780	15.994	33	535	15.2	9.1	CCEECCCHCCCHCCHCCCCCHCCCCCCCCCEHC	1
4372	9.121	7.735	15.904	33	535	15.2	15.2	CEEECCEHCCCHCCHCCCCCHCCCCCCCCCEHC	1
4373	6.862	7.853	15.811	33	535	12.1	6.1	CCCCCCCCCCECCCCHCHCCHCCCCCCCCECHC	3
4374	6.863	7.893	16.107	33	535	12.1	12.1	CECCCCCCCCECCCCHEHCCHCCCCCCCCECHC	3
4375	7.138	7.884	8.326	33	535	12.1	9.1	CECECCCCCCCCHCHCCCCCHCCCCCHECCCCC	0
4376	9.093	7.617	14.890	33	535	15.2	12.1	CCECCCEHCCCHCCHCCCCCHECCCCCCCCEHC	1
4377	7.085	7.943	8.181	33	535	12.1	6.1	CCECCCCCCCHCHCHCCCCCHCCCCCCECCCCC	0
4378	6.968	8.034	8.174	33	535	9.1	9.1	CEECCCCCCCHCCCCCCCCCHCCCCHCECCCCC	0
4379	9.092	7.719	15.602	33	535	15.2	12.1	CEECCCCHCCCHCCHCCCCCHECCCCCCCCEHC	1
4380	9.163	7.775	15.918	33	535	15.2	9.1	CCECCCEHCCCHCCHCCCCCHCCCCCCCCCEHC	1
4381	7.030	7.827	8.418	33	535	9.1	6.1	CECCCCCCCCCCCCHCCCCCHCCCCCHECCCCC	0
4382	9.215	7.732	16.408	33	535	15.2	3.0	CCCCCCEHCCCHCCHCCCCCHCCCCCCCCCCHC	1
4383	7.072	7.932	7.670	33	535	6.1	6.1	CCCECCCCCCHCCCCCCCCCHCCCCCCECCCCC	0
4384	7.092	7.941	8.510	33	535	12.1	9.1	CCEECCCCCCHCHCCCCCCCHCCCCCHECCCCC	0
4385	6.948	7.858	8.425	33	535	6.1	0.0	CCCCCCCCCCHCCCCCCCCCCCCCCCHCCCCCC	0
4386	9.165	7.622	14.679	33	535	15.2	9.1	CCEECCCHCCCHCCHCCCCCHCCCCCCCCCEHC	1
4387	8.997	7.818	15.254	33	535	15.2	18.2	CCEECCEHCCCHCCHCCECCHECCCCCCCCEHC	1
4388	6.989	8.010	7.655	33	535	9.1	3.0	CCCCCCCCCCCCCCHCCCCCHCCCCCHECCCCC	0
4389	7.012	7.848	8.044	33	535	12.1	6.1	CCEECCCCCCHCCCCCCCCCHCCHCCHCCCCCC	0
4390	9.145	7.682	14.143	33	535	15.2	12.1	CCEECCCHCCCHCCHCCECCHCCCCCCCCCEHC	1
4391	9.109	7.723	16.319	33	535	12.1	9.1	CCEECCCHCCCHCCCCCCCCHCCCCCCCCCEHC	1
4392	7.099	7.934	9.582	33	535	3.0	9.1	CEEECCCCCCCCCCCCCCCCHCCCCCCCCCCCC	0
4393	6.895	7.928	7.073	33	535	9.1	0.0	CCCCCCCCCCHCCCCCCCCCCCCHCCHCCCCCC	0
4394	9.098	7.667	14.677	33	535	15.2	12.1	CCECCCCHECCHCCHECCCCHECCCCCCCCCHC	1
4395	6.846	7.911	16.193	33	535	12.1	6.1	CCCCCCCCCCCCCCCHCHCCHECCCCECCCCHC	3
4396	7.070	7.983	9.397	33	535	9.1	0.0	CCCCCCCCCCHCHCCCCCCCHCCCCCCCCCCCC	0
4397	9.143	7.718	15.676	33	535	15.2	12.1	CEECCCCHECCHCCHCCCCCHCCCCCCCCCEHC	1
4398	6.975	7.930	16.015	33	535	12.1	3.0	CCCCCCCCCCCCCCCHEHCCHCCCCCCCCCCHC	3
4399	6.822	7.940	16.197	33	535	12.1	9.1	CECCCCCCCCECCCCHCHCCHECCCCCCCCCHC	3
4400	6.933	7.806	8.317	33	535	9.1	0.0	CCCCCCCCCCCCHCCCCCCCHCCCCCHCCCCCC	0
4401	9.130	7.783	16.294	33	535	9.1	6.1	CCECCCCCCCCHCCHCCCCCHCCCCCCCCCECC	1
4402	9.082	7.639	15.551	33	535	15.2	15.2	CEEECCCHECCHCCHCCCCCHCCCCCCCCCEHC	1
4403	6.897	7.844	7.882	33	535	12.1	6.1	CCEECCCCCCHCHCCCCCCCHCCCCCHCCCCCC	0
4404	7.049	7.753	8.254	33	535	12.1	3.0	CCECCCCCCCHCHCCCCCCCHCCCCCHCCCCCC	0
4405	7.076	7.792	8.348	33	535	12.1	3.0	CCECCCCCCCHCHCHCCCCCHCCCCCCCCCCCC	0
4406	7.095	7.922	8.498	33	535	6.1	3.0	CCECCCCCCCCCCCHCCCCCCCCCCCHCCCCCC	0
4407	7.233	7.921	9.718	33	535	12.1	6.1	CEECCCCCCCHCHCCCCCCCHCCCCCHCCCCCC	0
4408	6.934	7.897	16.086	33	535	12.1	6.1	CCCCCCCCCCCCCCCHEHCCHCCECCCCCCCHC	3
4409	6.534	7.828	16.405	33	535	21.2	3.0	CHCCCCCHCCCCCHCCCCHCHCCCCCCECCHHC	2
4410	7.178	7.968	8.610	33	535	3.0	3.0	CECCCCCCCCCCCCCCCCCCHCCCCCCCCCCCC	0
4411	7.132	7.935	7.334	33	535	12.1	0.0	CCCCCCCCCCHCCCCCCCCCHCCCCCHCCCHCC	0
4412	6.947	7.910	7.481	33	535	6.1	3.0	CCECCCCCCCHCCCCCCCCCCCCCCCHCCCCCC	0
4413	7.071	7.971	9.118	33	535	12.1	3.0	CCCECCCCCCHCCCCCHCCCHCCCCCHCCCCCC	0
4414	6.974	8.009	9.905	33	535	12.1	3.0	CCCECCCCCCCCHCHCCCCCHCCCCCHCCCCCC	0
4415	7.004	7.939	9.409	33	535	18.2	3.0	CCCCCCCCCCHCHCHCCCCCHCCHCCHECCCCC	0
4416	7.004	7.891	16.405	33	535	12.1	6.1	CCCCCCCCCCECCCCHEHCCHCCCCCCCCCCHC	3
4417	6.988	7.820	9.235	33	535	12.1	3.0	CCCECCCCCCCCHCHCCCCCHCCCCCHCCCCCC	0
4418	9.106	7.713	16.109	33	535	15.2	9.1	CCEECCCHCCCHCCHCCCCCHECCCCCCCCCHC	1
4419	6.846	7.959	15.867	33	535	15.2	0.0	CCCCCCCCCCCCCHCHCHCCHCCCCCCCCCCHC	3
4420	7.225	7.987	8.975	33	535	15.2	3.0	CCECCCCCCCHCHCHCCCCCHCCCCCHCCCCCC	0
4421	7.146	7.928	8.114	33	535	6.1	6.1	CCECCCCCCCHCCCCCCCCCHCCCCCCECCCCC	0
4422	9.135	7.690	15.348	33	535	15.2	12.1	CEECCCCHECCHCCHCCCCCHCCCCCCCCCEHC	1
4423	6.978	7.957	7.655	33	535	9.1	3.0	CCECCCCCCCCCHCCCCCCCCCCHCCHCCCCCC	0
4424	7.551	7.866	5.223	33	535	12.1	0.0	CCCCCCHCCCCCCCCCCHCCCCCCCHCCCHCCC	4
4425	7.035	7.844	7.975	33	535	6.1	6.1	CCECCCCCCCCCCCCCCCCCHCCCCCHECCCCC	0
4426	9.018	7.758	15.376	33	535	15.2	9.1	CCECCCCHCCCHCCHCCCCCHECCCCCCCCEHC	1
4427	9.150	7.672	15.396	33	535	12.1	15.2	CEEECCCCCCCHCCHCCCCCHECCCCCCCCEHC	1
4428	7.033	7.824	8.055	33	535	9.1	6.1	CECECCCCCCCCCCCCCCCCHCCHCCHCCCCCC	0
4429	7.063	7.866	7.731	33	535	6.1	6.1	CCEECCCCCCCCCCCCCCCCHCCCCCHCCCCCC	0
4430	7.131	7.913	7.590	33	535	6.1	6.1	CCECCCCCCCCCHCCCCCCCHCCCCCCECCCCC	0
4431	6.893	7.949	7.181	33	535	9.1	3.0	CCCCCCCCCCCCCCCCCCCCHCCCCCHECCCHC	0
4432	6.908	7.938	8.437	33	535	6.1	3.0	CCCCCCCCCCHCCCCCCCCCCCCCCCHECCCCC	0
4433	6.927	8.101	7.837	33	535	3.0	6.1	CCCECCCCCCCCCCCCCCCCCCCHCCCECCCCC	0
4434	6.935	8.097	7.787	33	535	3.0	9.1	CCCECCECCCCCCCCCCCCCHCCCCCCECCCCC	0
4435	6.963	7.963	7.697	33	535	9.1	6.1	CCCECCCCCCHCCCHCCCCCHCCCCCCECCCCC	0
4436	7.106	7.978	6.510	33	535	12.1	3.0	CCECCCCCCCHCHCHCCCCCHCCCCCCCCCCCC	0
4437	7.129	7.990	7.933	33	535	12.1	6.1	CECECCCCCCHCCCCCCCCCHCCCCCHCCCCHC	0
4438	7.025	7.971	5.827	33	535	9.1	9.1	CCEECCCCCCCCHCCCCCCCCCCCCCHECCHCC	0
4439	7.093	7.926	5.562	33	535	18.2	6.1	CEECCCCCCCHCHCHCHCCCCCCCCHCCCCHCC	0
4440	7.161	7.951	5.642	33	535	9.1	6.1	CCCECCCCCCHCCCCCCCCCCCCCCHCECCHCC	0
4441	8.966	7.660	14.443	33	535	15.2	6.1	CCECCCCHCCCHCCHCCCCCHCCCCCCCCCEHC	1
4442	8.992	7.674	14.183	33	535	15.2	15.2	CCECCCEHECCHECHCCCCCHCCCCCCCCCEHC	1
4443	6.464	7.760	16.305	33	535	18.2	12.1	CHCCCCCHECECCHCCCHCCCCCCCCCECEHHC	2
4444	6.632	7.767	16.352	33	535	9.1	6.1	CCCCCCCHCCECCCCCCCCCHCCCCCCCCECHC	2
4445	6.761	7.933	5.143	33	535	12.1	6.1	CCECCCCCCCHCHCCCCCCCCCCHCCCECCHCC	0
4446	6.756	7.922	4.883	33	535	12.1	6.1	CCEECCCCCCHCCCHCCCCCHCCCCCCCCCCHC	0
4447	6.789	7.935	5.278	33	535	3.0	6.1	CCEECCCCCCHCCCCCCCCCCCCCCCCCCCCCC	0
4448	7.012	7.844	16.238	33	535	12.1	6.1	CCCCCCCCCCCCCCCHEHCCHECCCCCCCCCHC	3
4449	9.043	7.730	14.944	33	535	12.1	15.2	CEEECCCCCCCHCCHCCCCCHECCCCCCCCEHC	1
4450	9.134	7.720	14.305	33	535	12.1	12.1	CEECCCCHECCHCCCCCECCHCCCCCCCCCCHC	1
4451	9.102	7.638	14.932	33	535	15.2	15.2	CEEECCCHCCCHCCHCCECCHCCCCCCCCCEHC	1
4452	9.190	7.677	15.347	33	535	15.2	6.1	CCECCCCHCCCHCCHCCCCCHCCCCCCCCCEHC	1
4453	6.558	7.714	16.054	33	535	12.1	0.0	CCCCHHHHCCCCCCCCCCCCCCCCCCCCCCCCC	2
4454	6.694	8.124	5.745	33	535	9.1	0.0	CCCCCCCCCCHCCCCCCCCCCCCHCCCCCCHCC	0
4455	9.048	7.567	14.217	33	535	15.2	9.1	CCEECCCHCCCHCCHCCCCCHCCCCCCCCCEHC	1
4456	9.062	7.736	15.727	33	535	15.2	15.2	CEEECCCHCCCHECHCCCCCHCCCCCCCCCEHC	1
4457	6.876	7.968	5.569	33	535	9.1	6.1	CCEECCCCCCHCCCCCCCCCCCCHCCCCCCCHC	0
4458	6.802	7.772	16.240	33	535	15.2	0.0	CHCCCCCHCCCCCHCCCCHCHCCCCCCCCCCCC	2
4459	6.901	8.034	5.274	33	535	9.1	6.1	CEECCCCCCCCCHCCCCCCCHCCCCCCCCCHCC	0
4460	9.075	7.805	14.895	33	535	15.2	12.1	CCECCCCHECCHECHCCCCCHCCCCCCCCCEHC	1
4461	6.900	7.969	4.934	33	535	6.1	3.0	CCCECCCCCCHCCCCCCCCCCCCCCCCCCCHCC	0
4462	6.930	7.902	15.865	33	535	12.1	12.1	CCCCCCCCCCECCCCHEHCCHCCCCCECCECHC	3
4463	9.059	7.677	16.096	33	535	15.2	12.1	CCEECCEHCCCHCCHCCCCCHCCCCCCCCCEHC	1
4464	9.051	7.649	14.501	33	535	12.1	9.1	CEECCCCCCCCHECHCCCCCHCCCCCCCCCCHC	1
4465	6.874	7.891	15.365	33	535	12.1	12.1	CECCCCCCCCECCCCHEHCCHECCCCCCCCCHC	3
4466	8.827	7.745	14.732	33	535	15.2	12.1	CCEECCCHCCCHCCHCCCCCHECCCCCCCCEHC	1
4467	9.013	7.712	15.783	33	535	15.2	12.1	CCEECCCHCCCHCCHCCECCHCCCCCCCCCEHC	1
4468	7.055	7.893	16.129	33	535	12.1	9.1	CCCCCCCCCCECCCCHCHCCHECCCCECCCCHC	3
4469	6.893	7.906	5.325	33	535	6.1	0.0	CCCCCCCCCCCCHCCCCCCCHCCCCCCCCCCCC	0
4470	9.115	7.678	13.967	33	535	9.1	9.1	CCCCCCECCCCHCHCCCECCHCCCCCCCCCECC	1
4471	6.602	7.761	15.982	33	535	18.2	3.0	CHCCCCCHCCCCCCCCCHCCCCCHCCCCCEHHC	2
4472	9.025	7.698	15.040	33	535	15.2	15.2	CEECCCCHCCCHECHCCCCCHECCCCCCCCEHC	1
4473	8.979	7.681	16.195	33	535	15.2	15.2	CEECCCEHCCCHCCHCCECCHCCCCCCCCCEHC	1
4474	9.228	7.688	14.391	33	535	15.2	12.1	CCEECCCHCCCHCCHCCCCCHECCCCCCCCEHC	1
4475	6.897	7.934	5.215	33	535	6.1	6.1	CCEECCCCCCCCCCCCCCCCCCCHCCCCCCCHC	0
4476	6.836	7.959	5.068	33	535	9.1	3.0	CCCCCCECCCHCHCCCCCCCCCCCCCCCCCCHC	0
4477	6.846	7.791	5.392	33	535	9.1	6.1	CECECCCCCCHCCCCCCCCCHCCCCCCCCCCHC	0
4478	9.116	7.641	15.386	33	535	9.1	12.1	CCECCCCCECCHCCHCCECCHCCCCCCCCCECC	1
4479	6.945	8.042	5.806	33	535	12.1	0.0	CCCCCCCCCCHCHCCCCCCCCCCCCCCCCCHHC	0
4480	6.810	7.904	15.984	33	535	15.2	3.0	CCCCCCCCCCECCHCHCHCCHCCCCCCCCCCHC	3
4481	6.880	8.136	5.258	33	535	6.1	0.0	CCCCCCCCCCHCCCCCCCCCCCCCCCCCCCCHC	0
4482	6.863	7.870	5.672	33	535	15.2	6.1	CCEECCCCCCHCCCCCCCCCHCCCCCHCCCHHC	0
4483	6.763	8.031	8.082	33	535	18.2	3.0	CCCECCCCCCHCHCHCCCCCHCCHCCCCCCCHC	0
4484	8.937	7.665	14.222	33	535	12.1	15.2	CEEECCCHECCHCCCCCCCCHCCCCCCCCCEHC	1
4485	6.868	8.008	7.175	33	535	9.1	9.1	CEEECCCCCCHCHCCCCCCCHCCCCCCCCCCCC	0
4486	6.439	7.777	16.683	33	535	12.1	6.1	CHCCCCCHCCECCCCCCCCCHCCCCCCCCECHC	2
4487	6.847	7.909	6.281	33	535	12.1	0.0	CCCCCCCCCCHCCCHCCCCCHCCCCCCCCCHCC	0
4488	9.058	7.746	15.892	33	535	15.2	21.2	CEEECECHECCHECHCCCCCHCCCCCCCCCEHC	1
4489	9.131	7.695	14.774	33	535	15.2	18.2	CEEECCCHECCHCCHCCECCHCCCCCCCCCEHC	1
4490	7.128	7.842	5.752	33	535	18.2	9.1	CEEECCCCCCCCHCHCCCCCHCCHCCHCCCCHC	0
4491	9.178	7.724	14.740	33	535	15.2	12.1	CCEECECHCCCHCCHCCECCHCCCCCCCCCCHC	1
4492	7.150	7.892	7.896	33	535	12.1	6.1	CCEECCCCCCHCHCCCCCCCHCCCCCCCCCCHC	0
4493	6.700	7.800	16.044	33	535	12.1	3.0	CHCCCCCHCCCCCCCCCCCCHCCCCCCCCECHC	2
4494	6.466	7.837	15.718	33	535	18.2	3.0	CHCCCCCHCCCCCCCCCCHCHCCCCCCECCHHC	2
4495	9.100	7.703	14.588	33	535	15.2	12.1	CEECCECHCCCHCCHCCCCCHCCCCCCCCCEHC	1
4496	9.024	7.677	14.533	33	535	15.2	15.2	CEEECECHCCCHCCHCCCCCHCCCCCCCCCEHC	1
4497	6.440	7.762	16.413	33	535	21.2	3.0	CHCCCCCHCCECCHCCCCHCHCCCCCCCCCHHC	2
4498	6.401	7.716	15.326	33	535	18.2	3.0	CHCCCCCHCCECCCCCCCHCHCCCCCCCCCHHC	2
4499	7.164	7.887	7.270	33	535	18.2	9.1	CEEECCCCCCHCCCCCCCCCHCCCCCHHCCHHC	0
4500	7.245	7.833	5.777	33	535	9.1	6.1	CECECCCCCCCCCCCCCCCCHCCCCCCHCCCHC	0
4501	7.156	7.974	5.784	33	535	21.2	6.1	CEECCCCCCCHCHCHCCCCCHCCHCCHHCCCCC	0
4502	9.147	7.718	15.035	33	535	12.1	9.1	CCCECCCHCCCHCCHCCCCCHECCCCCCCCECC	1
4503	7.287	7.795	7.091	33	535	15.2	9.1	CEECCCCCCCHCCCHCCCCCCCCCCEHHCCCHC	0
4504	8.979	7.707	15.130	33	535	12.1	6.1	CCECCCCCCCCHCCHCCCCCHCCCCCCCCCEHC	1
4505	6.964	7.904	6.128	33	535	15.2	6.1	CCECCCCCCCHCCCCCCCCCHCCCCEHHCCCHC	0
4506	8.969	7.646	14.650	33	535	9.1	12.1	CEEECCCCCCCHCCCCCCCCHCCCCCCCCCEHC	1
4507	7.048	7.857	6.281	33	535	18.2	3.0	CCCCCCCCCCHCCCHCCCCCHCCCCEHHCCCHC	0
4508	6.981	7.855	15.480	33	535	12.1	6.1	CCCCCCCCCCECCCCHCHCCHECCCCCCCCCHC	3
4509	6.286	7.791	16.383	33	535	18.2	3.0	CHCCCCCHCCCCCCCCCCHCHCCCCCCCCEHHC	2
4510	7.129	7.823	7.114	33	535	12.1	6.1	CECECCCCCCHCCCCCCCCCHCCCCCCHCCCHC	0
4511	6.424	7.774	16.769	33	535	21.2	9.1	CHCCCCCHCCECCHCCCHCCHCCCCCCECEHHC	2
4512	9.192	7.812	15.351	33	535	12.1	9.1	CEEECCCCCCCHCCHCCCCCHCCCCCCCCCCHC	1
4513	9.094	7.728	14.677	33	535	12.1	6.1	CCEECCCCCCCHCCHCCCCCHCCCCCCCCCCHC	1
4514	6.273	7.772	15.536	33	535	15.2	6.1	CHCCCCCHCCECCCCCCCHCCCCCCCCCCEHHC	2
4515	7.197	7.826	5.588	33	535	12.1	9.1	CEEECCCCCCCCCCCCHCCCHCCCCHCHCCCCC	0
4516	7.293	7.857	5.961	33	535	6.1	6.1	CCECCCCCCCCCCECCHCCCCCCCCCHCCCCCC	0
4517	9.109	7.718	15.131	33	535	12.1	12.1	CEECCECCCCCHCCHCCECCHCCCCCCCCCCHC	1
4518	6.504	7.799	16.503	33	535	15.2	0.0	CHCCCCCHCCCCCHCCCCCCHCCCCCCCCCCHC	2
4519	9.193	7.794	15.614	33	535	12.1	9.1	CEEECCCCCCCHCCHCCCCCHCCCCCCCCCCHC	1
4520	6.952	7.936	15.853	33	535	12.1	6.1	CCCCCCCCCCECCCCHEHCCHCCCCCCCCCCHC	3
4521	7.315	7.772	6.576	33	535	9.1	3.0	CECCCCCCCCHCCCCCCCCCHCCCCCCHCCCCC	0
4522	7.294	7.905	6.000	33	535	12.1	9.1	CEECCCCCCCHCCCCCCCCCHCCCCEHHCCCCC	0
4523	7.340	7.880	6.698	33	535	9.1	9.1	CEEECCCCCCHCCCCCCCCCCCCCCCHHCCCCC	0
4524	7.179	7.780	5.865	33	535	21.2	9.1	CCEECCECCCHCHCHCHCCCHCCCCCHHCCCCC	0
4525	7.449	7.898	5.766	33	535	18.2	3.0	CCECCCCCCCHCHCHCCCCCCCCCCCHHCCHCC	0
4526	6.907	7.956	16.364	33	535	15.2	9.1	CCCCCCCCCCCCCHCHEHCCHECCCCECCCCHC	3
4527	6.942	7.864	15.999	33	535	12.1	9.1	CECCCCCCCCCCCCCHEHCCHECCCCCCCCCHC	3
4528	6.418	7.785	16.204	33	535	18.2	6.1	CHCCCCCHCCECCCCCCCHCHCCCCCCCCEHHC	2
4529	9.136	7.711	14.522	33	535	9.1	9.1	CCEECCCCCCCCCCHCCCCCHCCCCCCCCCEHC	1
4530	9.059	7.704	14.844	33	535	12.1	9.1	CCEECCCCCCCHCCHCCCCCHCCCCCCCCCEHC	1
4531	6.986	7.852	15.697	33	535	12.1	12.1	CECCCCCCCCCCCCCHEHCCHECCCCECCCCHC	3
4532	6.970	7.847	15.962	33	535	15.2	9.1	CCCCCCCCCCECCHCHEHCCHCCCCCECCCCHC	3
4533	9.150	7.751	14.895	33	535	12.1	9.1	CCEECCCHECCHCCCCCCCCHCCCCCCCCCCHC	1
4534	9.119	7.725	15.194	33	535	15.2	15.2	CEEECCCHCCCHCCHCCCCCHECCCCCCCCEHC	1
4535	9.160	7.818	16.027	33	535	15.2	6.1	CCECCCCHCCCHCCHCCECCHCCCCCCCCCCHC	1
4536	6.914	7.947	16.427	33	535	12.1	9.1	CECCCCCCCCECCCCHCHCCHCCCCCECCCCHC	3
4537	7.286	7.828	5.182	33	535	18.2	9.1	CCEECCCCCCHCCECCCCCCHCCHCCHHCCCHC	0
4538	9.044	7.689	13.987	33	535	12.1	15.2	CCEECCCHCCCHCCCCCECEHCCCCCCCCCEHC	1
4539	6.404	7.756	15.504	33	535	15.2	6.1	CHCCCCCHCCECCCCCCCCCHCCCCCCCCEHHC	2
4540	6.486	7.836	15.728	33	535	15.2	9.1	CHCCCCCHECCCCCCCCCHCCCCCCCCECEHHC	2
4541	9.133	7.699	16.205	33	535	12.1	12.1	CCEECCCHCCCHECHCCECCHCCCCCCCCCCCC	1
4542	7.350	7.828	5.495	33	535	9.1	9.1	CEEECCCCCCCCHCCCCCCCCCCHCCHCCCCCC	0
4543	7.423	7.803	5.882	33	535	9.1	6.1	CCEECCCCCCCCCCCCCCCCCCCHCCHHCCCCC	0
4544	9.165	7.712	14.235	33	535	9.1	9.1	CCEECECCCCCHCCCCCCCCHCCCCCCCCCCHC	1
4545	6.594	7.710	15.220	33	535	18.2	9.1	CHCCCCCHCCECCCCCCCCCHCCCCHCECEHHC	2
4546	7.073	7.901	15.890	33	535	15.2	3.0	CCCCCCCCCCCCCHCHCHCCHCCCCCECCCCHC	3
4547	7.394	7.915	5.694	33	535	6.1	6.1	CEECCCCCCCHCCCCCCCCCCCCCCCHCCCCCC	0
4548	9.184	7.717	14.746	33	535	12.1	6.1	CCEECCCHCCCCCCHCCCCCHCCCCCCCCCCHC	1
4549	9.193	7.763	16.121	33	535	15.2	15.2	CEEECECHCCCHCCHECCCCHCCCCCCCCCCHC	1
4550	9.115	7.684	14.675	33	535	12.1	9.1	CCEECCCHECCCCCHCCCCCHCCCCCCCCCCHC	1
4551	7.084	7.819	6.067	33	535	12.1	6.1	CECECCCCCCCCCCCCCCCCHCCCCCHHCCCHC	0
4552	7.228	7.968	5.909	33	535	15.2	6.1	CEECCCCCCCHCCCCCCCCCHCCCCCHHCCCHC	0
4553	7.252	7.754	6.048	33	535	18.2	9.1	CEEECCCCCCHCHCCCCCCCHCCCCCHHCCCHC	0
4554	7.296	7.780	6.051	33	535	12.1	6.1	CCEECCCCCCHCCCCCCCCCHCCCCCHHCCCCC	0
4555	6.537	7.849	16.100	33	535	24.2	12.1	CHCCCCCHECECCHCCCHCCHCCHCCCECEHHC	2
4556	7.360	7.833	5.635	33	535	9.1	9.1	CEEECCCCCCHCCCCCCCCCHCCCCCHCCCCCC	0
4557	7.417	7.752	6.520	33	535	18.2	3.0	CCECCCCCCCHCHCCCCCCCHCCCCCHHCCCHC	0
4558	7.232	8.038	6.858	33	535	12.1	6.1	CECECCCCCCHCCCCCCCCCCCCCCCHHCCCHC	0
4559	7.060	7.867	6.604	33	535	12.1	3.0	CCECCCCCCCCCHCCCCCCCHCCCCCHCCCCHC	0
4560	9.143	7.830	15.381	33	535	12.1	15.2	CEEECCCCCCCHECHCCCCCHECCCCCCCCCHC	1
4561	7.146	7.871	5.950	33	535	6.1	6.1	CCEECCCCCCCCCCCCCCCCCCCCCCHCCCCHC	0
4562	6.938	7.900	6.595	33	535	9.1	6.1	CECECCCCCCHCCCCCCCCCCCCCCCHCCCCHC	0
4563	7.068	7.862	6.703	33	535	15.2	6.1	CEECCCCCCCHCCCCCCCCCHCCCCCHHCCCHC	0
4564	6.910	7.888	7.259	33	535	21.2	0.0	CCCCCCCCCCHCHCHCCCCCHCCCCCHHCCCHC	0
4565	7.603	7.918	6.506	33	535	12.1	3.0	CECCCCHCCCCCCCCCCCCCHCCCCHCCCHCCC	4
4566	7.151	7.826	6.460	33	535	15.2	9.1	CEEECCCCCCHCCCCCCCCCHCCCCCHHCCCHC	0
4567	9.106	7.633	13.626	33	535	9.1	12.1	CEECCECCCCCHCCCCCCCCHCCCCCCCCCEHC	1
4568	7.299	7.771	6.199	33	535	12.1	6.1	CCEECCCCCCHCHCCCCCCCCCCCCCHHCCCCC	0
4569	7.227	7.725	5.302	33	535	12.1	3.0	CCECCCCCCCHCHCCCCCCCCCCCCCHHCCCCC	0
4570	6.921	7.899	15.737	33	535	9.1	12.1	CECCCCCCCCECCCCHECCCHECCCCCCCCCHC	3
4571	9.200	7.688	15.513	33	535	12.1	9.1	CCCCCCCHECCHCCHCCECCHCCCCCCCCCECC	1
4572	6.981	7.878	15.967	33	535	15.2	6.1	CECCCCCCCCECCHCHCHCCHCCCCCCCCCCHC	3
4573	7.302	7.791	6.093	33	535	12.1	3.0	CCECCCCCCCHCCCCCCCCCHCCCCCHHCCCCC	0
4574	9.043	7.659	14.668	33	535	18.2	12.1	CCECCCCHECCHCHHCCCCCHECCCCCCCCEHC	1
4575	7.464	7.774	5.751	33	535	9.1	6.1	CEECCCCCCCCCCCCCHCCCCCCCCCHHCCCCC	0
4576	6.910	7.977	16.374	33	535	12.1	3.0	CCCCCCCCCCECCCCHCHCCHCCCCCCCCCCHC	3
4577	9.048	7.660	14.788	33	535	15.2	6.1	CCECCCCHCCCHCHCCCCCCHCCCCCCCCCEHC	1
4578	9.012	7.818	15.984	33	535	15.2	12.1	CEECCCCHCCCHCCHCCCCCHECCCCCCCCEHC	1
4579	9.151	7.724	15.745	33	535	18.2	9.1	CCEECCCHCCCHCHHCCCCCHCCCCCCCCCEHC	1
4580	9.132	7.730	15.437	33	535	18.2	18.2	CEEECCCHECCHCHHECCCCHCCCCCCCCCEHC	1
4581	7.433	7.879	6.936	33	535	15.2	6.1	CCEECCCCCCHCHCCCCCCCHCCCCCCHCCHCC	0
4582	7.446	7.783	5.773	33	535	6.1	6.1	CEECCCCCCCCCCCCCCCCCCCCCCCHHCCCCC	0
4583	7.422	7.727	5.529	33	535	12.1	9.1	CEEECCCCCCHCCCCCCCCCHCCCCCHHCCCCC	0
4584	7.304	7.702	5.831	33	535	15.2	3.0	CCECCCCCCCHCCCCCHCCCHCCCCCHHCCCCC	0
4585	7.478	7.881	5.479	33	535	6.1	6.1	CCEECCCCCCCCCCCCCCCCHCCCCCHCCCCCC	0
4586	7.226	7.900	6.210	33	535	15.2	9.1	CEEECCCCCCHCCCCCHCCCHCCCCCHHCCCCC	0
4587	8.999	7.749	15.397	33	535	12.1	12.1	CCEECCCCCCCHECHCCCCCHCCCCCCCCCEHC	1
4588	9.071	7.644	14.511	33	535	15.2	18.2	CEEECCCHCCCHCCHCCECCHECCCCCCCCEHC	1
4589	9.022	7.691	14.872	33	535	15.2	12.1	CCECCCCHECCHCCHCCCCCHECCCCCCCCEHC	1
4590	9.038	7.712	14.550	33	535	15.2	9.1	CEECCCCHCCCHCCHCCCCCHCCCCCCCCCEHC	1
4591	7.280	7.830	5.836	33	535	12.1	9.1	CEEECCCCCCHCCCCCCCCCHCCCCCHHCCCCC	0
4592	7.299	7.914	6.600	33	535	15.2	12.1	CEEECCCCCCHCHCCCCCCCHCCCCEHHCCCCC	0
4593	8.962	7.710	15.225	33	535	12.1	18.2	CCEECECHCCCHCCCCCECCHECCCCCCCCEHC	1
4594	9.155	7.708	15.787	33	535	15.2	21.2	CEEECECHECCHCCHCCECCHECCCCCCCCCHC	1
4595	9.023	7.655	14.926	33	535	15.2	3.0	CCECCCCHCCCHCCHCCCCCHCCCCCCCCCCHC	1
4596	9.006	7.751	15.686	33	535	12.1	15.2	CEEECCCHCCCHCCCCCECCHCCCCCCCCCEHC	1
4597	9.067	7.663	14.644	33	535	15.2	6.1	CCCCCCCHCCCHCHCCCCCCHECCCCCCCCEHC	1
4598	7.058	7.934	16.262	33	535	12.1	6.1	CCCCCCCCCCECCCCHCHCCHECCCCCCCCCHC	3
4599	9.118	7.617	14.051	33	535	12.1	6.1	CECCCCCHCCCHCCCCCCCCHCCCCCCCCCEHC	1
4600	8.988	7.799	14.625	33	535	9.1	6.1	CCECCECCCCCHCCCCCCCCHCCCCCCCCCCHC	1
4601	7.115	7.968	6.060	33	535	15.2	3.0	CECCCCCCCCHCHCHCCCCCCCCCCCHHCCCCC	0
4602	7.179	7.855	6.530	33	535	12.1	9.1	CCEECCCCCCHCCCCCCCCCHCCCCEHHCCCCC	0
4603	9.069	7.786	14.667	33	535	12.1	18.2	CCEECECCCCCHECHCCCCCHECCCCCCCCEHC	1
4604	8.953	7.687	15.288	33	535	15.2	15.2	CEEECCCHECCHCCHCCECCHCCCCCCCCCCHC	1
4605	8.995	7.655	14.851	33	535	15.2	12.1	CCEECCCHCCCHCCHCCCCCHECCCCCCCCEHC	1
4606	9.123	7.614	13.518	33	535	12.1	15.2	CCECCECHCCCHCCCCCECCHECCCCCCCCEHC	1
4607	6.901	7.885	16.263	33	535	12.1	3.0	CCCCCCCCCCECCCCHCHCCHCCCCCCCCCCHC	3
4608	9.073	7.647	14.533	33	535	15.2	9.1	CCEECCCHCCCHCCHCCCCCHCCCCCCCCCEHC	1
4609	9.055	7.688	14.224	33	535	15.2	12.1	CCEECCCHECCHCCHCCCCCHECCCCCCCCCHC	1
4610	7.186	7.962	5.722	33	535	18.2	6.1	CCEECCCCCCHCHCHCCCCCCCCCCCHHCCCHC	0
4611	7.183	8.006	5.837	33	535	12.1	9.1	CEEECCCCCCHCCCCCCCCCCCCHCCHHCCCCC	0
4612	6.592	7.746	16.403	33	535	18.2	0.0	CHCCCCCHCCCCCHCCCCHCHCCCCCCCCCCHC	2
4613	9.050	7.646	14.083	33	535	12.1	12.1	CCEECCCHCCCHCCCCCCCCHECCCCCCCCEHC	1
4614	8.972	7.639	13.763	33	535	15.2	6.1	CCECCCCHCCCHCCHCCCCCHCCCCCCCCCEHC	1
4615	8.934	7.674	14.266	33	535	12.1	9.1	CCEECCCCCCCHCCHCCCCCHCCCCCCCCCEHC	1
4616	7.144	7.970	5.934	33	535	18.2	6.1	CCEECCCCCCHCHCHCCCCCCCCCCCHHCCHCC	0
4617	6.879	7.964	16.686	33	535	12.1	9.1	CCCCCCCCCCCCCECHEHCCHECCCCCCCCCHC	3
4618	9.027	7.677	14.473	33	535	18.2	12.1	CEECCCCHCCCHCHHCCECCHCCCCCCCCCEHC	1
4619	7.106	7.860	5.864	33	535	15.2	6.1	CCEECCCCCCHCCCCCHCCCCCCCCCHHCCCHC	0
4620	7.061	7.984	6.944	33	535	12.1	9.1	CEEECCCCCCHCCCCCCCCCCCCCCCHHCCCHC	0
4621	7.008	7.928	16.660	33	535	12.1	9.1	CCCCCCCECCECCCCHCHCCHECCCCCCCCCHC	3
4622	8.961	7.601	14.171	33	535	15.2	9.1	CEECCCCHCCCHCCHCCCCCHCCCCCCCCCEHC	1
4623	8.986	7.723	15.238	33	535	15.2	12.1	CCEECECHCCCHCCHCCCCCHECCCCCCCCCHC	1
4624	9.082	7.592	13.921	33	535	15.2	12.1	CEECCCCHCCCHCCHCCCCCHECCCCCCCCEHC	1
4625	9.048	7.691	13.671	33	535	15.2	12.1	CCECCCCHCCCHCHCCCECCHECCCCCCCCEHC	1
4626	7.264	7.954	6.486	33	535	12.1	3.0	CECCCCCCCCCCCCCHCCCCCCCCCCHHCCCHC	0
4627	7.182	7.994	6.083	33	535	9.1	3.0	CECCCCCCCCHCCCCCCCCCCCCCCCHHCCCCC	0
4628	9.022	7.628	14.113	33	535	15.2	18.2	CCEECECHECCHCCHCCCCCHECCCCCCCCEHC	1
4629	8.964	7.781	14.751	33	535	15.2	15.2	CEEECCCHECCHCHCCCCCCHCCCCCCCCCEHC	1
4630	9.032	7.658	14.067	33	535	12.1	18.2	CCECCECHECCHCCCCCECCHECCCCCCCCEHC	1
4631	7.017	7.947	6.934	33	535	12.1	12.1	CECECCCCCCHCCECCCCCCCCCCCEHHCCCHC	0
4632	8.925	7.704	13.920	33	535	15.2	18.2	CCECCECHCCCHCHECCECCHECCCCCCCCEHC	1
4633	8.977	7.653	13.307	33	535	12.1	18.2	CCECCECCECCHCHCCCECCHECCCCCCCCEHC	1
4634	9.122	7.671	14.825	33	535	15.2	9.1	CCECCCCHECCHCCHCCCCCHECCCCCCCCCHC	1
4635	8.970	7.698	14.532	33	535	12.1	18.2	CEEECECHECCHCCCCCCCCHCCCCCCCCCEHC	1
4636	9.100	7.645	14.110	33	535	15.2	18.2	CEECCECHECCHCHCCCECCHECCCCCCCCCHC	1
4637	7.310	7.891	8.513	33	535	18.2	9.1	CEEECCCCCCHCHCCCCCCCHCCCCCHHCCCHC	0
4638	7.109	7.909	6.377	33	535	21.2	9.1	CCEECCCCCCHCHCHCCCCCHCCCCEHHCCCHC	0
4639	9.050	7.737	14.867	33	535	15.2	12.1	CEECCCCHECCHCCHCCCCCHECCCCCCCCCHC	1
4640	9.087	7.632	13.742	33	535	15.2	9.1	CCCCCCCHECCHCCHCCECCHCCCCCCCCCEHC	1
4641	7.432	7.911	5.689	33	535	6.1	6.1	CEECCCCCCCCCCCCCCCCCCCCCCCHHCCCCC	0
4642	8.942	7.739	13.961	33	535	15.2	9.1	CCEECCCHCCCHCCHCCCCCHCCCCCCCCCEHC	1
4643	8.993	7.695	14.641	33	535	15.2	18.2	CCEECECHECCHCHCCCECCHCCCCCCCCCEHC	1
4644	8.985	7.668	13.712	33	535	15.2	12.1	CCECCCCHECCHCHCCCCCCHECCCCCCCCEHC	1
4645	9.037	7.708	14.295	33	535	12.1	15.2	CCEECCCHECCHCCCCCCCCHECCCCCCCCEHC	1
4646	9.081	7.749	14.500	33	535	15.2	12.1	CCECCECHCCCHCCHCCCCCHECCCCCCCCEHC	1
4647	9.043	7.846	14.712	33	535	12.1	12.1	CCEECCCCCCCHCCHCCCCCHECCCCCCCCEHC	1
4648	7.133	7.822	5.879	33	535	9.1	6.1	CECECCCCCCHCHCCCCCCCCCCCCCCHCCCCC	0
4649	9.069	7.685	13.906	33	535	12.1	15.2	CCEECECHCCCHCCCCCECCHECCCCCCCCCHC	1
4650	9.020	7.656	14.140	33	535	15.2	12.1	CCCCCECHECCHCHCCCECCHCCCCCCCCCEHC	1
4651	7.070	7.929	6.038	33	535	9.1	9.1	CEEECCCCCCCCCCCCHCCCCCCCCCHHCCCCC	0
4652	6.904	7.856	16.328	33	535	12.1	9.1	CCCCCCCCCCECCCCHEHCCHCCCCCECCCCHC	3
4653	9.023	7.727	13.869	33	535	15.2	12.1	CCEECCCHECCHCCHCCCCCHCCCCCCCCCEHC	1
4654	9.013	7.649	13.903	33	535	15.2	12.1	CCECCCCHECCHCCHCCECCHCCCCCCCCCEHC	1
4655	7.101	7.915	5.656	33	535	12.1	6.1	CCEECCCCCCCCCCHCCCCCCCCCCCHHCCCHC	0
4656	7.092	7.937	6.337	33	535	9.1	12.1	CEEECCECCCCCCCCCCCCCCCCCCCHHCCCHC	0
4657	7.226	8.001	5.724	33	535	18.2	9.1	CCEECCECCCCCHCHCHCCCCCCCCCHHCCCHC	0
4658	6.829	7.944	16.105	33	535	12.1	12.1	CCCCCCCCCCECCCCHCHCCHECECCECCCCHC	3
4659	7.083	7.994	5.867	33	535	21.2	9.1	CEEECCCCCCHCHCCCHCCCHCCCCCHHCCCHC	0
4660	7.197	7.900	7.159	33	535	18.2	0.0	CCCCCCCCCCHCCCCCHCCCHCCCCCHHCCCHC	0
4661	9.051	7.838	15.684	33	535	15.2	18.2	CEEECECHCCCHCCHCCCCCHECCCCCCCCEHC	1
4662	6.976	7.883	6.126	33	535	15.2	6.1	CECCCCECCCCCCCCHCCCCHCCCCCHHCCCHC	0
4663	8.956	7.652	14.832	33	535	9.1	18.2	CCEECECCECCCECHCCCCCHCCCCCCCCCEHC	1
4664	8.930	7.713	14.833	33	535	15.2	15.2	CCEECCCHECCHCCHCCCCCHECCCCCCCCEHC	1
4665	7.216	7.944	6.417	33	535	18.2	3.0	CECCCCCCCCHCHCCCCCCCHCCCCCHHCCCHC	0
4666	7.145	7.928	6.022	33	535	15.2	9.1	CECECCCCCCHCCCCCCCCCHCCCCEHHCCCHC	0
4667	9.144	7.656	14.422	33	535	15.2	6.1	CCCCCCCHECCHECHCCCCCHCCCCCCCCCCHC	1
4668	7.076	7.852	5.836	33	535	12.1	6.1	CECCCCECCCCCCCCCCCCCHCCCCCHHCCCHC	0
4669	9.022	7.711	14.772	33	535	15.2	18.2	CEEECECHCCCHCCHCCCCCHECCCCCCCCEHC	1
4670	8.975	7.654	14.390	33	535	15.2	15.2	CEECCCCHCCCHCCHCCECCHECCCCCCCCEHC	1
4671	9.132	7.698	14.234	33	535	15.2	15.2	CCECCCCHECCHECHCCCCCHECCCCCCCCEHC	1
4672	7.424	8.082	5.887	33	535	15.2	6.1	CEECCCCCCCCCCCCCCCCCHCCCCCHHCCHHC	0
4673	9.056	7.719	14.165	33	535	12.1	9.1	CEECCCCCCCCHCCHCCCCCHECCCCCCCCCHC	1
4674	7.346	7.909	6.057	33	535	12.1	6.1	CCEECCCCCCHCCCCCCCCCHCCCCCHHCCCCC	0
4675	7.304	7.959	5.580	33	535	9.1	6.1	CEECCCCCCCHCCCHCCCCCCCCCCCCHCCCCC	0
4676	7.374	7.868	6.526	33	535	9.1	6.1	CCEECCCCCCCCHCCCCCCCHCCCCCCHCCCCC	0
4677	6.376	7.734	16.507	33	535	18.2	6.1	CHCCCCCHCCCCCCCCCCHCHCCCCCCECEHHC	2
4678	6.219	7.701	16.219	33	535	15.2	6.1	CHCCCCCHECCCCHCCCCCCCCCCCCCECCHHC	2
4679	7.099	7.947	6.291	33	535	12.1	12.1	CEEECCECCCHCCCCCCCCCCCCCCCHHCCCHC	0
4680	9.113	7.697	15.174	33	535	15.2	21.2	CCEECECHECCHCCHCCECCHECCCCCCCCEHC	1
4681	7.356	7.974	6.006	33	535	9.1	9.1	CEECCCECCCCCCCCCCCCCCCCCCCHHCCCHC	0
4682	9.083	7.749	14.825	33	535	12.1	18.2	CEEECECCECCHCCHCCCCCHECCCCCCCCCHC	1
4683	9.142	7.664	14.611	33	535	12.1	15.2	CCECCECHECCHCCCCCCCCHECCCCCCCCEHC	1
4684	9.068	7.663	15.078	33	535	12.1	18.2	CEEECCCHECCHCCCCCCCCHECCCCCCCCEHC	1
4685	9.108	7.629	14.485	33	535	12.1	9.1	CEEECCCCCCCHCCHCCCCCHCCCCCCCCCCHC	1
4686	7.363	7.957	6.617	33	535	12.1	6.1	CEECCCCCCCHCCCHCCCCCCCCCCCHHCCCCC	0
4687	9.103	7.750	15.087	33	535	15.2	12.1	CCEECCCHECCHCCHCCCCCHCCCCCCCCCEHC	1
4688	9.071	7.742	15.256	33	535	12.1	18.2	CCECCCCCECCHECHCCECCHECCCCCCCCEHC	1
4689	9.106	7.679	15.946	33	535	15.2	6.1	CCECCCCHCCCHCCHCCCCCHECCCCCCCCCHC	1
4690	9.043	7.643	14.501	33	535	15.2	24.2	CEEECECHECCHECHCCCCCHECCCCCCCCEHC	1
4691	7.347	7.953	5.704	33	535	21.2	3.0	CCECCCCCCCHCHCHCHCCCCCCCCCHHCCHCC	0
4692	7.193	7.965	6.181	33	535	12.1	3.0	CCECCCCCCCHCCCCCCCCCCCCCCCHHCCHCC	0
4693	8.998	7.664	13.625	33	535	12.1	18.2	CCEECCCCECCHCCHCCECCHECCCCCCCCEHC	1
4694	9.085	7.707	15.231	33	535	12.1	9.1	CCEECCCHECCHCCHCCCCCHCCCCCCCCCCCC	1
4695	7.384	7.927	6.089	33	535	9.1	6.1	CCEECCCCCCCCHCCCCCCCCCCCCCHHCCCCC	0
4696	7.452	7.996	6.147	33	535	15.2	3.0	CCECCCCCCCHCCCCCHCCCHCCCCCHHCCCCC	0
4697	9.161	7.667	14.964	33	535	15.2	9.1	CCEECCCHCCCHCCHCCCCCHCCCCCCCCCEHC	1
4698	9.055	7.718	14.807	33	535	15.2	12.1	CCEECCCHECCHCCHCCCCCHCCCCCCCCCEHC	1
4699	9.269	7.725	16.067	33	535	15.2	3.0	CECCCCCHCCCHCCHCCCCCHCCCCCCCCCCHC	1
4700	7.297	7.806	5.921	33	535	9.1	6.1	CCEECCCCCCCCCCCCCCCCCCCCCCHHCCCHC	0
4701	7.216	8.023	5.985	33	535	12.1	6.1	CCEECCCCCCHCCCHCCCCCCCCCCCHHCCCCC	0
4702	9.302	7.842	16.064	33	535	12.1	6.1	CEECCCCHCCCCCCHCCCCCHCCCCCCCCCCHC	1
4703	9.180	7.688	14.834	33	535	15.2	18.2	CCEECECHECCHCCHCCECCHCCCCCCCCCEHC	1
4704	7.263	7.907	5.393	33	535	12.1	6.1	CEECCCCCCCCCHCCCCCCCCCCCCCHHCCCHC	0
4705	6.292	7.710	16.456	33	535	24.2	0.0	CHCCCCCHCCCCCHCCCHCCHCCHCCCCCCHHC	2
4706	6.366	7.781	16.134	33	535	18.2	3.0	CHCCCCCHCCCCCHCCCCHCHCCCCCCCCEHCC	2
4707	7.196	7.947	5.681	33	535	15.2	6.1	CEECCCCCCCHCHCCCCCCCCCCCCCHHCCHCC	0
4708	7.251	7.995	6.418	33	535	15.2	9.1	CCECCCECCCHCHCHCCCCCCCCCCEHHCCCCC	0
4709	7.262	7.848	5.806	33	535	15.2	6.1	CCEECCCCCCHCHCCCCCCCHCCCCCHHCCCCC	0
4710	7.119	8.106	6.499	33	535	9.1	9.1	CEECCCECCCCCHCHCCCCCCCCCCCCHCCCCC	0
4711	9.087	7.710	15.456	33	535	12.1	12.1	CCEECCCCECCHCCHCCCCCHECCCCCCCCCHC	1
4712	6.387	7.759	16.182	33	535	12.1	0.0	CCCCHHHHCCCCCCCCCCCCCCCCCCCCCCCCC	2
4713	6.371	7.757	15.612	33	535	12.1	0.0	CCCCHHHHCCCCCCCCCCCCCCCCCCCCCCCCC	2
4714	7.361	7.915	5.690	33	535	12.1	6.1	CEECCCCCCCHCHCCCCCCCCCCCCCHHCCCCC	0
4715	8.949	7.708	14.224	33	535	15.2	21.2	CCEECECHECCHCCHCCECCHECCCCCCCCEHC	1
4716	9.173	7.813	15.611	33	535	15.2	24.2	CEEECECHCCCHECHCCECCHECCCCCCCCEHC	1
4717	9.040	7.686	14.200	33	535	12.1	9.1	CCECCCCCCCCHCCHCCECCHCCCCCCCCCEHC	1
4718	6.404	7.813	16.139	33	535	12.1	3.0	CHCCCCCHCCCCCCCCCCCCCCCCCCCCCEHHC	2
4719	7.154	7.934	6.678	33	535	12.1	6.1	CCEECCCCCCCCCCCCCCCCCCCHCCHHCCCHC	0
4720	9.193	7.696	14.617	33	535	12.1	12.1	CECCCCCCECCHCCHCCECCHCCCCCCCCCEHC	1
4721	7.288	7.889	6.518	33	535	18.2	6.1	CCECCCECCCHCHCCCCCCCHCCHCCHHCCCCC	0
4722	9.119	7.733	14.354	33	535	15.2	12.1	CCECCECHCCCHCCHCCECCHCCCCCCCCCEHC	1
4723	9.074	7.641	14.289	33	535	12.1	15.2	CCEECCCHECCHCCHCCECCCCCCCCCCCCEHC	1
4724	9.092	7.719	14.448	33	535	12.1	18.2	CCEECECHECCHECHCCCCCCCCCCCCCCCEHC	1
4725	9.033	7.797	14.167	33	535	12.1	9.1	CCEECCCCCCCHCCHCCCCCHCCCCCCCCCEHC	1
4726	7.336	7.967	5.164	33	535	15.2	6.1	CCEECCCCCCHCCCCCCCCCHCCCCCHHCCCHC	0
4727	7.248	7.952	6.127	33	535	18.2	6.1	CCEECCCCCCHCHCHCHCCCCCCCCCHHCCCCC	0
4728	9.033	7.796	15.276	33	535	12.1	12.1	CEEECCCCCCCHCCHCCCCCHECCCCCCCCCHC	1
4729	9.013	7.733	15.189	33	535	12.1	15.2	CEEECCCCCCCHCCHCCECCHECCCCCCCCCHC	1
4730	7.378	7.979	5.791	33	535	9.1	6.1	CCEECCCCCCCCCCCCHCCCCCCCCCHHCCCCC	0
4731	7.179	7.955	6.128	33	535	6.1	6.1	CEECCCCCCCCCCCCCCCCCCCCCCCHHCCCCC	0
4732	7.272	8.010	5.830	33	535	12.1	9.1	CCEECCECCCCCCCCCCCCCHCCHCCHHCCCCC	0
4733	7.121	7.876	5.631	33	535	15.2	9.1	CCEECCECCCHCHCCCCCCCHCCCCCHHCCCCC	0
4734	7.206	7.850	5.591	33	535	9.1	3.0	CCECCCCCCCCCHCCCCCCCCCCCCCHHCCCCC	0
4735	7.403	7.992	6.535	33	535	6.1	9.1	CEEECCCCCCCCCCCCCCCCCCCCCCHHCCCCC	0
4736	8.993	7.664	14.107	33	535	15.2	15.2	CEEECCCHCCCHCCHCCCCCHECCCCCCCCEHC	1
4737	7.208	7.938	5.848	33	535	9.1	9.1	CEEECCCCCCCCHCCCCCCCCCCCCCHHCCCCC	0
4738	7.301	8.011	7.024	33	535	15.2	6.1	CEECCCCCCCHCCCCCCCCCHCCCCCHHCCCHC	0
4739	7.184	7.980	6.071	33	535	12.1	9.1	CCEECCECCCCCHCHCCCCCCCCCCCHHCCCCC	0
4740	9.203	7.756	14.316	33	535	15.2	9.1	CCECCCCHCCCHCCHCCCCCHECCCCCCCCEHC	1
4741	9.028	7.707	14.083	33	535	15.2	12.1	CEECCCCHCCCHCCHCCECCHCCCCCCCCCEHC	1
4742	6.934	7.920	16.224	33	535	12.1	9.1	CCCCCCCCCCECCCCHEHCCHCCCCCECCCCHC	3
4743	7.352	7.940	6.465	33	535	15.2	6.1	CCEECCCCCCHCHCCCCCCCCCCHCCHHCCCCC	0
4744	7.305	7.909	6.597	33	535	12.1	9.1	CCEECCECCCCCHCCCCCCCHCCCCCHHCCCCC	0
4745	9.193	7.680	15.429	33	535	15.2	15.2	CEECCCCHCCCHCCHCCECCHECCCCCCCCEHC	1
4746	9.012	7.609	14.805	33	535	15.2	15.2	CCEECECHECCHCCHCCCCCHCCCCCCCCCEHC	1
4747	9.177	7.773	15.195	33	535	15.2	12.1	CEEECCCHCCCHCCHCCCCCHECCCCCCCCCHC	1
4748	7.162	7.896	5.860	33	535	9.1	3.0	CCECCCCCCCHCCCCCCCCCCCCCCCHHCCCCC	0
4749	7.092	7.803	16.504	33	535	12.1	3.0	CCCCCCCCCCCCCCCHCHCCHECCCCCCCCCHC	3
4750	7.140	7.849	5.267	33	535	12.1	9.1	CEEECCCCCCHCHCCCCCCCCCCCCCHHCCCCC	0
4751	7.416	7.818	6.136	33	535	9.1	6.1	CCEECCCCCCHCCCCCCCCCCCCCCCHHCCCCC	0
4752	7.359	7.820	6.899	33	535	12.1	9.1	CCEECCCCCCCCCECCCCCCHCCCCCHHCCCHC	0
4753	9.039	7.695	14.871	33	535	15.2	18.2	CEEECECHECCHCCHCCCCCHCCCCCCCCCEHC	1
4754	7.297	7.949	6.256	33	535	9.1	6.1	CCEECCCCCCHCCCCCCCCCCCCCCCHHCCCCC	0
4755	7.335	7.889	6.416	33	535	18.2	9.1	CEEECCCCCCHCCCHCHCCCHCCCCCHHCCCCC	0
4756	6.967	7.842	16.297	33	535	12.1	12.1	CCCCCCCCCCCCCCCHEHCCHECCCCECCECHC	3
4757	7.212	7.920	6.390	33	535	12.1	3.0	CCECCCCCCCCCHCCCCCCCHCCCCCHHCCCCC	0
4758	6.964	7.853	16.004	33	535	12.1	9.1	CECCCCCCCCCCCCCHCHCCHCCCCCECCECHC	3
4759	7.326	7.873	6.411	33	535	12.1	6.1	CEECCCCCCCHCHCCCCCCCCCCCCCHHCCCCC	0
4760	7.232	8.010	7.231	33	535	9.1	3.0	CCECCCCCCCCCCCCCCCCCCCCCCCHHCCCHC	0
4761	7.316	7.893	6.130	33	535	15.2	9.1	CEECCCECCCHCCCCCCCCCCCCHCCHHCCCHC	0
4762	7.234	7.860	6.078	33	535	18.2	9.1	CEECCCECCCHCHCCCHCCCHCCCCCHHCCCCC	0
4763	7.266	7.948	5.694	33	535	9.1	9.1	CCEECCECCCCCCCCCCCCCCCCCCCHHCCCHC	0
4764	7.349	7.919	5.729	33	535	12.1	9.1	CEEECCCCCCHCCCCCCCCCHCCCCCHHCCCCC	0
4765	7.464	7.912	6.202	33	535	12.1	3.0	CCECCCCCCCCCHCCCCCCCCCCCCCHHCCCHC	0
4766	7.373	8.073	5.546	33	535	15.2	6.1	CEECCCCCCCHCCCCCCCCCHCCCCCHHCCCHC	0
4767	9.096	7.688	15.299	33	535	15.2	12.1	CCEECECHCCCHCCHCCCCCHCCCCCCCCCEHC	1
4768	8.988	7.626	14.586	33	535	15.2	15.2	CCEECCCHECCHCCHCCCCCHECCCCCCCCEHC	1
4769	7.195	7.957	5.845	33	535	18.2	9.1	CEECCCECCCHCCCCCHCCCHCCCCCHHCCCHC	0
4770	7.361	7.869	5.686	33	535	21.2	6.1	CCEECCCCCCHCHCCCHCCCHCCCCCHHCCCHC	0
4771	7.333	7.985	5.202	33	535	12.1	6.1	CEECCCCCCCCCCCCCCCCCHCCCCCHHCCCHC	0
4772	7.417	7.987	5.670	33	535	15.2	9.1	CCEECCCCCCHCCECCCCCCHCCCCCHHCCCHC	0
4773	9.115	7.611	14.710	33	535	12.1	9.1	CCEECCCHCCCHCCHCCCCCHECCCCCCCCCCC	1
4774	7.400	7.791	6.348	33	535	9.1	6.1	CCEECCCCCCCCCCCCCCCCHCCCCCHHCCCCC	0
4775	7.457	7.897	6.445	33	535	9.1	15.2	CEEECCECCCCCCECCHCCCCCCCCCHHCCCCC	0
4776	8.971	7.755	14.637	33	535	15.2	15.2	CEEECCCHECCHCCHCCCCCHCCCCCCCCCEHC	1
4777	9.029	7.757	14.994	33	535	15.2	9.1	CCECCCCHECCHCCHCCCCCHECCCCCCCCCHC	1
4778	8.999	7.689	13.974	33	535	9.1	12.1	CCEECCCCECCHCCCCCCCCHCCCCCCCCCEHC	1
4779	9.229	7.797	16.214	33	535	12.1	15.2	CEEECCCHECCHCCHCCCCCHECCCCCCCCCCC	1
4780	7.355	7.800	5.732	33	535	15.2	9.1	CEEECCCCCCCCCCCHCCCCHCCCCCHHCCCHC	0
4781	9.116	7.858	15.839	33	535	15.2	15.2	CEEECCCHECCHCCHCCCCCHECCCCCCCCCHC	1
4782	9.246	7.688	15.820	33	535	15.2	12.1	CEECCECHCCCHCCHCCCCCHCCCCCCCCCEHC	1
4783	9.077	7.715	14.430	33	535	15.2	15.2	CCEECCCHECCHCCHCCCCCHECCCCCCCCEHC	1
4784	7.171	8.042	6.622	33	535	18.2	3.0	CCECCCCCCCHCCCCHCCCCHCCCCCHHCCCHC	0
4785	7.336	7.882	5.784	33	535	15.2	9.1	CEECCCECCCCCHCCCCCCCHCCCCCHHCCCHC	0
4786	9.180	7.858	14.967	33	535	9.1	12.1	CCEECECCCCCHCCCCCCCCHCCCCCCCCCEHC	1
4787	9.299	7.668	15.317	33	535	9.1	6.1	CCECCCCCCCCCCCHCCCCCHCCCCCCCCCEHC	1
4788	7.172	8.027	6.645	33	535	15.2	6.1	CEECCCCCCCHCHCCCHCCCCCCCCCHHCCCCC	0
4789	7.146	7.921	5.372	33	535	15.2	6.1	CEECCCCCCCHCHCHCCCCCCCCCCCHHCCCCC	0
4790	7.322	7.821	5.757	33	535	9.1	6.1	CEECCCCCCCCCCCCCCCCCCCCHCCHHCCCCC	0
4791	9.142	7.797	15.903	33	535	12.1	9.1	CCECCCCCCCCHCCHCCCCCHECCCCCCCCEHC	1
4792	9.134	7.744	15.043	33	535	12.1	9.1	CCEECCCCCCCHCCHCCCCCHCCCCCCCCCEHC	1
4793	6.786	7.960	16.579	33	535	15.2	12.1	CCCCCCCCCCECCHCHEHCCHECCCCECCCCHC	3
4794	9.116	7.898	15.667	33	535	12.1	9.1	CECCCCCCCCCHCCHCCCCCHECCCCCCCCEHC	1
4795	7.318	7.785	5.684	33	535	12.1	6.1	CCEECCCCCCCCHCCCCCCCHCCCCCHHCCCCC	0
4796	7.235	7.890	6.522	33	535	15.2	9.1	CEECCCECCCHCHCCCCCCCHCCCCCHHCCCCC	0
4797	8.964	7.771	15.060	33	535	12.1	12.1	CCEECCCCCCCHCCHCCECCHCCCCCCCCCEHC	1
4798	7.183	7.869	5.642	33	535	21.2	6.1	CEECCCCCCCHCCCHHCCCCHCCCCCHHCCCHC	0
4799	9.209	7.702	16.453	33	535	12.1	18.2	CEEECECCECCHCCHCCCCCHCCCCCCCCCEHC	1
4800	6.365	7.735	16.477	33	535	18.2	0.0	CHCCCCCHCCCCCCCCCCHCHCCCCCCCCCHHC	2
4801	7.382	7.782	6.480	33	535	12.1	3.0	CCECCCCCCCCCCCCHCCCCHCCCCCCHCCCHC	0
4802	7.436	7.919	6.720	33	535	18.2	6.1	CEECCCCCCCHCHCCCHCCCHCCCCCHHCCCCC	0
4803	7.368	7.918	6.252	33	535	9.1	3.0	CCECCCCCCCCCCCCCCCCCHCCCCCHHCCCCC	0
4804	7.248	7.919	6.451	33	535	9.1	3.0	CCECCCCCCCCCCCCCCCCCHCCCCCHHCCCCC	0
4805	7.313	7.859	6.040	33	535	12.1	6.1	CCEECCCCCCCCCCHCCCCCCCCCCCHHCCCHC	0
4806	7.356	7.853	6.041	33	535	12.1	9.1	CEEECCCCCCHCCCCCCCCCHCCCCCHHCCCCC	0
4807	7.349	7.904	5.900	33	535	6.1	3.0	CCECCCCCCCCCCCCCCCCCCCCCCCHHCCCCC	0
4808	7.388	7.817	6.380	33	535	12.1	9.1	CEEECCCCCCCCHCCCCCCCCCCHCCHHCCCCC	0
4809	7.363	7.972	5.491	33	535	18.2	6.1	CCEECCCCCCHCCCCCCCCCHCCHCCHHCCCHC	0
4810	9.151	7.719	14.771	33	535	12.1	9.1	CCEECCCCCCCHCCHCCCCCHCCCCCCCCCEHC	1
4811	9.159	7.685	14.150	33	535	12.1	9.1	CEEECCCCCCCHCCHCCCCCHCCCCCCCCCCHC	1
4812	7.455	7.806	6.747	33	535	18.2	3.0	CCECCCCCCCHCCCCCHCCCHCCCCCHHCCCHC	0
4813	7.191	7.922	5.829	33	535	12.1	6.1	CCEECCCCCCCCCCCCCCCCHCCHCCCHCCCHC	0
4814	9.256	7.828	15.794	33	535	12.1	9.1	CEECCCCCCCCHCCHCCCCCHCCCCCCCCCEHC	1
4815	7.345	7.904	5.903	33	535	6.1	3.0	CCECCCCCCCCCCCCCCCCCCCCCCCHHCCCCC	0
4816	7.411	7.794	6.069	33	535	9.1	6.1	CCEECCCCCCCCCCCCCCCCHCCCCCHHCCCCC	0
4817	7.357	7.842	6.386	33	535	9.1	6.1	CCEECCCCCCCCCCCCCCCCHCCCCCHHCCCCC	0
4818	9.054	7.798	15.128	33	535	12.1	15.2	CEEECCCCCCCHCCHCCCCCHECCCCCCCCEHC	1
4819	7.041	7.900	7.614	33	535	18.2	3.0	CCECCCCCCCHCCCCHCCCCHCCCCCHHCCCHC	0
4820	7.216	7.855	5.813	33	535	9.1	9.1	CEEECCCCCCCCCCCCCCCCHCCCCCCHCCCHC	0
4821	7.261	7.942	6.280	33	535	15.2	9.1	CCEECCECCCCCHCCCCCCCHCCCCCHHCCCHC	0
4822	7.288	7.886	5.760	33	535	15.2	12.1	CEECCCEECCCCCCCHCCCCHCCCCCHHCCCHC	0
4823	7.302	7.851	6.198	33	535	15.2	0.0	CCCCCCCCCCCCHCCCCCCCHCCCCCHHCCCHC	0
4824	9.057	7.662	14.678	33	535	15.2	12.1	CCECCCCHCCCHECHCCECCHCCCCCCCCCEHC	1
4825	7.327	7.865	5.463	33	535	15.2	12.1	CEEECCECCCHCCCHCCCCCHCCCCCHHCCCCC	0
4826	7.327	7.763	5.455	33	535	6.1	6.1	CCEECCCCCCCCCCCCCCCCHCCCCCCHCCCCC	0
4827	8.873	7.778	14.644	33	535	15.2	6.1	CCEECCCHCCCHCCHCCCCCHCCCCCCCCCCHC	1
4828	7.348	7.747	6.124	33	535	12.1	3.0	CCECCCCCCCHCCCCCCCCCHCCCCCHHCCCCC	0
4829	7.478	7.933	6.911	33	535	3.0	9.1	CEEECCCCCCCCCCCCCCCCCCCCCCHCCCCCC	0
4830	7.310	7.892	5.367	33	535	12.1	3.0	CCECCCCCCCCCCCCCHCCCHCCCCCHHCCCCC	0
4831	9.090	7.678	14.449	33	535	12.1	6.1	CCECCCCHCCCHCCCCCCCCHECCCCCCCCCHC	1
4832	7.500	7.884	5.763	33	535	15.2	12.1	CEECCCECCCHCCECCHCCCHCCCCCHHCCCCC	0
4833	7.431	7.808	6.481	33	535	6.1	6.1	CEECCCCCCCCCCCCCCCCCCCCCCCHHCCCCC	0
4834	7.380	7.744	5.903	33	535	9.1	6.1	CCEECCCCCCCCCCCCCCCCHCCCCCHHCCCCC	0
4835	7.415	7.795	5.769	33	535	12.1	9.1	CEEECCCCCCCCCCCCCCCCHCCCCCHHCCCHC	0
4836	8.872	7.669	14.369	33	535	12.1	12.1	CCEECCCHECCHCCCCCCCCHCCCCCCCCCEHC	1
4837	9.048	7.730	15.165	33	535	15.2	12.1	CCECCECHCCCHECHCCCCCHECCCCCCCCCHC	1
4838	9.094	7.744	15.671	33	535	12.1	21.2	CEEECECHECCHCCCCCCCCHECCCCCCCCEHC	1
4839	7.383	7.867	6.257	33	535	12.1	9.1	CCEECCECCCHCCCCCCCCCCCCCCCHHCCHCC	0
4840	9.070	7.715	15.660	33	535	15.2	9.1	CCEECCCHCCCHCCHCCCCCHCCCCCCCCCEHC	1
4841	7.255	7.878	6.653	33	535	12.1	6.1	CEECCCCCCCHCCCCCCCCCHCCCCCHHCCCCC	0
4842	7.423	7.818	5.470	33	535	9.1	9.1	CEECCCECCCCCCCCCCCCCHCCCCCHHCCCCC	0
4843	7.489	7.839	6.959	33	535	15.2	6.1	CCEECCCCCCHCHCCHCCCCCCCCCCHHCCCCC	0
4844	9.105	7.752	15.331	33	535	12.1	9.1	CCECCCCHCCCHCCCCCCCCHECCCCCCCCEHC	1
4845	8.977	7.698	14.673	33	535	15.2	15.2	CCEECECHCCCHCCHCCCCCHECCCCCCCCEHC	1
4846	7.338	7.874	6.556	33	535	12.1	9.1	CEECCCECCCCCCCCHCCCCHCCCCCHHCCCCC	0
4847	9.031	7.666	14.757	33	535	15.2	15.2	CEEECECHCCCHCCHCCCCCHCCCCCCCCCEHC	1
4848	7.356	7.740	5.865	33	535	18.2	3.0	CCECCCCCCCHCCCCHCCCCHCCCCCHHCCCHC	0
4849	7.408	7.775	6.009	33	535	15.2	3.0	CCECCCCCCCHCHCCCCCCCHCCCCCHHCCCCC	0
4850	9.020	7.708	13.671	33	535	12.1	6.1	CCEECCCHCCCHCCHCCCCCHCCCCCCCCCCCC	1
4851	7.299	7.793	6.375	33	535	15.2	9.1	CEECCCECCCHCCCCCCCCCHCCCCCHHCCCHC	0
4852	9.008	7.702	14.561	33	535	15.2	12.1	CCEECCCHCCCHCCHCCECCHCCCCCCCCCEHC	1
4853	7.283	7.735	5.757	33	535	12.1	6.1	CEECCCCCCCCCCCCHCCCCHCCCCCHHCCCCC	0
4854	7.329	7.756	5.776	33	535	9.1	6.1	CCECCCCECCCCCCCCCCCCHCCCCCHHCCCCC	0
4855	6.940	7.864	15.814	33	535	15.2	6.1	CCCCCCCCCCCCCHCHEHCCHCCCCCECCCCHC	3
4856	9.091	7.717	15.827	33	535	15.2	6.1	CCEECCCHCCCHCCHCCCCCHCCCCCCCCCCHC	1
4857	9.032	7.673	14.969	33	535	15.2	9.1	CCEECCCHCCCHECHCCCCCHCCCCCCCCCCHC	1
4858	7.367	7.936	6.389	33	535	21.2	9.1	CEECCCECCCHCCCHCHCCCCCCHCCHHCCHCC	0
4859	7.260	7.850	5.610	33	535	21.2	9.1	CCEECCECCCHCHCCCHCCCHCCCCCHHCCCHC	0
4860	9.138	7.660	14.886	33	535	12.1	6.1	CCECCCCHCCCHECCCCCCCHCCCCCCCCCCHC	1
4861	8.946	7.626	13.480	33	535	12.1	6.1	CCECCCCHCCCHCCCCCCCCHCCCCCCCCCEHC	1
4862	9.188	7.725	14.232	33	535	15.2	12.1	CECECCCHCCCHCCHCCECCHCCCCCCCCCEHC	1
4863	7.477	7.823	5.860	33	535	9.1	9.1	CEEECCCCCCCCCCCCCCCCHCCCCCCHCCCHC	0
4864	7.306	7.879	6.727	33	535	9.1	9.1	CEECCCECCCHCCCCCCCCCCCCCCCHHCCCCC	0
4865	8.998	7.689	14.384	33	535	12.1	15.2	CCEECECHCCCHCCCCCCCCHECCCCCCCCEHC	1
4866	7.367	7.900	5.682	33	535	9.1	9.1	CEEECCCCCCCCCCCCCCCCHCCCCCHHCCCCC	0
4867	9.197	7.700	14.005	33	535	12.1	15.2	CEECCECHCCCHECCCCCCCHECCCCCCCCCHC	1
4868	7.352	7.905	6.821	33	535	18.2	6.1	CCEECCCCCCHCCCCCHCCCHCCCCCHHCCCHC	0
4869	6.392	7.721	16.099	33	535	24.2	3.0	CHCCHCCHCCCCCHCCCCHCHCCCCCCCCEHHC	2
4870	6.277	7.784	16.553	33	535	18.2	3.0	CHCCCCCHCCCCCHCCCCHCHCCCCCCCCECHC	2
4871	7.394	7.812	6.268	33	535	9.1	9.1	CCEECCECCCCCCCCCCCCCHCCCCCHHCCCCC	0
4872	9.078	7.639	14.306	33	535	15.2	12.1	CCECCECHECCHCHCCCCCCHCCCCCCCCCEHC	1
4873	7.276	7.869	5.289	33	535	12.1	12.1	CEEECCECCCCCHCCCCCCCHCCCCCHHCCCCC	0
4874	7.372	7.837	5.868	33	535	9.1	9.1	CCEECCECCCCCCCCCCCCCHCCCCCHHCCCCC	0
4875	7.292	7.820	6.708	33	535	9.1	6.1	CCEECCCCCCCCCCCCCCCCHCCCCCCHCCCHC	0
4876	9.125	7.610	14.433	33	535	12.1	15.2	CCECCCCHECCHCCCCCECCHECCCCCCCCEHC	1
4877	7.399	7.942	6.077	33	535	6.1	12.1	CEEECCECCCHCCCCCCCCCCCCCCCCHCCCCC	0
4878	6.392	7.765	16.589	33	535	18.2	3.0	CHCCCCCHCCCCCCCCCHCCHCCCCCCCCEHHC	2
4879	7.374	7.782	5.655	33	535	9.1	9.1	CEEECCCCCCCCCCCCCCCCHCCCCCHHCCCCC	0
4880	7.277	7.809	5.348	33	535	9.1	9.1	CCEECCECCCCCCCCCCCCCHCCCCCHHCCCCC	0
4881	7.464	7.816	5.901	33	535	15.2	9.1	CEEECCCCCCHCCCCCCCCCHCCCCCHHCCCHC	0
4882	7.355	7.857	5.709	33	535	12.1	6.1	CECECCCCCCCCCCCCCCCCHCCCCCHHCCCHC	0
4883	9.198	7.797	15.566	33	535	12.1	9.1	CEECCECCCCCHCCHCCCCCHCCCCCCCCCCHC	1
4884	7.452	7.923	5.654	33	535	21.2	3.0	CCECCCCCCCHCHCCCHCCCHCCCCCHHCCHCC	0
4885	6.410	7.743	16.703	33	535	18.2	0.0	CHCCCCCHCCCCCCCCCCHCHCCCCCCCCCHHC	2
4886	7.343	7.738	5.920	33	535	12.1	9.1	CEEECCCCCCCCCCCCCCCCHCCCCCHHCCCHC	0
4887	9.182	7.717	15.886	33	535	15.2	12.1	CEEECECHCCCHCCHCCCCCHCCCCCCCCCCHC	1
4888	7.348	7.857	5.591	33	535	9.1	12.1	CEEECCECCCCCCCCCCCCCHCCCCCHHCCCCC	0
4889	6.386	7.727	16.175	33	535	21.2	3.0	CHCCCCCHCCCCCHCCCCHCHCCCCCCCCEHHC	2
4890	9.108	7.699	16.597	33	535	15.2	12.1	CEEECCCHCCCHECHCCCCCHCCCCCCCCCCHC	1
4891	7.296	7.850	6.289	33	535	6.1	9.1	CEECCCECCCCCCCCCCCCCHCCCCCCHCCCCC	0
4892	7.193	7.928	6.195	33	535	12.1	6.1	CEECCCCCCCHCCCCCHCCCCCCCCCHHCCCCC	0
4893	6.495	7.738	16.092	33	535	18.2	0.0	CHCCHCCHCCCCCCCCCCHCHCCCCCCCCCCHC	2
4894	7.351	7.833	5.757	33	535	9.1	6.1	CCECCCCCCCCCCECCCCCCHCCCCCHHCCCCC	0
4895	6.328	7.750	16.642	33	535	18.2	3.0	CHCCCCCHCCCCCCCCCCHCHCCCCCCCCEHHC	2
4896	6.262	7.713	16.119	33	535	18.2	6.1	CCCCCCCHCCCCCHCCCCHCCCCHCCCECEHHC	2
4897	9.122	7.675	14.182	33	535	15.2	9.1	CCEECCCHCCCHCCHCCCCCHCCCCCCCCCEHC	1
4898	9.064	7.727	13.980	33	535	15.2	18.2	CEEECECHCCCHECHCCCCCHCCCCCCCCCEHC	1
4899	7.425	7.794	5.961	33	535	9.1	3.0	CCECCCCCCCCCCCCCCCCCHCCCCCHHCCCCC	0
4900	9.165	7.639	14.341	33	535	15.2	6.1	CCECCCCHCCCHCCHCCCCCHCCCCCCCCCEHC	1
4901	9.157	7.708	14.170	33	535	15.2	12.1	CCEECECHCCCHECHCCCCCHCCCCCCCCCCHC	1
4902	9.167	7.604	13.981	33	535	15.2	18.2	CCEECECHCCCHECHCCECCHCCCCCCCCCEHC	1
4903	9.101	7.607	14.013	33	535	15.2	15.2	CCEECECHCCCHECHCCCCCHCCCCCCCCCEHC	1
4904	9.131	7.662	14.052	33	535	12.1	18.2	CCEECECHECCHCCHCCCCCHECCCCCCCCECC	1
4905	9.085	7.598	14.127	33	535	15.2	12.1	CCEECCCHECCHCCHCCCCCHCCCCCCCCCEHC	1
4906	7.555	7.801	6.767	33	535	9.1	12.1	CEEECCECCCHCCCCCCCCCCCCCCCHHCCCCC	0
4907	7.570	7.857	7.138	33	535	15.2	0.0	CCCCCCHCCCCCCCCCCHCCHCCCCHCCCHCCC	4
4908	7.394	7.739	6.414	33	535	9.1	12.1	CEEECCECCCCCCCCCCCCCHCCCCCHHCCCCC	0
4909	7.369	7.722	6.144	33	535	15.2	12.1	CEEECCECCCHCCCCHCCCCHCCCCCHHCCCCC	0
4910	6.968	7.769	15.911	33	535	12.1	6.1	CCCCCCCCCCECCCCHEHCCHCCCCCCCCCCHC	3
4911	7.422	7.714	6.669	33	535	15.2	9.1	CEECCCECCCHCCCCCCCCCHCCCCCHHCCCHC	0
4912	7.600	7.752	6.408	33	535	6.1	6.1	CEECCCCCCCCCCCCCCCCCHCCCCCHCCCCCC	0
4913	7.417	7.870	5.886	33	535	9.1	9.1	CCEECCECCCCCCCCCCCCCHCCCCCHHCCCCC	0
4914	7.428	7.772	6.511	33	535	12.1	6.1	CCCECCECCCHCCCCCCCCCHCCCCCHHCCCCC	0
4915	7.419	7.840	6.654	33	535	9.1	9.1	CEECCCECCCCCCCCCHCCCCCCCCCHHCCCCC	0
4916	7.534	7.739	5.418	33	535	6.1	9.1	CCEECCECCCCCCCCCCCCCCCCCCCHHCCCCC	0
4917	9.248	7.638	14.320	33	535	15.2	24.2	CEEECECHECCHCCHCCECCHECCECCCCCCHC	1
4918	7.431	7.816	6.211	33	535	9.1	6.1	CEECCCCCCCCCCCCCCCCCHCCCCCHHCCCCC	0
4919	7.471	7.723	6.309	33	535	15.2	9.1	CEECCCECCCHCHCCHCCCCCCCCCHCHCCCCC	0
4920	7.489	7.811	5.994	33	535	12.1	3.0	CCECCCCCCCHCCCCCHCCCCCCCCCHHCCCCC	0
4921	6.893	7.899	16.474	33	535	12.1	6.1	CECCCCCCCCCCCCCHEHCCHCCCCCCCCCCHC	3
4922	7.483	7.851	6.445	33	535	21.2	3.0	CCECCCCCCCHCHCCHCCCCHCCCCCHHCCCHC	0
4923	7.578	7.749	6.282	33	535	15.2	12.1	CEEECCCCCCHCCECCCCCCCCCHCCHHCCCHC	0
4924	9.145	7.703	14.673	33	535	15.2	12.1	CEECCECHECCHCCHCCCCCHCCCCCCCCCCHC	1
4925	6.887	7.830	16.103	33	535	15.2	3.0	CCCCCCCCCCECCHCHCHCCHCCCCCCCCCCHC	3
4926	7.552	7.709	6.857	33	535	15.2	6.1	CCEECCCCCCHCHCCHCCCCHCCCCCHCCCCCC	0
4927	6.900	7.849	16.180	33	535	12.1	3.0	CCCCCCCCCCCCCCCHCHCCHCCCCCCCCECHC	3
4928	7.491	7.874	6.384	33	535	15.2	12.1	CEEECCCCCCCCCCCCHCCCCCCHCEHHCCHCC	0
4929	6.940	7.796	15.571	33	535	15.2	12.1	CCCCCCCCCCECCHCHEHCCHECCCCCCCECHC	3
4930	7.481	7.733	6.610	33	535	9.1	12.1	CEEECCECCCHCCCCCCCCCCCCCCCHHCCCCC	0
4931	7.582	7.835	5.972	33	535	12.1	9.1	CEEECCCCCCHCCCCHCCCCHCCCCCHCCCCCC	0
4932	6.503	7.659	15.897	33	535	21.2	6.1	CHCCCCCHECCCCHCCCCHCHCCCCCCCCEHHC	2
4933	6.552	7.773	15.980	33	535	18.2	6.1	CHCCCCCHCCECCHCCCCHCCCCCCCCECCHHC	2
4934	7.584	7.719	6.302	33	535	6.1	6.1	CCEECCCCCCCCCCCCCCCCCCCCCCHHCCCCC	0
4935	9.074	7.741	14.199	33	535	15.2	6.1	CCECCCCHCCCHCCHCCCCCHCCCCCCCCCEHC	1
4936	7.526	7.775	6.948	33	535	15.2	9.1	CEECCCECCCHCCCCCHCCCHCCCCCHHCCCCC	0
4937	7.461	7.869	6.559	33	535	9.1	9.1	CEECCCECCCCCHCCCCCCCCCCCCCHHCCCCC	0
4938	7.388	7.837	5.863	33	535	15.2	6.1	CEECCCCCCCHCCCCCCCCCHCCCCCHHCCCHC	0
4939	7.657	8.087	4.430	33	535	15.2	0.0	CCCCCCHCCCCCCCCCCHCCHCCCCCCCCHHCC	4
4940	7.517	7.833	7.248	33	535	15.2	6.1	CEECCCCCCCCCHCCCCCCCHCCCCCHHCCHCC	0
4941	9.121	7.700	14.594	33	535	12.1	9.1	CCEECECHCCCHCCCCCCCCHCCCCCCCCCCHC	1
4942	6.454	7.692	16.510	33	535	12.1	0.0	CCCCCCCHCCCCCCCCCCHCCCCCCCCCCCHHC	2
4943	7.503	7.749	6.043	33	535	9.1	6.1	CECECCCCCCCCCCCCCCCCHCCCCCHHCCCCC	0
4944	7.387	7.862	5.897	33	535	12.1	3.0	CCECCCCCCCHCCCCCCCCCHCCCCCHHCCCCC	0
4945	7.407	7.767	6.212	33	535	15.2	6.1	CEECCCCCCCHCCCCCHCCCHCCCCCHHCCCCC	0
4946	7.655	7.823	5.818	33	535	15.2	9.1	CCEECCECCCCCCCCCHCCCCCCHCCHHCCCHC	0
4947	7.441	7.829	6.130	33	535	12.1	6.1	CEECCCCCCCCCHCCCHCCCCCCCCHCHCCCCC	0
4948	7.610	7.889	6.329	33	535	15.2	6.1	CEECCCCCCCHCCCCCCCCCHCCCCCHHCCHCC	0
4949	7.589	7.810	6.844	33	535	15.2	9.1	CEEECCCCCCHCCCCCCCCCHCCCCCHHCCHCC	0
4950	6.551	7.627	15.895	33	535	18.2	3.0	CHCCCCCHCCCCCCCCCCHCHCCCCCCCCEHHC	2
4951	7.528	7.738	5.347	33	535	12.1	6.1	CCEECCCCCCCCCCCCCCCCHCCHCCHCCCCHC	0
4952	7.495	7.780	5.840	33	535	12.1	3.0	CCECCCCCCCCCHCCCCCCCHCCCCCCHCCCHC	0
4953	7.420	7.734	5.893	33	535	21.2	3.0	CCECCCCCCCHCHCCHCCCCHCCHCCHHCCCCC	0
4954	7.339	7.861	6.782	33	535	12.1	9.1	CEEECCCCCCCCHCCCCCCCHCCCCCHHCCCCC	0
4955	9.035	7.611	14.452	33	535	15.2	18.2	CCEECCCHCCCHECHCCECCHECCCCCCCCEHC	1
4956	7.468	7.861	6.939	33	535	12.1	6.1	CCECCCCCCCCCCECCHCCCHCCCCCHHCCCCC	0
4957	7.356	7.988	5.445	33	535	18.2	6.1	CEECCCCCCCHCHCCCHCCCCCCCCCHHCCCHC	0
4958	7.337	7.952	6.577	33	535	15.2	6.1	CCEECCCCCCHCCCCCHCCCHCCCCCHHCCCCC	0
4959	7.316	7.933	6.290	33	535	18.2	3.0	CCECCCCCCCHCHCCCHCCCCCCHCCHHCCCCC	0
4960	7.394	7.854	5.803	33	535	18.2	9.1	CCEECCCCCCHCHCCCCCCCHCCHCEHHCCCCC	0
4961	7.363	8.062	6.640	33	535	9.1	6.1	CEECCCCCCCHCCCCCCCCCCCCCCCHHCCCCC	0
4962	9.023	7.601	13.826	33	535	15.2	15.2	CCEECCCHCCCHCCHCCECCHECCCCCCCCEHC	1
4963	9.082	7.750	15.129	33	535	15.2	15.2	CCEECECHECCHCCHCCCCCHCCCCCCCCCEHC	1
4964	9.001	7.684	14.072	33	535	15.2	15.2	CEEECCCHECCHCCHCCCCCHCCCCCCCCCEHC	1
4965	9.014	7.765	14.560	33	535	15.2	9.1	CEECCCCHCCCHCCHCCCCCHCCCCCCCCCEHC	1
4966	7.220	7.903	6.040	33	535	18.2	9.1	CEEECCCCCCCCCCCHCCCCHCCHCCHHCCCHC	0
4967	9.066	7.756	13.959	33	535	15.2	9.1	CCECCCCHECCHCCHCCCCCHECCCCCCCCCHC	1
4968	7.467	7.987	5.948	33	535	12.1	9.1	CEEECCCCCCHCCCCCCCCCHCCCCCHHCCCCC	0
4969	7.293	8.022	6.198	33	535	15.2	6.1	CEECCCCCCCCCHCCCCCCCCCCHCCHHCCCHC	0
4970	6.473	7.680	16.048	33	535	21.2	9.1	CHCCCCCHECCCCHCCCCHCHCCCCCCECEHHC	2
4971	7.213	7.926	5.263	33	535	15.2	6.1	CCEECCCCCCCCHCCCCCCCCCCHCCHHCCCHC	0
4972	7.060	7.881	5.194	33	535	15.2	12.1	CEEECCECCCHCCCCCCCCCCCCHCCHHCCCHC	0
4973	7.120	7.856	4.687	33	535	12.1	6.1	CEECCCCCCCCCCCCCCCCCHCCCCCHHCCCHC	0
4974	7.238	7.910	5.143	33	535	12.1	0.0	CCCCCCCCCCCCCCCCCCCCHCCCCCHHCCCHC	0
4975	6.455	7.733	16.866	33	535	18.2	3.0	CHCCCCCHCCCCCCCCCCHCHCCCCHCCCECHC	2
4976	6.679	7.699	16.100	33	535	12.1	0.0	CCCCHHHHCCCCCCCCCCCCCCCCCCCCCCCCC	2
4977	8.952	7.591	13.732	33	535	15.2	12.1	CCECCCCHCCCHCCHCCECCHECCCCCCCCEHC	1
4978	6.506	7.688	15.537	33	535	18.2	3.0	CHCCCCCHCCCCCCCCCHCCHCCCCCCCCEHHC	2
4979	8.964	7.663	13.995	33	535	15.2	12.1	CEEECCCHCCCHCCHCCCCCHECCCCCCCCCHC	1
4980	7.197	7.877	4.986	33	535	21.2	6.1	CEECCCCCCCHCCCCHCCCCHCCHCCHHCCHCC	0
4981	8.973	7.651	14.264	33	535	15.2	21.2	CEEECECHCCCHECHCCCCCHECCCCCCCCEHC	1
4982	8.992	7.643	13.199	33	535	15.2	18.2	CEECCCCHCCCHECHCCECCHECCCCCCCCEHC	1
4983	8.952	7.668	13.405	33	535	15.2	12.1	CEECCECHCCCHCCHCCCCCHCCCCCCCCCEHC	1
4984	7.003	7.843	16.429	33	535	12.1	6.1	CCCCCCCCCCCCCCCHEHCCHECCCCCCCCCHC	3
4985	9.103	7.682	13.962	33	535	12.1	9.1	CEEECCCHCCCCCCHCCCCCHCCCCCCCCCCHC	1
4986	6.960	8.041	5.681	33	535	21.2	3.0	CCCECCCCCCCCHCHCCCCCHCCCCCHHCCHHC	0
4987	7.053	7.898	5.286	33	535	24.2	6.1	CCECCCECCCHCHCHCCCCCHCCHCCHHCCCHC	0
4988	8.940	7.676	14.060	33	535	15.2	12.1	CCECCCCHECCHCCHCCCCCHECCCCCCCCEHC	1
4989	8.981	7.619	13.971	33	535	15.2	15.2	CCEECECHECCHCCHCCCCCHCCCCCCCCCEHC	1
4990	9.093	7.597	14.340	33	535	15.2	12.1	CCEECCCHECCHCCHCCCCCHCCCCCCCCCEHC	1
4991	7.228	7.936	4.627	33	535	18.2	3.0	CECCCCCCCCHCHCCCCCCCHCCCCCHHCCCHC	0
4992	9.010	7.628	14.090	33	535	15.2	18.2	CCEECCCHECCHECHCCCCCHECCCCCCCCEHC	1
4993	8.995	7.642	13.827	33	535	15.2	12.1	CCEECCCHECCHCCHCCECCHCCCCCCCCCCHC	1
4994	8.941	7.624	13.662	33	535	15.2	15.2	CCEECCCHECCHCCHCCCCCHECCCCCCCCEHC	1
4995	7.101	7.839	4.726	33	535	15.2	9.1	CCEECCECCCHCCCCCCCCCHCCCCCHHCCCHC	0
4996	6.940	7.820	16.500	33	535	12.1	12.1	CCCCCCCCCCECCCCHEHCCHECCCCECCCCHC	3
4997	8.942	7.656	13.455	33	535	15.2	18.2	CEEECCCHECCHCHCCCCCCHECCCCCCCCEHC	1
4998	9.053	7.675	13.691	33	535	15.2	12.1	CCEECECHCCCHCCHCCCCCHECCCCCCCCCHC	1
4999	6.898	7.992	4.751	33	535	18.2	3.0	CCECCCCCCCHCCCCCHCCCCCCCCCHHCCHHC	0
5000	6.845	7.844	15.923	33	535	12.1	6.1	CECCCCCCCCECCCCHCHCCHCCCCCCCCCCHC	3
