# frame	rmsd_ca_A	rg_ca_A	end_to_end_A	n_residues	n_atoms	pct_helix	pct_strand	ss_string	cluster_id
0	27.539	32.337	107.679	33	535	0.0	90.9	CEEEEEEEEEEEEEEEEEEEEEEEEEEEEECEC	8
1	26.934	31.737	106.262	33	535	0.0	90.9	CEEEEEEEEEEEEEEEEEEEEEEEEEEEEECEC	8
2	26.962	31.847	106.041	33	535	0.0	87.9	CEEEEEEEEEEEEEEEEEEEEEEEEEEEEECCC	8
3	26.801	31.654	104.986	33	535	3.0	81.8	CEEEECEEEECEEEEEEEEEEEEEEEEEEEHCC	8
4	26.383	31.227	100.879	33	535	3.0	81.8	CEEEEEEEEECEEEEEEEEEEEEEEEEECEHCC	8
5	26.003	30.892	99.130	33	535	3.0	75.8	CEEEEEEEEECEEEEEEEEEEEEEEEECCCHCC	8
6	24.702	29.727	95.614	33	535	3.0	72.7	CEEEEEECEEEEEEEECCEEEEEEEEEECCHCC	8
7	24.349	29.406	95.400	33	535	0.0	78.8	CEEEEEEEEEEEEEEEECEEEEEEEEEECCCCC	8
8	25.707	30.605	99.593	33	535	3.0	84.8	CEEEEEEEEEEEEEEEEEEEEEEEEEEECEHCC	8
9	25.714	30.634	100.040	33	535	0.0	78.8	CCEEEEECEEEEEEEEEEEEEEEEEEEECECCC	8
10	23.779	28.748	96.051	33	535	3.0	72.7	CCEEEEEEEEEEEEEECHEEEEEEEEECCECCC	8
11	23.488	28.503	93.760	33	535	0.0	72.7	CEEECECEEEEEEEEECCEEEEEEEEEECCCEC	8
12	25.089	29.883	98.237	33	535	0.0	72.7	CEECEEECCEEEEECEEEEEEEEEEEEECECCC	10
13	25.124	29.912	97.976	33	535	0.0	57.6	CCCCEEECEECCEECEEEECEEEEEEECCECCC	10
14	24.796	29.684	95.190	33	535	3.0	69.7	CEECEEECCEEEEECEEEECEEEEEEEECEHCC	10
15	24.424	29.375	93.687	33	535	3.0	69.7	CEECEEECCECEEEEEEEECEEEEEEEECEHCC	10
16	23.363	28.393	93.896	33	535	0.0	69.7	CCECEEEEEEEEEEEECCEECEEEEEECCECEC	8
17	23.577	28.604	94.552	33	535	3.0	63.6	CCCCEEEEEEEEEEEECHEEEEEEEEECCCCCC	8
18	24.315	29.282	94.242	33	535	6.1	63.6	CCEHEECCEEEEEECEECEEEEEEEEECCEHCC	10
19	24.118	29.147	92.959	33	535	0.0	72.7	CEECEEECEEEEEEEEECCEEEEEEEEECECCC	10
20	24.385	29.380	93.334	33	535	6.1	69.7	CEECECECCEEEEECECEEEEEEEEEEEEEHHC	8
21	24.572	29.482	93.827	33	535	6.1	66.7	CCEHCEECCEEEEECECEEEEEEEEEEEEEHCC	8
22	24.395	29.298	94.225	33	535	6.1	69.7	CEEHECECEEEEECCEEEEEEEEEEEEEECHCC	8
23	24.063	28.861	93.459	33	535	9.1	72.7	CEEHEEECEECEEECEEEEEEEEEEEEEECHHC	8
24	22.734	27.455	89.636	33	535	0.0	57.6	CCEEEECECCCEEEECEEEEEEEEECCCCECCC	6
25	22.533	27.247	89.606	33	535	3.0	57.6	CEECEEEEECCEEEECEEEECCEEEHCCCECCC	6
26	22.990	28.106	90.814	33	535	0.0	60.6	CCECEEECECEEEECEECEECEEEEEECCECCC	10
27	22.550	27.681	89.849	33	535	3.0	60.6	CEECEEECECEEEECEECEECEEEEEECCCHCC	10
28	22.475	27.759	89.488	33	535	6.1	63.6	CCEHEEECCEEEEECEECEECEEEEEEECEHCC	10
29	22.841	28.110	91.717	33	535	3.0	66.7	CCECEEECEEEEEECEECEEEEEEEEECCEHCC	10
30	21.967	26.585	86.546	33	535	9.1	57.6	CEEEEEECCCHEEEECEEEEEEEEEHCCCCHCC	6
31	21.710	26.324	85.992	33	535	9.1	63.6	CEEEEEECECHEEEEHEEEEEEEEEHCCCECCC	6
32	21.457	26.042	85.180	33	535	9.1	60.6	CEEEEEECCCHEEEECEEEEEEEEEHCCCEHCC	6
33	21.551	26.151	84.884	33	535	9.1	57.6	CCEEEEEEECHCEEECEEEECEEEEHCCCEHCC	6
34	21.108	25.769	84.062	33	535	9.1	60.6	CEECCEEEECHEEEECEEEEEEEEEHCCCEHCC	6
35	21.147	25.851	84.147	33	535	6.1	60.6	CEECEECEECHEEEECEEEEEEEEEHCCCECCC	6
36	22.982	28.040	87.338	33	535	12.1	57.6	CCEHEECCEEEEECHCEEEECEEEEEEECCHHC	8
37	22.692	27.650	87.387	33	535	9.1	54.5	CEECEECCCEEEECHEECEECECEEEEECCHHC	8
38	21.768	26.498	87.216	33	535	6.1	60.6	CCECECCCEEEEEECECHEEEEEEEEECEECHC	14
39	21.762	26.296	86.095	33	535	9.1	57.6	CEEHECECCEEECCCECHEEEEEEEEEECECHC	14
40	20.912	25.802	82.553	33	535	6.1	51.5	CCECECCCECCEEEECEEEEEEEEEHCCCEHCC	6
41	20.895	25.842	82.273	33	535	6.1	54.5	CCECEEEECCCEEECHEEEEEEEEEHCCCECCC	6
42	20.898	25.798	83.924	33	535	6.1	57.6	CCECEEEEECHEEEECCEEEEEEEEHCCCECCC	6
43	20.718	25.556	82.694	33	535	6.1	57.6	CECCEEEEECCEEEEHEEEEEEEEEHCCCCCCC	6
44	20.777	25.726	82.487	33	535	12.1	54.5	CEECCECEECHEEEEHEEEEECEEEHCCCEHCC	6
45	20.813	25.684	81.574	33	535	9.1	57.6	CEECEEEEECHEEEEHEEEECEEEEHCCCCCCC	6
46	20.720	25.599	82.325	33	535	6.1	54.5	CEECEEECCCCEEEEHEEEECEEEEHCCCECCC	6
47	20.572	25.453	83.008	33	535	12.1	51.5	CEECEEECCCHEEEEHEECECEEEEHCCCEHCC	6
48	20.440	25.288	82.110	33	535	3.0	54.5	CEECEEECCCCEEEECEECEEEEEEHCCCECCC	6
49	20.672	25.420	81.095	33	535	12.1	57.6	CCECEEEEECHEEEEHEEEECEEEEHCCCEHCC	6
50	20.789	25.519	81.172	33	535	9.1	60.6	CEECEEEEECHEEEEHEEEEECEEEHCCCECCC	6
51	20.415	25.259	80.699	33	535	6.1	48.5	CEEHEEECCCCEEECCEEEECEEEEHCCCCCCC	6
52	20.436	25.415	80.359	33	535	6.1	60.6	CEECEEECECCEEEECEEEEEEEEEHCCCEHCC	6
53	20.560	25.596	81.242	33	535	6.1	42.4	CCECEEECECCEEEEHEECCCECEECCCCCHCC	6
54	20.330	25.716	76.910	33	535	6.1	63.6	CEECECEEEEECCECEECEEEEEEEEEECCHHC	15
55	20.371	25.753	76.221	33	535	9.1	60.6	CEEHECECEEECEECEECEECEEEEEEECCHHC	15
56	19.635	24.604	78.813	33	535	6.1	48.5	CEECEEECCCHEEEECEEEEEECCCHCCCECCC	6
57	19.409	24.321	79.068	33	535	9.1	48.5	CEECEEECCCHEEEEHEEEEEECCCHCCCECCC	6
58	19.948	24.535	80.311	33	535	12.1	57.6	CEEEECCHEEEECCHEEHEECEEEEEEECHCCC	9
59	20.039	24.646	81.596	33	535	12.1	54.5	CEEEECCHEECECCHEEHEEEEEEEEECCHCCC	9
60	20.046	24.690	80.592	33	535	9.1	51.5	CEEEECEHECCECCCCEHEEEEEEEEECCHCCC	9
61	20.237	24.855	80.687	33	535	6.1	54.5	CEEEECCHEECECCCCECEEEEEEEEEECHCCC	9
62	20.564	25.171	80.947	33	535	6.1	54.5	CEEEECCHEECECCCCECEEEEEEEEEECHCCC	9
63	20.303	24.862	81.042	33	535	9.1	51.5	CEEEECCHEECEHCCHEEECCEEEEEEECCCCC	9
64	17.550	22.823	73.048	33	535	9.1	51.5	CEECEHEHCCCECEECCCEEEEEEEEEECCCHC	13
65	17.367	22.684	71.006	33	535	12.1	54.5	CEECEHEHCCCEEEECHCEEEEEEEEEECCCHC	13
66	17.077	22.416	70.145	33	535	15.2	60.6	CEEHEHEHCCCEEEEEHCECEEEEEEEEEECHC	13
67	17.211	22.570	70.948	33	535	15.2	60.6	CCECEHEHCCHEEEEEHCEEEEEEEEEEEECHC	13
68	16.403	21.899	67.927	33	535	6.1	42.4	CEECEECCCCHEEEECEEECEECCCHCCCECCC	11
69	16.229	21.816	66.598	33	535	9.1	42.4	CEEHECCCCCHEEEECEEEEEECCCCCCCEHCC	11
70	16.911	22.151	70.760	33	535	15.2	48.5	CECCECCHCCHCCEEEHHEEEEEEEEEECECHC	13
71	16.622	21.885	69.729	33	535	15.2	54.5	CCECEHEHCCCECEEEHHEEEEEEEEEECECHC	13
72	16.189	21.608	68.315	33	535	9.1	45.5	CEECECEHCCHEEEECEEEEEECCCHCCCECCC	11
73	16.226	21.678	68.450	33	535	9.1	42.4	CEECECCHCCHEEEECEEEEEECCCHCCCECCC	11
74	16.459	21.875	69.662	33	535	9.1	39.4	CEECEHCHCCHECEECEEEEEECCCCCCCECCC	11
75	16.472	21.832	68.060	33	535	9.1	36.4	CEEHEHCHCCCEECECEEEEEECCCCCCCCCCC	11
76	19.156	23.857	78.541	33	535	9.1	57.6	CEEEECECEECCCCHHEEEEEEEEEEEECHCCC	9
77	19.125	23.781	77.284	33	535	12.1	48.5	CCEEECCCEEECCCHHEEEECEEEEEECHHCCC	9
78	19.099	23.751	77.742	33	535	15.2	57.6	CEEEECEHEEEHCCHHEEECEEEEEEEECHCCC	9
79	18.813	23.437	78.406	33	535	18.2	57.6	CEEEECEHEEEHCCHHEEEEEEEEEEECHHCCC	9
80	18.740	23.400	77.770	33	535	6.1	57.6	CEEEECECEEEHCCCCEEEEEEEEEEECCHCCC	9
81	18.616	23.326	76.897	33	535	12.1	54.5	CEEEECEHEEEHCCCCEEEEEEEEEECCHHCCC	9
82	16.008	21.406	67.284	33	535	9.1	33.3	CECCECCHCCHCEEECEEEEEECCCHCCCCCCC	11
83	16.011	21.381	66.544	33	535	12.1	33.3	CEEHECCHCCHCECECEEEEEECCCCCCCCHCC	11
84	18.032	22.814	73.821	33	535	18.2	54.5	CEEEECEHEECHCCHHEEEEEEEEEECEHHCCC	9
85	18.156	22.953	74.954	33	535	18.2	54.5	CEEEECEHEEEHCCHHEEEEEEEEEECCHHCCC	9
86	15.759	20.494	67.303	33	535	6.1	45.5	CEECECCCCCCEEHCCCCEEEEEEEEEECCCHC	4
87	15.700	20.423	67.758	33	535	15.2	42.4	CEEHECCHCCCCEHCCHCEEEEEEEEEECCCHC	4
88	18.025	22.920	70.885	33	535	15.2	48.5	CECEECEHCEEHCCHCEEEEECEECEEEHHCCC	9
89	18.102	22.947	72.038	33	535	12.1	45.5	CCEEECCCEEEHCCCHEEEEECEECECEHHCCC	9
90	16.047	20.541	69.667	33	535	12.1	36.4	CEEHECCCCCCCEHCCCHCEEEEEEEECCCCHC	4
91	16.040	20.544	69.043	33	535	12.1	42.4	CEEHECCHCCCCEHCCCCCEEEEEEEEECECHC	4
92	16.045	20.462	69.556	33	535	12.1	39.4	CEECECCHCCCEEHCCHCCEEEEEEECECCCHC	4
93	15.537	20.015	67.811	33	535	9.1	36.4	CEEHECCHCCCCECCCCCEEEEEEEECCCCCHC	4
94	15.214	19.771	66.845	33	535	12.1	42.4	CEEHECCHCCCEEHCCCCEEEEECEEEECCCHC	4
95	15.241	20.043	65.945	33	535	6.1	42.4	CCECECCHCCCCECCCCCEEEEEEEEEECECHC	4
96	14.930	19.864	65.171	33	535	9.1	39.4	CCECECCHCCCCEHCCCCCEEEEEEEEECECHC	4
97	14.772	19.695	64.714	33	535	12.1	45.5	CEEHEHCHCCCCEHCCCCEEEEEEEEEECECCC	4
98	14.876	19.779	65.249	33	535	9.1	36.4	CEECECCHCCCCEHCCCCECEEEEEEECCCCHC	4
99	14.974	19.831	65.607	33	535	15.2	39.4	CCEHECCHCCCCEHCCCHEEEEEEEEEECCCHC	4
100	17.429	21.856	64.104	33	535	6.1	45.5	CEECECECECCHCCCHEEEEECCEEEEECCCCC	16
101	17.530	22.038	63.892	33	535	9.1	54.5	CEECECECEEEHCCHCEEEEEECEEEEECCHCC	16
102	14.598	19.433	62.423	33	535	12.1	33.3	CCEHECCHCCCCEHCCCCEEECEEEECCCECHC	4
103	14.811	19.656	63.769	33	535	15.2	30.3	CCCHECCHCCCCEHCCHCEEEEEEEECCCCCHC	4
104	14.807	19.689	62.160	33	535	15.2	33.3	CHCHECCCCCCCEHCCCHEEEEEEEECCCECHC	4
105	14.616	19.387	62.152	33	535	9.1	36.4	CCEHECCHCCCCECCCCCEEEEEEEECCCECHC	4
106	14.552	19.295	60.505	33	535	21.2	36.4	CHEHECCHCCCCEHCCCHEEEEEEEEHCCECHC	4
107	14.798	19.669	60.787	33	535	6.1	36.4	CCECECCCCCCCEHCCCCEEEEEEEECCCECHC	4
108	15.004	20.206	65.319	33	535	9.1	33.3	CCECECCHECCECHCCEEEEHCEEECCCCCCCC	3
109	14.972	20.040	65.282	33	535	9.1	36.4	CEECECCHECCECHCCEEEEHCEEECCCCCCCC	3
110	14.929	19.995	65.595	33	535	12.1	30.3	CEECECCHCCCCCHCCEEEEHCEEECHCCCCCC	3
111	14.972	20.074	64.927	33	535	9.1	33.3	CEECECCHEHCCCCCCEEEEHCEECCCECCCCC	3
112	14.733	19.863	63.473	33	535	9.1	33.3	CCECECCHECCECHCCEEEEHCEEECCCCCCCC	3
113	14.826	19.973	64.122	33	535	6.1	27.3	CCECECCHEHCCCCCCCEEECCEEECCCCCCCC	3
114	14.648	19.203	57.077	33	535	15.2	33.3	CCEHECCCCCCCEHCCHHEEEEEEEECCCCCHC	4
115	14.250	18.785	54.746	33	535	15.2	30.3	CHEHECCCCCCCEHCCHHCEEEEEEECCCCCCC	4
116	14.146	18.635	53.610	33	535	12.1	33.3	CCECECCCCCCCEHCCHHEEECEEEECCCECHC	4
117	14.231	18.819	54.936	33	535	15.2	27.3	CHEHECCHCCCCEHCCCHEEECEEECCCCCCCC	4
118	14.038	18.607	54.509	33	535	15.2	21.2	CCEHECCCCCCCCHCCHHCECCEEEECCCCCHC	4
119	14.134	18.649	53.836	33	535	18.2	30.3	CHEHECCHCCCCCHCCCHEEEEEEEECCCCCHC	4
120	14.412	19.168	54.886	33	535	18.2	33.3	CHEHECCCCCCCCHCCHHEEEEEEEECCCECHC	4
121	14.689	19.355	56.329	33	535	15.2	36.4	CHEHECCCCCCCEHCCHCEEEEEEEECCCECHC	4
122	14.795	19.433	57.833	33	535	18.2	27.3	CHEHECCCCCCCCHCCCHCEEEEEEEHCCCCHC	4
123	15.020	19.667	59.104	33	535	21.2	27.3	CHEHECCHCCCCCHCCHHEECEEEEECCCCCHC	4
124	13.381	18.707	61.396	33	535	15.2	21.2	CCECECCHEHCCCHCCCEEEHCECCCHCCCCCC	3
125	13.185	18.506	60.329	33	535	12.1	30.3	CEECECCHECCCCHCCEEEEHCECCCCECCCHC	3
126	13.105	18.359	59.868	33	535	9.1	27.3	CEECECCHECCECHCCCEEECCECCCCCCCCHC	3
127	13.208	18.453	59.007	33	535	18.2	27.3	CEECECCHEHCCCHCCCCEEHCECECHECCCHC	3
128	13.689	18.249	53.651	33	535	12.1	33.3	CHECECCHCCCCECCCHCEEEEEEEECCCCCHC	4
129	13.627	18.213	54.176	33	535	18.2	33.3	CHECEHCHCCCCEHCCHCCEEEEEEECCCECHC	4
130	13.377	17.927	54.135	33	535	15.2	30.3	CHEHECCCCCCCEHCCCHEECCEEEECCCECHC	4
131	13.028	17.626	52.255	33	535	15.2	36.4	CHECECCHECCCEHCCCHEEEEEECECCCECHC	4
132	12.160	17.169	55.628	33	535	18.2	30.3	CEECECCHEHCCCHCCCHEEHCEEECCECCCHC	3
133	12.052	16.926	54.929	33	535	12.1	27.3	CEECECCHECCCCHCCCCEEHCEEECHCCCCCC	3
134	12.163	16.940	54.774	33	535	18.2	24.2	CCECECCHEHCCHHCCCCEECCECECHECCCHC	3
135	12.279	17.175	54.031	33	535	15.2	30.3	CCECECCHEHCECCCCCHEEHCEEECHECCCCC	3
136	12.158	17.022	53.910	33	535	12.1	24.2	CCECECCHECCCCCCCCHEECCECECHECCCHC	3
137	12.192	16.956	54.690	33	535	12.1	33.3	CEECECCHECCECHCCCCEEHCEEECCECCCHC	3
138	12.123	16.890	52.906	33	535	18.2	24.2	CEECCCCHECCCCHCCCHEEHCECECHECCCHC	3
139	11.878	16.628	52.261	33	535	15.2	27.3	CEECECCHEHCCCHCCCHEEHCCEECCECCCCC	3
140	12.747	17.437	51.340	33	535	12.1	36.4	CHECECCHCCCCEHCCCCEEEEEEEECCCECHC	4
141	12.800	17.457	50.665	33	535	15.2	33.3	CHEHECCHCCCCEHCCCCEECEEEEECCCECHC	4
142	11.806	16.720	54.602	33	535	18.2	24.2	CCECECCHEHCCCHCCCCEEHCECECCEHCCHC	3
143	11.595	16.512	54.158	33	535	18.2	21.2	CEECECCHCHCCCHCCCHCEHCECECCECCCHC	3
144	11.513	16.437	53.461	33	535	18.2	30.3	CEECECCHECCCHHCCCCEEHCEEECCECHCHC	3
145	11.598	16.371	54.064	33	535	18.2	27.3	CEECECCHEHCCHHCCCHCEHCEEECCECCCCC	3
146	11.577	16.393	53.891	33	535	18.2	21.2	CEEHECCHEHCCHHCCCCCECCEECCHCCCCCC	3
147	11.465	16.240	52.542	33	535	18.2	30.3	CEEHECCHEHECCHCCCCEECCEECCCECHCHC	3
148	12.185	17.042	49.245	33	535	18.2	33.3	CHEHCCCHCCCCEHCCCHEEEEEEEECCCECHC	4
149	12.042	17.114	48.225	33	535	18.2	33.3	CHEHECHCCCCCEHCCCHEEEECEEECCCECHC	4
150	11.737	16.866	46.952	33	535	15.2	30.3	CHECECCHECCCEHCCCHEEEECECECCCCCHC	4
151	11.468	16.704	46.401	33	535	18.2	33.3	CHEHECCHCCCCEHCCHHEEEECEEECCCECCC	4
152	11.322	16.618	45.118	33	535	12.1	33.3	CHEHECCCCCCCEHCCCHEECEEEEECCCECCC	4
153	11.169	16.390	44.760	33	535	9.1	39.4	CHECECCCECCCEHCCCHEEEEEEEECCCECCC	4
154	11.034	16.270	44.554	33	535	12.1	24.2	CHECECCHCCCCEHCCCHCECEEEECCCCCCCC	4
155	10.722	15.965	43.832	33	535	15.2	33.3	CHECECCCCCCCEHCCCHEEEEEEEEHCCCCHC	4
156	10.697	15.806	43.238	33	535	18.2	24.2	CHEHCCCHCCCCEHCCCHEECEEECECCCCCHC	4
157	10.789	15.690	42.167	33	535	12.1	36.4	CHECECCHECCCEHCCHCEEEEEEEECCCCCCC	4
158	10.413	15.188	51.739	33	535	18.2	30.3	CEEHECCHEHCCHHCCCCEEHCEEECCECCCCC	3
159	10.534	15.436	51.883	33	535	15.2	30.3	CEECECCHEHCCCHCCCCEEHCEEECHECCCCC	3
160	10.993	16.073	42.391	33	535	18.2	30.3	CHEHECCHCCCCEHCCCHEEEEEECECCHCCCC	4
161	10.934	15.954	41.405	33	535	15.2	30.3	CHEHECCHCCCCEHCCCHEEEEEECECCCCCCC	4
162	10.946	15.841	42.610	33	535	15.2	21.2	CEEHECCHCCHCCCCCHECEECECCCCCCCHCC	12
163	11.027	15.938	43.667	33	535	12.1	24.2	CEECECCHCCHCCECCHECEECCCCCCCCEHCC	12
164	11.227	16.078	44.118	33	535	15.2	24.2	CHEHECCHCCCCEHCCCHECCEEECECCCCCCC	4
165	11.541	16.230	43.750	33	535	12.1	33.3	CHECECCHCCCCEHCCCHEEEEEEEECCCCCCC	4
166	11.722	16.243	45.424	33	535	9.1	30.3	CHECECCCCCCCEHCCCCEEEEEECECCCCCHC	4
167	11.612	16.013	43.346	33	535	12.1	33.3	CHECECCCCCCCEHCCHHEEEEEEEECCCCCCC	4
168	12.018	16.395	45.130	33	535	12.1	33.3	CHEHECCCECCCEHCCCCEECEEEEECCCCCHC	4
169	12.105	16.380	44.877	33	535	9.1	33.3	CHECECCCCCCCEHCCCHEEEEEEEECCCCCCC	4
170	12.021	16.525	43.905	33	535	15.2	30.3	CHEHECCHCCCCEHCCCCEECEEEEECCHCCCC	4
171	11.779	16.489	44.439	33	535	12.1	30.3	CHECECCHCCCCEHCCHCEECEEEEECCCCCCC	4
172	9.699	14.347	46.866	33	535	21.2	18.2	CCEHECCHEHCCHHCCCCCEHCCEECCCCCCHC	3
173	9.477	14.230	47.564	33	535	21.2	18.2	CCECEHCHCHCCHHCCCCCEHCCEECCECCCHC	3
174	9.375	14.178	46.672	33	535	9.1	12.1	CEECECCCCHCCCCCCCCCCHCECCCCCCCCHC	3
175	9.202	13.857	44.706	33	535	18.2	27.3	CEECECCHCHCCHCCCCCCEHEEEECHECCCHC	3
176	10.173	14.315	42.879	33	535	3.0	15.2	CEECECECCCCCCCCCCCCECCCCCCCCCCHCC	12
177	10.100	14.000	43.851	33	535	12.1	21.2	CEECECCHCCHCCCCCCECEHCECCCCECCHCC	12
178	12.115	16.422	44.010	33	535	12.1	33.3	CHEHECCHCCCCEHCCCCEEEEEEEECCCCCCC	4
179	12.244	16.502	43.988	33	535	12.1	30.3	CHEHECCHECCCECCCHCEEEEEECCCCCCCCC	4
180	9.221	13.758	45.224	33	535	15.2	27.3	CEEHECCHCHCCCHCCCCECHEEEECCECCCCC	3
181	9.226	13.567	45.219	33	535	18.2	21.2	CEEHECCHCHCCCCCCCCCCHECEECHECCCHC	3
182	9.089	13.519	44.421	33	535	18.2	18.2	CCEHECCHCHCCCCCCCCCCHECEECHECCCHC	3
183	8.736	13.235	43.788	33	535	15.2	24.2	CEECECCHEHCCCHCCCCCCHEEECCCECCCHC	3
184	8.797	13.185	43.624	33	535	15.2	27.3	CEEHECCHEHCCCCCCCCECHECEECHECCCCC	3
185	9.070	13.565	44.850	33	535	18.2	21.2	CEEHECCHCHCCCHCCCCCCHEEECCHECCCCC	3
186	9.475	13.845	45.515	33	535	12.1	24.2	CCECECCCEHCCHCCCCCCCHEEEECHECCCCC	3
187	9.548	13.796	45.807	33	535	12.1	24.2	CEEHECCCEHCCHCCCCCCCHEEEECCCCCCCC	3
188	11.166	15.530	37.079	33	535	9.1	30.3	CHECECCHCCCCEHCCCCEEEEEEECCCCCCCC	4
189	10.819	15.257	38.131	33	535	12.1	30.3	CHEHECCCCCCCEHCCHCEEEEEEECCCCCCCC	4
190	9.767	13.967	45.795	33	535	12.1	18.2	CEEHECCCCHCCCHCCCCCCHECCECCECCCCC	3
191	9.406	13.611	45.440	33	535	9.1	24.2	CECCECCHEHCCCCCCCCCCHEEEECCECCCCC	3
192	9.340	13.550	44.399	33	535	12.1	18.2	CCCHCCCHEHCCCHCCCCCCCEEEECCECCCCC	3
193	9.484	13.668	45.901	33	535	9.1	24.2	CECCECCHEHCCCCCCCCECHEEEECCCCCCCC	3
194	10.260	13.955	44.437	33	535	12.1	18.2	CEECECCHCCHCCCCCCECEHCECCCCCCCHCC	12
195	10.122	13.880	44.028	33	535	9.1	15.2	CEECECCHCCCCCCCCCCCEHCCCECCCCHCCC	12
196	9.364	13.438	44.896	33	535	27.3	21.2	CEEHEHCHEHCCHHCCCCCCHCCEECHECCCHC	3
197	9.551	13.559	46.006	33	535	18.2	24.2	CEECECCHEHCCCHCCCHCCHCEEECHECCCCC	3
198	9.537	13.492	45.612	33	535	12.1	27.3	CEEHECCCEHCCCHCCCCCCHEEEECCECCCCC	3
199	9.715	13.701	46.599	33	535	18.2	21.2	CEEHECCCCHCCHCCCCHCCHEEEECHCCCCCC	3
200	11.049	15.563	42.073	33	535	12.1	27.3	CHEHCCCHCCCCEHCCCCEEEEEECECCCCCCC	4
201	11.149	15.668	42.069	33	535	15.2	33.3	CCEHEHCHCCCCEHCCHCEEEEEEEECCCCCCC	4
202	9.702	13.788	47.641	33	535	18.2	21.2	CEEHECCHEHCCCCCCCHCCHCCEECCECCCHC	3
203	9.788	13.851	47.060	33	535	6.1	27.3	CEECECCCEHCCCCCCCCCCHEEEECCECCCCC	3
204	10.807	15.140	41.085	33	535	15.2	27.3	CHEHECCHCCCCEHCCCCEECEEECECCHCCCC	4
205	11.202	15.398	43.337	33	535	12.1	36.4	CHECECCHECCCEHCCCCEEEEEEEECCHCCCC	4
206	9.566	13.710	44.136	33	535	12.1	21.2	CEECECCHCCEHCCCCCECEHCCCCCCECHCCC	12
207	9.359	13.706	41.730	33	535	9.1	15.2	CCECECCCCCCCCCCCHECEHCCCCCCECCHCC	12
208	10.764	15.023	40.404	33	535	12.1	30.3	CHEHECCCCCCCEHCCCCEEEECEEECCHCCCC	4
209	10.781	14.993	39.241	33	535	12.1	24.2	CHEHECCHCCCCEHCCCCEECECECECCCCCCC	4
210	10.850	15.070	40.542	33	535	12.1	30.3	CHEHECCHCCCCEHCCCCEEEEEECECCCCCCC	4
211	10.765	14.973	40.510	33	535	9.1	33.3	CHEHECCCCCCCEHCCCCEEEEEEEECCCCCCC	4
212	10.989	14.335	46.759	33	535	15.2	27.3	CEECECCHCCCECECHCCCEHHEEEHCCCCCCC	7
213	11.149	14.446	47.350	33	535	15.2	24.2	CEECECCHCCCCCECHCCCEHCEEEHCCCCHCC	7
214	10.778	15.030	39.496	33	535	12.1	27.3	CHEHECCHECCCEHCCCCECEEEECCCCCCCCC	4
215	10.653	14.893	37.816	33	535	15.2	24.2	CHEHECCHCCCCEHCCCHCCEEEEECCCCCCCC	4
216	10.774	14.006	45.094	33	535	12.1	21.2	CCEHECCCECCCCECCCCCCHCEEEHCCCCHCC	7
217	10.756	13.987	44.787	33	535	12.1	21.2	CEEHECCCCCCCCECHCCCEHHEECCCCCCCCC	7
218	10.713	14.102	44.621	33	535	18.2	21.2	CEEHECCHCCCCCECHCCCCHHEEEHCCCCCCC	7
219	10.650	14.057	45.885	33	535	15.2	21.2	CEEHECCCCCCCCECHCCCCHCEEEHCCCCHCC	7
220	10.681	13.990	45.997	33	535	9.1	27.3	CEECECCHCCCECECHCCCECCEEECCCCCHCC	7
221	10.642	13.744	44.634	33	535	12.1	18.2	CEEHECCHCCCCCCCHCCCECCEECCCCCCHCC	7
222	10.614	13.741	44.875	33	535	12.1	24.2	CEECECCHCCCCCECHCCCECCEEEHCCCCHCC	7
223	10.416	13.620	43.324	33	535	21.2	21.2	CCEHECCCCCCCCECHCCHEHHEEEHCCCCHCC	7
224	10.755	14.977	37.212	33	535	12.1	30.3	CHEHECCHCCCCEHCCCCEEEEEEECCCCCCCC	4
225	10.971	15.061	37.677	33	535	9.1	27.3	CCEHECCHCCCCEHCCCCEECEEEECCCCCCCC	4
226	10.601	14.386	46.068	33	535	18.2	21.2	CEEHECCCCCCCCECHCCHCHCEEEHCCCHCCC	7
227	10.497	14.351	44.766	33	535	21.2	21.2	CEEHECCHCCCCCECHCCHCHHEEEHCCCCCCC	7
228	8.235	12.584	40.304	33	535	15.2	33.3	CEEHECCCEHEEHCCCCCECHEECECHECCCCC	3
229	8.614	12.815	41.635	33	535	18.2	21.2	CCECECCHEHCCHHCCCCCCHECEECCECCCHC	3
230	10.321	14.307	44.512	33	535	21.2	18.2	CCEHECCHCCCCCECCCHHCHCEEEHCCCCHCC	7
231	10.161	14.139	44.661	33	535	12.1	21.2	CCEHECCCCCCCCECCCCCEHCEEEHCCCCHCC	7
232	10.510	14.341	45.873	33	535	18.2	21.2	CEECECCHCCCCCECHCCHECHEECHCCCCHCC	7
233	10.626	14.342	47.762	33	535	18.2	24.2	CEEHECCCCCCECECHCCCCHHEEEHCCCCHCC	7
234	8.601	12.897	40.907	33	535	21.2	27.3	CEEHECCHCHCCCCCCCHECHEEEECHECCCHC	3
235	8.423	12.939	39.822	33	535	24.2	24.2	CCECECCHEHCCHHCCCHECHCEEECHECCCHC	3
236	8.521	13.044	40.544	33	535	15.2	27.3	CEECECCHCHECHCCCCCCCCEEEECHECCCHC	3
237	8.502	13.129	40.490	33	535	12.1	27.3	CEECECCHEHCCCCCCCCECHCEEECCECCCHC	3
238	10.892	14.549	49.328	33	535	18.2	24.2	CEEHECCCCCCCCECHCCCEHHEEEHCCCCHCC	7
239	10.825	14.771	49.406	33	535	21.2	24.2	CEEHECHCCCCECECHCCHCHCEEEHCCCCHCC	7
240	10.664	14.443	48.893	33	535	21.2	21.2	CECHECHCCCCCCECHCCCCHHEEEHCCCEHCC	7
241	10.761	14.491	47.460	33	535	18.2	24.2	CEECECHECCCCCCCHCCCEHHEEEHCCCCHCC	7
242	10.673	14.394	47.468	33	535	15.2	27.3	CEEHECCECCCECECHCCCCHHEEEHCCCCCCC	7
243	10.635	14.284	45.618	33	535	18.2	21.2	CEEHECCECCCCCCCHCCCCHHEEEHCCCCHCC	7
244	8.656	12.966	40.630	33	535	21.2	18.2	CCEHECCHCHCCCHCCCHECCCEECCHECCCHC	3
245	8.593	12.946	40.948	33	535	21.2	27.3	CEEHECCHEHCCHCCCCHECHCEEECCECCCHC	3
246	8.556	12.942	40.788	33	535	21.2	21.2	CCEHECCHECCCCHCCCHECHECCECHECCCHC	3
247	8.262	12.574	39.933	33	535	18.2	24.2	CEEHECCHCHCCCCCCCCECHECEECHECCCHC	3
248	10.118	13.976	44.180	33	535	15.2	21.2	CEEHECCCCCCECCCHCCCCHHEEEHCCCCCCC	7
249	10.396	14.062	44.025	33	535	12.1	21.2	CCEHECCECCCECCCCCCCCHHEEEHCCCCCCC	7
250	7.907	11.975	38.366	33	535	21.2	30.3	CEEHECCHEHCCHHCCCCECHECEECCEHECCC	3
251	7.880	11.707	36.553	33	535	21.2	27.3	CEEHECCHCHCCHHCCCCECHECEECCEHECCC	3
252	7.884	11.546	35.999	33	535	15.2	30.3	CCECECCHECCCHHCCCCECHEEEECCECECHC	3
253	7.864	11.650	36.922	33	535	21.2	27.3	CEECECCHEHCCCHCCCCECHECEECHEHCCHC	3
254	7.988	11.878	37.543	33	535	21.2	33.3	CEECECCHEHCCHCCCCHECHEEEECHECECHC	3
255	7.755	11.587	36.357	33	535	15.2	27.3	CEECECCHCHCCHCCCCCECHECEECCECECHC	3
256	7.906	11.625	36.773	33	535	15.2	33.3	CEECECCHECCCHCCCCCECCEEEECHEHECHC	3
257	7.906	11.661	36.485	33	535	21.2	21.2	CCECECCHCHCCHHCCCCECHCEECCHECECHC	3
258	7.970	11.734	36.432	33	535	21.2	24.2	CEECECCHEHCCHHCCCCECHCCEECHCCECHC	3
259	7.926	11.646	35.779	33	535	18.2	30.3	CEECECCHEHCCHHCCCCECHCEEECCECECHC	3
260	7.886	11.687	36.472	33	535	15.2	24.2	CCECECCHCCCECHCCCCECHCEECCHECECHC	3
261	7.757	11.719	36.523	33	535	9.1	27.3	CEECECCHECCCCCCCCCECCEEECCHECCCHC	3
262	7.786	11.460	36.634	33	535	12.1	30.3	CEECECCHEHCCHCCCCCECCEECECHECECCC	3
263	7.614	11.405	36.226	33	535	21.2	30.3	CEECECCHCHCCHHCCCHECCEEEECHECECHC	3
264	7.593	11.366	36.017	33	535	18.2	27.3	CECCECCHCHCCHHCCCCECCEEEECHECECHC	3
265	7.208	11.030	34.411	33	535	18.2	30.3	CEEHECCHEHCCCCCCCHECCEEEECHCCECHC	3
266	7.163	11.104	34.485	33	535	21.2	24.2	CEEHECCHCHCCCHCCCCECHECECCHECECHC	3
267	7.227	11.090	35.833	33	535	15.2	24.2	CEEHECCHCHCCCHCCCCECCECCECHECECCC	3
268	7.315	11.096	36.026	33	535	18.2	21.2	CCEHECCHCHCCCHCCCCECCCECECCEHECHC	3
269	7.503	10.941	35.344	33	535	15.2	30.3	CEEHECCHCCCCCHCCCCECHEEEECCECECHC	3
270	7.393	10.817	34.538	33	535	15.2	18.2	CCECECCCCHCCCHCCCCECHECEECHCCCCHC	3
271	7.486	10.944	34.115	33	535	15.2	27.3	CEECECCCCHCCCHCCCCECHECEECHECECHC	3
272	7.594	11.062	34.687	33	535	12.1	27.3	CEECECCHEHCCCCCCCCECCECCECHECECHC	3
273	7.428	10.775	34.174	33	535	21.2	27.3	CCEHECCHCHCCCHCCCCECHEEEECHECECHC	3
274	7.381	10.787	35.371	33	535	21.2	24.2	CECCECCHEHCCCHCCCCECHECEECHEHCCHC	3
275	7.389	10.936	35.177	33	535	21.2	27.3	CEEHECCHCHCCCHCCCCECHCEEECHECECHC	3
276	7.360	10.916	34.548	33	535	18.2	27.3	CEEHECCHCCCCCHCCCCECHEEECCHECECHC	3
277	7.275	10.809	34.121	33	535	18.2	24.2	CEECECCHCHCCCHCCCCECHCCEECHECECHC	3
278	7.352	10.892	34.900	33	535	6.1	24.2	CEEHECCCCHCCCCCCCCECCEECECCCCECCC	3
279	7.551	10.747	36.256	33	535	18.2	24.2	CEECECCHCHCCCCCCCHECHCECECHECECHC	3
280	7.266	10.660	34.961	33	535	15.2	24.2	CECCECEHEHCCCHCCCCCCHEECECHECCCCC	3
281	7.396	10.739	33.510	33	535	21.2	24.2	CECHECCHCHCCCHCCCHECHEECECHECECCC	3
282	7.088	10.484	31.289	33	535	18.2	24.2	CECCECCHCHCCCHCCCHECCCEEECHECECHC	3
283	7.170	10.439	30.653	33	535	24.2	21.2	CECHECCHCHCCCHCCCHECHCEECCHECECHC	3
284	9.424	12.728	30.747	33	535	18.2	24.2	CECHEECHECCCCHHCCCCECEEECCCCCCHHC	17
285	9.265	12.267	30.021	33	535	18.2	33.3	CECCEECHECECCHHCCCHECEEEECCCCEHHC	17
286	7.284	10.524	31.633	33	535	21.2	24.2	CECHECCHCHCCCHCCCHECHEEEECCCCECHC	3
287	7.451	10.593	33.368	33	535	15.2	21.2	CECHECCHCHCCCHCCCCECHCEEECCCCECCC	3
288	7.522	10.655	33.850	33	535	15.2	24.2	CECHECCHCHCCCHCCCCECCEEEECCCCECHC	3
289	7.248	10.373	31.870	33	535	18.2	12.1	CCCHCCCHCHCCCHCCCCECCECEECHCCCCHC	3
290	7.219	10.468	33.818	33	535	18.2	21.2	CECHECCHCHCCCHCCCCECHECEECCECCCHC	3
291	7.009	10.467	32.294	33	535	24.2	24.2	CECHECCHCHCCCHCCCHECHCEEECHECECHC	3
292	7.125	10.514	32.211	33	535	18.2	24.2	CECHECCHCHCCCHCCCCECCEEEECHCCECHC	3
293	7.077	10.646	32.730	33	535	21.2	21.2	CCCCCCCHEHCCCHCCCHCCHEEEECHECECHC	3
294	7.226	10.861	32.157	33	535	15.2	15.2	CECCCCCHCHCCCHCCCHECHCCEECCCCECCC	3
295	7.158	10.638	33.000	33	535	15.2	12.1	CCCHCCCHCHCCCHCCCCCCHEEEECCCCCCCC	3
296	7.146	10.490	31.884	33	535	24.2	21.2	CECHCCCHCHCCCHCCCHECHCEEECHECECHC	3
297	7.264	10.488	30.412	33	535	15.2	24.2	CECCECCHECCCCHCCCCCCHCEEECHECECHC	3
298	7.232	10.523	29.604	33	535	18.2	24.2	CCCCECCHEHCCCHCCCCECHCEEECHECECHC	3
299	7.209	10.587	30.232	33	535	15.2	15.2	CCCCCCCHCHCCCHCCCCECCECCECHECECHC	3
300	7.007	10.370	28.623	33	535	18.2	12.1	CECCCCCHCHCCCHCCCHECCCCCCCHECECHC	3
301	6.899	10.262	28.209	33	535	12.1	18.2	CCCCCCCHCHCCCHCCCCECHEEEECCCCECCC	3
302	6.960	10.269	28.809	33	535	12.1	24.2	CCCCCCEHCHCCCCCCCCECHEEEECHECECCC	3
303	6.922	10.291	29.912	33	535	15.2	27.3	CECCECCHCHCCCCCCCCECHEEEECHECECHC	3
304	7.021	10.325	31.178	33	535	24.2	27.3	CECHEHCHCHCCHHCCCCECCEEEECHECECHC	3
305	7.031	10.157	31.133	33	535	18.2	15.2	CCCHCCCCCHCCCHCCCCECHECEECHECCCHC	3
306	7.028	10.394	30.955	33	535	18.2	18.2	CECHCCCHCHHCCHCCCCECCEEECCCCCECHC	3
307	6.942	10.385	31.286	33	535	21.2	21.2	CECHCCCHCHCCCCCCCHECHCEEECHECECHC	3
308	8.808	8.631	25.860	33	535	6.1	27.3	CCEECECHECEHECCECCCCEECCCCCCCCCCC	0
309	8.732	8.473	25.104	33	535	9.1	27.3	CCEECCCHECEHECCECCCCEECHCCCCCECCC	0
310	8.857	8.419	24.452	33	535	9.1	21.2	CEEECECHCCEHCCHCCCECCCCCCCCCCECCC	0
311	8.924	8.360	25.005	33	535	9.1	12.1	CCEECCCHECCHCCHCCCECCCCCCCCCCCCCC	0
312	8.902	8.314	24.976	33	535	9.1	9.1	CCEECCCHCCCHECHCCCCCCCCCCCCCCCCCC	0
313	8.987	8.273	23.864	33	535	9.1	24.2	CEEECECHECCHECHCCCCCCECCCCCECCCCC	0
314	9.065	8.201	23.954	33	535	9.1	18.2	CCEECCCHECCHCCHCCCECCCCCCCCECECCC	0
315	9.010	8.238	23.905	33	535	9.1	15.2	CCEECCCHECCHCCHCCCECCECCCCCCCCCCC	0
316	9.040	8.137	23.277	33	535	9.1	18.2	CCEECECHCCEHECHCCCECCCCCCCCCCCCCC	0
317	8.852	8.166	24.269	33	535	9.1	18.2	CCEECCCHECEHCCHCCCCCCCCCCCCECECCC	0
318	8.886	8.332	24.527	33	535	9.1	6.1	CCCCCCCHCCEHCCHCCCCCCCCCCCCECCCCC	0
319	9.023	8.325	24.872	33	535	12.1	12.1	CCEECCCHECCHCCHCCCECCCCHCCCCCCCCC	0
320	8.845	8.101	22.806	33	535	12.1	12.1	CCCCCCCHECEHCCHCCCECCCCHCCCECCCCC	0
321	8.859	8.121	22.863	33	535	9.1	9.1	CECCCCCHECCHCCHCCCECCCCCCCCCCCCCC	0
322	8.985	8.164	22.659	33	535	9.1	6.1	CCCCCCCHECCHCCHCCCECCCCCCCCCCCCCC	0
323	8.840	8.103	22.343	33	535	9.1	12.1	CCCCCCCHCCEHCCHECCECCECCCCCCCCCCC	0
324	8.592	8.112	22.957	33	535	9.1	15.2	CCEECCCHECCHECHCCCECCCCCCCCCCCCCC	0
325	8.625	8.151	22.306	33	535	9.1	12.1	CCCCCCCHECCHCCHECCECCCCCCCCCCECCC	0
326	5.385	8.539	14.264	33	535	15.2	12.1	CEEHECCCCCHCCCCCCCCCHCCCCCCHCEHCC	1
327	5.455	8.558	14.044	33	535	12.1	9.1	CCEHECCCCCCCCCCCCCCCHCCCCCCHCEHCC	1
328	5.491	8.469	13.680	33	535	15.2	6.1	CCEHECCCCCCCCCCHCCCCHCCCCCCHCCHCC	1
329	5.421	8.421	12.011	33	535	18.2	9.1	CEEHECCHCCCCCCCCCCCCHCCCCHCHCCHCC	1
330	5.468	8.453	11.586	33	535	9.1	6.1	CCEHECCHCCCCCCCCCCCCCCCCCCCHCCCCC	1
331	5.539	8.261	10.376	33	535	15.2	9.1	CEEHECCHCCCCCCCCCCCCHCCCCCCHCCHCC	1
332	8.543	8.221	23.469	33	535	9.1	12.1	CCCCCCCHECEHECHCCCECCCCCCCCCCCCCC	0
333	8.623	8.267	24.761	33	535	6.1	12.1	CEECCCCCECCHCCHCCCECCCCCCCCCCCCCC	0
334	8.767	8.268	23.603	33	535	9.1	9.1	CCCCCCCHECCHECHCCCECCCCCCCCCCCCCC	0
335	8.893	8.232	23.181	33	535	9.1	9.1	CCCECCCHECCHCCHCCCECCCCCCCCCCCCCC	0
336	8.854	8.178	22.754	33	535	9.1	12.1	CCEECCCHECEHCCHCCCCCCCCCCCCCCCCCC	0
337	8.737	8.178	23.019	33	535	9.1	12.1	CCCCCCCHECCHECHCCCECCCCCCCCECCCCC	0
338	5.530	8.252	9.152	33	535	21.2	6.1	CCEHECCHCCCCCCCHCCCCHCCCCHCHCCHCC	1
339	5.497	8.261	8.778	33	535	18.2	6.1	CCEHECCCCCHCCCCCCCCCHCCCCHCHCCHCC	1
340	8.673	8.179	22.723	33	535	9.1	12.1	CCCECCCHECCHCCHCCCECCCCCCCCECCCCC	0
341	8.837	8.181	22.782	33	535	9.1	18.2	CCEECCCHECEHCCHCCCECCCCCCCCECCCCC	0
342	8.663	8.198	22.813	33	535	9.1	9.1	CECECCCHCCEHCCHCCCCCCCCCCCCCCCCCC	0
343	8.670	8.277	23.099	33	535	9.1	9.1	CECCCCCHCCCHCCHCCCECCCCCCCCECCCCC	0
344	8.696	8.101	23.245	33	535	6.1	18.2	CCECCCCCECEHECHECCECCCCCCCCCCCCCC	0
345	8.764	8.178	22.980	33	535	9.1	12.1	CCCCCCCHECEHECHCCCCCCCCCCCCECCCCC	0
346	8.749	8.278	24.005	33	535	9.1	12.1	CCCCCCCHECEHECHCCCCCCCCCCCCECCCCC	0
347	8.610	8.224	24.160	33	535	9.1	12.1	CCCCCCCHECEHCCHCCCECCCCCCCCECCCCC	0
348	8.807	8.312	24.788	33	535	6.1	9.1	CECECCCCCCCHCCHCCCECCCCCCCCCCCCCC	0
349	8.626	8.254	23.937	33	535	6.1	9.1	CCCCCCCCECCHCCHECCECCCCCCCCCCCCCC	0
350	8.794	8.166	22.685	33	535	6.1	12.1	CCECCCCCCCCHCCHECCECECCCCCCCCCCCC	0
351	8.723	8.200	22.182	33	535	6.1	9.1	CCECCCCCECCHECHCCCCCCCCCCCCCCCCCC	0
352	8.758	8.149	23.075	33	535	6.1	12.1	CECCCCCCECCHCCHCCCECCCCCCCCECCCCC	0
353	8.735	8.156	22.658	33	535	9.1	9.1	CCCCCCCHECCHCCHECCECCCCCCCCCCCCCC	0
354	8.720	8.118	22.496	33	535	9.1	9.1	CCCCCCCHECCHECHCCCECCCCCCCCCCCCCC	0
355	8.672	8.154	22.898	33	535	9.1	18.2	CCEECCCHCCEHECHCCCECCCCCCCCECCCCC	0
356	8.730	8.112	22.922	33	535	9.1	15.2	CCECCCCHECEHECHCCCECCCCCCCCCCCCCC	0
357	8.696	8.233	23.492	33	535	9.1	15.2	CCEECCCHECEHCCHCCCECCCCCCCCCCCCCC	0
358	8.789	8.149	22.546	33	535	9.1	15.2	CCECCCCHECEHECHCCCECCCCCCCCCCCCCC	0
359	8.826	8.159	22.051	33	535	9.1	12.1	CCCCCCCHECEHCCHCCCECCCCCCCCCCECCC	0
360	8.722	8.175	23.051	33	535	9.1	12.1	CCCECCCHECCHECHCCCECCCCCCCCCCCCCC	0
361	8.727	8.167	22.617	33	535	9.1	18.2	CECCCCCHECEHECHCCCECCCCCCCCECCCCC	0
362	8.819	8.083	22.108	33	535	6.1	12.1	CCCCCCCCECCHECHCCCECCCCCCCCECCCCC	0
363	8.854	8.185	23.032	33	535	9.1	9.1	CCEECCCHCCCHCCHCCCECCCCCCCCCCCCCC	0
364	5.611	8.259	7.607	33	535	12.1	6.1	CCEHECCCCCCCCCCCCCCCHCCCCHCHCCCCC	1
365	5.633	8.208	8.774	33	535	18.2	6.1	CCEHECCCCCCCCCCHCCCCHCCCCHCHCCHCC	1
366	8.758	8.114	22.048	33	535	9.1	21.2	CEEECCCHECCHECHECCECCCCCCCCCCCCCC	0
367	8.793	8.265	22.310	33	535	9.1	18.2	CEEECCCHECCHCCHCCCECCCCCCCCECCCCC	0
368	8.951	8.198	22.698	33	535	6.1	12.1	CCCECCCCECCHECHCCCECCCCCCCCCCCCCC	0
369	8.906	8.262	23.503	33	535	6.1	15.2	CCEECCCCECEHCCHCCCECCCCCCCCCCCCCC	0
370	8.893	8.112	22.403	33	535	9.1	18.2	CECCCCCHECEHECHCCCECCCCCCCCECCCCC	0
371	8.815	8.054	22.704	33	535	9.1	15.2	CCECCCCHECEHECHCCCECCCCCCCCCCCCCC	0
372	5.661	8.176	8.164	33	535	18.2	6.1	CCEHECCCCCHCCCCCCCCCHCCCCHCHCCHCC	1
373	5.766	8.296	9.441	33	535	6.1	6.1	CCECECCCCCCCCCCCCCCCHCCCCHCCCCCCC	1
374	8.845	8.180	22.839	33	535	9.1	9.1	CCEECCCHCCEHCCHCCCCCCCCCCCCCCCCCC	0
375	8.883	8.233	22.648	33	535	9.1	6.1	CCECCCCHCCCHCCHCCCECCCCCCCCCCCCCC	0
376	8.818	8.101	22.003	33	535	9.1	18.2	CCEECCCHCCEHECHECCECCCCCCCCCCCCCC	0
377	8.702	8.182	22.923	33	535	9.1	21.2	CCEECCCHECEHCCHECCECCCCCCCCECCCCC	0
378	5.531	8.267	8.856	33	535	12.1	6.1	CCEHECHCCCCCCCCCCCCCHCCCCHCCCCCCC	1
379	5.616	8.366	9.415	33	535	9.1	6.1	CCEHECCCCCCCCCCCCCCCHCCCCHCCCCCCC	1
380	8.646	8.166	21.955	33	535	9.1	12.1	CEECCCCHCCEHCCHCCCECCCCCCCCCCCCCC	0
381	8.745	8.181	21.762	33	535	9.1	21.2	CEEECCCHECEHECHCCCCCCCCCCCCECCCCC	0
382	8.794	8.174	21.586	33	535	6.1	12.1	CCECCCCCECEHCCHCCCECCCCCCCCCCCCCC	0
383	8.894	8.181	21.740	33	535	9.1	12.1	CCECCCCHECCHCCHECCECCCCCCCCCCCCCC	0
384	8.696	8.208	21.920	33	535	9.1	12.1	CCECCCCHECEHCCHCCCECCCCCCCCCCCCCC	0
385	8.691	8.164	21.191	33	535	9.1	9.1	CCECCCCHCCEHCCHCCCECCCCCCCCCCCCCC	0
386	5.645	8.272	9.906	33	535	15.2	6.1	CCEHECCCCCCCCCCCCCCCHCCCCHCHCCHCC	1
387	5.672	8.233	9.301	33	535	6.1	6.1	CCEHECCCCCCCCCCCCCCCHCCCCCCCCCCCC	1
388	8.540	8.018	20.248	33	535	9.1	15.2	CCEECCCHECEHCCHECCCCCCCCCCCCCCCCC	0
389	8.616	8.155	21.177	33	535	9.1	21.2	CCEECCCHECEHECHECCECCCCCCCCCCCCCC	0
390	8.774	8.131	21.333	33	535	6.1	15.2	CCEECCCHECECCCHECCCCCCCCCCCCCCCCC	0
391	8.785	8.214	21.037	33	535	6.1	12.1	CCEECCCCCCEHCCHCCCECCCCCCCCCCCCCC	0
392	8.629	8.285	20.881	33	535	9.1	18.2	CCEECCCHECEHECHCCCECCCCCCCCCCCCCC	0
393	8.626	8.143	20.649	33	535	9.1	12.1	CCEECCCHECCHCCHCCCCCCCCCCCCECCCCC	0
394	8.832	8.084	20.980	33	535	9.1	18.2	CCEECCCHECEHCCHECCECCCCCCCCCCCCCC	0
395	8.746	8.129	21.141	33	535	9.1	9.1	CCCCCCCHECCHCCHCCCECCCCCCCCECCCCC	0
396	8.681	8.158	21.701	33	535	6.1	15.2	CCCCCCCHECECCCHECCECCCCCCCCECCCCC	0
397	8.780	8.176	21.106	33	535	9.1	12.1	CCCCCCCHECCHECHCCCECCCCCCCCECCCCC	0
398	8.637	8.122	21.265	33	535	6.1	6.1	CECCCCCHECCCCCHCCCCCCCCCCCCCCCCCC	0
399	8.665	8.154	21.547	33	535	9.1	12.1	CCCCCCCHECEHECHCCCECCCCCCCCCCCCCC	0
400	5.712	8.240	8.847	33	535	15.2	9.1	CCEHECCCCCCCCCCCCCCCHCCCCHCHCEHCC	1
401	5.754	8.167	8.934	33	535	15.2	6.1	CCEHECCCCCCCCCCCCCCCHCCCCHCHCCHCC	1
402	8.672	8.230	22.402	33	535	9.1	9.1	CCECCCCHCCEHCCHCCCCCCCCCCCCECCCCC	0
403	8.646	8.222	22.204	33	535	12.1	9.1	CCCCCCCHECEHCCHCCCECCCCHCCCCCCCCC	0
404	8.702	8.148	21.954	33	535	12.1	9.1	CCCCCCCHCCCHCCHECCECCCCHCCCECCCCC	0
405	8.685	8.131	21.413	33	535	12.1	15.2	CCECCCCHECEHECHCCCECHCCCCCCCCCCCC	0
406	8.635	8.136	21.576	33	535	9.1	9.1	CCCCCCCHECEHCCHCCCECCCCCCCCCCCCCC	0
407	8.609	8.172	22.346	33	535	9.1	12.1	CCCCCCCHECEHECHCCCECCCCCCCCCCCCCC	0
408	8.628	8.119	22.171	33	535	9.1	9.1	CCCCCCCHECEHCCHCCCECCCCCCCCCCCCCC	0
409	8.580	8.209	22.433	33	535	6.1	12.1	CCCCCCCCECCHECHECCECCCCCCCCCCCCCC	0
410	8.762	8.209	21.872	33	535	6.1	9.1	CCCCCCCCECEHCCHCCCECCCCCCCCCCCCCC	0
411	8.663	8.139	22.285	33	535	9.1	12.1	CCCCCCCCECEHCCHCCCECHCCCCCCECCCCC	0
412	8.629	8.134	21.909	33	535	9.1	6.1	CCCCCCCHECCHCCHCCCECCCCCCCCCCCCCC	0
413	8.692	8.199	21.665	33	535	9.1	9.1	CCCCCCCHECEHCCHCCCECCCCCCCCCCCCCC	0
414	8.720	8.276	23.603	33	535	9.1	9.1	CCCCCCCHECEHCCHCCCECCCCCCCCCCCCCC	0
415	8.595	8.122	20.948	33	535	6.1	6.1	CCCCCCCCECCHCCHCCCECCCCCCCCCCCCCC	0
416	8.569	8.159	21.198	33	535	9.1	6.1	CECCCCCHCCCHCCHCCCECCCCCCCCCCCCCC	0
417	8.557	8.348	22.767	33	535	6.1	6.1	CCCCCCCCCCEHCCHCCCECCCCCCCCCCCCCC	0
418	8.652	8.260	21.258	33	535	9.1	6.1	CCCCCCCHECCHCCHCCCCCCCCCCCCECCCCC	0
419	8.577	8.088	21.270	33	535	9.1	6.1	CCCCCCCHCCEHCCHCCCECCCCCCCCCCCCCC	0
420	8.790	8.175	21.692	33	535	9.1	9.1	CCCCCCCHECCHECHCCCECCCCCCCCCCCCCC	0
421	8.617	8.062	21.035	33	535	9.1	9.1	CCCCCCCHECEHCCHCCCECCCCCCCCCCCCCC	0
422	8.754	8.158	21.410	33	535	9.1	6.1	CCCCCCCHCCCHECHCCCECCCCCCCCCCCCCC	0
423	8.753	8.194	21.248	33	535	9.1	3.0	CCCCCCCHCCCHCCHCCCECCCCCCCCCCCCCC	0
424	8.778	8.540	17.289	33	535	12.1	6.1	CHECCCCHCCCCEHCCCCCCCCCCCCCCCCCHC	5
425	8.559	8.509	17.328	33	535	6.1	6.1	CHECCCCHCCCCECCCCCCCCCCCCCCCCCCCC	5
426	5.850	8.301	11.064	33	535	15.2	12.1	CEECECCHCCCCCCCCCCCCHCCCCHCHCEHCC	1
427	5.833	8.486	11.958	33	535	15.2	6.1	CCEHECCCCCCCCCCCCCCCHCCCCHCHCCHCC	1
428	8.736	8.233	21.903	33	535	9.1	6.1	CCCCCCCHCCEHECHCCCCCCCCCCCCCCCCCC	0
429	8.627	8.166	22.433	33	535	9.1	9.1	CCCCCCCHCCEHECHCCCECCCCCCCCCCCCCC	0
430	8.751	8.147	21.995	33	535	9.1	12.1	CCCCCCCHECEHCCHCCCECCCCCCCCECCCCC	0
431	8.732	8.196	21.810	33	535	9.1	9.1	CCCCCCCHECEHCCHCCCECCCCCCCCCCCCCC	0
432	8.219	8.380	15.137	33	535	12.1	12.1	CHECCCCHCCCEECCCCCCCECCCCCHCCCHCC	5
433	8.278	8.391	14.448	33	535	12.1	9.1	CHECCCCHCCCCECCCCHCCECCCCCCCCCHCC	5
434	8.086	8.384	13.204	33	535	15.2	12.1	CHECCCCHECCCECCCCHCCECCCCCCCHCHCC	5
435	8.137	8.290	12.827	33	535	18.2	9.1	CHECHCCHCCCCECCCCCHCECCCCCHCCCHCC	5
436	5.727	8.410	11.162	33	535	12.1	6.1	CCEHECCCCCCCHCCCCCCCHCCCCHCCCCCCC	1
437	5.744	8.332	11.674	33	535	9.1	6.1	CCEHECCCCCCCCCCCCCCCHCCCCHCCCCCCC	1
438	8.725	8.154	21.601	33	535	9.1	12.1	CCCCCCCHECEHCCHECCECCCCCCCCCCCCCC	0
439	8.857	8.176	22.061	33	535	9.1	9.1	CCCCCCCHECCHECHCCCECCCCCCCCCCCCCC	0
440	8.829	8.212	22.259	33	535	9.1	9.1	CCCCCCCHCCEHECHCCCECCCCCCCCCCCCCC	0
441	8.727	8.145	21.468	33	535	9.1	9.1	CCCCCCCHECEHCCHCCCECCCCCCCCCCCCCC	0
442	8.635	8.210	21.975	33	535	9.1	6.1	CCCCCCCHCCEHCCHCCCECCCCCCCCCCCCCC	0
443	8.561	8.182	21.834	33	535	9.1	3.0	CCCCCCCHCCCHCCHCCCECCCCCCCCCCCCCC	0
444	5.816	8.228	9.563	33	535	9.1	6.1	CCEHECCCCCCCCCCCCCCCHCCCCHCCCCCCC	1
445	5.648	8.401	10.683	33	535	9.1	9.1	CCEHECCCCCCCCCCCCCCCHCCCCHCCCECCC	1
446	5.630	8.389	11.308	33	535	12.1	6.1	CCEHECCCCCCCCCHCCCCCHCCCCHCCCCCCC	1
447	5.647	8.426	10.918	33	535	6.1	3.0	CCECCCCCCCCCCCCCCCCCHCCCCHCCCCCCC	1
448	5.760	8.428	11.447	33	535	9.1	3.0	CCCCECHCCCCCCCCCCCCCHCCCCHCCCCCCC	1
449	5.807	8.302	11.170	33	535	15.2	6.1	CCEHECHCCCCCCCCCCCCCHCCCCHCCCCHCC	1
450	5.771	8.302	10.549	33	535	18.2	6.1	CCEHECCCCCCCCCCCHCCCHCCCCHCHCCHCC	1
451	5.842	8.268	10.508	33	535	15.2	9.1	CCEHECCCCCCCCCCCCCCCHCCCCHCHCEHCC	1
452	5.770	8.269	11.381	33	535	15.2	6.1	CCEHECHCCCCCCCCCCCCCHCCCCHCCCCHCC	1
453	5.842	8.281	11.286	33	535	12.1	6.1	CCEHECHCCCCCCCCCCCCCHCCCCHCCCCCCC	1
454	8.638	8.183	22.179	33	535	9.1	6.1	CCCCCCCHECCHCCHCCCECCCCCCCCCCCCCC	0
455	8.634	8.162	21.565	33	535	12.1	6.1	CCCCCCCHCCEHCCHCCCCCHCCCCCCECCCCC	0
456	8.731	8.073	21.099	33	535	9.1	12.1	CCCCCCCHECEHCCHECCECCCCCCCCCCCCCC	0
457	8.658	8.192	21.822	33	535	9.1	9.1	CCCCCCCHCCEHCCHECCECCCCCCCCCCCCCC	0
458	8.725	8.228	22.312	33	535	9.1	12.1	CCCCCCCHECEHCCHECCECCCCCCCCCCCCCC	0
459	8.682	8.221	22.258	33	535	9.1	9.1	CCCCCCCHCCEHCCHECCECCCCCCCCCCCCCC	0
460	5.716	8.414	12.062	33	535	18.2	6.1	CCEHECHCCCCCCCCCHCCCHCCCCHCCCCHCC	1
461	5.796	8.289	12.152	33	535	15.2	9.1	CCEHECCHCCCCCCCCHCCCHCCCCHCCCECCC	1
462	8.612	8.255	21.934	33	535	6.1	9.1	CCCCCCCCCCEHCCHECCECCCCCCCCCCCCCC	0
463	8.785	8.239	22.394	33	535	9.1	3.0	CCCCCCCCCCCHCCHECCCCHCCCCCCCCCCCC	0
464	8.671	8.108	22.353	33	535	9.1	9.1	CCCCCCCHECCHECHCCCECCCCCCCCCCCCCC	0
465	8.717	8.099	21.813	33	535	9.1	9.1	CCCCCCCHECEHCCHCCCECCCCCCCCCCCCCC	0
466	8.824	8.172	22.049	33	535	9.1	9.1	CCCCCCCHCCEHECHECCCCCCCCCCCCCCCCC	0
467	8.599	8.111	21.636	33	535	9.1	3.0	CCCCCCCHCCEHCCHCCCCCCCCCCCCCCCCCC	0
468	7.785	8.304	16.675	33	535	18.2	3.0	CHCCCCCHCCCCECCCCCHCCHCHCCCCCCHCC	5
469	7.653	8.180	17.221	33	535	18.2	9.1	CHCCCCCHECCEECCCCCHCCCCHCCHCCCHCC	5
470	7.732	8.236	15.609	33	535	15.2	12.1	CHECCCCCECCCECCCCHCCECCHCHCCCCHCC	5
471	7.527	8.049	14.789	33	535	9.1	12.1	CHECCCCCECCCECCCCHCCECCHCCCCCCCCC	5
472	7.483	8.150	14.803	33	535	18.2	6.1	CHECCCCHCCCCECCCCCHCCCCHCCCCHCHCC	5
473	7.403	8.249	15.768	33	535	21.2	6.1	CHECCCCHCCCCECCCCHHCCCCHCCHCCCHCC	5
474	7.536	8.245	15.914	33	535	12.1	6.1	CHECCCCHCCCCECCCCCCCCCCCCCHCCCHCC	5
475	7.561	8.132	15.935	33	535	15.2	12.1	CHECCCCHECCCECCCCHHCECCHCCCCCCCCC	5
476	7.609	8.121	15.793	33	535	15.2	6.1	CHECCCCHECCCCCCCCCHCCCCHCCCCCCHCC	5
477	7.706	8.172	15.489	33	535	15.2	9.1	CHECCCEHCCCCECCCCCHCCCCHCCCCCCHCC	5
478	8.696	8.138	22.191	33	535	6.1	12.1	CCCCCCCCECEHECHCCCECCCCCCCCCCCCCC	0
479	8.805	8.107	21.804	33	535	9.1	3.0	CCCCCCCHCCCHCCHCCCECCCCCCCCCCCCCC	0
480	5.741	8.290	9.971	33	535	15.2	6.1	CCEHECCHCCCCCCCCCCCCHCCCCHCCCCHCC	1
481	5.668	8.373	10.056	33	535	18.2	9.1	CCEHECCHCCCCCCHHCCCCHCCCCHCCCECCC	1
482	8.604	8.140	21.233	33	535	9.1	6.1	CCCCCCCHCCEHCCHCCCECCCCCCCCCCCCCC	0
483	8.591	8.176	22.467	33	535	9.1	6.1	CCCCCCCHCCEHCCHCCCECCCCCCCCCCCCCC	0
484	8.709	8.260	22.579	33	535	9.1	9.1	CCCCCCCHECEHCCHCCCECCCCCCCCCCCCCC	0
485	8.564	8.277	22.444	33	535	12.1	9.1	CCCCCCCHCCEHCCHCCCECCCCCCCCECCHCC	0
486	8.594	8.253	22.211	33	535	9.1	3.0	CCCCCCCHCCCHCCHCCCECCCCCCCCCCCCCC	0
487	8.707	8.236	22.650	33	535	9.1	15.2	CCCCCCCHECEHCCHECCECCCCCCCCECCCCC	0
488	8.590	8.230	23.534	33	535	9.1	9.1	CCCCCCCHCCCHECHCCCECCCCCCCCECCCCC	0
489	8.673	8.265	23.300	33	535	6.1	9.1	CCCCCCCCECCHCCHECCECCCCCCCCCCCCCC	0
490	5.772	8.201	10.003	33	535	12.1	6.1	CCEHECCCCCCCCCCHCCCCHCCCCHCCCCCCC	1
491	5.700	8.188	9.115	33	535	15.2	9.1	CCEHECHCCCCCCCCHCCCCCCCCCHCHCECCC	1
492	5.746	8.136	10.636	33	535	9.1	6.1	CCEHECCCCCCCCCCCCCCCCCCCCHCHCCCCC	1
493	5.814	8.180	9.782	33	535	3.0	6.1	CCEHECCCCCCCCCCCCCCCCCCCCCCCCCCCC	1
494	8.857	8.236	24.007	33	535	9.1	9.1	CCCCCCCHECEHCCHCCCECCCCCCCCCCCCCC	0
495	8.817	8.274	24.185	33	535	9.1	6.1	CCCCCCCHCCEHCCHCCCCCCCCCCCCECCCCC	0
496	8.625	8.241	22.940	33	535	9.1	9.1	CCCCCCCHCCEHCCHECCECCCCCCCCCCCCCC	0
497	8.607	8.262	23.507	33	535	9.1	12.1	CCCCCCCHCCEHCCHECCECCCCCCCCECCCCC	0
498	8.714	8.100	22.627	33	535	12.1	6.1	CCCCCCCHCCCHCCHECCECCCCCCCCCCCHCC	0
499	8.658	8.132	22.893	33	535	12.1	9.1	CCCCCCCHECEHCCHCCCECCCCCCCCCCCHCC	0
500	8.772	8.148	23.844	33	535	12.1	3.0	CCCCCCCHCCCHCCHCCCECCCCCCCCCCCHCC	0
501	8.813	8.106	23.375	33	535	9.1	12.1	CCCCCCCHECEHECHCCCECCCCCCCCCCCCCC	0
502	5.734	8.193	11.156	33	535	9.1	6.1	CCEHECCCCCCCCCCCCCCCHCCCCHCCCCCCC	1
503	5.733	8.230	10.518	33	535	15.2	6.1	CCEHECCCCCCCCCCHCCCCHCCCCHCHCCCCC	1
504	8.711	8.116	22.807	33	535	12.1	6.1	CCCCCCCHECCHCCHCCCECCCCCCCCCCCHCC	0
505	8.738	8.298	24.462	33	535	9.1	12.1	CCCCCCCHECEHECHCCCECCCCCCCCCCCCCC	0
506	8.743	8.315	24.680	33	535	12.1	12.1	CCCCCCCHCCEHECHECCECCCCCCCCCCCHCC	0
507	8.710	8.156	23.763	33	535	9.1	9.1	CCCCCCCHECEHCCHCCCECCCCCCCCCCCCCC	0
508	8.851	8.185	24.234	33	535	9.1	15.2	CCCCCCCCECEHECHECCECHCCCCCCCCCCCC	0
509	8.772	8.167	24.022	33	535	9.1	9.1	CCCCCCCHCCEHECHCCCCCCCCCCCCECCCCC	0
510	5.598	8.244	10.869	33	535	12.1	9.1	CCEHECCCCCCCHCCCCCCCCCCCCHCECCHCC	1
511	5.706	8.284	11.095	33	535	12.1	9.1	CCEHECHCCCCCCCCHCCCCCCCCCCHCCECCC	1
512	5.700	8.293	10.799	33	535	6.1	15.2	CEEHECCCCCCCCCCCCCCCCCCCCHCECECCC	1
513	5.680	8.257	10.940	33	535	12.1	6.1	CCEHECCCCCCCCCCHCCCCHCCCCHCCCCCCC	1
514	8.600	8.204	22.830	33	535	12.1	12.1	CCCCCCCHCCEHECHECCECCCCCCCCCCCHCC	0
515	8.519	8.046	21.380	33	535	6.1	12.1	CCCCCCCCECEHECHCCCECCCCCCCCCCCCCC	0
516	8.563	8.117	21.751	33	535	9.1	15.2	CCCCCCCHECEHECHCCCECCCCCCCCECCCCC	0
517	8.576	8.072	21.520	33	535	9.1	15.2	CCCCCCCHECEHECHCCCECCCCCCCCECCCCC	0
518	8.498	8.138	20.982	33	535	9.1	12.1	CCCCCCCHECEHCCHECCECCCCCCCCCCCCCC	0
519	8.516	8.300	22.313	33	535	9.1	12.1	CCCCCCCHECEHCCHECCECCCCCCCCCCCCCC	0
520	5.731	8.159	11.116	33	535	12.1	9.1	CCEHECCCCCCCCCCCHCCCHCCCCHCECCCCC	1
521	5.744	8.178	10.891	33	535	12.1	6.1	CCEHCCCCCCCCCCCCHCCCHCCCCHCECCCCC	1
522	5.822	8.149	10.886	33	535	9.1	3.0	CCEHCCCCCCCCCCCCHCCCCCCCCHCCCCCCC	1
523	5.747	8.244	11.006	33	535	15.2	9.1	CEEHECCHCCCCCCHCHCCCCCCCCCCHCCCCC	1
524	7.351	8.347	15.722	33	535	12.1	12.1	CCEECCCHCCCCECCCCHHCECCHCCCCCCCCC	5
525	7.465	8.369	16.167	33	535	9.1	12.1	CCEECCEHCCCCECCCCCHCCCCCCCCCCCCHC	5
526	5.925	8.298	12.062	33	535	12.1	6.1	CCEHECCCCCCCCCCCHCCCCCCCCHCHCCCCC	1
527	5.718	8.252	11.698	33	535	12.1	6.1	CCEHECCHCCCCCCCCHCCCCCCCCHCCCCCCC	1
528	5.757	8.251	10.594	33	535	9.1	12.1	CCEHECCCCCCCCCCCHCCCCCCCCCHECECCC	1
529	5.765	8.227	11.009	33	535	9.1	12.1	CCEHECCCCCCCCCCCHCCCCCCCCHCECECCC	1
530	8.612	8.135	22.228	33	535	9.1	12.1	CCCCCCCHECEHECHCCCECCCCCCCCCCCCCC	0
531	8.696	8.146	21.716	33	535	9.1	6.1	CCCCCCCHCCCHCCHCCCECCCCCCCCECCCCC	0
532	5.726	8.198	10.363	33	535	6.1	3.0	CCCCCCCCCCCCCCCCHCCCHCCCCCCECCCCC	1
533	5.785	8.175	10.124	33	535	12.1	12.1	CCEHECCCCCCCCCCCHCCCHCCCCHCECECCC	1
534	5.821	8.207	10.547	33	535	9.1	9.1	CCECECCCCCCCCCCCCCCCHCCCCHCECCHCC	1
535	5.773	8.300	10.411	33	535	15.2	12.1	CCEHECCHCCCCCCCCHCCCHCCCCHCECECCC	1
536	8.699	8.229	22.352	33	535	9.1	12.1	CCCCCCCHECEHECHCCCECCCCCCCCCCCCCC	0
537	8.722	8.259	23.026	33	535	9.1	6.1	CCCCCCCHCCEHCCHCCCECCCCCCCCCCCCCC	0
538	8.824	8.204	22.753	33	535	9.1	9.1	CCCCCCCHCCEHCCHCCCCCCCCCCCCCEECCC	0
539	8.796	8.195	22.542	33	535	6.1	9.1	CCCCCCCCECCHECHCCCECCCCCCCCCCCCCC	0
540	8.718	8.114	21.247	33	535	9.1	9.1	CCCCCCCHECEHCCHCCCECCCCCCCCCCCCCC	0
541	8.789	8.122	21.933	33	535	9.1	12.1	CCCCCCCHECEHECHCCCECCCCCCCCCCCCCC	0
542	7.502	8.309	16.287	33	535	12.1	12.1	CHEECCCHCCCCECCCCCHCECCHCCCCCCCCC	5
543	7.387	8.277	16.026	33	535	12.1	9.1	CHEECCCHCCCCECCCCHCCCCCHCCCCCCCCC	5
544	7.466	8.257	15.623	33	535	18.2	12.1	CHEECCCHECCCEHCCCHHCCCCHCCCCCCCCC	5
545	7.433	8.397	15.567	33	535	12.1	9.1	CCEECCCHCCCCECCCCCHCCCCHCCCCCCCHC	5
546	7.386	8.401	16.066	33	535	21.2	12.1	CHEECCCHCCCCEHCCCCHCECCHCHCCCCCHC	5
547	7.296	8.247	15.238	33	535	18.2	9.1	CHEECCCHCCCCEHCCCHCCCCCHCHCCCCCCC	5
548	7.241	8.245	16.274	33	535	15.2	9.1	CHEECCCHCCCCEHCCCCCCCCCHCCHCCCCCC	5
549	7.522	8.302	16.413	33	535	18.2	15.2	CHEECCCHECCCEHCCCCCCECCHCCHCCCHCC	5
550	5.853	8.233	11.735	33	535	12.1	6.1	CCEHECCHCCCCCCCCHCCCCCCCCHCCCCCCC	1
551	5.959	8.262	11.886	33	535	12.1	6.1	CCEHECCCCCCCCCCCHCCCHCCCCHCCCCCCC	1
552	5.917	8.171	12.907	33	535	12.1	6.1	CCEHECCCCCCCCCCCHCCCHCCCCHCCCCCCC	1
553	5.870	8.154	12.835	33	535	15.2	6.1	CCEHECCCCCCCCCCHHCCCHCCCCHCCCCCCC	1
554	8.801	8.086	21.150	33	535	9.1	6.1	CCCCCCCHCCCHECHCCCECCCCCCCCCCCCCC	0
555	8.692	8.070	22.038	33	535	9.1	9.1	CCCCCCCHCCEHCCHCCCECCCCCCCCECCCCC	0
556	8.686	8.054	21.107	33	535	6.1	15.2	CCCCCCCCECEHCCHECCECCCCCCCCECCCCC	0
557	8.633	8.096	21.696	33	535	9.1	6.1	CCCCCCCHCCEHCCHCCCECCCCCCCCCCCCCC	0
558	8.704	8.141	22.124	33	535	9.1	6.1	CCCCCCCHECCHCCHCCCECCCCCCCCCCCCCC	0
559	8.699	8.198	21.945	33	535	6.1	12.1	CCCCCCCCECCHECHCCCECCCCCCCCECCCCC	0
560	8.608	8.117	21.899	33	535	9.1	9.1	CCCCCCCHECEHCCHCCCECCCCCCCCCCCCCC	0
561	8.638	8.129	21.280	33	535	9.1	6.1	CCCCCCCHCCCHCCHCCCECCCCCCCCECCCCC	0
562	8.783	8.112	21.791	33	535	9.1	9.1	CCCCCCCHECEHCCHCCCECCCCCCCCCCCCCC	0
563	8.829	8.096	22.216	33	535	9.1	6.1	CCCCCCCHCCEHCCHCCCECCCCCCCCCCCCCC	0
564	8.810	8.069	21.906	33	535	9.1	9.1	CCCCCCCHECEHCCHCCCECCCCCCCCCCCCCC	0
565	8.718	8.186	22.949	33	535	9.1	9.1	CCCCCCCHCCEHCCHCCCECCCCCCCCECCCCC	0
566	8.686	8.144	22.647	33	535	9.1	9.1	CCCCCCCHECEHCCHCCCECCCCCCCCCCCCCC	0
567	8.660	8.108	23.332	33	535	9.1	15.2	CCCCCCCHECEHECHCCCECCCCCCCCECCCCC	0
568	8.619	8.154	23.372	33	535	9.1	9.1	CCCCCCCHECCHCCHCCCECCCCCCCCECCCCC	0
569	8.717	8.169	22.386	33	535	9.1	9.1	CCCCCCCHECCHCCHCCCECCCCCCCCECCCCC	0
570	8.696	8.142	21.832	33	535	12.1	9.1	CCCCCCCHCCEHCCHCCCECHCCCCCCECCCCC	0
571	8.610	8.124	21.790	33	535	9.1	9.1	CCCCCCCHCCEHCCHCCCECCCCCCCCECCCCC	0
572	8.722	8.226	21.936	33	535	9.1	9.1	CCCCCCCHECEHECHCCCCCCCCCCCCCCCCCC	0
573	8.722	8.024	21.841	33	535	9.1	9.1	CCCCCCCHECEHCCHCCCECCCCCCCCCCCCCC	0
574	5.846	8.152	13.119	33	535	9.1	6.1	CCEHECCHCCCCCCCCHCCCCCCCCCCCCCCCC	1
575	5.808	8.231	12.860	33	535	12.1	12.1	CCEHECCCCCCCCCCCHCCCHCCCCCHECECCC	1
576	9.017	8.242	22.640	33	535	9.1	9.1	CCCCCCCHECCHECHCCCECCCCCCCCCCCCCC	0
577	8.880	8.128	22.534	33	535	9.1	12.1	CCCCCCCHECEHECHCCCECCCCCCCCCCCCCC	0
578	8.782	8.200	22.894	33	535	9.1	9.1	CCCCCCCHECCHECHCCCCCCCCCCCCECCCCC	0
579	9.059	8.071	22.114	33	535	9.1	12.1	CCCCCCCHECEHECHCCCECCCCCCCCCCCCCC	0
580	5.711	8.107	12.704	33	535	12.1	12.1	CCEHECCHCCCCCCCCHCCCCCCCCCCECEHCC	1
581	5.828	8.186	12.949	33	535	6.1	15.2	CEECECCCCCCCCCCCHCCCHCCCCCCECECCC	1
582	8.954	8.214	24.541	33	535	6.1	9.1	CCCCCCCCECCHECHCCCCCCCCCCCCECCCCC	0
583	9.070	8.187	24.071	33	535	9.1	9.1	CCCCCCCHECEHECHCCCCCCCCCCCCCCCCCC	0
584	5.709	8.249	12.320	33	535	15.2	12.1	CCEHECCCCCCCCCCCHCCCHCCCCHCECEHCC	1
585	5.697	8.194	12.704	33	535	9.1	12.1	CCEHECCCCCCCCCCCHCCCHCCCCCCECECCC	1
586	8.907	8.224	23.637	33	535	12.1	6.1	CCCCCCCHCCCHCCHCCCCCHECCCCCECCCCC	0
587	8.906	8.277	24.145	33	535	12.1	6.1	CCCCCCCHECEHCCHCCCCCHCCCCCCCCCCCC	0
588	5.867	8.108	11.283	33	535	6.1	9.1	CCECECCCCCCCCCCCHCCCHCCCCCCECCCCC	1
589	5.813	8.002	12.175	33	535	15.2	6.1	CCEHECCCCCCCCCCCHCCCHCCCCCHCCCHCC	1
590	8.835	8.418	25.039	33	535	12.1	3.0	CCCCCCCHCCCHCCHCCCCCHECCCCCCCCCCC	0
591	8.784	8.373	24.821	33	535	9.1	6.1	CCCCCCCHECEHCCHCCCCCCCCCCCCCCCCCC	0
592	8.867	8.274	24.920	33	535	12.1	12.1	CCCCCCCHCCEHCCHECCCCHECCCCCECCCCC	0
593	8.883	8.257	24.518	33	535	12.1	6.1	CECCCCCHCCEHCCHCCCCCHCCCCCCCCCCCC	0
594	5.567	8.170	13.068	33	535	15.2	6.1	CCEHECCHCCCCCCCCHCCCHCCCCHCCCCCCC	1
595	5.657	8.238	13.160	33	535	15.2	9.1	CCEHECCHCCCCCCCCHCCCHCCCCHCECCCCC	1
596	8.679	8.234	23.240	33	535	12.1	3.0	CCCCCCCHCCEHCCHCCCCCHCCCCCCCCCCCC	0
597	8.885	8.225	22.851	33	535	12.1	3.0	CCCCCCCHCCCHCCHCCCCCHCCCCCCECCCCC	0
598	5.491	8.151	12.596	33	535	15.2	9.1	CCEHECCHCCCCCCCHHCCCHCCCCCCECCCCC	1
599	5.617	8.113	10.245	33	535	9.1	9.1	CCEHECCHCCCCCCCCCCCCHCCCCCCECCCCC	1
600	5.593	8.139	10.387	33	535	9.1	9.1	CCECECCHCCCCCCCHCCCCHCCCCCCECCCCC	1
601	5.655	8.113	10.853	33	535	15.2	12.1	CCEHECCHCCCCCCCCHCCCHCCCCCCEECHCC	1
602	5.652	8.131	10.334	33	535	15.2	6.1	CCEHECCHCCCCCCCCHCCCHCCCCCCCCCHCC	1
603	5.694	8.084	11.234	33	535	15.2	9.1	CCEHECCHCCCCCCCCHCCCHCCCCHCECCCCC	1
604	5.656	8.103	10.573	33	535	18.2	12.1	CCEHECCHCCCCCCHCCCCCHCCCCHCECEHCC	1
605	5.680	8.164	11.864	33	535	12.1	9.1	CCEHECCHCCCCCCCCHCCCHCCCCCCCCECCC	1
606	8.897	8.163	23.545	33	535	12.1	9.1	CCCCCCCHECEHECHCCCCCHCCCCCCCCCCCC	0
607	8.718	8.092	22.219	33	535	12.1	9.1	CCCCCCCHECEHCCHCCCCCHCCCCCCECCCCC	0
608	5.803	8.057	11.622	33	535	9.1	12.1	CEEHECCHCCCCCCCCCCCCHCCCCCCECCCCC	1
609	5.589	7.985	12.939	33	535	12.1	9.1	CCEHECCCCCCCCCCCHCCCHCCCCCCECCHCC	1
610	5.604	8.084	12.240	33	535	18.2	9.1	CEEHECCHCCCCCCHCHCCCHCCHCCCCCCCCC	1
611	5.610	8.017	12.343	33	535	12.1	9.1	CEEHECCHCCCCCCCCCCCCHCCHCCCCCCCCC	1
612	5.594	8.049	12.697	33	535	15.2	9.1	CCEHECCHCCCCCCCCHCCCHCCCCCCECCHCC	1
613	5.885	8.043	14.684	33	535	12.1	12.1	CCECECEHCCCCCCCCHCCCHCCCCCCECCHCC	1
614	5.719	8.068	15.010	33	535	6.1	18.2	CEECECECCCCCCCCCCCCCHCCCCCCECEHCC	1
615	5.658	8.086	13.198	33	535	6.1	12.1	CCEHECECCCCCCCCCCCCCHCCCCCCECCCCC	1
616	5.676	8.069	12.648	33	535	6.1	9.1	CCECECECCCCCCCCCHCCCHCCCCCCCCCCCC	1
617	5.684	8.059	13.811	33	535	15.2	12.1	CCEHECCHCCCCCCCHCCCCHCCCCHCECECCC	1
618	5.643	8.056	12.750	33	535	12.1	6.1	CCEHECCHCCCCCCCCCCCCHCCCCCCCCCHCC	1
619	5.727	8.091	12.664	33	535	12.1	6.1	CCEHECCCCCCCCCCCHCCCHCCCCCCCCCHCC	1
620	5.750	8.072	13.614	33	535	12.1	6.1	CCEHECCHCCCCCCCCHCCCHCCCCCCCCCCCC	1
621	5.722	7.994	11.700	33	535	12.1	12.1	CEEHECCCCCCCCCHCHCCCHCCCCCCECCCCC	1
622	5.563	8.012	11.642	33	535	12.1	12.1	CEEHECCHCCCCCCCCHCCCHCCCCCCECCCCC	1
623	5.661	8.077	11.190	33	535	12.1	12.1	CEEHECCHCCCCCCCCHCCCHCCCCCCECCCCC	1
624	5.696	7.931	11.462	33	535	12.1	9.1	CEEHECCHCCCCCCCCHCCCHCCCCCCCCCCCC	1
625	5.687	8.015	12.570	33	535	15.2	15.2	CEEHECEHCCCCCCCCHCCCHCCCCHCECCCCC	1
626	5.653	8.031	11.802	33	535	12.1	15.2	CEEHECEHCCCCCCCCCCCCHCCCCCCECCHCC	1
627	5.718	7.869	11.259	33	535	15.2	9.1	CCEHECCHCCCCCCCCHCCCHCCCCCCECCHCC	1
628	5.563	8.000	10.497	33	535	9.1	9.1	CCEHECCHCCCCCCCCCCCCHCCCCCCECCCCC	1
629	5.643	8.088	10.864	33	535	9.1	9.1	CCECECCHCCCCCCCCHCCCHCCCCCCECCCCC	1
630	5.751	8.017	11.422	33	535	12.1	9.1	CCEHECCHCCCCCCCCHCCCHCCCCCCECCCCC	1
631	5.761	8.088	11.314	33	535	15.2	9.1	CCEHECCHCCCCCCCCHCCCHCCCCHCECCCCC	1
632	5.840	8.013	11.843	33	535	12.1	9.1	CCEHECCHCCCCCCCCCCCCHCCCCCCECCHCC	1
633	5.756	7.968	10.878	33	535	9.1	12.1	CEECECCHCCCCCCCCHCCCHCCCCCCECCCCC	1
634	5.854	8.134	11.185	33	535	12.1	12.1	CCEHECCCCCCCCCCCHCCCHCCCCCCECEHCC	1
635	5.775	8.083	11.216	33	535	12.1	6.1	CCEHECCHCCCCCCCCHCCCHCCCCCCCCCCCC	1
636	5.787	8.103	11.052	33	535	9.1	9.1	CEEHECCHCCCCCCCCHCCCCCCCCCCCCCCCC	1
637	5.717	8.066	11.509	33	535	15.2	6.1	CCEHECCHCCCCCCCCHCCCHCCCCCCCCCHCC	1
638	5.677	7.919	10.124	33	535	12.1	9.1	CCEHECCCCCCCCCCCHCCCHCCCCCCECCHCC	1
639	5.816	7.930	10.489	33	535	18.2	6.1	CCEHECCHCCCCCCHCHCCCHCCCCCCCCCHCC	1
640	5.800	8.012	11.431	33	535	12.1	6.1	CCEHECCHCCCCCCCCHCCCHCCCCCCCCCCCC	1
641	5.802	8.091	12.486	33	535	9.1	9.1	CCEHECCCCCCCCCCCHCCCHCCCCCCECCCCC	1
642	5.729	8.000	12.829	33	535	12.1	9.1	CEEHECCHCCCCCCCCHCCCHCCCCCCCCCCCC	1
643	5.776	7.999	12.183	33	535	15.2	9.1	CEEHECCHCCCCCCCCHCCCHCCCCCCCCCHCC	1
644	5.709	8.025	12.344	33	535	12.1	6.1	CCEHECCHCCCCCCCCHCCCHCCCCCCCCCCCC	1
645	5.778	8.000	12.081	33	535	12.1	6.1	CCEHECCHCCCCCCCCHCCCHCCCCCCCCCCCC	1
646	5.728	8.013	12.402	33	535	15.2	9.1	CCEHECCHCCCCCCCCHCCCHCCHCCCECCCCC	1
647	5.784	8.108	12.154	33	535	9.1	15.2	CEEHECCHCCCCCECCHCCCCCCCCCCECCCCC	1
648	5.834	8.021	11.816	33	535	15.2	9.1	CEEHECCHCCCCCCCCHCCCHCCCCCCCCCHCC	1
649	5.686	7.983	10.588	33	535	15.2	9.1	CCEHECCHCCCCCCHCHCCCHCCCCCCECCCCC	1
650	5.796	8.051	10.850	33	535	15.2	12.1	CEEHECCHCCCCCCCCHCCCHCCCCCCECCHCC	1
651	5.728	7.968	12.137	33	535	12.1	12.1	CEEHECCHCCCCCECCCCCCHCCCCCCCCCHCC	1
652	5.710	8.125	11.673	33	535	9.1	12.1	CEECECCHCCCCCCCCHCCCHCCCCCCECCCCC	1
653	5.783	8.060	12.469	33	535	12.1	15.2	CEEHECCHCCCCCCCCHCCCHCCCCCCECECCC	1
654	5.666	8.012	12.671	33	535	12.1	9.1	CEEHECCHCCCCCCCCHCCCHCCCCCCCCCCCC	1
655	5.769	8.034	11.058	33	535	15.2	9.1	CCEHECCCCCCCCCHCHCCCHCCHCCCCCECCC	1
656	5.700	8.030	11.055	33	535	12.1	9.1	CEEHECCHCCCCCCCCHCCCHCCCCCCCCCCCC	1
657	5.741	7.979	10.812	33	535	15.2	6.1	CCEHECCHCCCCCCCCHCCCHCCCCCCCCCHCC	1
658	5.745	7.968	11.213	33	535	12.1	6.1	CCEHECCHCCCCCCCCHCCCHCCCCCCCCCCCC	1
659	5.708	8.001	10.978	33	535	12.1	6.1	CCEHECCHCCCCCCCCCCCCHCCCCCCCCCHCC	1
660	5.691	8.014	10.879	33	535	12.1	9.1	CCEHECCHCCCCCCCCHCCCHCCCCCCCCECCC	1
661	5.707	7.948	10.683	33	535	15.2	9.1	CCEHECCHCCCCCCHCHCCCHCCCCCCECCCCC	1
662	5.715	7.988	10.192	33	535	15.2	9.1	CCEHECCHCCCCCCCCHCCCHCCCCCCCCEHCC	1
663	5.690	7.876	9.648	33	535	12.1	9.1	CCECECCHCCCCCCCCHCCCHCCHCCCECCCCC	1
664	5.718	7.930	9.153	33	535	12.1	9.1	CCEHECCHCCCCCCCCHCCCHCCCCCCCCECCC	1
665	5.820	8.030	10.176	33	535	6.1	9.1	CCECECCHCCCCCCCCCCCCHCCCCCCECCCCC	1
666	5.798	8.043	10.519	33	535	12.1	12.1	CCECECCHCCCCCCCCHCCCHCCCCCCECEHCC	1
667	5.799	7.984	10.097	33	535	12.1	9.1	CCEHECCHCCCCCCCCCCCCHCCCCCCECCHCC	1
668	5.841	7.857	9.915	33	535	15.2	9.1	CCEHECCHCCCCCCCCHCCCHCCCCCCECCHCC	1
669	5.912	7.887	11.626	33	535	9.1	6.1	CCEHECCHCCCCCCCCCCCCHCCCCCCCCCCCC	1
670	5.727	8.099	11.829	33	535	15.2	6.1	CCEHECCHCCCCCCCCHCCCHCCCCCCCCCHCC	1
671	5.764	8.098	10.723	33	535	15.2	12.1	CEEHECCHCCCCCCCCHCCCHCCHCCCCCECCC	1
672	5.742	7.988	11.781	33	535	9.1	12.1	CEECECCHCCCCCCCHCCCCHCCCCCCECCCCC	1
673	5.648	8.029	10.578	33	535	12.1	9.1	CCEHECCHCCCCCCCCHCCCHCCCCCCECCCCC	1
674	5.687	7.940	10.827	33	535	9.1	6.1	CCECECCHCCCCCCCCHCCCHCCCCCCCCCCCC	1
675	5.710	7.979	11.987	33	535	12.1	6.1	CCEHECCHCCCCCCCCHCCCHCCCCCCCCCCCC	1
676	5.595	8.055	12.430	33	535	9.1	6.1	CCEHECCHCCCCCCCCCCCCHCCCCCCCCCCCC	1
677	5.666	7.961	12.058	33	535	15.2	6.1	CCEHECCHCCCCCCCCHCCCCCCHCCCCCCHCC	1
678	5.520	8.067	12.649	33	535	9.1	9.1	CEEHECCHCCCCCCCCCCCCHCCCCCCCCCCCC	1
679	5.700	8.060	14.055	33	535	3.0	6.1	CCEHECCCCCCCCCCCCCCCCCCCCCCCCCCCC	1
680	5.680	7.937	12.676	33	535	9.1	9.1	CEECECCHCCCCCCCHCCCCCCCCCHCCCCCCC	1
681	5.691	7.945	13.495	33	535	15.2	9.1	CEEHECCHCCCCCCCHCCCCHCCCCCCCCCHCC	1
682	9.123	8.199	23.304	33	535	9.1	3.0	CCCCCCCHCCECCCHCCCCCHCCCCCCCCCCCC	0
683	9.048	8.109	22.510	33	535	12.1	3.0	CCCCCCCHCCEHCCHCCCCCHCCCCCCCCCCCC	0
684	5.825	8.010	14.925	33	535	12.1	12.1	CEEHECCHCCCCCCCCHCCCHCCCCCCECCCCC	1
685	5.655	8.019	13.692	33	535	6.1	12.1	CEECECCHCCCCCCCCCCCCHCCCCCCECCCCC	1
686	5.832	7.965	13.020	33	535	9.1	9.1	CCEHECCHCCCCCCCCCCCCHCCCCCCECCCCC	1
687	5.795	7.959	11.082	33	535	15.2	9.1	CCEHECEHCCCCCCCCHCCCHCCHCCCCCCCCC	1
688	5.753	8.059	12.038	33	535	9.1	9.1	CCECECCHCCCCCCCCHCCCHCCCCCCCCECCC	1
689	5.745	7.935	11.380	33	535	6.1	6.1	CCECECCCCCCCCCCCHCCCHCCCCCCCCCCCC	1
690	5.739	8.059	11.302	33	535	15.2	9.1	CCEHECCHCCCCCCCCHCCCHCCCCCCCCEHCC	1
691	5.940	7.969	11.306	33	535	15.2	6.1	CCEHECCHCCCCCCCCHCCCHCCCCHCCCCCCC	1
692	5.770	7.927	11.342	33	535	6.1	12.1	CEEHECECCCCCCCCCCCCCHCCCCCCCCCCCC	1
693	5.831	7.995	11.890	33	535	9.1	6.1	CCEHECCCCCCCCCCCCCCCHCCCCCCCCCHCC	1
694	9.262	8.010	22.197	33	535	9.1	3.0	CCCCCCCHECCCCCHCCCCCHCCCCCCCCCCCC	0
695	9.388	8.094	23.505	33	535	6.1	0.0	CCCCCCCHCCCCCCHCCCCCCCCCCCCCCCCCC	0
696	5.780	7.865	10.397	33	535	21.2	6.1	CCEHECCHCCCCCCHCHCCCHCCHCCCCCCHCC	1
697	5.812	7.991	9.492	33	535	15.2	6.1	CCEHECCHCCCCCCCCHCCCHCCHCCCCCCCCC	1
698	5.870	7.961	9.662	33	535	9.1	9.1	CCEHECCHCCCCCCCCCCCCHCCCCCCECCCCC	1
699	5.932	8.030	10.216	33	535	12.1	6.1	CCEHECCHCCHCCCCCCCCCHCCCCCCCCCCCC	1
700	6.141	7.983	10.380	33	535	21.2	12.1	CCEHECEHCCCCCCCCHCCCHCCHCCHECCHCC	1
701	6.092	8.093	10.561	33	535	15.2	9.1	CCEHECEHCCCCCCCCHCCCHCCCCCCCCCHCC	1
702	6.101	7.967	10.794	33	535	15.2	12.1	CCEHECEHCCCCCCCCHCCCHCCCCCCCCEHCC	1
703	6.063	8.012	11.568	33	535	12.1	15.2	CCEHECEHCCCCCCCCHCCCHCCCCCCECECCC	1
704	6.106	8.058	11.389	33	535	9.1	6.1	CCEHECCHCCCCCCCCCCCCHCCCCCCCCCCCC	1
705	5.876	8.081	9.941	33	535	12.1	6.1	CCEHECCHCCCCCCCCHCCCHCCCCCCCCCCCC	1
706	5.974	8.067	10.336	33	535	12.1	6.1	CCEHECCHCCCCCCCCHCCCHCCCCCCCCCCCC	1
707	6.016	8.077	10.431	33	535	6.1	6.1	CCEHECCCCCCCCCCCCCCCHCCCCCCCCCCCC	1
708	6.053	8.020	10.506	33	535	12.1	9.1	CCEHECEHCCCCCCCCCCCCHCCCCCHCCCCCC	1
709	6.149	8.071	10.870	33	535	12.1	12.1	CCEHECEHCCCCCCCCHCCCHCCCCCCCCECCC	1
710	5.947	8.125	10.545	33	535	9.1	9.1	CCEHECCHCCCCCCCCCCCCHCCCCCCCCECCC	1
711	5.956	8.150	10.329	33	535	12.1	9.1	CCEHECCHCCCCCCCCHCCCHCCCCCCECCCCC	1
712	5.957	8.063	10.485	33	535	12.1	6.1	CCEHECCCCCCCCCCCHCCCHCCHCCCCCCCCC	1
713	5.888	8.117	11.231	33	535	9.1	12.1	CCEHECEHCCCCCCCCCCCCHCCCCCCECCCCC	1
714	5.892	8.142	11.195	33	535	15.2	9.1	CCEHECEHCCCCCCCCHCCCHCCCCCCCCCHCC	1
715	5.904	8.066	10.556	33	535	12.1	9.1	CCEHECCHCCCCCCCCCCCCHCCCCCCECCHCC	1
716	5.909	8.031	11.293	33	535	15.2	6.1	CCEHECCHCCCCCCCCHCCCHCCCCCCCCCHCC	1
717	6.084	8.043	10.328	33	535	15.2	9.1	CCEHECEHCCCCCCCCCCCCHCCHCCCCCCHCC	1
718	9.352	8.102	22.811	33	535	9.1	15.2	CECCCCCHECEHECHCCCCCCCCCCCCCCCCEC	0
719	9.236	8.025	22.987	33	535	12.1	9.1	CCCCCCCHECCHCCHCCCCCHCCCCCCECCCEC	0
720	5.810	8.060	10.625	33	535	15.2	6.1	CCEHECCHCCCCCCCCHCCCHCCCCCHCCCCCC	1
721	5.956	8.118	11.180	33	535	15.2	12.1	CEEHECCHCCCCCCCCHCCCHCCCCCCECCHCC	1
722	5.909	8.123	11.299	33	535	15.2	12.1	CCEHECEHCCCCCCCCCCCCHCCHCCCECCHCC	1
723	5.877	8.037	10.516	33	535	15.2	6.1	CCEHECCHCCCCCCCCHCCCHCCCCCCCCCHCC	1
724	5.993	7.968	10.960	33	535	15.2	9.1	CEEHECCHCCCCCCCCCCCCHCCHCCCCCCHCC	1
725	5.975	8.264	11.382	33	535	9.1	6.1	CCEHECCHCCCCCCCCCCCCHCCCCCCCCCCCC	1
726	5.986	8.066	11.160	33	535	15.2	9.1	CCEHECCHCCCCCCCHCCCCHCCCCCCECCHCC	1
727	5.995	7.976	10.717	33	535	15.2	9.1	CEEHECCHCCCCCCCCHCCCHCCCCCCCCCHCC	1
728	5.968	8.077	11.088	33	535	15.2	9.1	CEEHECCHCCCCCCCHCCCCHCCCCCCCCCHCC	1
729	5.893	8.075	10.243	33	535	12.1	12.1	CEEHECCHCCCCCCCCCCCCHCCCCCCECCHCC	1
730	5.967	8.090	11.086	33	535	12.1	9.1	CCEHECCHCCCCCCCCCCCCHCCCCCCECCHCC	1
731	6.002	8.018	10.838	33	535	12.1	12.1	CEEHECEHCCCCCCHCCCCCHCCCCCCCCCCCC	1
732	6.049	8.110	11.265	33	535	6.1	6.1	CCEHECCCCCCCCCCCCCCCHCCCCCCCCCCCC	1
733	5.961	8.038	11.404	33	535	9.1	6.1	CCEHECCHCCCCCCCCCCCCHCCCCCCCCCCCC	1
734	5.955	8.038	10.649	33	535	9.1	12.1	CEEHECECCCCCCCCCHCCCHCCCCCCCCCCCC	1
735	5.943	7.979	10.035	33	535	18.2	9.1	CEEHECCHCCCCCCCHCCCCHCCCCCHCCCHCC	1
736	6.083	8.127	11.123	33	535	15.2	6.1	CCEHECCHCCCCCCCHCCCCHCCCCCCCCCHCC	1
737	6.062	8.104	10.367	33	535	15.2	6.1	CCEHECCHCCCCCCCCCCCCHCCCCCHCCCHCC	1
738	5.988	8.066	10.098	33	535	9.1	12.1	CCEHECCHCCCCCCCCHCCCCCCCCCCECECCC	1
739	6.113	8.030	10.466	33	535	6.1	12.1	CCEHECEHCCCCCCCCCCCCCCCCCCCECCCCC	1
740	5.967	8.015	9.942	33	535	9.1	9.1	CCECECEHCCCCCCCCCCCCHCCCCCHCCCCCC	1
741	6.140	8.011	10.202	33	535	9.1	12.1	CEECECCHCCCCCCCCHCCCHCCCCCCECCCCC	1
742	6.114	8.037	10.592	33	535	9.1	12.1	CCECECEHCCCCCCCCHCCCHCCCCCCCCECCC	1
743	6.162	8.036	9.943	33	535	9.1	12.1	CEEHECEHCCCCCCCCCCCCHCCCCCCCCCCCC	1
744	6.123	7.914	9.614	33	535	15.2	9.1	CCEHECCHCCCCCCCCHCCCHCCCCCCECCHCC	1
745	6.059	8.003	10.471	33	535	12.1	9.1	CCECECCHCCCCCCCCHCCCHCCHCCCECCCCC	1
746	9.038	7.819	16.552	33	535	15.2	6.1	CCCCCCCHCCCHCCHCCCECHCCCCCCCCCEHC	0
747	9.009	7.761	16.513	33	535	15.2	6.1	CCCCCCCHCCEHCCHCCCECHCCCCCCCCCCHC	0
748	9.103	7.763	16.334	33	535	15.2	9.1	CCCCCCCHCCCHECHCCCECHCCCCCCCCCEHC	0
749	9.146	7.877	16.721	33	535	15.2	12.1	CCCCCCCHECEHCCHCCCECHCCCCCCCCCEHC	0
750	6.049	8.119	10.452	33	535	9.1	15.2	CEECECEHCCCCCCCCHCCCHCCCCCCECCCCC	1
751	6.105	7.963	10.563	33	535	15.2	12.1	CCEHECEHCCCCCCCCHCCCHCCCCCCECCHCC	1
752	6.027	7.986	10.622	33	535	6.1	9.1	CCECECEHCCCCCCCHCCCCCCCCCCCCCCCCC	1
753	6.004	8.062	9.499	33	535	6.1	9.1	CCECECCHCCCCCCCCCCCCCCCCCCCCCEHCC	1
754	6.077	7.954	10.166	33	535	12.1	9.1	CCEHECEHCCCCCCCCCCCCCCCCCCHCCCHCC	1
755	6.148	7.977	9.631	33	535	6.1	6.1	CCECECCHCCCCCCCCCCCCHCCCCCCCCCCCC	1
756	6.038	7.913	9.392	33	535	15.2	9.1	CCEHECEHCCCCCCCHCCCCHCCCCCCCCCHCC	1
757	6.041	7.946	9.419	33	535	12.1	12.1	CCEHECEHCCCCCCCHCCCCHCCCCCCECCCCC	1
758	8.886	7.905	15.947	33	535	15.2	12.1	CCCCCCCHECEHECHCCCCCHECCCCCCCCCHC	0
759	8.978	7.754	15.731	33	535	15.2	12.1	CCCCCCCHECCHECHCCCECHCCCCCCCCCEHC	0
760	6.070	7.895	10.248	33	535	6.1	15.2	CCEHECEHCCCCCCCCCCCCCCCCCCCECECCC	1
761	6.122	7.940	9.362	33	535	9.1	15.2	CCEHECEHCCCCCCCCCCCCHCCCCCCECECCC	1
762	9.007	7.817	16.288	33	535	15.2	12.1	CCCCCCCHCCEHCCHECCECHCCCCCCCCCEHC	0
763	9.008	7.839	15.950	33	535	15.2	15.2	CCCCCCCHECEHCCHCCCECHECCCCCCCCEHC	0
764	6.187	8.063	10.252	33	535	21.2	9.1	CCEHECEHCCCCCCHCHCCCHCCHCCHCCCCCC	1
765	6.236	7.965	9.063	33	535	12.1	9.1	CCECECEHCCCCCCCCHCCCHCCCCCCCCCHCC	1
766	6.169	8.020	9.568	33	535	18.2	6.1	CCECECCHCCHCCCHCHCCCHCCHCCCCCCCCC	1
767	6.203	8.081	9.644	33	535	9.1	6.1	CCECECCHCCCCCCCCHCCCHCCCCCCCCCCCC	1
768	6.210	8.074	9.933	33	535	18.2	9.1	CCECECEHCCCCCCHCHCCCHCCHCCCCCCHCC	1
769	6.077	8.007	10.103	33	535	3.0	12.1	CCECECEHCCCCCCCCCCCCCCCCCCCECCCCC	1
770	6.068	7.986	9.887	33	535	9.1	9.1	CCECECEHCCCCCCCCCCCCHCCCCCCCCCHCC	1
771	6.175	8.030	9.604	33	535	18.2	12.1	CCECECEHCCCCCCHCHCCCHCCHCCCECCHCC	1
772	6.114	7.974	9.551	33	535	21.2	9.1	CCEHECEHCCHCCCCCHCCCHCCHCCHCCCCCC	1
773	6.234	7.891	9.649	33	535	18.2	6.1	CCEHECCHCCCCCCCCHCCCHCCHCHCCCCCCC	1
774	6.021	7.937	9.419	33	535	12.1	12.1	CCECECEHCCCCCCCCHCCCHCCHCCCECCCCC	1
775	6.067	8.002	9.131	33	535	12.1	12.1	CCECECEHCCHCCCCCHCCCHCCCCCCECCCCC	1
776	8.965	7.906	16.547	33	535	15.2	3.0	CCCCCCCHCCEHCCHCCCCCHCCCCCCCCCCHC	0
777	9.084	7.960	16.858	33	535	15.2	15.2	CCCCCCCHCCEHECHCCCECHCCCCCCECCEHC	0
778	9.191	7.963	17.495	33	535	15.2	9.1	CCCCCCCHCCEHCCHECCCCHCCCCCCECCCHC	0
779	9.162	7.931	17.262	33	535	12.1	12.1	CCCCCCCHECCHECHCCCCCHCCCCCCECCECC	0
780	6.070	8.045	9.864	33	535	12.1	9.1	CCEHECEHCCHCCCCCCCCCHCCCCCCCCCCCC	1
781	6.207	7.963	10.142	33	535	15.2	15.2	CCEHECEHCCCCCCHCCCCCHCCCCCCECEHCC	1
782	6.159	8.005	9.965	33	535	6.1	12.1	CEECECEHCCCCCCCHCCCCCCCCCCCCCCCCC	1
783	6.074	8.025	11.469	33	535	9.1	9.1	CCEHECEHCCCCCCCHCCCCCCCCCCCCCCCCC	1
784	6.073	8.051	9.819	33	535	12.1	15.2	CCEHECEHCCHCCCCCHCCCCCCCCCCECECCC	1
785	6.153	8.000	9.516	33	535	15.2	9.1	CCECECCHCCCCCCCCHCCCHCCCCHCECCHCC	1
786	9.021	7.888	15.243	33	535	15.2	12.1	CCCCCCCHECEHCCHCCCECHCCCCCCCCCEHC	0
787	8.913	7.880	15.735	33	535	12.1	6.1	CCCCCCCCCCCHCCHCCCECHCCCCCCECCCHC	0
788	6.043	7.953	9.268	33	535	12.1	12.1	CCECECEHCCHCCCCCHCCCCCCCCCCECCHCC	1
789	6.029	7.939	9.688	33	535	9.1	12.1	CCECECEHCCHCCCCCCCCCCCCCCCCECCHCC	1
790	8.875	7.856	15.285	33	535	15.2	9.1	CCCCCCCHECCHECHCCCCCHCCCCCCCCCEHC	0
791	8.933	7.879	15.297	33	535	15.2	12.1	CCCCCCCHCCCHECHECCCCHCCCCCCECCEHC	0
792	8.917	7.860	16.605	33	535	15.2	18.2	CCCCCCCHECEHCCHCCCECHECCCCCECCEHC	0
793	8.964	7.907	15.880	33	535	12.1	6.1	CCCCCCCHECCHCCHCCCCCHCCCCCCCCCECC	0
794	5.960	8.065	9.752	33	535	12.1	6.1	CCECECCHCCCCCCCCHCCCHCCHCCCCCCCCC	1
795	6.035	8.000	9.942	33	535	9.1	12.1	CCEHECEHCCCCCCCCCCCCHCCCCCCECCCCC	1
796	6.021	8.068	9.383	33	535	21.2	12.1	CCEHECEHCCHCCCHCHCCCHCCCCCHCCECCC	1
797	6.163	8.052	9.695	33	535	15.2	9.1	CCECECCHCCCCCCCCHCCCHCCHCCCECCHCC	1
798	6.146	8.065	10.069	33	535	12.1	9.1	CCEHECEHCCCCCCCHCCCCCCCCCCCCCCHCC	1
799	6.178	8.105	9.812	33	535	9.1	12.1	CCECECEHCCCCCCCCHCCCHCCCCCCCCECCC	1
800	8.851	7.930	15.904	33	535	15.2	9.1	CCCCCCCHECCHECHCCCCCHCCCCCCCCCEHC	0
801	8.919	7.887	15.736	33	535	12.1	9.1	CCCCCCCHECCHCCHCCCCCHECCCCCCCCECC	0
802	8.973	7.897	15.982	33	535	15.2	15.2	CCCCCCCHECEHECHCCCECHCCCCCCCCCEHC	0
803	8.945	7.890	16.156	33	535	9.1	12.1	CCCCCCCCECEHCCHCCCECHCCCCCCCCCECC	0
804	9.078	7.886	15.588	33	535	12.1	12.1	CCCCCCCHECCHCCHCCCCCHECCCCCECCECC	0
805	9.053	7.887	15.975	33	535	15.2	3.0	CCCCCCCHCCCHCCHCCCCCHCCCCCCCCCEHC	0
806	6.009	8.096	9.797	33	535	18.2	12.1	CCEHECEHCCHCCCHCHCCCHCCCCCCECCCCC	1
807	6.155	8.037	9.586	33	535	12.1	9.1	CCEHECEHCCCCCCCCCCCCHCCHCCCCCCCCC	1
808	8.908	7.894	16.482	33	535	15.2	12.1	CCCCCCCHECEHCCHCCCECHCCCCCCCCCEHC	0
809	8.930	7.919	17.121	33	535	15.2	9.1	CCCCCCCHECCHCCHCCCECHCCCCCCECCCHC	0
810	6.053	8.119	10.516	33	535	18.2	12.1	CEEHECEHCCCCCCCCHCCCHCCCCCHCCCHCC	1
811	6.132	7.974	9.541	33	535	15.2	12.1	CCECECEHCCCCCCHCHCCCHCCCCCCECCHCC	1
812	8.886	7.956	17.337	33	535	15.2	18.2	CCEECCCHCCEHECHCCCECHCCCCCCCCCEHC	0
813	8.920	7.964	17.554	33	535	15.2	15.2	CCECCCCHCCCHCCHECCECHECCCCCCCCEHC	0
814	9.022	7.887	16.943	33	535	12.1	21.2	CCEECCCHECCHECHCCCECHECCCCCCCCECC	0
815	9.000	7.797	16.347	33	535	15.2	15.2	CCCCCCCHECEHECHCCCCCHCCCCCCECCEHC	0
816	8.996	7.854	15.994	33	535	15.2	18.2	CCCCCCCHECEHCCHECCECHCCCCCCECCEHC	0
817	8.974	7.870	16.432	33	535	15.2	9.1	CCCCCCCHECCHECHCCCECHCCCCCCCCCCHC	0
818	9.047	7.910	16.717	33	535	15.2	15.2	CCEECCCHECCHCCHECCECHCCCCCCCCCCHC	0
819	8.982	7.875	16.126	33	535	15.2	9.1	CCCCCCCHECCHCCHCCCECHCCCCCCCCCEHC	0
820	6.052	8.142	9.946	33	535	15.2	12.1	CCECECEHCCHCCCCCHCCCHCCCCCCECCHCC	1
821	6.061	8.133	9.825	33	535	15.2	9.1	CCEHECCHCCCCCCCCHCCCHCCCCCCECCHCC	1
822	9.070	7.885	17.230	33	535	12.1	12.1	CCCCCCCCCCCHECHCCCECHECCCCCCCCEHC	0
823	9.028	7.862	17.133	33	535	15.2	12.1	CCCCCCCHECCHCCHCCCECHCCCCCCECCEHC	0
824	6.054	8.239	10.324	33	535	12.1	9.1	CCEHECEHCCCCCCCCHCCCHCCCCCCCCCCCC	1
825	6.105	8.162	10.289	33	535	15.2	6.1	CCECECCHCCCCCCCCHCCCHCCCCCHCCCHCC	1
826	6.075	8.124	9.700	33	535	15.2	15.2	CCECECEHCCHCCCCCCCCCHCCHCCHECECCC	1
827	6.043	8.197	9.619	33	535	9.1	9.1	CCEHECEHCCCCCCCCCCCCHCCCCCCCCCCCC	1
828	6.210	8.288	9.939	33	535	12.1	12.1	CCECECEHCCCCCCCHCCCCHCCCCCCECCHCC	1
829	6.112	8.231	10.335	33	535	12.1	12.1	CCECECEHCCCCCCCCHCCCHCCCCCHCCECCC	1
830	6.088	8.089	9.722	33	535	12.1	6.1	CCECECCHCCCCCCCCHCCCHCCCCCCCCCHCC	1
831	6.065	8.128	9.581	33	535	12.1	12.1	CCECCCEHCCCCCCCCHCCCHCCCCCCECEHCC	1
832	6.081	8.098	9.104	33	535	6.1	12.1	CCECECEHCCCCCCCCCCCCHCCCCCCCCECCC	1
833	6.225	8.067	9.970	33	535	15.2	9.1	CCEHECEHCCCCCCCCHCCCHCCCCCCCCCHCC	1
834	8.924	7.926	17.059	33	535	15.2	18.2	CCECCCEHECCHECHCCCECHCCCCCCCCCEHC	0
835	8.930	7.947	17.163	33	535	15.2	9.1	CCCCCCCHCCCHCCHECCECHCCCCCCCCCEHC	0
836	5.944	8.101	10.957	33	535	9.1	12.1	CCEHECEHCCCCCCCCCCCCHCCCCCCCCECCC	1
837	5.918	8.102	9.747	33	535	12.1	6.1	CCECCCEHCCCCCCCCHCCCHCCHCCCCCCCCC	1
838	6.019	8.060	10.598	33	535	12.1	9.1	CCECECEHCCCCCCCCHCCCHCCCCCCCCCHCC	1
839	6.066	8.000	10.427	33	535	9.1	9.1	CCECECCCCCCCCCCCHCCCHCCCCCCECCHCC	1
840	8.939	7.936	16.397	33	535	15.2	24.2	CCECCCEHECEHECHCCCECHECCCCCCCCEHC	0
841	8.925	7.888	15.996	33	535	15.2	12.1	CCCCCCEHECCHCCHCCCECHECCCCCCCCCHC	0
842	9.040	7.879	16.034	33	535	15.2	15.2	CCECCCCHCCCHECHCCCECHECCCCCCCCEHC	0
843	8.967	7.861	16.192	33	535	15.2	9.1	CCCCCCCHCCCHECHCCCECHECCCCCCCCCHC	0
844	6.059	8.039	9.490	33	535	12.1	12.1	CCEHECEHCCCCCCCCHCCCHCCCCCCCCECCC	1
845	5.993	8.151	9.212	33	535	12.1	9.1	CCEHECCHCCCCCCCCHCCCHCCCCCCECCCCC	1
846	5.939	8.154	9.238	33	535	12.1	12.1	CCECECEHCCHCCCCCHCCCHCCCCCCECCCCC	1
847	6.138	8.077	9.069	33	535	6.1	9.1	CCECECEHCCCCCCCCCCCCHCCCCCCCCCCCC	1
848	6.260	8.045	9.166	33	535	12.1	12.1	CCECECEHCCCCCCCCCCCCHCCCCCHCCEHCC	1
849	6.309	8.076	9.041	33	535	12.1	15.2	CCECECEHCCCCCCCCHCCCHCCCCCCECEHCC	1
850	8.934	7.935	17.165	33	535	15.2	21.2	CCCCCCEHECEHECHECCECHCCCCCCECCCHC	0
851	8.926	7.921	17.099	33	535	15.2	18.2	CCECCCCHCCEHCCHCCCECHECCCCCECCEHC	0
852	6.161	8.153	10.558	33	535	12.1	12.1	CCECECEHCCCCCCCCHCCCHCCCCCCECCHCC	1
853	6.193	7.975	9.260	33	535	6.1	6.1	CCECECCHCCCCCCCCCCCCHCCCCCCCCCCCC	1
854	6.204	8.160	9.876	33	535	9.1	9.1	CCECECEHCCCCCCCCHCCCHCCCCCCCCCCCC	1
855	6.327	8.070	9.809	33	535	12.1	9.1	CCEHECEHCCCCCCCCHCCCHCCCCCCCCCCCC	1
856	9.006	7.902	17.453	33	535	12.1	6.1	CCCCCCCHCCEHCCHCCCCCCECCCCCCCCCHC	0
857	8.899	7.964	17.156	33	535	15.2	12.1	CCCCCCCHCCEHECHCCCECHCCCCCCCCCEHC	0
858	6.114	8.181	9.381	33	535	15.2	9.1	CCECECEHCCCCCCCCHCCCHCCCCCHCCCHCC	1
859	6.230	8.206	10.084	33	535	6.1	12.1	CCECECEHCCCCCCCCCCCCHCCCCCCECCCCC	1
860	8.969	7.876	16.445	33	535	12.1	9.1	CCCCCCCCECCHCCHCCCECHCCCCCCCCCEHC	0
861	8.997	7.958	16.325	33	535	15.2	18.2	CCCCCCCHECEHCCHCCCECHECCCCCECCEHC	0
862	8.944	7.876	16.413	33	535	15.2	9.1	CCCCCCCHCCCHCCHCCCECHECCCCCCCCEHC	0
863	8.926	7.867	16.689	33	535	15.2	18.2	CCCCCCEHCCEHCCHECCECHECCCCCCCCEHC	0
864	5.916	8.129	9.668	33	535	12.1	12.1	CCECECEHCCCCCCHCCCCCHCCCCCCCCEHCC	1
865	6.104	8.068	10.221	33	535	12.1	9.1	CCEHECEHCCCCCCCCCCCCHCCCCCCCCCHCC	1
866	9.001	7.947	16.400	33	535	15.2	15.2	CCCCCCCHCCEHCCHCCCECHECCCCCECCEHC	0
867	9.019	7.871	16.344	33	535	12.1	21.2	CCEECCCHECEHECHCCCECCCCCCCCCCCEHC	0
868	8.931	7.883	16.874	33	535	15.2	15.2	CCCCCCCHECCHECHCCCECHCCCCCCECCEHC	0
869	8.877	7.801	15.884	33	535	15.2	3.0	CCCCCCCHCCCHCCHCCCECHCCCCCCCCCCHC	0
870	8.955	7.761	15.754	33	535	15.2	12.1	CCCCCCCHECCHCCHCCCECHECCCCCCCCEHC	0
871	9.075	7.839	15.506	33	535	15.2	15.2	CCCCCCCHECCHECHCCCECHECCCCCCCCEHC	0
872	6.067	7.965	9.636	33	535	12.1	12.1	CCECECEHCCCCCCCCHCCCHCCCCCCECCHCC	1
873	6.210	8.044	9.361	33	535	9.1	12.1	CCECECEHCCCCCCCCHCCCHCCCCCCECCCCC	1
874	6.134	8.001	9.866	33	535	15.2	12.1	CCECECEHCCHCCCCCHCCCHCCCCCCECCHCC	1
875	6.036	8.105	10.236	33	535	9.1	9.1	CCECECCHCCCCCCCCHCCCHCCCCCCECCCCC	1
876	9.036	7.898	15.627	33	535	15.2	15.2	CCCCCCCHECCHECHCCCECHECCCCCCCCEHC	0
877	9.113	7.801	15.129	33	535	12.1	12.1	CCCCCCCHECCHCCHCCCECHECCCCCCCCECC	0
878	6.116	8.137	9.494	33	535	15.2	9.1	CCEHECEHCCCCCCCCCCCCHCCCCCHCCCHCC	1
879	6.163	8.065	9.714	33	535	15.2	12.1	CEECECEHCCCCCCCCHCCCHCCCCCHCCCHCC	1
880	6.111	8.078	10.248	33	535	15.2	15.2	CCEHECEHCCCCCCCCHCCCHCCCCCCECEHCC	1
881	6.148	8.128	10.410	33	535	9.1	12.1	CCECECEHCCCCCCCCHCCCCCCCCCCECCHCC	1
882	6.154	8.021	9.790	33	535	15.2	12.1	CCECECEHCCHCCCCCHCCCHCCCCCCECCHCC	1
883	6.214	8.233	10.142	33	535	12.1	12.1	CCECECEHCCCCCCCCHCCCHCCCCCCCCEHCC	1
884	5.991	8.059	10.163	33	535	9.1	12.1	CCEHECCHCCCCCCCCCCCCHCCCCCCECECCC	1
885	6.033	8.008	9.953	33	535	12.1	6.1	CCEHECCHCCCCCCCCHCCCCCCCCCCCCCHCC	1
886	8.841	7.986	17.216	33	535	15.2	9.1	CCCCCCEHCCEHCCHCCCCCHCCCCCCCCCEHC	0
887	8.901	7.943	16.883	33	535	15.2	12.1	CCCCCCEHCCEHECHCCCECHCCCCCCCCCCHC	0
888	5.946	8.199	9.770	33	535	24.2	9.1	CEEHECCHCCHCCCHCHCCCHCCHCCCCCCHCC	1
889	5.899	8.115	9.488	33	535	6.1	9.1	CCECCCEHCCCCCCCCCCCCHCCCCCCCCECCC	1
890	5.988	8.027	10.402	33	535	12.1	9.1	CCECCCEHCCCCCCCHCCCCHCCCCCCECCHCC	1
891	5.971	8.131	10.335	33	535	6.1	9.1	CCECECEHCCCCCCCCCCCCHCCCCCCCCCCCC	1
892	6.060	8.182	10.115	33	535	12.1	12.1	CCECECEHCCCCCCHCHCCCCCCCCCCECCHCC	1
893	6.185	8.186	9.392	33	535	15.2	9.1	CCEHECCHCCCCCCCCHCCCHCCCCCCECCHCC	1
894	6.034	8.283	8.878	33	535	15.2	9.1	CCEHECCHCCCCCCCCHCCCHCCCCCCCCEHCC	1
895	6.131	8.170	10.148	33	535	12.1	6.1	CCEHECCHCCCCCCCCCCCCHCCCCCCCCCHCC	1
896	6.004	8.284	9.647	33	535	15.2	9.1	CCEHECEHCCCCCCCCHCCCHCCCCCHCCCCCC	1
897	6.147	8.224	9.813	33	535	15.2	9.1	CCEHECEHCCCCCCCCHCCCHCCCCCHCCCCCC	1
898	6.120	8.074	9.670	33	535	9.1	9.1	CCECECEHCCCCCCCCCCCCHCCCCCCCCCHCC	1
899	6.071	8.162	9.585	33	535	15.2	9.1	CCEHECEHCCCCCCHCCCCCHCCCCCCCCCHCC	1
900	6.253	8.213	9.535	33	535	9.1	6.1	CCECECCHCCCCCCHCCCCCHCCCCCCCCCCCC	1
901	6.243	8.270	10.181	33	535	9.1	6.1	CCECECCHCCCCCCCCCCCCHCCCCCCCCCHCC	1
902	8.999	7.740	15.240	33	535	15.2	9.1	CCCCCCCHECEHCCHCCCECHCCCCCCCCCCHC	0
903	9.046	7.756	16.434	33	535	12.1	9.1	CCCCCCCCCCEHCCHCCCECHCCCCCCCCCEHC	0
904	6.106	8.113	10.383	33	535	12.1	12.1	CCEHECEHCCCCCCCCHCCCHCCCCCCCCECCC	1
905	6.135	8.048	10.001	33	535	6.1	9.1	CCECECEHCCCCCCCCCCCCHCCCCCCCCCCCC	1
906	6.145	8.024	10.145	33	535	9.1	9.1	CCECECEHCCCCCCCCCCCCHCCCCHCCCCCCC	1
907	6.119	8.046	9.485	33	535	15.2	9.1	CCEHECEHCCCCCCCCHCCCHCCCCCCCCCHCC	1
908	9.102	7.752	15.707	33	535	15.2	15.2	CCCCCCCHECCHCCHCCCECHECCCCCECCEHC	0
909	9.177	7.813	15.612	33	535	15.2	12.1	CCCCCCCHECEHCCHCCCECHCCCCCCECCCHC	0
910	6.160	7.995	9.187	33	535	12.1	12.1	CCECECEHCCCCCCHCHCCCHCCCCCCECCCCC	1
911	6.175	7.990	8.869	33	535	9.1	6.1	CCECECCCCCCCCCCCHCCCHCCCCCHCCCCCC	1
912	6.170	8.026	8.975	33	535	9.1	15.2	CCECECEHCCCCCCCCHCCCHCCCCCCECECCC	1
913	6.145	8.024	9.530	33	535	15.2	9.1	CCEHECEHCCCCCCCCHCCCHCCCCCHCCCCCC	1
914	9.182	7.822	16.799	33	535	15.2	9.1	CCCCCCCHCCEHECHCCCECHCCCCCCCCCCHC	0
915	9.074	7.747	15.508	33	535	12.1	9.1	CCCCCCCHECCHCCHCCCECHCCCCCCCCCECC	0
916	6.120	8.122	10.122	33	535	12.1	9.1	CCECECEHCCCCCCCCHCCCHCCCCCHCCCCCC	1
917	6.108	8.036	8.708	33	535	15.2	12.1	CCEHECEHCCCCCCCCHCCCCCCCCHCECCHCC	1
918	6.068	8.002	8.189	33	535	6.1	12.1	CCECECCHCCCCCCCCCCCCHCCCCCCECECCC	1
919	6.228	8.101	10.270	33	535	12.1	9.1	CCEHECCHCCCCCCCCCCCCHCCCCCCECCHCC	1
920	9.021	7.717	15.958	33	535	15.2	12.1	CCCCCCCHCCEHCCHECCECHCCCCCCECCCHC	0
921	9.154	7.651	15.935	33	535	15.2	12.1	CCCCCCCHECEHECHCCCCCHCCCCCCCCCEHC	0
922	6.308	7.984	9.866	33	535	9.1	12.1	CCECECEHCCCCCCCCCCCCHCCCCCCECCHCC	1
923	6.194	8.107	8.473	33	535	9.1	6.1	CCECECCHCCCCCCCCCCCCHCCCCCHCCCCCC	1
924	6.183	8.108	8.704	33	535	3.0	9.1	CCECECEHCCCCCCCCCCCCCCCCCCCCCCCCC	1
925	6.195	8.139	9.262	33	535	6.1	15.2	CCECECEHCCCCCCCCCCCCHCCCCCCECECCC	1
926	6.244	8.252	9.180	33	535	6.1	12.1	CCECECEHCCCCCCCCCCCCHCCCCCCECCCCC	1
927	6.335	8.094	9.375	33	535	6.1	6.1	CCECECCHCCCCCCCCCCCCHCCCCCCCCCCCC	1
928	9.121	7.694	15.935	33	535	15.2	15.2	CCCCCCCHECCHCCHECCECHCCCCCCECCEHC	0
929	8.993	7.718	16.168	33	535	15.2	12.1	CCCCCCCHECEHCCHCCCECHCCCCCCECCCHC	0
930	6.274	7.942	9.675	33	535	9.1	12.1	CCECECEHCCCCCCCCHCCCHCCCCCCCCECCC	1
931	6.020	8.026	8.915	33	535	9.1	9.1	CCECECCHCCCCCCCCHCCCHCCCCCCECCCCC	1
932	9.145	7.822	16.192	33	535	15.2	9.1	CCCCCCCHCCCHECHCCCECHCCCCCCCCCEHC	0
933	9.070	7.832	16.582	33	535	15.2	15.2	CCCCCCCHCCEHECHCCCCCHECCCCCECCEHC	0
934	6.215	8.099	9.253	33	535	15.2	9.1	CCEHECEHCCCCCCCHCCCCHCCCCCCCCCHCC	1
935	6.175	8.111	9.988	33	535	15.2	12.1	CCEHECCHCCCCCCCCHCCCHCCCCCCECEHCC	1
936	6.081	8.025	8.741	33	535	9.1	9.1	CCECECCHCCHCCCCCCCCCHCCCCCCECCCCC	1
937	6.166	8.156	9.027	33	535	6.1	12.1	CCECECEHCCCCCCCCCCCCHCCCCCCECCCCC	1
938	8.975	7.828	17.182	33	535	15.2	12.1	CCCCCCCHCCCHECHCCCECHECCCCCCCCEHC	0
939	9.026	7.849	16.518	33	535	15.2	12.1	CCCCCCCHCCEHECHCCCECHCCCCCCCCCEHC	0
940	9.242	7.928	17.148	33	535	12.1	15.2	CCCCCCCHCCEHECHECCECCCCCCCCECCCHC	0
941	9.205	7.814	16.151	33	535	12.1	15.2	CCCCCCEHCCEHECHECCCCHCCCCCCCCCECC	0
942	6.153	8.141	11.003	33	535	9.1	12.1	CCEHECCCCCCCCCHCCCCCHCCCCCCECECCC	1
943	6.048	8.223	10.904	33	535	21.2	9.1	CCEHECEHCCHCCCCCHCCCHCCCCCHCCCHCC	1
944	8.997	7.878	16.034	33	535	15.2	12.1	CCCCCCCHCCCHECHCCCECHCCCCCCECCEHC	0
945	8.992	7.835	15.618	33	535	15.2	12.1	CCCCCCCHCCEHCCHCCCECHECCCCCCCCEHC	0
946	6.115	8.109	9.570	33	535	15.2	9.1	CCECECEHCCCCCCHCHCCCHCCCCCCCCCHCC	1
947	6.071	8.161	9.899	33	535	18.2	6.1	CCEHECCHCCCCCCCCHCCCHCCCCCHCCCHCC	1
948	6.103	8.115	10.677	33	535	12.1	12.1	CCEHECEHCCCCCCCCCCCCHCCCCCCECCHCC	1
949	6.055	8.181	10.421	33	535	12.1	12.1	CCECECEHCCCCCCCCHCCCHCCCCCCECCHCC	1
950	8.830	7.868	16.532	33	535	15.2	12.1	CCCCCCEHCCEHECHCCCCCHCCCCCCCCCEHC	0
951	8.950	7.882	16.057	33	535	15.2	15.2	CCCCCCEHCCCHCCHCCCECHECCCCCECCEHC	0
952	6.029	8.192	9.834	33	535	12.1	12.1	CCECECEHCCCCCCCCHCCCHCCCCCCECCHCC	1
953	6.020	8.089	9.765	33	535	12.1	9.1	CCECECEHCCCCCCCCHCCCHCCCCCCCCCHCC	1
954	6.156	8.155	11.167	33	535	9.1	9.1	CCECECCHCCCCCCCHCCCCCCCCCCCCCEHCC	1
955	6.027	8.082	9.075	33	535	12.1	9.1	CCECECCHCCCCCCHCCCCCHCCCCCCECCHCC	1
956	6.196	8.180	9.792	33	535	9.1	9.1	CCECECEHCCCCCCCCCCCCHCCCCCCCCCHCC	1
957	6.166	8.045	10.004	33	535	9.1	12.1	CCECECEHCCCCCCCCHCCCHCCCCCCCCECCC	1
958	6.255	8.018	9.209	33	535	9.1	9.1	CCECECEHCCCCCCCCCCCCHCCCCCHCCCCCC	1
959	6.163	8.044	10.278	33	535	9.1	12.1	CCEHECEHCCCCCCCCCCCCHCCCCCCECCCCC	1
960	8.994	7.886	16.383	33	535	15.2	18.2	CECCCCEHCCEHCCHCCCECHECCCCCCCCEHC	0
961	8.916	7.847	16.447	33	535	15.2	9.1	CCCCCCCHCCEHCCHECCECHCCCCCCCCCCHC	0
962	6.446	7.951	9.528	33	535	12.1	6.1	CCECECCHCCCCCCCCHCCCHCCCCCHCCCCCC	1
963	6.419	7.928	9.398	33	535	12.1	9.1	CCECECEHCCCCCCCCHCCCHCCCCCCCCCHCC	1
964	6.318	8.086	9.996	33	535	6.1	12.1	CCECECEHCCCCCCCCCCCCHCCCCCCCCECCC	1
965	6.268	8.012	9.789	33	535	9.1	12.1	CEECECEHCCCCCCCCHCCCHCCCCCCCCCCCC	1
966	6.242	8.002	9.571	33	535	12.1	9.1	CCECECCHCCCCCCCCHCCCHCCCCCCECCHCC	1
967	6.173	7.984	9.195	33	535	9.1	9.1	CCECECEHCCCCCCCCHCCCHCCCCCCCCCCCC	1
968	6.298	7.930	8.780	33	535	9.1	9.1	CCECECCHCCCCCCCCHCCCHCCCCCCECCCCC	1
969	6.162	8.106	8.973	33	535	9.1	6.1	CCECECCHCCCCCCCCHCCCHCCCCCCCCCCCC	1
970	6.234	8.076	9.619	33	535	9.1	9.1	CEECECCHCCCCCCCCCCCCHCCCCCCCCCHCC	1
971	6.422	8.199	9.751	33	535	12.1	12.1	CCEHECEHCCCCCCCCCCCCHCCCCHCCCECCC	1
972	6.302	8.168	9.372	33	535	12.1	6.1	CCECECCHCCCCCCCCHCCCHCCHCCCCCCCCC	1
973	6.245	8.062	9.396	33	535	9.1	12.1	CCECECEHCCCCCCCCHCCCCCCCCCCECCHCC	1
974	9.013	7.856	15.899	33	535	15.2	9.1	CCCCCCCHCCCHECHCCCCCHECCCCCCCCEHC	0
975	8.948	7.838	16.211	33	535	15.2	12.1	CCCCCCEHCCCHECHCCCCCHECCCCCCCCEHC	0
976	8.932	7.910	16.526	33	535	15.2	12.1	CCCCCCCHCCEHECHCCCECHCCCCCCCCCEHC	0
977	8.978	7.853	16.161	33	535	15.2	12.1	CCCCCCCHCCEHCCHCCCECHCCCCCCECCEHC	0
978	6.174	8.003	9.017	33	535	9.1	6.1	CCEHECCHCCCCCCCCCCCCHCCCCCCCCCCCC	1
979	6.012	8.053	9.867	33	535	6.1	12.1	CCECECCHCCCCCCCCCCCCHCCCCCCECECCC	1
980	6.241	8.097	9.329	33	535	9.1	12.1	CCECECEHCCCCCCHCCCCCHCCCCCCECCCCC	1
981	6.028	8.114	8.685	33	535	9.1	6.1	CCECECCHCCCCCCCCHCCCCCCCCCCCCCHCC	1
982	9.091	7.943	17.146	33	535	15.2	6.1	CCCCCCCHCCEHECHCCCCCHCCCCCCCCCCHC	0
983	8.930	7.922	16.872	33	535	15.2	9.1	CECCCCEHCCEHCCHCCCCCHCCCCCCCCCCHC	0
984	8.896	7.933	15.970	33	535	15.2	9.1	CECCCCEHCCCHCCHCCCCCHCCCCCCCCCEHC	0
985	9.022	7.876	14.723	33	535	12.1	3.0	CCCCCCCCCCCHCCHCCCCCHCCCCCCCCCEHC	0
986	8.940	7.961	16.638	33	535	15.2	6.1	CCCCCCEHCCEHCCHCCCCCHCCCCCCCCCCHC	0
987	8.963	7.841	16.110	33	535	15.2	6.1	CCCCCCCHCCEHCCHCCCCCHCCCCCCCCCEHC	0
988	6.188	8.053	8.638	33	535	9.1	12.1	CCECECEHCCCCCCHCCCCCHCCCCCCECCCCC	1
989	6.077	8.112	8.721	33	535	6.1	12.1	CCECECEHCCCCCCCCCCCCHCCCCCCECCCCC	1
990	8.920	7.872	16.104	33	535	15.2	15.2	CCCCCCCHECEHCCHECCCCHECCCCCCCCEHC	0
991	8.942	7.893	15.978	33	535	15.2	18.2	CCCCCCEHCCCHECHECCCCHECCCCCECCEHC	0
992	8.894	7.958	16.398	33	535	15.2	9.1	CCCCCCCHCCCHECHCCCECHCCCCCCCCCEHC	0
993	8.865	7.966	16.373	33	535	15.2	9.1	CCCCCCEHCCCHECHCCCCCHCCCCCCCCCEHC	0
994	6.196	8.124	9.750	33	535	9.1	12.1	CCECECEHCCCCCCCCHCCCHCCCCCCECCCCC	1
995	6.175	8.063	9.468	33	535	15.2	9.1	CCEHECEHCCCCCCCCHCCCHCCCCCCCCCHCC	1
996	8.978	7.934	15.521	33	535	15.2	9.1	CCCCCCCHCCCHECHCCCECHCCCCCCCCCEHC	0
997	8.944	7.812	15.433	33	535	15.2	12.1	CCCCCCEHCCCHCCHCCCECHECCCCCCCCEHC	0
998	6.199	8.056	8.673	33	535	9.1	9.1	CCECECEHCCCCCCHCCCCCHCCCCCCCCCCCC	1
999	6.279	8.071	8.858	33	535	15.2	9.1	CCEHECCHCCCCCCCCHCCCHCCCCCCCCEHCC	1
1000	9.000	7.908	16.461	33	535	15.2	15.2	CCCCCCCHECEHCCHECCCCHCCCCCCECCEHC	0
1001	8.998	7.891	15.931	33	535	15.2	9.1	CCCCCCCHCCEHECHCCCCCHCCCCCCCCCEHC	0
1002	9.061	7.861	15.848	33	535	15.2	9.1	CCCCCCCHECCHCCHECCCCHCCCCCCCCCEHC	0
1003	9.030	7.868	15.611	33	535	15.2	9.1	CCCCCCCHCCEHCCHCCCECHCCCCCCCCCEHC	0
1004	9.072	7.806	16.164	33	535	15.2	9.1	CCCCCCCHECEHCCHCCCCCHCCCCCCCCCEHC	0
1005	9.057	7.772	16.006	33	535	15.2	12.1	CCCCCCCHCCEHECHCCCCCHECCCCCCCCEHC	0
1006	6.257	8.134	8.720	33	535	12.1	12.1	CCECECEHCCCCCCCCHCCCHCCCCCCCCEHCC	1
1007	6.130	8.057	9.195	33	535	18.2	9.1	CCEHECEHCCCCHCCCHCCCCCCCCCHCCCHCC	1
1008	6.162	8.069	9.188	33	535	12.1	15.2	CCECECEHCCCCCCCCHCCCHCCCCCCECEHCC	1
1009	6.147	8.046	8.903	33	535	9.1	12.1	CCECECEHCCCCCCCCHCCCHCCCCCCECCCCC	1
1010	6.215	8.036	9.177	33	535	9.1	9.1	CCECECEHCCCCCCCCHCCCCCCCCCCCCCHCC	1
1011	6.044	8.145	8.927	33	535	9.1	12.1	CCECECEHCCCCCCCCHCCCHCCCCCCCCECCC	1
1012	9.026	7.738	15.895	33	535	15.2	12.1	CCCCCCCHCCCHCCHCCCECHECCCCCECCEHC	0
1013	9.094	7.723	15.787	33	535	15.2	12.1	CCCCCCEHECCHCCHECCECHCCCCCCCCCCHC	0
1014	6.178	8.027	9.787	33	535	12.1	12.1	CCECECEHCCCCCCCCHCCCHCCHCCCECCCCC	1
1015	6.103	8.044	9.502	33	535	12.1	9.1	CCECECEHCCCCCCCCHCCCHCCCCCHCCCCCC	1
1016	9.162	7.774	16.923	33	535	15.2	9.1	CCCCCCCHECCHCCHCCCECHCCCCCCCCCEHC	0
1017	9.142	7.846	16.876	33	535	15.2	9.1	CCCCCCCHCCCHECHCCCECHCCCCCCCCCEHC	0
1018	9.235	7.746	16.644	33	535	15.2	12.1	CCCCCCCHCCEHECHCCCECHCCCCCCCCCEHC	0
1019	9.206	7.735	16.416	33	535	15.2	12.1	CECCCCCHCCEHECHCCCECHCCCCCCCCCCHC	0
1020	6.197	8.033	9.808	33	535	9.1	9.1	CCECECCHCCCCCCCCHCCCHCCCCCCECCCCC	1
1021	6.291	8.133	10.503	33	535	9.1	9.1	CCECECCHCCCCCCCCCCCCHCCCCCCECCHCC	1
1022	6.166	8.097	9.015	33	535	18.2	9.1	CCECECEHCCCCCCHCHCCCHCCCCCHCCCHCC	1
1023	6.173	8.099	9.590	33	535	9.1	9.1	CCECECEHCCCCCCCCCCCCHCCCCCCCCCHCC	1
1024	9.080	7.705	15.928	33	535	15.2	12.1	CECCCCCHCCCHECHCCCECHCCCCCCCCCEHC	0
1025	9.106	7.837	17.115	33	535	15.2	9.1	CCCCCCCHCCEHECHCCCECHCCCCCCCCCCHC	0
1026	6.032	8.039	9.193	33	535	6.1	9.1	CCECECEHCCCCCCCCCCCCHCCCCCCCCCCCC	1
1027	6.180	8.042	9.921	33	535	6.1	9.1	CCECECEHCCCCCCCCCCCCHCCCCCCCCCCCC	1
1028	8.976	7.818	16.034	33	535	15.2	9.1	CCCCCCCHECCHCCHCCCECHCCCCCCCCCEHC	0
1029	9.096	7.769	16.459	33	535	15.2	3.0	CCCCCCCHCCEHCCHCCCCCHCCCCCCCCCCHC	0
1030	6.194	7.938	9.569	33	535	9.1	9.1	CCECECCHCCCCCCCCHCCCHCCCCCCECCCCC	1
1031	6.218	7.905	9.703	33	535	15.2	12.1	CCEHECEHCCCCCCCCHCCCHCCCCCCECCHCC	1
1032	6.330	7.970	9.067	33	535	9.1	12.1	CCECECEHCCCCCCCCHCCCHCCCCCCECCCCC	1
1033	6.233	8.001	9.050	33	535	6.1	12.1	CCECECECCCCCCCCCCCCCHCCCCCCECCHCC	1
1034	9.150	7.837	15.299	33	535	15.2	3.0	CCCCCCCHCCCHCCHCCCECHCCCCCCCCCCHC	0
1035	9.122	7.825	16.045	33	535	15.2	6.1	CCCCCCCHCCCHECHCCCECHCCCCCCCCCCHC	0
1036	9.128	7.834	15.898	33	535	15.2	3.0	CCCCCCCHCCCHCCHCCCECHCCCCCCCCCCHC	0
1037	9.153	7.726	16.164	33	535	15.2	6.1	CCCCCCCHCCEHCCHECCCCHCCCCCCCCCCHC	0
1038	9.124	7.773	16.364	33	535	15.2	12.1	CCCCCCCHECEHECHCCCECHCCCCCCCCCCHC	0
1039	9.068	7.721	17.005	33	535	15.2	9.1	CCCCCCCHCCEHCCHCCCECHCCCCCCCCCEHC	0
1040	6.151	8.216	9.228	33	535	12.1	9.1	CCECECEHCCCCCCHHCCCCHCCCCCCCCCCCC	1
1041	6.164	8.141	9.085	33	535	12.1	12.1	CCEHECEHCCCCCCCCCCCCHCCCCCCCCEHCC	1
1042	6.255	7.990	8.916	33	535	15.2	12.1	CCEHECEHCCCCCCCCHCCCHCCCCCCECCHCC	1
1043	6.224	8.013	9.451	33	535	9.1	12.1	CCECECEHCCCCCCCCHCCCHCCCCCCCCECCC	1
1044	6.124	8.069	9.085	33	535	9.1	12.1	CCECECEHCCCCCCCCHCCCHCCCCCCECCCCC	1
1045	6.032	8.099	8.868	33	535	9.1	9.1	CCECECEHCCCCCCCCHCCCHCCCCCCCCCCCC	1
1046	6.174	8.189	9.658	33	535	9.1	6.1	CCECECCHCCCCCCCCHCCCHCCCCCCCCCCCC	1
1047	6.268	8.075	9.460	33	535	9.1	12.1	CCEHECEHCCCCCCCCCCCCHCCCCCCECCCCC	1
1048	6.242	8.250	9.913	33	535	9.1	9.1	CCEHECEHCCCCCCCCHCCCCCCCCCCCCCCCC	1
1049	6.246	8.018	9.658	33	535	15.2	12.1	CCEHECEHCCCCCCCCHCCCHCCCCCHCCECCC	1
1050	6.203	8.147	9.320	33	535	9.1	9.1	CCECECEHCCCCCCCCCCCCHCCCCCHCCCCCC	1
1051	6.152	7.982	9.877	33	535	12.1	9.1	CCEHECCHCCCCCCCCCCCCHCCCCCCECCHCC	1
1052	9.034	7.839	16.739	33	535	15.2	6.1	CCCCCCCHCCEHCCHCCCECHCCCCCCCCCCHC	0
1053	9.122	7.801	16.625	33	535	15.2	9.1	CCCCCCCHECCHECHCCCECHCCCCCCCCCCHC	0
1054	6.216	8.101	9.588	33	535	12.1	9.1	CCECECCHCCCCCCCCHCCCHCCCCCCCCEHCC	1
1055	6.160	8.142	9.297	33	535	15.2	9.1	CCECECEHCCCCCCCCHCCCHCCCCCHCCCHCC	1
1056	6.065	8.200	9.969	33	535	12.1	12.1	CEECECEHCCCCCCCCHCCCHCCCCCCCCCHCC	1
1057	6.097	8.232	10.003	33	535	12.1	12.1	CCECECEHCCCCCCCHCCCCHCCCCCCECCHCC	1
1058	6.048	8.010	10.474	33	535	9.1	15.2	CCECECEHCCCCCCCCHCCCHCCCCCCECECCC	1
1059	6.023	8.020	9.277	33	535	9.1	12.1	CCECECEHCCCCCCHCCCCCHCCCCCCECCCCC	1
1060	8.992	7.840	15.858	33	535	15.2	9.1	CCCCCCCHCCCHCCHCCCECHCCCCCCECCEHC	0
1061	8.991	7.857	16.234	33	535	15.2	15.2	CCCCCCEHCCEHCCHCCCCCHECCCCCECCEHC	0
1062	6.009	8.173	10.336	33	535	12.1	12.1	CCECECEHCCCCCCHCCCCCHCCCCCCECCHCC	1
1063	5.943	8.134	10.033	33	535	9.1	12.1	CCEHECECCCCCCCCCHCCCHCCCCCCECCCCC	1
1064	5.923	8.062	10.626	33	535	15.2	6.1	CCEHECCHCCCCCCCCHCCCHCCCCCCCCCHCC	1
1065	5.923	8.038	9.753	33	535	12.1	9.1	CCEHECEHCCCCCCCCHCCCHCCCCCCCCCCCC	1
1066	6.119	8.017	9.499	33	535	9.1	12.1	CCEHECECCCCCCCCCHCCCHCCCCCCCCECCC	1
1067	5.937	8.097	9.889	33	535	15.2	9.1	CCEHECEHCCCCCCCCHCCCHCCCCCCCCCHCC	1
1068	5.983	8.137	9.985	33	535	12.1	6.1	CCEHECCHCCCCCCCCHCCCHCCCCCCCCCCCC	1
1069	5.952	8.139	9.905	33	535	15.2	6.1	CCECECCHCCCCCCCCHCCCHCCHCCCCCCHCC	1
1070	5.962	8.150	10.148	33	535	15.2	12.1	CCEHECEHCCCCCCCCHCCCHCCCCCCECCHCC	1
1071	5.971	8.075	9.069	33	535	9.1	12.1	CEEHECEHCCCCCCCCHCCCCCCCCCCCCCCCC	1
1072	6.095	8.094	9.863	33	535	15.2	15.2	CEEHECEHCCCCCCCCHCCCHCCCCCCECCHCC	1
1073	6.111	8.093	9.710	33	535	9.1	12.1	CCECECEHCCCCCCCCCCCCHCCCCCCECCHCC	1
1074	6.077	8.182	9.855	33	535	15.2	9.1	CCEHECEHCCCCCCCHCCCCCCCCCCHCCCHCC	1
1075	5.979	8.083	9.996	33	535	15.2	9.1	CCEHECEHCCCCCCCCHCCCHCCCCCHCCCCCC	1
1076	6.053	8.158	10.154	33	535	18.2	12.1	CCEHECEHCCCCCCHCHCCCHCCCCCCECCHCC	1
1077	6.009	8.046	10.273	33	535	18.2	9.1	CEEHECCHCCCCCCCCHCCCHCCCCCHCCCHCC	1
1078	6.176	8.147	9.972	33	535	12.1	9.1	CCEHECEHCCCCCCCCCCCCHCCCCCCCCCHCC	1
1079	6.051	8.103	9.228	33	535	9.1	6.1	CCECCCEHCCCCCCCHCCCCHCCCCCCCCCCCC	1
1080	6.065	8.083	9.670	33	535	12.1	9.1	CCEHECEHCCCCCCCCHCCCCCCCCCCCCCHCC	1
1081	6.102	8.000	10.559	33	535	6.1	9.1	CCECECEHCCCCCCCCCCCCCCCCCCHCCCCCC	1
1082	8.902	7.824	16.320	33	535	15.2	9.1	CCCCCCCHCCEHCCHECCCCHCCCCCCCCCEHC	0
1083	9.027	7.798	15.492	33	535	15.2	12.1	CCCCCCCHCCCHECHECCECHCCCCCCCCCEHC	0
1084	9.145	7.823	16.027	33	535	15.2	21.2	CCCCCCEHECEHECHCCCECHECCCCCECCCHC	0
1085	9.061	7.694	15.943	33	535	15.2	15.2	CCCCCCCHECEHCCHECCECHCCCCCCCCCEHC	0
1086	6.217	8.102	10.494	33	535	12.1	12.1	CCEHECEHCCCCCCCCCCCCHCCCCCCECCHCC	1
1087	6.118	8.140	10.182	33	535	6.1	12.1	CCEHECECCCCCCCCCCCCCHCCCCCCECCCCC	1
1088	6.059	8.005	9.199	33	535	9.1	9.1	CCEHECEHCCCCCCCCCCCCHCCCCCCCCCCCC	1
1089	6.049	8.027	9.657	33	535	15.2	9.1	CCECECEHCCCCCCCCHCCCHCCCCHCCCCHCC	1
1090	9.040	7.762	15.955	33	535	12.1	18.2	CCCCCCCHECEHECHCCCECHECCCCCCCCECC	0
1091	8.925	7.874	16.178	33	535	12.1	9.1	CCCCCCCHCCEHCCHCCCCCHECCCCCCCCECC	0
1092	5.981	8.187	10.120	33	535	12.1	12.1	CCEHECEHCCCCCCCCHCCCHCCCCCCECCCCC	1
1093	6.141	8.071	9.889	33	535	9.1	9.1	CCECECCHCCCCCCCCHCCCHCCCCCCECCCCC	1
1094	8.891	7.861	16.763	33	535	15.2	6.1	CCCCCCCHCCCHCCHECCCCHCCCCCCCCCEHC	0
1095	8.890	7.837	15.819	33	535	15.2	12.1	CCCCCCCHCCEHCCHECCECHCCCCCCCCCEHC	0
1096	6.082	8.082	10.077	33	535	12.1	9.1	CCECECEHCCHCCCCHCCCCHCCCCCCCCCCCC	1
1097	6.135	8.135	9.715	33	535	9.1	15.2	CCECECEHCCCCCCCCHCCCHCCCCCCECECCC	1
1098	6.128	8.131	9.929	33	535	6.1	9.1	CCECECCHCCCCCCCCCCCCHCCCCCCCCECCC	1
1099	6.195	8.000	9.333	33	535	18.2	9.1	CCECECEHCCCCCCHCHCCCHCCCCCHCCCHCC	1
1100	8.967	7.891	15.663	33	535	15.2	9.1	CECCCCCHCCCHCCHCCCECHCCCCCCECCCHC	0
1101	8.928	7.809	16.053	33	535	15.2	6.1	CCCCCCCHCCCHCCHECCCCHECCCCCCCCCHC	0
1102	6.186	8.010	9.271	33	535	6.1	9.1	CCECECEHCCCCCCCCCCCCHCCCCCCCCCCCC	1
1103	6.113	8.055	10.119	33	535	9.1	9.1	CCECECEHCCCCCCCCHCCCHCCCCCCCCCCCC	1
1104	8.872	7.880	15.783	33	535	12.1	12.1	CCCCCCCHCCCHECHCCCECHCCCCCCECCECC	0
1105	9.000	7.821	16.296	33	535	12.1	12.1	CCCCCCCCCCEHCCHCCCECHECCCCCCCCEHC	0
1106	6.186	8.062	9.573	33	535	15.2	9.1	CCEHECEHCCCCCCCCHCCCHCCCCCCCCCHCC	1
1107	6.182	7.979	9.733	33	535	12.1	9.1	CCEHECCHCCCCCCCCHCCCHCCCCCCCCECCC	1
1108	6.177	8.063	9.355	33	535	6.1	12.1	CCECECEHCCCCCCCCCCCCHCCCCCCECCCCC	1
1109	6.161	8.008	8.787	33	535	12.1	9.1	CCEHECCHCCCCCCCCHCCCHCCCCCCECCCCC	1
1110	6.136	7.953	8.974	33	535	12.1	15.2	CCEHECEHCCCCCCCHCCCCHCCCCCCECECCC	1
1111	6.102	7.960	8.226	33	535	12.1	9.1	CCEHECEHCCCCCCCCHCCCHCCCCCCCCCCCC	1
1112	6.031	8.042	9.001	33	535	15.2	9.1	CCEHECEHCCCCCCCCHCCCHCCCCCHCCCCCC	1
1113	6.236	8.109	10.899	33	535	9.1	15.2	CCECECEHCCCCCCCCHCCCHCCCCCCECECCC	1
1114	8.999	7.822	16.368	33	535	15.2	12.1	CCCCCCCHECCHCCHCCCECHECCCCCCCCEHC	0
1115	8.946	7.823	16.002	33	535	15.2	15.2	CCCCCCCHCCEHCCHECCECHECCCCCCCCEHC	0
1116	6.154	8.008	9.374	33	535	6.1	9.1	CCECECEHCCCCCCCCCCCCHCCCCCCCCCCCC	1
1117	6.033	8.046	9.846	33	535	6.1	12.1	CCECECEHCCCCCCCCCCCCHCCCCCCECCCCC	1
1118	8.956	7.859	16.281	33	535	15.2	12.1	CCCCCCCHCCEHCCHECCCCHCCCCCCECCEHC	0
1119	8.910	7.841	16.031	33	535	15.2	12.1	CCCCCCCHCCCHCCHCCCECHECCCCCECCEHC	0
1120	9.038	7.854	16.132	33	535	15.2	9.1	CCCCCCCHCCCHECHCCCECHCCCCCCCCCEHC	0
1121	9.109	7.844	16.832	33	535	15.2	9.1	CCCCCCCHCCEHECHCCCECHCCCCCCCCCCHC	0
1122	6.213	8.038	10.446	33	535	9.1	15.2	CCECECEHCCCCCCCCCCCCHCCCCCCECEHCC	1
1123	6.031	8.173	9.914	33	535	6.1	12.1	CCECECEHCCCCCCCCCCCCHCCCCCCCCECCC	1
1124	6.193	8.025	9.335	33	535	12.1	9.1	CCEHECEHCCCCCCCCHCCCHCCCCCCCCCCCC	1
1125	6.303	8.095	9.266	33	535	9.1	12.1	CCECECEHCCCCCCCCHCCCHCCCCCCECCCCC	1
1126	9.044	7.748	15.954	33	535	15.2	21.2	CCCCCCCHECEHECHCCCECHECCECCCCCEHC	0
1127	9.146	7.855	16.330	33	535	15.2	6.1	CCCCCCCHCCCHCCHCCCECHECCCCCCCCCHC	0
1128	9.005	7.717	16.234	33	535	15.2	9.1	CCCCCCCHCCCHECHECCCCHCCCCCCCCCEHC	0
1129	9.016	7.859	17.015	33	535	15.2	12.1	CCCCCCCHECCHCCHCCCECHECCCCCCCCEHC	0
1130	8.979	7.879	17.266	33	535	15.2	9.1	CCCCCCCHCCCHCCHECCCCHECCCCCCCCEHC	0
1131	9.014	7.827	16.297	33	535	15.2	12.1	CCCCCCCHECCHECHCCCECHECCCCCCCCCHC	0
1132	6.250	8.107	9.048	33	535	9.1	9.1	CCEHECEHCCCCCCCCCCCCHCCCCCCCCCCCC	1
1133	6.129	8.048	9.410	33	535	6.1	9.1	CCECECEHCCCCCCCCHCCCCCCCCCCCCCCCC	1
1134	6.188	7.965	9.417	33	535	12.1	12.1	CCECECEHCCCCCCCCHCCCHCCCCCHECCCCC	1
1135	6.243	8.002	8.941	33	535	6.1	9.1	CCECECEHCCCCCCCCHCCCCCCCCCCCCCCCC	1
1136	8.886	7.891	16.308	33	535	15.2	15.2	CCCCCCCHCCEHCCHCCCECHECCCCCECCEHC	0
1137	8.926	7.857	17.077	33	535	15.2	15.2	CCCCCCCHECCHCCHCCCECHECCCCCECCEHC	0
1138	6.110	8.129	9.582	33	535	9.1	9.1	CCECECCHCCCCCCCCHCCCHCCCCCCECCCCC	1
1139	6.146	8.102	9.607	33	535	15.2	6.1	CCEHECCHCCCCCCCCHCCCHCCHCCCCCCCCC	1
1140	6.029	8.043	9.615	33	535	21.2	6.1	CCEHECCHCCCCCCHCHCCCHCCCCCHCCCHCC	1
1141	6.139	8.146	10.206	33	535	9.1	12.1	CCECECEHCCCCCCCCCCCCHCCCCCCECCHCC	1
1142	6.135	8.034	9.949	33	535	12.1	9.1	CCEHECCHCCCCCCCCCCCCHCCCCCCECCHCC	1
1143	6.132	8.084	9.333	33	535	9.1	12.1	CCECECCHCCCCCCCCHCCCHCCCCCCECECCC	1
1144	6.162	8.119	9.807	33	535	12.1	9.1	CCECECEHCCCCCCCHCCCCHCCCCCCCCCHCC	1
1145	6.001	8.268	11.332	33	535	15.2	12.1	CCECECEHCCCCCCHCHCCCHCCCCHCCCECCC	1
1146	6.086	8.152	11.396	33	535	18.2	9.1	CCEHECCHCCCCCCCCHCCCHCCCCCHECCHCC	1
1147	6.029	8.160	11.311	33	535	9.1	9.1	CCEHECCHCCCCCCCCCCCCCCCCCCCCCEHCC	1
1148	6.122	8.272	11.528	33	535	15.2	6.1	CCEHECCHCCCCCCCCHCCCHCCCCCHCCCCCC	1
1149	6.174	8.281	11.192	33	535	6.1	9.1	CEECCCEHCCCCCCCCCCCCHCCCCCCCCCCCC	1
1150	6.105	8.191	10.399	33	535	6.1	6.1	CCECECCHCCCCCCCCCCCCHCCCCCCCCCCCC	1
1151	6.076	8.148	10.534	33	535	12.1	9.1	CCEHECCHCCCCCCCCHCCCHCCCCCCCCECCC	1
1152	6.134	8.157	10.565	33	535	6.1	12.1	CCECECCHCCHCCCCCCCCCCCCCCCCECECCC	1
1153	6.078	8.153	10.816	33	535	9.1	6.1	CCECECCHCCCCCCCCHCCCHCCCCCCCCCCCC	1
1154	6.142	8.177	10.278	33	535	9.1	6.1	CCECCCCHCCCCCCCCCCCCHCCCCCCCCEHCC	1
1155	6.151	8.106	9.370	33	535	15.2	6.1	CCEHECCHCCCCCCCCCCCCHCCCCHCCCCHCC	1
1156	6.080	8.040	9.221	33	535	6.1	12.1	CCECECCHCCCCCCCCCCCCCCCCCCCECEHCC	1
1157	6.077	8.132	9.270	33	535	12.1	12.1	CCECECEHCCCCCCHCHCCCHCCCCCCECCCCC	1
1158	8.988	7.835	16.210	33	535	15.2	9.1	CCCCCCCHCCEHCCHCCCCCHCCCCCCECCEHC	0
1159	8.969	7.780	15.766	33	535	12.1	9.1	CCCCCCCHCCCHCCHECCCCHECCCCCCCCECC	0
1160	8.978	7.834	16.295	33	535	15.2	6.1	CCCCCCCHCCEHCCHCCCECHCCCCCCCCCCHC	0
1161	9.022	7.820	16.103	33	535	15.2	9.1	CCCCCCCHCCEHCCHCCCECHCCCCCCCCCEHC	0
1162	8.942	7.913	16.363	33	535	15.2	15.2	CCCCCCCHCCEHECHCCCECHECCCCCCCCEHC	0
1163	9.030	7.816	16.544	33	535	15.2	18.2	CCCCCCCHECCHECHCCCECHECCCCCECCEHC	0
1164	8.985	7.838	16.516	33	535	12.1	12.1	CCCCCCCHCCEHECHCCCECHCCCCCCECCCCC	0
1165	9.013	7.894	16.035	33	535	15.2	6.1	CCCCCCCHCCCHCCHECCCCHCCCCCCCCCEHC	0
1166	6.092	8.014	9.822	33	535	9.1	9.1	CCECECCHCCCCCCCCCCCCHCCCCCCECCHCC	1
1167	6.104	8.096	10.096	33	535	6.1	6.1	CCECECCHCCCCCCCHCCCCCCCCCCCCCCCCC	1
1168	8.908	7.857	16.817	33	535	15.2	12.1	CECCCCCHCCEHCCHECCCCHCCCCCCCCCEHC	0
1169	8.966	7.788	16.459	33	535	15.2	9.1	CCCCCCCHCCEHCCHCCCECHCCCCCCCCCEHC	0
1170	6.150	8.040	10.042	33	535	9.1	6.1	CCEHECCHCCCCCCCCCCCCHCCCCCCCCCCCC	1
1171	6.134	8.106	10.088	33	535	9.1	9.1	CCECECCHCCCCCCCCCCCCHCCCCCCECCHCC	1
1172	6.170	8.270	9.297	33	535	9.1	6.1	CCECECCHCCCCCCCCHCCCHCCCCCCCCCCCC	1
1173	6.033	8.247	9.920	33	535	6.1	6.1	CCECECCHCCCCCCCCCCCCHCCCCCCCCCCCC	1
1174	6.339	8.236	11.051	33	535	6.1	6.1	CCECECCHCCCCCCCCCCCCHCCCCCCCCCCCC	1
1175	6.152	8.224	10.451	33	535	9.1	12.1	CCECECCHCCCCCCCCHCCCHCCCCCCECECCC	1
1176	6.084	8.268	10.651	33	535	12.1	6.1	CCEHECCHCCCCCCCCHCCCHCCCCCCCCCCCC	1
1177	6.208	8.254	11.198	33	535	21.2	6.1	CCEHECCHCCCCCCHHCCCCHCCCCHCCCCHCC	1
1178	8.939	7.787	16.010	33	535	15.2	15.2	CCCCCCCHCCEHCCHECCECHCCCCCCECCEHC	0
1179	8.957	7.787	16.435	33	535	12.1	9.1	CCCCCCCHCCCHCCHCCCECHECCCCCCCCECC	0
1180	6.175	8.257	10.872	33	535	9.1	6.1	CCEHECCHCCCCCCCCHCCCCCCCCCCCCCCCC	1
1181	6.277	8.220	10.016	33	535	12.1	9.1	CCECECCHCCCCCCCCHCCCHCCCCCCCCEHCC	1
1182	6.215	8.059	9.994	33	535	6.1	9.1	CCECECCHCCCCCCCCCCCCHCCCCCCECCCCC	1
1183	6.205	8.090	9.596	33	535	9.1	3.0	CCECCCCHCCCCCCCCHCCCHCCCCCCCCCCCC	1
1184	8.927	7.861	16.443	33	535	15.2	12.1	CCCCCCCHCCEHCCHCCCECHECCCCCECCCHC	0
1185	9.059	7.855	15.766	33	535	15.2	9.1	CCCCCCCHCCEHCCHECCECHCCCCCCCCCCHC	0
1186	6.265	8.182	10.222	33	535	12.1	6.1	CCECECCHCCCCCCHCCCCCHCCCCCCCCCHCC	1
1187	6.312	8.155	9.602	33	535	6.1	6.1	CCECECCHCCCCCCCCCCCCHCCCCCCCCCCCC	1
1188	8.961	7.838	16.721	33	535	15.2	6.1	CCCCCCCHECCHECHCCCCCHCCCCCCCCCCHC	0
1189	8.988	7.850	16.190	33	535	15.2	3.0	CCCCCCCHCCCHCCHCCCCCHCCCCCCCCCEHC	0
1190	6.324	8.085	9.467	33	535	9.1	6.1	CCECECCHCCCCCCHHCCCCCCCCCCCCCCCCC	1
1191	6.121	8.087	9.442	33	535	18.2	9.1	CCECECEHCCCCHCCCHCCCHCCCCCHCCCHCC	1
1192	8.959	7.833	15.583	33	535	12.1	9.1	CCCCCCCHCCEHCCHCCCECHCCCCCCCCCECC	0
1193	8.951	7.847	16.299	33	535	15.2	9.1	CCCCCCCHCCEHCCHCCCECHCCCCCCCCCEHC	0
1194	6.302	8.146	9.454	33	535	6.1	9.1	CCECECCHCCCCCCCCHCCCCCCCCCCECCCCC	1
1195	6.377	8.063	8.727	33	535	12.1	12.1	CCECECEHCCCCCCCHCCCCHCCCCCHCCECCC	1
1196	9.042	7.846	16.577	33	535	15.2	15.2	CCCCCCCHCCEHECHECCECHCCCCCCCCCEHC	0
1197	9.055	7.809	16.034	33	535	12.1	18.2	CCCCCCCHCCEHECHECCECHCCCCCCECCECC	0
1198	6.244	8.125	10.129	33	535	15.2	6.1	CCEHECCHCCCCCCCCHCCCHCCCCCHCCCCCC	1
1199	6.306	8.093	9.468	33	535	9.1	9.1	CCECECCHCCCCCCCCCCCCHCCCCCCECCHCC	1
1200	6.116	8.168	9.673	33	535	6.1	12.1	CCECECCHCCCCCCCCCCCCHCCCCCCECECCC	1
1201	6.141	8.084	9.809	33	535	12.1	6.1	CCECECCHCCCCCCCCHCCCHCCCCCCCCCHCC	1
1202	6.143	8.214	8.844	33	535	9.1	6.1	CCECCCEHCCCCCCCCHCCCHCCCCCCCCCCCC	1
1203	6.257	8.250	9.533	33	535	6.1	9.1	CCECECCHCCCCCCCCCCCCHCCCCCCCCECCC	1
1204	6.202	8.130	10.051	33	535	9.1	9.1	CCECECCHCCCCCCCCCCCCHCCCCCHCCECCC	1
1205	6.183	8.073	9.472	33	535	12.1	9.1	CCECECEHCCCCCCCCCCCCHCCCCCHCCCHCC	1
1206	6.321	8.143	9.697	33	535	3.0	6.1	CCECECCHCCCCCCCCCCCCCCCCCCCCCCCCC	1
1207	6.303	8.023	9.546	33	535	12.1	12.1	CCEHECCHCCCCCCCCHCCCHCCCCCCECECCC	1
1208	9.012	7.822	15.316	33	535	15.2	15.2	CCCCCCCHECCHCCHECCECHECCCCCCCCEHC	0
1209	9.045	7.985	16.866	33	535	12.1	12.1	CCCCCCCHCCEHCCHCCCECHECCCCCECCCCC	0
1210	9.038	7.874	16.222	33	535	15.2	12.1	CCCCCCCHCCEHECHCCCECHCCCCCCCCCEHC	0
1211	8.846	7.818	15.970	33	535	15.2	9.1	CCCCCCCHCCEHECHCCCCCHCCCCCCCCCEHC	0
1212	8.909	7.871	16.018	33	535	15.2	15.2	CCCCCCCHCCEHECHECCCCHECCCCCCCCEHC	0
1213	8.973	7.865	16.139	33	535	15.2	12.1	CCCCCCCHCCEHCCHCCCECHECCCCCCCCEHC	0
1214	6.419	8.069	8.773	33	535	6.1	12.1	CCECECCHCCCCCCCCCCCCHCCCCCCECECCC	1
1215	6.419	8.132	9.571	33	535	9.1	9.1	CCECECCHCCCCCCCCHCCCHCCCCCCCCECCC	1
1216	6.390	8.072	9.233	33	535	6.1	12.1	CCECECCHCCCCCCCCCCCCHCCCCCCECECCC	1
1217	6.276	8.091	9.816	33	535	9.1	6.1	CCECECCHCCCCCCCCCCCCHCCCCCCCCCHCC	1
1218	8.988	7.811	15.799	33	535	15.2	15.2	CCCCCCCHECCHCCHECCECHECCCCCCCCEHC	0
1219	9.047	7.810	16.485	33	535	9.1	12.1	CCCCCCCHECCCCCHCCCECHECCCCCCCCECC	0
1220	8.996	7.835	16.272	33	535	15.2	9.1	CCCCCCCHCCCHCCHECCECHCCCCCCCCCEHC	0
1221	9.023	7.772	16.182	33	535	15.2	6.1	CCCCCCCHCCCHCCHCCCCCHECCCCCCCCEHC	0
1222	8.959	7.893	16.823	33	535	12.1	12.1	CCCCCCCHCCEHCCHECCECHCCCCCCCCCECC	0
1223	9.036	7.804	16.692	33	535	15.2	12.1	CCCCCCCHECEHCCHECCECHCCCCCCCCCCHC	0
1224	6.201	8.103	9.518	33	535	6.1	3.0	CCECCCCHCCCCCCCCCCCCHCCCCCCCCCCCC	1
1225	6.261	8.140	9.621	33	535	6.1	12.1	CCECECCHCCCCCCCCCCCCHCCCCCCECECCC	1
1226	8.967	7.826	16.049	33	535	15.2	6.1	CCCCCCCHECEHCCHCCCCCHCCCCCCCCCCHC	0
1227	8.923	7.873	15.950	33	535	12.1	9.1	CCCCCCCHCCEHCCHCCCECHCCCCCCCCCECC	0
1228	6.213	8.188	9.692	33	535	12.1	6.1	CCECECCHCCCCCCCCHCCCHCCCCCCCCCHCC	1
1229	6.230	8.117	10.095	33	535	6.1	6.1	CCECECCHCCCCCCCCCCCCHCCCCCCCCCCCC	1
1230	8.943	7.908	16.411	33	535	12.1	9.1	CCCCCCCHCCEHCCHECCCCHECCCCCCCCCCC	0
1231	8.970	7.873	15.857	33	535	12.1	6.1	CCCCCCCHCCCHCCHCCCECHCCCCCCCCCECC	0
1232	8.969	7.853	15.989	33	535	15.2	15.2	CCCCCCCHCCEHCCHCCCECHECCCCCECCEHC	0
1233	9.005	8.001	16.350	33	535	12.1	12.1	CCCCCCCCECEHECHCCCCCHCCCCCCCCCEHC	0
1234	6.194	8.244	9.217	33	535	9.1	12.1	CCECECEHCCCCCCCCHCCCHCCCCCCECCCCC	1
1235	6.236	8.269	10.122	33	535	9.1	12.1	CCECECEHCCCCCCCCHCCCHCCCCCCECCCCC	1
1236	6.201	8.027	9.244	33	535	9.1	9.1	CCECECCHCCCCCCCCHCCCHCCCCCCECCCCC	1
1237	6.203	7.967	8.834	33	535	9.1	9.1	CCECECEHCCCCCCCCHCCCHCCCCCCCCCCCC	1
1238	8.988	7.833	15.719	33	535	15.2	6.1	CCCCCCCHCCCHCCHCCCCCHECCCCCCCCEHC	0
1239	8.934	7.877	15.897	33	535	15.2	6.1	CCCCCCCHCCEHCCHCCCCCHCCCCCCCCCEHC	0
1240	8.995	7.862	16.284	33	535	15.2	12.1	CCCCCCCHCCCHCCHECCECHECCCCCCCCEHC	0
1241	8.997	7.888	16.073	33	535	15.2	12.1	CCCCCCCHCCEHCCHCCCECHECCCCCCCCEHC	0
1242	8.934	7.774	16.126	33	535	15.2	15.2	CCCCCCCHCCEHCCHECCECHECCCCCCCCEHC	0
1243	9.006	7.930	15.888	33	535	12.1	15.2	CCCCCCCHCCEHECHCCCECHCCCCCCECCECC	0
1244	6.380	8.081	10.021	33	535	9.1	9.1	CCECECCHCCCCCCHCCCCCHCCCCCCECCCCC	1
1245	6.347	8.141	8.902	33	535	9.1	9.1	CCECECCHCCCCCCCCHCCCHCCCCCCECCCCC	1
1246	6.363	8.173	10.269	33	535	6.1	9.1	CCECECCCCCCCCCCCCCCCHCCCCCHECCCCC	1
1247	6.311	8.205	10.033	33	535	12.1	9.1	CCECECCHCCCCCCCCHCCCHCCCCCCECCHCC	1
1248	6.206	8.117	9.535	33	535	15.2	12.1	CEECECCHCCCCCCHCCCCCHCCCCCHECCHCC	1
1249	6.178	8.279	11.023	33	535	9.1	9.1	CCECECCHCCCCCCCCHCCCHCCCCCCECCCCC	1
1250	8.807	7.962	16.292	33	535	12.1	18.2	CCCCCCCHCCEHECHECCECHECCCCCCCCECC	0
1251	8.947	7.914	16.551	33	535	15.2	6.1	CCCCCCCHCCCHCCHCCCCCHECCCCCCCCEHC	0
1252	8.922	7.805	16.447	33	535	12.1	6.1	CCCCCCCHCCCHECHCCCECHCCCCCCCCCCCC	0
1253	8.893	7.893	16.368	33	535	15.2	9.1	CCCCCCCHCCEHCCHCCCECHCCCCCCCCCEHC	0
1254	6.344	8.265	10.561	33	535	12.1	6.1	CCECECCHCCCCCCCCHCCCHCCCCCCCCCHCC	1
1255	6.307	8.235	8.945	33	535	6.1	9.1	CCECECEHCCCCCCCCCCCCHCCCCCCCCCCCC	1
1256	9.019	7.830	16.601	33	535	15.2	12.1	CCCCCCCHCCCHECHCCCECHCCCCCCECCEHC	0
1257	8.858	7.863	16.099	33	535	15.2	6.1	CCCCCCCHCCCHCCHCCCCCHECCCCCCCCEHC	0
1258	8.976	7.898	16.386	33	535	15.2	15.2	CCCCCCCHCCEHCCHECCECHECCCCCCCCEHC	0
1259	9.104	7.841	16.062	33	535	15.2	12.1	CCCCCCCHECEHCCHCCCECHCCCCCCCCCEHC	0
1260	9.101	7.854	16.146	33	535	15.2	6.1	CCCCCCCHCCCHCCHCCCECHCCCCCCCCCEHC	0
1261	9.079	7.814	16.620	33	535	15.2	6.1	CCCCCCCHCCCHCCHCCCECHECCCCCCCCCHC	0
1262	9.029	7.866	16.817	33	535	15.2	12.1	CCCCCCCHCCEHECHCCCECHECCCCCCCCCHC	0
1263	9.046	7.840	16.444	33	535	15.2	9.1	CCCCCCCHCCEHCCHCCCCCHCCCCCCECCEHC	0
1264	6.246	8.154	9.730	33	535	9.1	9.1	CCECECCHCCCCCCCCHCCCHCCCCCCECCCCC	1
1265	6.170	8.233	9.545	33	535	12.1	9.1	CCECECCHCCCCCCCCHCCCHCCCCCHCCECCC	1
1266	6.062	8.202	9.996	33	535	12.1	6.1	CCEHECCHCCCCCCCCCCCCHCCCCCHCCCCCC	1
1267	6.136	8.240	9.762	33	535	12.1	9.1	CCECECCHCCCCCCCCCCCCHCCCCCHCCEHCC	1
1268	6.133	8.038	9.416	33	535	15.2	9.1	CCEHECEHCCCCCCCCHCCCHCCCCCCCCCHCC	1
1269	6.270	8.021	9.467	33	535	9.1	6.1	CCECECCHCCCCCCHCCCCCHCCCCCCCCCCCC	1
1270	6.089	8.126	9.692	33	535	12.1	9.1	CCECECCHCCCCCCCCCCCCHCCCCCHECCHCC	1
1271	6.152	8.132	8.875	33	535	18.2	6.1	CCEHECCHCCCCCCCCHCCCHCCCCCHCCCHCC	1
1272	8.981	7.844	16.080	33	535	15.2	15.2	CCCCCECHCCEHCCHECCECHCCCCCCCCCEHC	0
1273	9.044	7.897	16.151	33	535	15.2	15.2	CCCCCCCHECEHCCHCCCECHECCCCCCCCEHC	0
1274	9.028	7.850	16.068	33	535	15.2	3.0	CCCCCCCHCCCHCCHCCCECHCCCCCCCCCCHC	0
1275	9.016	7.874	16.337	33	535	15.2	9.1	CCCCCCCHCCEHCCHECCCCHCCCCCCCCCEHC	0
1276	9.067	7.885	16.134	33	535	15.2	9.1	CCCCCCCHCCEHCCHCCCECHECCCCCCCCCHC	0
1277	9.031	7.907	16.928	33	535	15.2	12.1	CCCCCECHCCEHCCHCCCECHECCCCCCCCCHC	0
1278	9.002	7.885	16.160	33	535	15.2	9.1	CCCCCCCHCCEHCCHECCECHCCCCCCCCCCHC	0
1279	8.891	7.917	16.054	33	535	15.2	6.1	CCCCCCCHCCCHECHCCCCCHCCCCCCCCCEHC	0
1280	8.954	7.867	16.669	33	535	15.2	6.1	CCCCCCCHCCEHCCHCCCCCHCCCCCCCCCEHC	0
1281	8.977	7.850	16.529	33	535	15.2	6.1	CCCCCCCHCCCHCCHCCCECHCCCCCCCCCEHC	0
1282	6.153	8.166	10.764	33	535	12.1	6.1	CCECECCHCCCCCCCCHCCCHCCCCCCCCCHCC	1
1283	6.212	8.152	10.724	33	535	15.2	6.1	CCEHECCHCCCCCCCCCCCCHCCCCCHCCCHCC	1
1284	6.138	8.133	9.231	33	535	18.2	6.1	CCEHECCHCCHCCCCCHCCCHCCCCCCCCCHCC	1
1285	6.219	8.294	10.010	33	535	6.1	9.1	CCECECEHCCCCCCCCCCCCHCCCCCCCCCCCC	1
1286	6.207	8.227	9.174	33	535	15.2	9.1	CCEHECCHCCCCCCCCHCCCHCCCCCCECCHCC	1
1287	6.038	8.222	8.878	33	535	9.1	9.1	CCEHECEHCCCCCCCCCCCCHCCCCCCCCCCCC	1
1288	6.181	8.295	10.250	33	535	15.2	6.1	CCEHECCHCCCCCCCCHCCCHCCCCHCCCCCCC	1
1289	6.197	8.373	11.642	33	535	12.1	9.1	CCECECCHCCCCCCCCHCCCCCCCCCHCCEHCC	1
1290	9.069	7.916	16.440	33	535	12.1	15.2	CCCCCCCHCCEHCCHECCECHCCCCCCECCECC	0
1291	8.964	7.897	16.442	33	535	15.2	9.1	CCCCCCCHCCEHCCHECCECHCCCCCCCCCCHC	0
1292	8.957	7.938	16.175	33	535	15.2	18.2	CCCCCCCHECEHCCHCCCECHECCCCCECCEHC	0
1293	8.952	7.897	16.209	33	535	15.2	15.2	CCCCCCCHCCEHECHCCCECHECCCCCCCCEHC	0
1294	6.095	8.311	9.852	33	535	6.1	9.1	CCECECEHCCCCCCCCHCCCCCCCCCCCCCCCC	1
1295	5.961	8.248	8.827	33	535	12.1	9.1	CEECECCHCCCCCCCHCCCCHCCCCCCCCCHCC	1
1296	5.983	8.207	10.056	33	535	6.1	9.1	CCECECEHCCCCCCCCCCCCHCCCCCCCCCCCC	1
1297	6.001	8.300	9.043	33	535	9.1	9.1	CCECECEHCCCCCCCCHCCCHCCCCCCCCCCCC	1
1298	6.109	8.195	9.603	33	535	15.2	9.1	CCECECEHCCHCCCCCCCCCHCCCCHCCCCHCC	1
1299	6.102	8.254	10.531	33	535	9.1	9.1	CEECECCHCCCCCCCCCCCCHCCCCCCCCCHCC	1
1300	6.205	8.281	10.591	33	535	15.2	12.1	CEEHECCHCCCCCCHCCCCCHCCCCCCECCHCC	1
1301	6.190	8.208	10.482	33	535	15.2	9.1	CCEHECEHCCCCCCCCCCCCHCCCCCHCCCHCC	1
1302	9.016	7.914	16.543	33	535	15.2	15.2	CCCCCCCHCCCHECHECCECHECCCCCCCCEHC	0
1303	9.138	7.994	16.851	33	535	15.2	15.2	CECCCCCHCCEHECHCCCECHCCCCCCCCCEHC	0
1304	6.133	8.249	9.885	33	535	6.1	12.1	CCECECCHCCCCCCCCCCCCHCCCCCCECECCC	1
1305	6.203	8.133	9.908	33	535	9.1	6.1	CCECECCHCCCCCCCCCCCCHCCCCCCCCCHCC	1
1306	9.058	7.906	15.978	33	535	15.2	12.1	CCCCCCCHCCEHECHCCCECHCCCCCCCCCEHC	0
1307	8.953	7.910	16.842	33	535	15.2	18.2	CCCCCCCHCCEHECHECCCCHECCCCCECCEHC	0
1308	6.297	8.162	10.008	33	535	15.2	9.1	CCEHECCHCCCCCCCCHCCCHCCCCCCECCHCC	1
1309	6.347	8.133	10.625	33	535	9.1	9.1	CCECECCHCCCCCCCCHCCCHCCCCCCECCCCC	1
1310	9.099	7.948	16.148	33	535	15.2	3.0	CCCCCCCHCCCHCCHCCCCCHECCCCCCCCCHC	0
1311	8.974	7.919	16.443	33	535	15.2	18.2	CCCCCCCHECEHECHCCCECHECCCCCECCCHC	0
1312	8.969	7.901	16.004	33	535	15.2	3.0	CCCCCCCHCCCHCCHCCCCCHCCCCCCCCCEHC	0
1313	8.988	7.847	16.161	33	535	12.1	6.1	CCCCCCCHCCEHECHCCCCCHCCCCCCCCCCCC	0
1314	9.044	7.910	16.163	33	535	12.1	3.0	CCCCCCCHCCCHCCHCCCCCHCCCCCCCCCECC	0
1315	8.980	7.944	16.676	33	535	12.1	6.1	CCCCCCCHCCEHCCHCCCCCHCCCCCCCCCECC	0
1316	8.966	7.896	16.255	33	535	15.2	15.2	CCCCCCCHECEHCCHECCCCHECCCCCCCCEHC	0
1317	9.016	7.903	16.238	33	535	15.2	9.1	CCCCCCCHCCCHECHECCCCHCCCCCCCCCEHC	0
1318	8.921	7.859	16.794	33	535	15.2	9.1	CCCCCCCHCCEHCCHCCCCCHECCCCCCCCEHC	0
1319	8.875	7.929	16.725	33	535	15.2	6.1	CCCCCCCHCCEHCCHCCCCCHECCCCCCCCCHC	0
1320	6.190	8.103	9.570	33	535	12.1	6.1	CCECECCHCCCCCCHCCCCCHCCCCCCCCCHCC	1
1321	6.220	8.166	10.034	33	535	9.1	6.1	CCECECCHCCCCCCCCCCCCHCCCCCCCCCHCC	1
1322	6.258	8.156	10.032	33	535	9.1	9.1	CCEHECCHCCCCCCCCCCCCHCCCCCCECCCCC	1
1323	6.142	8.120	9.973	33	535	12.1	9.1	CCEHECCHCCCCCCCHCCCCHCCCCCCCCECCC	1
1324	6.256	8.137	10.439	33	535	6.1	6.1	CCECECCHCCCCCCCCCCCCCCCCCCCCCCHCC	1
1325	6.193	8.067	10.521	33	535	9.1	9.1	CCECECCHCCCCCCCCCCCCHCCCCCCCCEHCC	1
1326	8.931	7.896	15.686	33	535	15.2	6.1	CCCCCCCHCCEHCCHCCCCCHCCCCCCCCCEHC	0
1327	8.874	7.869	15.838	33	535	15.2	6.1	CCCCCCCHCCCHECHCCCCCHCCCCCCCCCEHC	0
1328	8.984	7.957	16.728	33	535	15.2	9.1	CCCCCCCHCCEHCCHCCCCCHECCCCCCCCEHC	0
1329	8.922	7.910	16.060	33	535	15.2	6.1	CCCCCCCHCCCHCCHCCCCCHECCCCCCCCEHC	0
1330	8.917	7.951	16.463	33	535	15.2	6.1	CCCCCCCHCCEHECHCCCCCHCCCCCCCCCCHC	0
1331	8.891	7.933	16.439	33	535	15.2	6.1	CCCCCCCHCCCHECHECCCCHCCCCCCCCCCHC	0
1332	8.880	7.875	15.740	33	535	12.1	9.1	CCCCCCCHCCEHECCCCCCCHCCCCCCCCCEHC	0
1333	8.933	7.918	16.556	33	535	12.1	15.2	CCCCCCCHCCEHECHCCCCCHECCCCCECCECC	0
1334	8.970	7.900	16.085	33	535	15.2	12.1	CCCCCCCHCCEHECHCCCCCHECCCCCCCCEHC	0
1335	8.952	7.919	16.508	33	535	15.2	6.1	CCCCCCCHCCEHCCHCCCCCHCCCCCCCCCEHC	0
1336	8.921	7.898	16.168	33	535	15.2	3.0	CCCCCCCHCCCHCCHCCCCCHCCCCCCCCCEHC	0
1337	8.921	7.857	16.160	33	535	15.2	6.1	CCCCCCCHECEHCCHCCCCCHCCCCCCCCCCHC	0
1338	6.155	8.254	10.871	33	535	12.1	9.1	CCECECCHCCCCCCCHCCCCHCCCCCCECCHCC	1
1339	6.158	8.287	11.142	33	535	12.1	6.1	CCECECCHCCCCCCCCHCCCHCCCCCCCCCHCC	1
1340	6.203	8.096	10.034	33	535	12.1	6.1	CCECECCHCCHCCCCCCCCCHCCCCCCCCCHCC	1
1341	6.173	8.140	9.958	33	535	12.1	6.1	CCECECCHCCCCCCCCCCCCHCCCCCHCCCHCC	1
1342	6.322	8.102	9.660	33	535	12.1	9.1	CCECECCHCCCCCCCCCCCCHCCCCHCCCEHCC	1
1343	6.289	8.207	9.213	33	535	12.1	6.1	CCECECCHCCCCCCHCCCCCHCCCCHCCCCCCC	1
1344	9.007	7.885	16.216	33	535	15.2	6.1	CCCCCCCHCCEHCCHCCCCCHECCCCCCCCCHC	0
1345	8.938	7.881	15.649	33	535	15.2	9.1	CCCCCCCHCCCHECHECCCCHCCCCCCECCCHC	0
1346	8.930	7.857	15.999	33	535	15.2	9.1	CCCCCCCHCCCHCCHECCCCHCCCCCCECCEHC	0
1347	9.005	7.784	16.239	33	535	15.2	9.1	CCCCCCCHCCEHCCHCCCCCHECCCCCCCCEHC	0
1348	6.189	8.195	9.012	33	535	12.1	9.1	CCECECCHCCCCCCHHCCCCHCCCCCCCCECCC	1
1349	6.175	8.150	10.131	33	535	6.1	6.1	CCECECCHCCCCCCCCCCCCHCCCCCCCCCCCC	1
1350	6.202	8.269	10.051	33	535	12.1	9.1	CCECECCHCCCCCCHCHCCCHCCCCCCECCCCC	1
1351	6.280	8.161	10.161	33	535	12.1	6.1	CCECECCHCCCCCCHHCCCCHCCCCCCCCCCCC	1
1352	9.089	7.874	16.117	33	535	15.2	12.1	CCCCCCCHECEHECHCCCCCHCCCCCCCCCEHC	0
1353	9.050	7.906	16.538	33	535	15.2	6.1	CCCCCCCHECCHCCHCCCCCHCCCCCCCCCEHC	0
1354	6.308	8.247	10.953	33	535	9.1	12.1	CCECECEHCCCCCCHCCCCCHCCCCCCECCCCC	1
1355	6.246	8.154	11.408	33	535	12.1	9.1	CCECECCHCCCCCCCCHCCCHCCHCCCCCECCC	1
1356	8.947	7.852	15.486	33	535	15.2	9.1	CCCCCCCHCCCHECHCCCCCHECCCCCCCCEHC	0
1357	8.976	7.940	16.502	33	535	15.2	9.1	CCCCCCCHCCEHCCHECCCCHCCCCCCCCCEHC	0
1358	8.890	7.870	16.208	33	535	15.2	9.1	CCCCCCCHCCEHECHCCCCCHECCCCCCCCCHC	0
1359	8.823	7.888	16.098	33	535	15.2	12.1	CCCCCCCHCCEHCCHECCECHCCCCCCCCCEHC	0
1360	8.948	7.991	15.993	33	535	15.2	6.1	CCCCCCCHCCEHCCHCCCCCHCCCCCCCCCEHC	0
1361	8.784	7.974	16.569	33	535	15.2	15.2	CCCCCCCHCCEHCCHECCCCHECCCCCECCEHC	0
1362	6.227	8.240	9.994	33	535	9.1	9.1	CCECECCHCCCCCCCCCCCCHCCCCCCECCHCC	1
1363	6.134	8.016	9.215	33	535	12.1	6.1	CCECECCHCCCCCCCCHCCCHCCCCCHCCCCCC	1
1364	8.939	7.900	16.083	33	535	15.2	9.1	CCCCCCCHCCEHCCHCCCCCHECCCCCCCCEHC	0
1365	8.979	7.968	16.375	33	535	15.2	9.1	CCCCCCCHECEHCCHCCCCCHCCCCCCCCCEHC	0
1366	8.865	7.902	16.314	33	535	15.2	6.1	CECCCCCHCCCHCCHCCCCCHCCCCCCCCCEHC	0
1367	8.907	7.920	16.535	33	535	15.2	9.1	CCCCCCCHECCHCCHCCCCCHCCCCCCECCEHC	0
1368	8.932	7.861	15.915	33	535	12.1	3.0	CCCCCCCHCCCHCCHCCCCCHCCCCCCCCCECC	0
1369	8.840	7.830	16.702	33	535	15.2	9.1	CCCCCCCHCCEHECHCCCCCHCCCCCCCCCEHC	0
1370	6.355	8.176	9.967	33	535	6.1	9.1	CCECECCHCCCCCCCCCCCCHCCCCCCECCCCC	1
1371	6.328	8.202	10.448	33	535	9.1	12.1	CCECECEHCCCCCCHCCCCCHCCCCCCCCECCC	1
1372	8.959	7.851	16.460	33	535	15.2	9.1	CCCCCCCHCCEHCCHECCCCHCCCCCCCCCEHC	0
1373	8.966	7.826	16.173	33	535	15.2	12.1	CCCCCCCHCCEHECHCCCCCHECCCCCCCCEHC	0
1374	8.986	7.837	16.851	33	535	15.2	6.1	CCCCCCCHECCHCCHCCCCCHCCCCCCCCCEHC	0
1375	8.822	7.941	16.118	33	535	15.2	12.1	CCCCCCCHCCEHECHCCCCCHCCCCCCECCEHC	0
1376	6.302	8.173	10.271	33	535	9.1	12.1	CCECECCHCCCCCCHCCCCCHCCCCCCECECCC	1
1377	6.249	8.188	10.441	33	535	9.1	9.1	CCECECEHCCCCCCCCHCCCHCCCCCCCCCCCC	1
1378	8.925	7.925	16.230	33	535	12.1	9.1	CCCCCCCHCCEHECHCCCCCHCCCCCCCCCECC	0
1379	8.883	7.895	15.470	33	535	15.2	6.1	CCCCCCCHCCCHECHCCCCCHCCCCCCCCCEHC	0
1380	6.170	8.251	11.952	33	535	9.1	12.1	CCEHECEHCCCCCCCCCCCCHCCCCCCECCCCC	1
1381	6.206	8.294	12.273	33	535	15.2	9.1	CCEHECCHCCCCCCCCHCCCHCCCCCCECCHCC	1
1382	6.156	8.325	12.401	33	535	15.2	12.1	CCEHECEHCCCCCCCCHCCCHCCCCCHCCECCC	1
1383	6.185	8.305	11.959	33	535	12.1	15.2	CCECECEHCCCCCCCCHCCCHCCCCCHECECCC	1
1384	6.243	8.307	11.890	33	535	9.1	12.1	CCECECCHCCCCCCCCCCCCHCCCCCHECECCC	1
1385	6.145	8.396	13.112	33	535	15.2	6.1	CCEHECCHCCCCCCCCHCCCHCCCCCHCCCCCC	1
1386	8.935	7.910	14.849	33	535	15.2	6.1	CCCCCCCHCCCHCCHECCCCHCCCCCCCCCEHC	0
1387	9.017	7.837	16.023	33	535	15.2	0.0	CCCCCCCHCCCHCCHCCCCCHCCCCCCCCCCHC	0
1388	6.172	8.150	10.222	33	535	12.1	9.1	CEEHECCHCCCCCCCCHCCCHCCCCCCCCCCCC	1
1389	6.060	8.121	9.051	33	535	15.2	12.1	CCEHECCHCCCCCCCCCCCCHCCCCCHECEHCC	1
1390	6.096	8.096	9.001	33	535	9.1	9.1	CCECECCHCCCCCCCCHCCCHCCCCCCECCCCC	1
1391	6.266	8.094	9.709	33	535	9.1	9.1	CCECECCHCCHCCCCCCCCCHCCCCCCCCECCC	1
1392	9.028	7.865	16.125	33	535	15.2	18.2	CECCCCCHCCEHECHCCCCCHECCCCCECCEHC	0
1393	8.986	7.979	16.423	33	535	15.2	12.1	CCCCCCCHCCCHCCHECCCCHECCCCCECCEHC	0
1394	8.933	7.892	16.584	33	535	18.2	12.1	CCCCCCCHCCEHECHECCCCHCCHCCCCCCEHC	0
1395	8.879	7.893	16.702	33	535	18.2	6.1	CCCCCCCHCCEHCCHCCCCCHCCHCCCCCCEHC	0
1396	6.343	8.214	9.617	33	535	6.1	6.1	CCECECCHCCCCCCCCCCCCHCCCCCCCCCCCC	1
1397	6.204	8.287	9.185	33	535	9.1	9.1	CCECECCHCCCCCCCCHCCCHCCCCCCCCECCC	1
1398	6.347	8.262	10.802	33	535	12.1	6.1	CCECECCHCCCCCCCCHCCCHCCCCCCCCCHCC	1
1399	6.421	8.236	11.439	33	535	9.1	6.1	CCEHECCHCCCCCCCCCCCCHCCCCCCCCCCCC	1
1400	6.320	8.228	10.486	33	535	9.1	15.2	CCECECEHCCCCCCCCHCCCHCCCCCCECECCC	1
1401	6.323	8.192	10.285	33	535	15.2	9.1	CCEHECCHCCCCCCHCCCCCHCCCCCHCCECCC	1
1402	9.010	7.911	15.939	33	535	15.2	12.1	CCCCCCCHCCCHECHECCCCHECCCCCCCCEHC	0
1403	8.893	7.914	16.808	33	535	15.2	9.1	CCCCCCCHCCEHCCHCCCCCHECCCCCCCCEHC	0
1404	8.976	7.885	16.192	33	535	15.2	9.1	CCCCCCCHCCEHCCHECCCCHCCCCCCCCCEHC	0
1405	8.868	7.812	16.699	33	535	15.2	9.1	CCCCCCCHCCEHCCHECCCCHCCCCCCCCCEHC	0
1406	8.984	7.862	15.696	33	535	15.2	6.1	CCCCCCCHCCCHECHCCCCCHCCCCCCCCCEHC	0
1407	8.980	7.877	16.043	33	535	15.2	6.1	CCCCCCCHCCCHCCHCCCCCHECCCCCCCCEHC	0
1408	8.901	7.882	16.397	33	535	15.2	3.0	CCCCCCCHCCCHCCHECCCCHCCCCCCCCCCHC	0
1409	8.914	7.929	16.333	33	535	12.1	6.1	CCCCCCCHCCEHCCHCCCCCHCCCCCCCCCECC	0
1410	9.101	7.901	16.276	33	535	12.1	3.0	CCCCCCCHECCCCCHCCCCCHCCCCCCCCCCHC	0
1411	8.863	7.882	15.028	33	535	15.2	3.0	CCCCCCCHCCCHCCHCCCCCHECCCCCCCCCHC	0
1412	6.137	8.248	9.430	33	535	6.1	9.1	CCECECCHCCCCCCHCCCCCCCCCCCCECCCCC	1
1413	6.287	8.189	8.620	33	535	6.1	15.2	CEECECCHCCCCCCCCCCCCHCCCCCCECECCC	1
1414	9.022	7.898	16.231	33	535	15.2	6.1	CCCCCCCHCCCHECHCCCCCHCCCCCCCCCEHC	0
1415	8.993	7.918	15.890	33	535	15.2	6.1	CCCCCCCHCCEHCCHECCCCHCCCCCCCCCCHC	0
1416	6.397	8.189	9.354	33	535	12.1	9.1	CEEHECCHCCCCCCCCHCCCHCCCCCCCCCCCC	1
1417	6.470	8.076	10.307	33	535	15.2	9.1	CCEHECCHCCCCCCHCHCCCHCCCCCCECCCCC	1
1418	8.979	7.918	16.491	33	535	15.2	3.0	CCCCCCCHCCCHCCHCCCCCHCCCCCCCCCEHC	0
1419	9.055	7.894	15.887	33	535	15.2	6.1	CCCCCCCHCCCHCCHCCCCCHECCCCCCCCEHC	0
1420	8.981	7.855	15.984	33	535	12.1	15.2	CCCCCCCHECEHECHCCCCCHCCCCCCECCECC	0
1421	9.036	7.913	16.600	33	535	15.2	12.1	CCCCCCCHCCEHECHCCCCCHECCCCCCCCEHC	0
1422	6.523	8.032	8.615	33	535	12.1	6.1	CCEHECCHCCCCCCCCHCCCHCCCCCCCCCCCC	1
1423	6.413	8.101	8.830	33	535	12.1	6.1	CCECECCHCCCCCCHCCCCCHCCCCCHCCCCCC	1
1424	8.905	7.956	17.089	33	535	12.1	18.2	CECCCCCHECEHECHECCCCHCCCCCCCCCECC	0
1425	8.813	7.909	16.111	33	535	15.2	12.1	CECCCCCHCCEHECHCCCCCHCCCCCCCCCEHC	0
1426	9.030	7.838	16.338	33	535	15.2	3.0	CCCCCCCHCCCHCCHCCCCCHCCCCCCCCCEHC	0
1427	9.098	7.977	16.008	33	535	12.1	6.1	CCCCCCCHCCCHECHCCCCCHECCCCCCCCCCC	0
1428	8.994	7.888	15.707	33	535	12.1	9.1	CCCCCCCHCCEHCCHECCCCHCCCCCCECCCCC	0
1429	9.003	7.872	16.133	33	535	15.2	6.1	CCCCCCCHCCCHCCHCCCCCHECCCCCCCCEHC	0
1430	8.992	7.895	16.680	33	535	15.2	12.1	CECCCCCHCCEHECHCCCCCHCCCCCCECCCHC	0
1431	9.031	7.918	16.331	33	535	15.2	3.0	CCCCCCCHCCCHCCHCCCCCHECCCCCCCCCHC	0
1432	6.434	7.986	8.413	33	535	12.1	6.1	CCECECCHCCCCCCCHCCCCHCCCCCHCCCCCC	1
1433	6.450	8.164	8.933	33	535	9.1	9.1	CCECECEHCCCCCCHCCCCCHCCCCCCCCCCCC	1
1434	6.378	8.163	9.545	33	535	9.1	6.1	CCECECCHCCCCCCCCCCCCHCCHCCCCCCCCC	1
1435	6.418	8.125	10.053	33	535	9.1	9.1	CCEHECCHCCCCCCCCCCCCHCCCCCCCCECCC	1
1436	9.020	7.887	15.565	33	535	15.2	6.1	CCCCCCCHCCEHCCHCCCCCHCCCCCCCCCEHC	0
1437	8.889	7.883	16.018	33	535	15.2	3.0	CCCCCCCHCCCHCCHCCCCCHCCCCCCCCCEHC	0
1438	8.922	7.866	15.407	33	535	15.2	6.1	CCCCCCCHCCCHCCHECCCCHCCCCCCCCCEHC	0
1439	8.977	7.892	15.873	33	535	12.1	6.1	CCCCCCCCCCCHCCHCCCCCHCCCCCCECCEHC	0
1440	6.383	8.227	9.380	33	535	9.1	9.1	CEECECCHCCCCCCCCHCCCHCCCCCCCCCCCC	1
1441	6.386	8.136	10.814	33	535	9.1	6.1	CCEHECCHCCCCCCCHCCCCCCCCCCCCCCCCC	1
1442	6.435	8.144	10.081	33	535	9.1	12.1	CCEHECCHCCCCCCCCCCCCHCCCCCCECECCC	1
1443	6.366	8.047	9.115	33	535	6.1	6.1	CCECECCHCCCCCCCCHCCCCCCCCCCCCCCCC	1
1444	8.928	7.934	16.915	33	535	15.2	18.2	CCCCCCCHCCEHECHECCCCHECCCCCECCEHC	0
1445	9.024	7.859	16.203	33	535	15.2	9.1	CCCCCCCHCCCHCCHECCCCHECCCCCCCCEHC	0
1446	8.984	7.870	15.783	33	535	15.2	9.1	CCCCCCCHCCEHCCHCCCCCHCCCCCCECCEHC	0
1447	8.890	7.836	16.096	33	535	15.2	9.1	CCCCCCCHCCEHECHCCCCCHCCCCCCCCCEHC	0
1448	6.433	8.155	10.724	33	535	9.1	6.1	CEECCCCHCCCCCCCCHCCCHCCCCCCCCCCCC	1
1449	6.439	8.247	10.382	33	535	15.2	6.1	CCEHECCHCCCCCCHCHCCCHCCCCCCCCCCCC	1
1450	6.357	8.212	8.555	33	535	6.1	6.1	CCECECCHCCCCCCCCCCCCHCCCCCCCCCCCC	1
1451	6.449	8.124	9.961	33	535	9.1	9.1	CCECECCHCCCCCCCCHCCCHCCCCCCCCECCC	1
1452	6.400	8.058	9.022	33	535	9.1	9.1	CCECECEHCCCCCCHCCCCCHCCCCCCCCCCCC	1
1453	6.494	8.114	8.559	33	535	6.1	9.1	CEECECCHCCCCCCCCCCCCHCCCCCCCCCCCC	1
1454	9.012	7.856	15.700	33	535	15.2	6.1	CCCCCCCHCCEHCCHCCCCCHECCCCCCCCCHC	0
1455	9.112	7.909	16.539	33	535	15.2	15.2	CECCCCCHCCEHECHCCCCCHECCCCCCCCEHC	0
1456	9.051	7.916	16.442	33	535	15.2	3.0	CCCCCCCHCCCHCCHCCCCCHCCCCCCCCCEHC	0
1457	8.974	7.863	16.756	33	535	15.2	9.1	CCCCCCCHECEHCCHCCCCCHCCCCCCCCCEHC	0
1458	6.550	8.169	9.247	33	535	12.1	12.1	CEEHECCHCCCCCCCCCCCCHCCCCCHCCECCC	1
1459	6.531	8.165	9.266	33	535	9.1	18.2	CEEHECEHCCCCCCCCCCCCHCCCCCCECECCC	1
1460	6.377	8.119	9.345	33	535	12.1	6.1	CCEHECCHCCCCCCCCHCCCHCCCCCCCCCCCC	1
1461	6.385	8.162	8.480	33	535	6.1	6.1	CCECECCHCCCCCCCCCCCCHCCCCCCCCCCCC	1
1462	6.482	8.160	9.377	33	535	12.1	6.1	CCECECCHCCCCCCHCCCCCHCCHCCCCCCCCC	1
1463	6.381	8.177	9.529	33	535	12.1	9.1	CCEHECEHCCCCCCCCHCCCHCCCCCCCCCCCC	1
1464	6.465	8.254	9.260	33	535	12.1	9.1	CCEHECCHCCCCCCCCHCCCHCCCCCCECCCCC	1
1465	6.385	8.162	9.720	33	535	15.2	9.1	CCECECCHCCCCHCCCHCCCHCCHCCCECCCCC	1
1466	8.950	7.832	16.263	33	535	15.2	12.1	CCCCCCCHCCEHECHCCCCCHECCCCCCCCEHC	0
1467	8.913	7.940	16.002	33	535	15.2	9.1	CCCCCCCHCCCHCCHECCCCHECCCCCCCCEHC	0
1468	8.984	7.858	16.096	33	535	15.2	0.0	CCCCCCCHCCCHCCHCCCCCHCCCCCCCCCCHC	0
1469	8.896	7.880	16.077	33	535	15.2	12.1	CCCCCCCHCCCHECHCCCCCHECCCCCECCEHC	0
1470	9.039	7.787	16.086	33	535	15.2	9.1	CCCCCCCHCCEHECHCCCCCHCCCCCCCCCEHC	0
1471	9.008	7.851	15.773	33	535	12.1	9.1	CCCCCCCHCCEHECHCCCCCCCCCCCCCCCEHC	0
1472	6.329	8.091	9.382	33	535	15.2	9.1	CCEHECCHCCCCCCCCHCCCHCCCCCHECCCCC	1
1473	6.378	8.120	9.673	33	535	9.1	9.1	CCECECCHCCCCCCCCCCCCHCCHCCCECCCCC	1
1474	8.903	7.915	16.428	33	535	12.1	6.1	CCCCCCCHCCCHCCHCCCCCHCCCCCCECCECC	0
1475	8.964	7.905	16.000	33	535	15.2	15.2	CECCCCCHCCEHCCHECCCCHCCCCCCECCEHC	0
1476	6.532	8.136	9.077	33	535	9.1	6.1	CCECECCHCCCCCCCCHCCCHCCCCCCCCCCCC	1
1477	6.346	8.227	8.965	33	535	6.1	12.1	CCECECCHCCCCCCCCCCCCHCCCCCCECECCC	1
1478	9.007	7.885	16.147	33	535	15.2	6.1	CCCCCCCHCCCHECHCCCCCHCCCCCCCCCEHC	0
1479	8.955	7.911	16.914	33	535	15.2	6.1	CCCCCCCHCCEHCCHCCCCCHCCCCCCCCCEHC	0
1480	6.417	8.205	9.211	33	535	9.1	12.1	CCECECEHCCCCCCHCCCCCHCCCCCCECCCCC	1
1481	6.265	8.076	8.436	33	535	9.1	9.1	CCECECCHCCCCCCCCHCCCHCCCCCCECCCCC	1
1482	8.851	7.905	16.827	33	535	15.2	6.1	CCCCCCCHCCEHCCHCCCCCHCCCCCCCCCEHC	0
1483	8.997	7.858	16.323	33	535	15.2	12.1	CCCCCCCHCCEHECHCCCCCHECCCCCCCCEHC	0
1484	8.937	7.906	16.270	33	535	15.2	6.1	CCCCCCCHCCCHCCHECCCCHECCCCCCCCCHC	0
1485	8.906	7.890	16.344	33	535	15.2	12.1	CCCCCCCHCCEHCCHCCCECHECCCCCCCCEHC	0
1486	8.906	7.851	16.192	33	535	15.2	9.1	CCCCCCCHCCCHCCHECCCCHECCCCCCCCEHC	0
1487	8.920	7.871	16.412	33	535	15.2	15.2	CECCCCCHCCEHECHCCCECHCCCCCCCCCEHC	0
1488	8.909	7.867	16.076	33	535	15.2	9.1	CCCCCCCHCCEHCCHCCCCCHECCCCCCCCEHC	0
1489	8.870	7.876	16.195	33	535	15.2	9.1	CCCCCCCHCCCHCCHECCCCHECCCCCCCCEHC	0
1490	8.908	7.846	16.048	33	535	15.2	6.1	CCCCCCCHCCCHCCHCCCCCHECCCCCCCCEHC	0
1491	8.998	7.853	16.275	33	535	15.2	6.1	CCCCCCCHCCCHCCHECCCCHCCCCCCCCCEHC	0
1492	8.899	7.874	16.409	33	535	15.2	9.1	CCCCCCCHCCEHECHCCCCCHCCCCCCCCCEHC	0
1493	8.995	7.901	15.650	33	535	15.2	15.2	CCCCCCCHCCEHECHECCCCHECCCCCCCCEHC	0
1494	6.353	7.993	8.421	33	535	12.1	6.1	CCEHECCHCCCCCCHCCCCCHCCCCCCCCCCCC	1
1495	6.556	8.050	8.603	33	535	12.1	12.1	CCECECCHCCCCCCHCHCCCHCCCCCCECECCC	1
1496	6.681	8.084	10.364	33	535	15.2	6.1	CCEHECCHCCCCCCCCHCCCHCCCCCHCCCCCC	1
1497	6.683	8.135	10.183	33	535	12.1	9.1	CCEHECEHCCCCCCCCCCCCHCCHCCCCCCCCC	1
1498	8.916	7.930	16.176	33	535	12.1	9.1	CCCCCCCHCCECCCHCCCCCHECCCCCCCCEHC	0
1499	8.924	7.933	16.023	33	535	15.2	9.1	CCCCCCCHCCEHECHCCCCCHCCCCCCCCCEHC	0
1500	8.922	7.876	16.314	33	535	15.2	6.1	CCCCCCCHCCEHCCHCCCCCHECCCCCCCCCHC	0
1501	8.941	7.871	16.085	33	535	15.2	6.1	CCCCCCCHCCCHCCHCCCCCHCCCCCCECCEHC	0
1502	6.364	8.049	8.528	33	535	9.1	6.1	CCECECCHCCCCCCCCCCCCHCCCCCHCCCCCC	1
1503	6.357	8.186	8.609	33	535	6.1	6.1	CCEHECCHCCCCCCCCCCCCCCCCCCCCCCCCC	1
1504	6.299	8.162	9.147	33	535	6.1	6.1	CCECECCHCCCCCCCCHCCCCCCCCCCCCCCCC	1
1505	6.323	8.146	7.932	33	535	12.1	9.1	CCECECCHCCCCCCHHCCCCHCCCCCCCCECCC	1
1506	8.948	7.877	16.296	33	535	15.2	12.1	CCCCCCCHCCEHCCHCCCCCHECCCCCECCEHC	0
1507	8.935	7.836	15.927	33	535	12.1	9.1	CCCCCCCCCCCHCCHCCCCCHECCCCCECCEHC	0
1508	8.974	7.866	15.901	33	535	15.2	12.1	CCCCCCCHECCHCCHCCCECHCCCCCCECCEHC	0
1509	8.885	7.885	16.821	33	535	15.2	15.2	CCCCCCCHCCEHECHCCCECHECCCCCCCCEHC	0
1510	8.917	7.852	16.179	33	535	15.2	9.1	CCCCCCCHCCEHECHCCCCCHCCCCCCCCCEHC	0
1511	9.045	7.938	16.570	33	535	15.2	12.1	CCCCCCCHCCEHECHECCCCHCCCCCCCCCEHC	0
1512	9.047	7.922	16.224	33	535	15.2	6.1	CCCCCCCHCCEHCCHCCCCCHCCCCCCECCCHC	0
1513	8.955	7.918	16.334	33	535	15.2	15.2	CCCCCCCHECEHECHECCCCHCCCCCCCCCEHC	0
1514	8.861	7.925	16.212	33	535	12.1	9.1	CCCCCCCHECCHECHCCCCCHCCCCCCCCCECC	0
1515	8.918	7.839	16.110	33	535	15.2	9.1	CCCCCCCHCCEHCCHCCCCCHECCCCCCCCEHC	0
1516	9.036	7.884	16.687	33	535	15.2	9.1	CCCCCCCHECCHECHCCCCCHCCCCCCCCCEHC	0
1517	8.969	7.867	16.049	33	535	15.2	9.1	CCCCCCCHCCEHECHCCCCCHECCCCCCCCCHC	0
1518	8.897	7.842	16.233	33	535	12.1	6.1	CCCCCCCHCCCHECHCCCCCHCCCCCCCCCECC	0
1519	8.948	7.863	16.380	33	535	15.2	12.1	CCCCCCCHCCEHCCHECCCCHECCCCCCCCEHC	0
1520	8.844	7.803	16.105	33	535	15.2	12.1	CCCCCCCHCCEHCCHECCCCHECCCCCCCCEHC	0
1521	8.984	7.866	17.031	33	535	12.1	12.1	CCCCCCCHECCCCCHECCCCHECCCCCCCCEHC	0
1522	6.388	8.105	8.859	33	535	9.1	9.1	CCECECCHCCCCCCCCHCCCHCCCCCCECCCCC	1
1523	6.381	8.175	8.765	33	535	6.1	12.1	CCECECEHCCCCCCCCCCCCHCCCCCCECCCCC	1
1524	6.442	8.149	8.624	33	535	6.1	6.1	CCECECCHCCCCCCCCCCCCHCCCCCCCCCCCC	1
1525	6.438	8.142	9.251	33	535	12.1	15.2	CEEHECCHCCCCCCCCHCCCHCCCCCCECECCC	1
1526	8.983	7.859	16.421	33	535	15.2	6.1	CCCCCCCHECCHCCHCCCCCHCCCCCCECCCHC	0
1527	9.008	7.810	16.353	33	535	15.2	3.0	CCCCCCCHCCCHCCHCCCCCHCCCCCCCCCEHC	0
1528	8.927	7.837	16.109	33	535	15.2	3.0	CCCCCCCHCCCHCCHECCCCHCCCCCCCCCCHC	0
1529	8.915	7.767	16.323	33	535	15.2	9.1	CCCCCCCHCCEHCCHCCCCCHECCCCCCCCEHC	0
1530	6.345	8.194	9.412	33	535	12.1	6.1	CCEHECCHCCCCCCHCCCCCHCCCCCCCCCCCC	1
1531	6.295	8.159	8.424	33	535	6.1	9.1	CCECECEHCCCCCCCCCCCCHCCCCCCCCCCCC	1
1532	6.290	8.164	9.126	33	535	9.1	9.1	CCECECCHCCCCCCCCCCCCHCCCCHCCCECCC	1
1533	6.246	8.154	9.234	33	535	6.1	6.1	CCECECCHCCCCCCCCHCCCCCCCCCCCCCCCC	1
1534	6.192	8.202	8.459	33	535	6.1	9.1	CCECECCHCCCCCCCCHCCCCCCCCCCCCECCC	1
1535	6.202	8.178	8.464	33	535	12.1	12.1	CCECECCHCCCCCCHCHCCCHCCCCCCECECCC	1
1536	6.292	8.241	9.797	33	535	9.1	9.1	CCECECCHCCCCCCCCHCCCHCCCCCCCCECCC	1
1537	6.373	8.228	8.386	33	535	6.1	12.1	CCECECCHCCCCHCCCCCCCCCCCCCCECECCC	1
1538	9.145	7.948	17.126	33	535	12.1	15.2	CECCCCCCCCEHECHECCCCHCCCCCCCCCEHC	0
1539	9.013	7.895	17.149	33	535	12.1	12.1	CCCCCCCCCCEHECHCCCCCHECCCCCCCCEHC	0
1540	6.369	8.232	9.676	33	535	9.1	15.2	CCECECEHCCCCCCCCHCCCCCCHCCCECECCC	1
1541	6.330	8.128	9.832	33	535	9.1	12.1	CCECECEHCCCCCCCCCCCCHCCCCCHCCECCC	1
1542	6.383	8.137	9.399	33	535	6.1	15.2	CCECECEHCCCCCCCCCCCCHCCCCCCECECCC	1
1543	6.495	8.256	10.491	33	535	9.1	6.1	CCECECCHCCCCCCCCHCCCHCCCCCCCCCCCC	1
1544	9.013	7.911	16.577	33	535	12.1	9.1	CECCCCCCCCEHCCHCCCCCHCCCCCCCCCEHC	0
1545	9.003	8.001	17.378	33	535	15.2	18.2	CECCCCCHECEHECHECCCCHCCCCCCCCCEHC	0
1546	6.335	8.203	10.183	33	535	12.1	9.1	CCEHECCHCCCCCCCCHCCCHCCCCCCCCECCC	1
1547	6.320	8.118	9.175	33	535	6.1	9.1	CCECECCHCCCCCCCCCCCCHCCCCCCCCECCC	1
1548	8.870	7.869	16.580	33	535	15.2	9.1	CCCCCCCHCCCHCCHCCCCCHECCCCCECCEHC	0
1549	8.905	7.868	16.019	33	535	15.2	6.1	CCCCCCCHCCCHCCHCCCCCHECCCCCCCCEHC	0
1550	8.951	7.862	15.913	33	535	15.2	9.1	CCCCCCCHCCEHCCHCCCCCHECCCCCECCCHC	0
1551	8.932	7.911	16.877	33	535	12.1	9.1	CCCCCCCCCCCHCCHCCCCCHECCCCCECCEHC	0
1552	6.328	8.208	8.983	33	535	6.1	9.1	CCECECCHCCCCCCCCCCCCHCCCCCCECCCCC	1
1553	6.392	8.223	8.889	33	535	12.1	9.1	CCEHECCHCCCCCCHCCCCCHCCCCCCECCCCC	1
1554	6.212	8.148	9.669	33	535	6.1	12.1	CCECECECCCCCCCCCCCCCHCCCCCHCCECCC	1
1555	6.497	8.208	10.399	33	535	12.1	6.1	CCEHECCHCCCCCCCCHCCCHCCCCCCCCCCCC	1
1556	6.448	8.185	10.820	33	535	12.1	12.1	CEECECEHCCCCCCHCHCCCHCCCCCCCCCCCC	1
1557	6.417	8.297	10.935	33	535	6.1	12.1	CEECECCHCCCCCCCCCCCCHCCCCCCCCECCC	1
1558	8.926	7.868	16.545	33	535	15.2	6.1	CCCCCCCHCCCHCCHCCCCCHECCCCCCCCEHC	0
1559	8.894	7.901	16.246	33	535	15.2	12.1	CCCCCCCHCCEHECHCCCCCHECCCCCCCCEHC	0
1560	8.909	7.916	16.199	33	535	12.1	15.2	CECCCCCHCCEHCCHECCCCHECCCCCCCCECC	0
1561	8.862	7.941	16.017	33	535	15.2	18.2	CCCCCCCHECEHECHECCCCHECCCCCCCCEHC	0
1562	8.955	7.926	16.105	33	535	15.2	6.1	CECCCCCHCCEHCCHCCCCCHCCCCCCCCCCHC	0
1563	9.090	7.954	16.560	33	535	12.1	6.1	CCCCCCCHCCEHCCHCCCCCHCCCCCCCCCECC	0
1564	6.447	8.200	9.997	33	535	12.1	9.1	CCECECEHCCCCCCHCHCCCHCCCCCCCCCCCC	1
1565	6.431	8.160	9.886	33	535	9.1	12.1	CCECECEHCCCCCCCCHCCCHCCCCCCECCCCC	1
1566	6.295	8.255	10.275	33	535	9.1	6.1	CCECCCEHCCCCCCHCHCCCCCCCCCCCCCCCC	1
1567	6.467	8.141	10.705	33	535	6.1	6.1	CCECECCHCCCCCCCCCCCCHCCCCCCCCCCCC	1
1568	8.871	7.877	16.147	33	535	15.2	12.1	CCCCCCCHCCEHECHECCCCHCCCCCCECCCHC	0
1569	9.051	7.921	16.301	33	535	15.2	9.1	CCCCCCCHCCEHCCHCCCCCHECCCCCECCCHC	0
1570	9.046	7.861	16.144	33	535	15.2	9.1	CCCCCCCHCCEHCCHCCCCCHECCCCCCCCEHC	0
1571	9.044	7.900	16.310	33	535	15.2	12.1	CCCCCCCHECCHECHCCCCCHCCCCCCECCEHC	0
1572	9.012	7.926	16.968	33	535	15.2	3.0	CCCCCCCHCCCHCCHCCCCCHCCCCCCCCCEHC	0
1573	9.074	8.007	16.268	33	535	15.2	6.1	CCCCCCCHCCCHCCHCCCCCHCCCCCCECCEHC	0
1574	9.001	7.785	16.076	33	535	9.1	9.1	CCCCCCCCCCEHCCCCCCCCHECCCCCECCCHC	0
1575	9.006	7.862	16.609	33	535	15.2	9.1	CCCCCCCHCCEHCCHCCCCCHCCCCCCECCEHC	0
1576	6.353	8.082	8.894	33	535	6.1	12.1	CEECECCHCCCCCCCCCCCCHCCCCCCCCECCC	1
1577	6.465	8.151	8.972	33	535	15.2	12.1	CCEHECEHCCCCCCCCHCCCHCCCCCHCCECCC	1
1578	6.440	8.148	8.971	33	535	15.2	6.1	CCEHECCHCCCCCCCCHCCCHCCHCCCCCCCCC	1
1579	6.443	8.142	9.980	33	535	12.1	6.1	CCECECCHCCCCCCCHCCCCHCCCCCHCCCCCC	1
1580	6.368	8.202	9.964	33	535	12.1	9.1	CCEHECCHCCCCCCCCHCCCHCCCCCCCCECCC	1
1581	6.504	8.250	9.093	33	535	6.1	6.1	CCEHECCHCCCCCCCCCCCCCCCCCCCCCCCCC	1
1582	9.052	7.992	16.999	33	535	15.2	12.1	CCCCCCCHCCEHCCHCCCCCHECCCCCECCEHC	0
1583	9.069	7.904	15.947	33	535	15.2	3.0	CCCCCCCHCCCHCCHCCCCCHCCCCCCECCCHC	0
1584	6.474	8.160	9.874	33	535	6.1	12.1	CCECECEHCCCCCCCCCCCCHCCCCCCCCECCC	1
1585	6.542	8.145	9.579	33	535	12.1	6.1	CCECECCHCCCCCCHCCCCCHCCCCCCCCCHCC	1
1586	9.024	7.875	16.350	33	535	15.2	9.1	CCCCCCCHECCHCCHCCCCCHECCCCCECCCHC	0
1587	8.938	7.885	15.794	33	535	12.1	3.0	CCCCCCCHCCCHECHCCCCCHCCCCCCCCCCCC	0
1588	6.396	8.113	9.349	33	535	6.1	9.1	CCECECCHCCCCCCCCCCCCHCCCCCCCCECCC	1
1589	6.362	8.152	10.444	33	535	9.1	6.1	CCEHECCHCCCCCCCCCCCCHCCCCCCCCCCCC	1
1590	8.922	7.908	16.953	33	535	15.2	9.1	CCCCCCCHCCCHCCHECCCCHECCCCCCCCEHC	0
1591	8.914	7.884	16.648	33	535	15.2	6.1	CCCCCCCHCCCHCCHCCCCCHECCCCCCCCEHC	0
1592	8.885	7.841	16.102	33	535	15.2	15.2	CECCCCCHCCEHCCHCCCECHECCCCCCCCEHC	0
1593	8.981	7.883	15.749	33	535	15.2	15.2	CCCCCCCHCCEHECHCCCCCHECCCCCECCEHC	0
1594	8.888	7.855	16.857	33	535	15.2	6.1	CCCCCCCHCCCHCCHECCCCHECCCCCCCCCHC	0
1595	8.951	7.843	16.331	33	535	15.2	9.1	CCCCCCCHCCEHCCHECCCCHCCCCCCCCCEHC	0
1596	8.955	7.911	16.243	33	535	12.1	6.1	CCCCCCCHCCEHCCHCCCCCHCCCCCCCCCECC	0
1597	8.934	7.897	15.784	33	535	15.2	9.1	CCCCCCCHCCEHCCHCCCCCHCCCCCCECCEHC	0
1598	8.943	7.861	15.934	33	535	15.2	6.1	CCCCCCCHCCCHECHCCCCCHECCCCCCCCCHC	0
1599	8.959	7.950	16.086	33	535	12.1	3.0	CCCCCCCHCCCHCCHCCCCCHCCCCCCCCCECC	0
1600	8.864	7.871	16.247	33	535	15.2	9.1	CCCCCCCHCCEHECHCCCCCHECCCCCCCCCHC	0
1601	8.971	7.858	16.487	33	535	15.2	6.1	CCCCCCCHCCEHCCHCCCCCHCCCCCCCCCEHC	0
1602	6.482	8.126	10.874	33	535	3.0	6.1	CCECECCHCCCCCCCCCCCCCCCCCCCCCCCCC	1
1603	6.492	8.108	11.245	33	535	6.1	9.1	CCECECEHCCCCCCCCCCCCHCCCCCCCCCCCC	1
1604	9.011	7.946	16.606	33	535	15.2	18.2	CECCCCCHECEHECHECCCCHCCCCCCCCCEHC	0
1605	8.987	7.861	16.738	33	535	15.2	9.1	CCCCCCCHECEHCCHCCCCCHCCCCCCCCCEHC	0
1606	6.372	8.140	10.749	33	535	6.1	6.1	CCECECCHCCCCCCCCCCCCHCCCCCCCCCCCC	1
1607	6.307	8.200	9.116	33	535	9.1	6.1	CCEHECCHCCCCCCCCCCCCHCCCCCCCCCCCC	1
1608	6.505	8.236	10.859	33	535	9.1	6.1	CCECECCHCCCCCCHCCCCCHCCCCCCCCCCCC	1
1609	6.469	8.066	9.784	33	535	9.1	9.1	CCECECCHCCCCCCCCHCCCHCCCCCCCCECCC	1
1610	6.445	8.149	10.066	33	535	12.1	6.1	CCEHECCHCCCCCCCCHCCCHCCCCCCCCCCCC	1
1611	6.430	8.087	8.998	33	535	6.1	6.1	CCECECCHCCCCCCCCCCCCHCCCCCCCCCCCC	1
1612	6.388	8.240	9.673	33	535	6.1	9.1	CCECCCEHCCCCCCCCCCCCHCCCCCCCCECCC	1
1613	6.458	8.091	10.268	33	535	9.1	6.1	CCECECCHCCCCCCCCHCCCHCCCCCCCCCCCC	1
1614	8.994	7.955	16.349	33	535	15.2	9.1	CECCCCCHCCCHCCHCCCCCHECCCCCCCCEHC	0
1615	8.951	7.832	15.562	33	535	15.2	6.1	CCCCCCCHCCCHECHCCCCCHECCCCCCCCCHC	0
1616	6.385	8.189	8.632	33	535	9.1	12.1	CEECECEHCCCCCCCCHCCCHCCCCCCCCCCCC	1
1617	6.402	8.117	8.928	33	535	12.1	6.1	CCEHECCHCCCCCCCCHCCCHCCCCCCCCCCCC	1
1618	8.996	7.843	16.073	33	535	15.2	12.1	CCCCCCCHCCCHECHECCCCHECCCCCCCCEHC	0
1619	8.937	7.904	16.326	33	535	15.2	9.1	CCCCCCCHCCEHECHCCCCCHCCCCCCCCCEHC	0
1620	6.329	8.086	9.963	33	535	6.1	9.1	CCECECCHCCCCCCCCCCCCHCCCCCCECCCCC	1
1621	6.457	8.081	9.272	33	535	9.1	6.1	CCEHECCHCCCCCCCCCCCCHCCCCCCCCCCCC	1
1622	9.018	7.876	15.859	33	535	15.2	3.0	CCCCCCCHCCCHCCHCCCCCHCCCCCCCCCEHC	0
1623	9.039	7.890	16.263	33	535	15.2	9.1	CCCCCCCHCCEHCCHCCECCHECCCCCCCCCHC	0
1624	8.971	7.938	16.036	33	535	15.2	6.1	CCCCCCCHCCCHECHCCCCCHECCCCCCCCCHC	0
1625	8.890	7.957	16.534	33	535	15.2	15.2	CCCCCCCHCCEHECHCCCCCHECCCCCECCEHC	0
1626	8.984	7.934	16.089	33	535	15.2	6.1	CCCCCCCHCCCHCCHCCCCCHCCCCCCECCEHC	0
1627	9.019	7.944	16.385	33	535	15.2	6.1	CCCCCCCHCCCHCCHECCCCHECCCCCCCCCHC	0
1628	9.095	7.949	16.164	33	535	15.2	21.2	CECCCCCHCCEHECHECECCHECCCCCCCCEHC	0
1629	9.160	7.935	15.781	33	535	12.1	9.1	CCCCCCCCCCCHECHCCCCCHECCCCCECCCHC	0
1630	6.460	8.121	8.647	33	535	15.2	6.1	CCEHECCHCCCCCCHCHCCCHCCCCCCCCCCCC	1
1631	6.368	8.184	8.735	33	535	12.1	6.1	CCEECCCHCCCCCCCCHCCCHCCCCCHCCCCCC	1
1632	9.045	7.872	16.018	33	535	12.1	9.1	CCCCCCCHCCEHECHCCCCCCCCCCCCCCCEHC	0
1633	9.032	7.981	16.096	33	535	15.2	6.1	CCCCCCCHCCCHCCHECCCCHCCCCCCCCCEHC	0
1634	6.955	7.938	17.241	33	535	12.1	0.0	CCCCHHHHCCCCCCCCCCCCCCCCCCCCCCCCC	2
1635	7.069	8.043	18.549	33	535	12.1	0.0	CCCCHHHHCCCCCCCCCCCCCCCCCCCCCCCCC	2
1636	9.100	7.844	15.441	33	535	12.1	9.1	CCCCCCCHCCECCCHCCCCCHECCCCCCCCEHC	0
1637	9.089	7.925	15.765	33	535	15.2	12.1	CCCCCCCHCCEHCCHCCCCCHECCCCCECCEHC	0
1638	8.915	7.902	16.371	33	535	15.2	6.1	CCCCCCCHCCCHCCHCCECCHECCCCCCCCCHC	0
1639	9.138	7.914	15.948	33	535	15.2	12.1	CCCCCCCHCCCHECHECCCCHECCCCCCCCEHC	0
1640	9.021	7.873	15.802	33	535	15.2	9.1	CCCCCCCHCCEHCCHCCCCCHECCCCCCCCEHC	0
1641	9.132	7.987	16.553	33	535	15.2	15.2	CCCCCCCHCCEHECHECCCCHECCCCCCCCEHC	0
1642	9.040	7.923	15.813	33	535	15.2	9.1	CCCCCCCHCCCHCCHECCCCHECCCCCECCCHC	0
1643	9.204	7.911	15.965	33	535	15.2	12.1	CCCCCCCHECEHECHCCCCCHECCCCCCCCCHC	0
1644	9.059	7.914	16.426	33	535	9.1	6.1	CCCCCCCCCCCHCCCCCCCCHECCCCCCCCEHC	0
1645	9.101	7.956	16.149	33	535	15.2	15.2	CCCCCCCHCCCHECHECCCCHECCCCCECCEHC	0
1646	6.424	8.179	8.525	33	535	9.1	12.1	CEEECCCHCCCCCCHCCCCCHCCCCCCECCCCC	1
1647	6.210	8.193	9.734	33	535	9.1	9.1	CCEECCCHCCCCCCCCHCCCHCCCCCCECCCCC	1
1648	6.270	8.191	9.777	33	535	9.1	9.1	CCEECCCHCCCCCCCCHCCCHCCCCCCECCCCC	1
1649	6.334	8.170	9.828	33	535	9.1	9.1	CCEECCCHCCCCCCHCHCCCCCCCCCCECCCCC	1
1650	6.284	8.210	10.604	33	535	6.1	9.1	CCEECCCHCCCCCCCCCCCCHCCCCCCECCCCC	1
1651	6.316	8.190	9.595	33	535	9.1	12.1	CCEECCCHCCCCCCCCCCCCHCCCCCCECEHCC	1
1652	8.882	7.869	15.930	33	535	15.2	6.1	CCCCCCCHCCEHCCHCCCCCHCCCCCCCCCEHC	0
1653	9.090	7.937	16.697	33	535	15.2	9.1	CCCCCCCHCCCHCCHECCCCHCCCCCCECCEHC	0
1654	9.041	7.834	16.673	33	535	12.1	15.2	CCCCCCCHCCEHCCHCCECCHECCCCCECCECC	0
1655	9.096	7.877	16.747	33	535	15.2	6.1	CCCCCCCHCCCHECHCCCCCHCCCCCCCCCEHC	0
1656	9.055	7.851	16.304	33	535	15.2	12.1	CCCCCCCHCCCHECHCCECCHCCCCCCECCEHC	0
1657	9.102	7.939	15.991	33	535	12.1	15.2	CCCCCCCCECCHECHCCCCCHECCCCCECCEHC	0
1658	9.061	7.877	15.757	33	535	15.2	12.1	CCCCCCCHCCCHECHCCCCCHECCCCCECCEHC	0
1659	8.999	7.898	16.636	33	535	12.1	15.2	CCCCCCCCECEHECHCCCCCHECCCCCECCCHC	0
1660	9.038	7.876	16.416	33	535	15.2	12.1	CCCCCCCHECEHCCHECCCCHECCCCCCCCCHC	0
1661	8.935	7.823	15.779	33	535	12.1	9.1	CCCCCCCHCCEHCCHCCCCCHECCCCCCCCECC	0
1662	9.003	7.836	16.031	33	535	15.2	6.1	CCCCCCCHECCHCCHCCCCCHCCCCCCCCCEHC	0
1663	9.080	7.780	16.233	33	535	15.2	12.1	CCCCCCCHCCCHECHECCCCHECCCCCCCCEHC	0
1664	8.987	7.809	15.567	33	535	15.2	9.1	CCCCCCCHCCCHCCHECECCHCCCCCCCCCEHC	0
1665	8.871	7.889	15.749	33	535	15.2	9.1	CCCCCCCHCCCHCCHECCCCHCCCCCCECCEHC	0
1666	6.224	8.233	8.488	33	535	12.1	6.1	CCEECCCHCCCCCCHCHCCCHCCCCCCCCCCCC	1
1667	6.384	8.115	8.236	33	535	9.1	9.1	CCEECCCHCCCCCCCHCCCCHCCCCCCECCCCC	1
1668	6.380	8.135	8.532	33	535	9.1	3.0	CCECCCCHCCCCCCCCHCCCHCCCCCCCCCCCC	1
1669	6.357	8.122	9.150	33	535	6.1	6.1	CCEECCCHCCCCCCCCCCCCHCCCCCCCCCCCC	1
1670	9.138	7.865	15.916	33	535	15.2	9.1	CCCCCCCHCCEHCCHCCECCHCCCCCCCCCEHC	0
1671	8.966	7.818	15.970	33	535	15.2	9.1	CCCCCCCHCCEHCCHCCCCCHECCCCCCCCEHC	0
1672	6.411	8.121	9.072	33	535	6.1	12.1	CCEECCEHCCCCCCCCCCCCHCCCCCCCCECCC	1
1673	6.296	8.102	9.266	33	535	9.1	3.0	CCECCCCHCCCCCCCCHCCCHCCCCCCCCCCCC	1
1674	6.416	8.077	8.727	33	535	9.1	9.1	CCEECCCHCCCCCCCCHCCCHCCCCCCECCCCC	1
1675	6.496	8.103	9.045	33	535	6.1	6.1	CCEECCCHCCCCCCCCCCCCHCCCCCCCCCCCC	1
1676	6.359	8.056	8.731	33	535	6.1	12.1	CEEECCCHCCCCCCCCCCCCHCCCCCCECCCCC	1
1677	6.518	8.095	8.555	33	535	3.0	6.1	CCEECCCHCCCCCCCCCCCCCCCCCCCCCCCCC	1
1678	8.832	7.798	15.843	33	535	15.2	12.1	CCCCCCCHCCCHECHECCCCHECCCCCCCCEHC	0
1679	8.984	7.896	16.432	33	535	15.2	9.1	CCCCCCCHCCEHECHCCCCCHCCCCCCCCCEHC	0
1680	8.965	7.964	16.339	33	535	12.1	15.2	CCCCCCCHCCEHECHCCCCCHECCCCCECCECC	0
1681	8.913	7.854	15.607	33	535	15.2	3.0	CCCCCCCHCCEHCCHCCCCCHCCCCCCCCCCHC	0
1682	8.913	7.814	15.775	33	535	15.2	12.1	CCCCCCCHECEHECHCCCCCHCCCCCCCCCEHC	0
1683	8.925	7.867	16.067	33	535	15.2	12.1	CCCCCCCHCCEHCCHECCCCHECCCCCCCCEHC	0
1684	6.516	8.114	8.981	33	535	6.1	6.1	CCEECCCHCCCCCCCCCCCCHCCCCCCCCCCCC	1
1685	6.445	8.057	8.779	33	535	9.1	6.1	CCECCCEHCCCCCCCHCCCCHCCCCCCCCCCCC	1
1686	8.942	7.876	15.641	33	535	15.2	15.2	CCCCCCCHCCEHECHCCCCCHECCCCCECCEHC	0
1687	8.842	7.857	16.051	33	535	15.2	6.1	CCCCCCCHCCEHCCHCCCCCHCCCCCCCCCEHC	0
1688	6.417	8.107	7.804	33	535	6.1	12.1	CCEECCCHCCCCCCCCCCCCHCCCCCCECECCC	1
1689	6.262	8.182	8.507	33	535	9.1	9.1	CCEECCEHCCCCCCCCCCCCHCCCCCHCCCCCC	1
1690	6.315	8.051	8.073	33	535	9.1	12.1	CEEECCCHCCCCCCCCCCCCHCCCCHCECCCCC	1
1691	6.302	8.071	8.512	33	535	9.1	9.1	CCECCCEHCCCCCCCCHCCCHCCCCCCECCCCC	1
1692	6.332	8.073	8.301	33	535	6.1	6.1	CCEECCCHCCCCCCCCCCCCHCCCCCCCCCCCC	1
1693	6.486	8.082	8.290	33	535	6.1	6.1	CCEECCCHCCCCCCCCCCCCHCCCCCCCCCCCC	1
1694	8.913	7.811	15.927	33	535	15.2	6.1	CCCCCCCHECCHCCHECCCCHCCCCCCCCCCHC	0
1695	8.948	7.856	16.374	33	535	15.2	3.0	CCCCCCCHECCHCCHCCCCCHCCCCCCCCCCHC	0
1696	8.953	7.881	16.453	33	535	15.2	9.1	CCCCCCCHCCCHECHCCCCCHCCCCCCECCEHC	0
1697	9.087	7.887	16.568	33	535	12.1	6.1	CCCCCCCCCCEHCCHCCCCCHCCCCCCCCCEHC	0
1698	9.108	7.867	15.826	33	535	15.2	9.1	CCCCCCCHCCEHECHCCCCCHECCCCCCCCCHC	0
1699	9.005	7.871	16.450	33	535	15.2	12.1	CCCCCCCHCCCHECHCCECCHECCCCCCCCEHC	0
1700	6.454	8.158	8.173	33	535	9.1	12.1	CCEECCEHCCCCCCCHCCCCHCCCCCCCCECCC	1
1701	6.411	8.097	8.255	33	535	9.1	6.1	CCECCCCHCCCCCCCCHCCCHCCCCCCCCECCC	1
1702	6.525	8.195	8.238	33	535	9.1	9.1	CCEECCCHCCCCCCCCHCCCHCCCCCCECCCCC	1
1703	6.415	8.031	8.471	33	535	9.1	15.2	CEEECCCHCCCCCCCCCCCCHCCCCCHECECCC	1
1704	9.053	7.943	16.541	33	535	15.2	6.1	CCCCCCCHCCCHECHCCECCHCCCCCCCCCCHC	0
1705	9.116	7.873	16.550	33	535	15.2	3.0	CCCCCCCHCCEHCCHCCCCCHCCCCCCCCCCHC	0
1706	6.380	8.098	8.617	33	535	9.1	15.2	CEEECCEHCCCCCCCCHCCCHCCCCCCECCCCC	1
1707	6.548	8.118	9.064	33	535	12.1	6.1	CCEECCCHCCCCCCHCHCCCHCCCCCCCCCCCC	1
1708	9.006	7.888	16.722	33	535	12.1	9.1	CCCCCCCCCCCHCCHCCECCHECCCCCCCCEHC	0
1709	8.899	7.944	16.193	33	535	15.2	12.1	CCCCCCCHCCCHCCHECCCCHECCCCCECCEHC	0
1710	8.937	7.894	15.906	33	535	15.2	15.2	CCCCCCCHECEHECHCCCCCHECCCCCCCCEHC	0
1711	8.991	7.771	15.674	33	535	15.2	9.1	CCCCCCCHECEHCCHCCCCCHCCCCCCCCCEHC	0
1712	8.971	7.777	15.978	33	535	15.2	9.1	CCCCCCCHCCCHECHCCCCCHECCCCCCCCEHC	0
1713	9.012	7.869	15.605	33	535	15.2	9.1	CCCCCCCHCCEHCCHCCCCCHCCCCCCECCEHC	0
1714	8.969	7.847	15.764	33	535	15.2	6.1	CCCCCCCHCCCHECHCCCCCHCCCCCCCCCEHC	0
1715	9.058	7.967	16.483	33	535	15.2	12.1	CCCCCCCHECCHCCHECCCCHECCCCCCCCEHC	0
1716	9.103	7.964	15.435	33	535	15.2	12.1	CCCCCCCHCCEHECHCCCCCHECCCCCCCCEHC	0
1717	9.173	7.901	15.998	33	535	15.2	6.1	CCCCCCCHCCEHCCHCCCCCHECCCCCCCCCHC	0
1718	9.209	7.829	16.023	33	535	15.2	12.1	CCCCCCCHECEHCCHCCCCCHCCCCCCECCEHC	0
1719	9.025	7.844	15.946	33	535	15.2	9.1	CCCCCCCHCCCHCCHCCECCHECCCCCCCCEHC	0
1720	6.497	8.095	9.213	33	535	9.1	6.1	CCEECCCHCCCCCCCCHCCCHCCCCCCCCCCCC	1
1721	6.439	8.112	9.092	33	535	12.1	12.1	CEEECCCHCCCCCCHCHCCCHCCCCCCCCECCC	1
1722	8.963	7.823	15.898	33	535	15.2	9.1	CCCCCCCHCCEHCCHCCCCCHECCCCCCCCEHC	0
1723	9.036	7.901	16.590	33	535	15.2	6.1	CCCCCCCHCCEHCCHCCCCCHCCCCCCCCCEHC	0
1724	6.316	8.084	9.378	33	535	9.1	12.1	CCECCCEHCCCCCCCCHCCCHCCCCCCECECCC	1
1725	6.290	7.907	8.609	33	535	12.1	0.0	CCCCCCCHCCCCCCCCHCCCHCCCCCHCCCCCC	1
1726	6.414	8.009	8.841	33	535	12.1	9.1	CCEECCEHCCCCCCCCHCCCHCCCCCHCCCCCC	1
1727	6.445	8.099	8.190	33	535	9.1	9.1	CCEECCCHCCCCCCCHCCCCHCCCCCCECCCCC	1
1728	6.489	8.066	8.543	33	535	12.1	12.1	CEEECCCHCCCCCCCHCCCCHCCCCHCECCCCC	1
1729	6.370	8.124	9.413	33	535	12.1	9.1	CEEECCCHCCCCCCHCCCCCHCCCCCHCCCCCC	1
1730	6.480	8.125	8.445	33	535	6.1	12.1	CEEECCCHCCCCCCCCCCCCHCCCCCCECCCCC	1
1731	6.465	8.074	8.737	33	535	9.1	9.1	CCEECCCHCCCCCCCCHCCCHCCCCCCCCECCC	1
1732	6.355	7.976	8.441	33	535	6.1	12.1	CCEECCEHCCCCCCCCCCCCHCCCCCCECCCCC	1
1733	6.417	8.030	8.711	33	535	6.1	6.1	CCEECCCHCCCCCCCCCCCCHCCCCCCCCCCCC	1
1734	6.327	8.078	9.805	33	535	6.1	6.1	CCEECCCHCCCCCCCCCCCCHCCCCCCCCCCCC	1
1735	6.423	8.177	9.831	33	535	9.1	3.0	CCECCCCHCCCCCCCCHCCCHCCCCCCCCCCCC	1
1736	8.953	7.860	15.478	33	535	15.2	9.1	CCCCCCCHCCEHCCHCCCCCHECCCCCCCCEHC	0
1737	9.014	7.873	16.408	33	535	15.2	9.1	CCCCCCCHCCCHCCHCCCCCHECCCCCECCEHC	0
1738	6.446	8.112	8.552	33	535	9.1	6.1	CCECCCCHCCCCCCCHCCCCHCCCCCCCCECCC	1
1739	6.415	8.114	8.551	33	535	9.1	3.0	CCECCCCHCCCCCCCCCCCCHCCCCCHCCCCCC	1
1740	6.461	8.201	7.930	33	535	9.1	15.2	CEEECCEHCCCCCCCCHCCCHCCCCCCECCCCC	1
1741	6.347	8.101	8.407	33	535	12.1	6.1	CCEECCCHCCCCCCHCHCCCHCCCCCCCCCCCC	1
1742	9.031	7.813	15.836	33	535	12.1	12.1	CCCCCCCHCCCHCCHECECCCECCCCCCCCEHC	0
1743	8.978	7.839	15.476	33	535	18.2	9.1	CCCCCCCHECEHCCHCCCCCHECHCCCCCCCHC	0
1744	6.424	8.050	8.744	33	535	9.1	9.1	CCEECCEHCCCCCCCCHCCCHCCCCCCCCCCCC	1
1745	6.445	8.010	8.768	33	535	9.1	6.1	CCECCCEHCCCCCCCCHCCCHCCCCCCCCCCCC	1
1746	6.410	8.145	7.871	33	535	6.1	6.1	CCEECCCHCCCCCCCCCCCCHCCCCCCCCCCCC	1
1747	6.478	8.077	9.019	33	535	6.1	6.1	CCEECCCHCCCCCCCCCCCCHCCCCCCCCCCCC	1
1748	9.002	7.825	16.027	33	535	18.2	9.1	CCCCCCCHCCEHECHCCCCCHCCHCCCCCCEHC	0
1749	8.990	7.857	16.202	33	535	18.2	12.1	CCCCCCCHCCEHECHCCCCCHECHCCCCCCEHC	0
1750	6.477	8.162	8.592	33	535	6.1	9.1	CEEECCCHCCCCCCCCCCCCHCCCCCCCCCCCC	1
1751	6.469	8.058	8.545	33	535	6.1	9.1	CEEECCCHCCCCCCCCCCCCHCCCCCCCCCCCC	1
1752	6.389	7.979	8.409	33	535	9.1	9.1	CEEECCCHCCCCCCHCCCCCHCCCCCCCCCCCC	1
1753	6.414	8.083	8.665	33	535	6.1	12.1	CEEECCCHCCCCCCCCCCCCCCCCCCHECCCCC	1
1754	6.454	8.058	8.868	33	535	6.1	9.1	CCECCCEHCCCCCCCCCCCCHCCCCCCECCCCC	1
1755	6.552	8.100	8.280	33	535	9.1	6.1	CCEECCCHCCCCCCCHCCCCHCCCCCCCCCCCC	1
1756	6.448	8.084	8.597	33	535	9.1	15.2	CEEECCEHCCCCCCCCCCCCHCCCCCHCCECCC	1
1757	6.370	8.132	9.447	33	535	6.1	9.1	CEECCCEHCCCCCCCCCCCCHCCCCCCCCCCCC	1
1758	9.007	7.865	15.924	33	535	18.2	3.0	CCCCCCCHCCCHECHCCCCCHCCHCCCCCCCHC	0
1759	9.008	7.878	16.935	33	535	18.2	9.1	CCCCCCCHCCEHCCHCCCCCHCCHCCCECCEHC	0
1760	8.971	7.853	16.580	33	535	18.2	6.1	CCCCCCCHCCCHECHCCCCCHECHCCCCCCCHC	0
1761	9.008	7.807	16.595	33	535	18.2	6.1	CCCCCCCHCCEHCCHCCCCCHCCHCCCCCCEHC	0
1762	8.973	7.908	16.941	33	535	18.2	15.2	CECCCCCHCCEHCCHECCCCHECHCCCCCCEHC	0
1763	8.943	7.811	16.622	33	535	18.2	9.1	CCCCCCCHECCHCCHECCCCHCCHCCCCCCEHC	0
1764	6.251	8.079	9.393	33	535	12.1	3.0	CCECCCCHCCCCCCCCHCCCHCCCCCHCCCCCC	1
1765	6.195	8.017	8.102	33	535	12.1	6.1	CCEECCCHCCCCCCCHCCCCHCCCCCHCCCCCC	1
1766	6.253	8.188	8.823	33	535	15.2	12.1	CCEECCEHCCCCHCHHCCCCHCCCCCCECCCCC	1
1767	6.238	8.141	9.353	33	535	15.2	9.1	CCECCCEHCCCCCCHHCCCCHCCCCCHCCECCC	1
1768	9.026	7.861	15.946	33	535	18.2	9.1	CCCCCCCHCCEHCCHCCCCCHECHCCCCCCEHC	0
1769	8.947	7.848	16.193	33	535	18.2	6.1	CCCCCCCHCCCHCCHCCCCCHECHCCCCCCEHC	0
1770	6.249	8.152	8.641	33	535	12.1	12.1	CCEECCCHCCCCCCCCHCCCHCCCCCHECECCC	1
1771	6.199	8.057	8.818	33	535	12.1	9.1	CEEECCCHCCCCCCCCHCCCHCCCCCHCCCCCC	1
1772	6.315	8.072	9.403	33	535	9.1	6.1	CCEECCCHCCCCCCCCHCCCHCCCCCCCCCCCC	1
1773	6.446	7.976	9.023	33	535	9.1	12.1	CEEECCEHCCCCCCCCCCCCHCCCCCHCCCCCC	1
1774	6.514	7.924	9.147	33	535	12.1	9.1	CCEECCEHCCCCCCCHCCCCHCCCCCHCCCCCC	1
1775	6.459	8.032	9.119	33	535	12.1	6.1	CCEECCCHCCCCCCCCHCCCHCCCCCHCCCCCC	1
1776	6.327	8.079	9.182	33	535	9.1	12.1	CCEECCEHCCCCCCCCHCCCHCCCCCCECCCCC	1
1777	6.286	8.126	8.511	33	535	9.1	3.0	CCECCCCHCCCCCCCHCCCCHCCCCCCCCCCCC	1
1778	8.966	7.908	16.318	33	535	15.2	15.2	CCCCCCCHCCEHECHCCCCCHECCCCCECCEHC	0
1779	8.943	7.870	16.320	33	535	15.2	9.1	CCCCCCCHCCCHCCHECCCCHECCCCCCCCEHC	0
1780	8.940	7.843	16.402	33	535	15.2	9.1	CCCCCCCHCCCHECHCCCCCHECCCCCCCCEHC	0
1781	8.931	7.815	15.908	33	535	15.2	12.1	CCCCCCCHECEHECHCCCCCHCCCCCCCCCEHC	0
1782	9.085	7.865	16.067	33	535	15.2	6.1	CCCCCCCHCCCHCCHECCCCHECCCCCCCCCHC	0
1783	8.953	7.892	15.767	33	535	15.2	9.1	CCCCCCCHCCCHCCHCCCCCHECCCCCECCEHC	0
1784	8.847	7.927	16.076	33	535	15.2	9.1	CCCCCCCHCCEHCCHCCCECHECCCCCCCCCHC	0
1785	8.991	7.864	15.736	33	535	12.1	12.1	CCCCCCCHCCCHECHCCCCCHECCCCCECCECC	0
1786	8.950	7.815	15.894	33	535	15.2	6.1	CCCCCCCHCCEHCCHCCCCCHCCCCCCCCCEHC	0
1787	8.914	7.840	16.094	33	535	15.2	12.1	CCCCCCCHECEHCCHCCCCCHECCCCCCCCEHC	0
1788	6.273	8.131	8.331	33	535	12.1	9.1	CEEECCCHCCCCHCHHCCCCCCCCCCCCCCCCC	1
1789	6.406	8.061	10.245	33	535	9.1	6.1	CCEECCCHCCCCCCHHCCCCCCCCCCCCCCCCC	1
1790	8.929	7.806	15.833	33	535	15.2	6.1	CCCCCCCHCCCHCCHECCCCHECCCCCCCCCHC	0
1791	8.876	7.832	15.647	33	535	15.2	9.1	CCCCCCCHCCEHCCHECCCCHCCCCCCCCCEHC	0
1792	8.928	7.888	16.622	33	535	15.2	15.2	CCCCCCCHECEHECHECCCCHECCCCCCCCCHC	0
1793	9.005	7.807	15.911	33	535	15.2	12.1	CCCCCCCHECEHCCHCCCCCHECCCCCCCCEHC	0
1794	8.980	7.842	15.955	33	535	15.2	6.1	CCCCCCCHCCCHCCHECCCCHCCCCCCCCCEHC	0
1795	8.949	7.901	16.115	33	535	15.2	6.1	CCCCCCCHCCEHCCHCCCCCHCCCCCCCCCEHC	0
1796	6.245	8.130	10.272	33	535	6.1	9.1	CCEECCEHCCCCCCCCCCCCHCCCCCCCCCCCC	1
1797	6.223	8.146	10.328	33	535	9.1	6.1	CCEECCCHCCCCCCCHCCCCHCCCCCCCCCCCC	1
1798	6.145	8.149	8.996	33	535	9.1	9.1	CEEECCCHCCCCCCCHCCCCHCCCCCCCCCCCC	1
1799	6.314	8.246	9.297	33	535	6.1	9.1	CCEECCCHCCCCCCCCCCCCHCCCCCCCCECCC	1
1800	6.333	8.204	8.685	33	535	12.1	12.1	CCEECCEHCCCCCCHHCCCCHCCCCCCCCECCC	1
1801	6.366	8.198	9.126	33	535	12.1	9.1	CEEECCCHCCCCCCHHCCCCHCCCCCCCCCCCC	1
1802	8.974	7.877	16.053	33	535	15.2	12.1	CCCCCCCHECEHECHCCCCCHCCCCCCCCCEHC	0
1803	8.950	7.867	16.757	33	535	15.2	12.1	CCCCCCCHECEHECHCCCCCHECCCCCCCCCHC	0
1804	9.056	7.876	16.596	33	535	15.2	6.1	CCCCCCCHCCEHECHCCCCCHCCCCCCCCCCHC	0
1805	9.030	7.995	17.462	33	535	15.2	9.1	CECCCCCHCCEHCCHCCCCCHCCCCCCCCCEHC	0
1806	8.896	7.890	15.911	33	535	15.2	9.1	CCCCCCCHCCCHECHCCCCCHECCCCCCCCEHC	0
1807	8.991	7.821	16.240	33	535	15.2	12.1	CCCCCCCHECCHCCHCCCCCHECCCCCECCEHC	0
1808	9.030	7.811	16.093	33	535	15.2	6.1	CCCCCCCHCCCHECHCCCCCHCCCCCCCCCEHC	0
1809	8.800	7.843	15.473	33	535	15.2	9.1	CCCCCCCHECCHCCHCCCCCHCCCCCCECCEHC	0
1810	8.903	7.779	16.159	33	535	15.2	21.2	CCCCCCCHECEHECHECCCCHECCCCCECCEHC	0
1811	8.943	7.822	15.159	33	535	15.2	9.1	CCCCCCCHCCCHECHECCCCHCCCCCCCCCEHC	0
1812	8.916	7.840	15.581	33	535	15.2	3.0	CCCCCCCHCCEHCCHCCCCCHCCCCCCCCCCHC	0
1813	8.943	7.859	16.206	33	535	15.2	15.2	CCCCCCCHECEHECHCCCCCHECCCCCCCCEHC	0
1814	6.490	8.037	9.139	33	535	9.1	9.1	CCEECCEHCCCCCCCHCCCCHCCCCCCCCCCCC	1
1815	6.558	7.994	8.795	33	535	6.1	12.1	CCEECCEHCCCCCCCCCCCCCCCCCHCCCECCC	1
1816	9.106	7.861	15.650	33	535	15.2	9.1	CCCCCCCHECCHECHCCCCCHCCCCCCCCCEHC	0
1817	9.116	7.828	16.312	33	535	12.1	12.1	CCCCCCCCECEHCCHCCCCCHECCCCCCCCEHC	0
1818	6.528	8.101	9.241	33	535	6.1	9.1	CCEECCCHCCCCCCCCCCCCHCCCCCCCCECCC	1
1819	6.393	8.014	9.289	33	535	12.1	6.1	CCEECCCHCCCCCCCHCCCCHCCCCHCCCCCCC	1
1820	6.721	7.723	15.791	33	535	18.2	3.0	CHCCCCCHCCCCCCCCCCHCHCCCCHCCCECHC	2
1821	6.642	7.701	15.161	33	535	18.2	0.0	CHCCCCCHCCCCCCCCCCHCHCCCCCCCCCHHC	2
1822	8.995	7.839	16.290	33	535	15.2	15.2	CCCCCCCHCCEHECHECCCCHCCCCCCECCEHC	0
1823	9.004	7.880	16.083	33	535	12.1	12.1	CCCCCCCHCCEHCCHCCCCCHECCCCCECCECC	0
1824	8.982	7.802	15.805	33	535	15.2	9.1	CCCCCCCHECCHCCHCCCCCHECCCCCCCCEHC	0
1825	8.972	7.816	15.500	33	535	15.2	3.0	CCCCCCCHCCCHECHCCCCCHCCCCCCCCCCHC	0
1826	6.423	8.234	10.287	33	535	6.1	9.1	CCEECCEHCCCCCCCCCCCCHCCCCCCCCCCCC	1
1827	6.437	8.173	9.535	33	535	12.1	9.1	CCEECCEHCCCCCCCCHCCCHCCCCCCCCCHCC	1
1828	6.332	8.199	10.356	33	535	18.2	12.1	CCEECCEHCCCCCCCCHCCCHCCHCCHCCEHCC	1
1829	6.163	8.237	10.343	33	535	12.1	6.1	CCEECCCHCCCCCCCCHCCCHCCCCCCCCCHCC	1
1830	6.193	8.182	10.197	33	535	12.1	6.1	CCEECCCHCCCCCCHCHCCCCCCCCCCCCCHCC	1
1831	6.396	8.242	9.783	33	535	6.1	6.1	CCEECCCHCCCCCCCCCCCCHCCCCCCCCCCCC	1
1832	6.330	8.178	10.349	33	535	9.1	9.1	CCEECCEHCCCCCCCCHCCCHCCCCCCCCCCCC	1
1833	6.358	8.183	10.841	33	535	9.1	6.1	CCEECCCHCCCCCCCCCCCCHCCCCCCCCCHCC	1
1834	8.954	7.814	15.840	33	535	15.2	6.1	CCCCCCCHCCEHCCHCCCCCHCCCCCCCCCEHC	0
1835	9.009	7.794	16.214	33	535	9.1	6.1	CCCCCCCHECCHCCCCCCCCHCCCCCCCCCECC	0
1836	6.291	8.194	9.979	33	535	12.1	6.1	CCEECCCHCCCCCCCCHCCCHCCCCCHCCCCCC	1
1837	6.290	8.228	10.542	33	535	6.1	6.1	CCEECCCHCCCCCCCCCCCCCCCCCHCCCCCCC	1
1838	6.306	8.082	9.853	33	535	9.1	6.1	CCEECCCHCCCCCCCCCCCCHCCCCHCCCCCCC	1
1839	6.267	8.206	10.354	33	535	9.1	12.1	CCEECCEHCCCCCCCCCCCCHCCCCCCCCEHCC	1
1840	9.073	7.882	16.963	33	535	15.2	12.1	CCCCCCCHCCEHCCHCCCECHCCCCCCECCEHC	0
1841	8.986	7.869	15.706	33	535	12.1	6.1	CCCCCCCHCCEHCCHCCCCCCCCCCCCCCCEHC	0
1842	8.924	7.919	15.896	33	535	15.2	6.1	CCCCCCCHCCCHECHCCCCCHCCCCCCCCCEHC	0
1843	8.871	7.873	15.607	33	535	15.2	9.1	CCCCCCCHECCHECHCCCCCHCCCCCCCCCEHC	0
1844	8.997	7.888	16.062	33	535	15.2	12.1	CCCCCCCHCCCHECHECCCCHECCCCCCCCEHC	0
1845	9.006	7.881	16.122	33	535	15.2	3.0	CCCCCCCHCCCHCCHCCCCCHCCCCCCCCCEHC	0
1846	6.262	8.102	10.122	33	535	6.1	6.1	CCEECCCHCCCCCCCCCCCCHCCCCCCCCCCCC	1
1847	6.280	8.105	9.708	33	535	12.1	6.1	CCEECCCHCCCCCCHHCCCCHCCCCCCCCCCCC	1
1848	6.350	8.189	9.622	33	535	9.1	9.1	CEECCCCHCCCCCCCHCCCCCCCCCCCCCEHCC	1
1849	6.315	8.163	9.830	33	535	12.1	6.1	CCEECCCHCCCCCCCCHCCCHCCCCHCCCCCCC	1
1850	6.441	8.216	8.900	33	535	12.1	9.1	CCEECCCHCCCCCCCCHCCCHCCCCCHCCECCC	1
1851	6.429	8.217	9.213	33	535	9.1	9.1	CCEECCEHCCCCCCCCHCCCHCCCCCCCCCCCC	1
1852	6.281	8.161	9.224	33	535	9.1	6.1	CCEECCCHCCCCCCCCCCCCHCCCCCCCCCHCC	1
1853	6.380	8.201	9.215	33	535	12.1	6.1	CCEECCCHCCCCCCHCHCCCHCCCCCCCCCCCC	1
1854	8.919	7.843	15.777	33	535	15.2	15.2	CCCCCCCHCCEHCCHCCCECHECCCCCECCEHC	0
1855	8.941	7.948	15.465	33	535	15.2	9.1	CCCCCCCHCCEHCCHCCCCCHECCCCCCCCEHC	0
1856	8.978	7.879	15.728	33	535	15.2	12.1	CCCCCCCHCCEHECHCCCCCHECCCCCECCCHC	0
1857	9.018	7.860	15.495	33	535	15.2	12.1	CCCCCCCHCCEHECHCCCCCHCCCCCCECCEHC	0
1858	8.998	7.963	15.269	33	535	15.2	9.1	CCCCCCCHCCEHCCHCCCECHCCCCCCECCCHC	0
1859	9.022	7.846	15.812	33	535	15.2	9.1	CCCCCCCHECEHCCHCCCCCHCCCCCCCCCEHC	0
1860	6.185	8.129	9.100	33	535	12.1	6.1	CCEECCCHCCCCCCCCHCCCHCCCCHCCCCCCC	1
1861	6.052	8.010	9.380	33	535	12.1	6.1	CCEECCCHCCCCCCCHCCCCHCCCCCHCCCCCC	1
1862	6.209	8.225	9.135	33	535	12.1	9.1	CCEECCEHCCCCCCCCHCCCHCCCCHCCCCCCC	1
1863	6.208	8.211	9.198	33	535	6.1	9.1	CCEECCEHCCCCCCCCCCCCHCCCCCCCCCCCC	1
1864	6.297	8.178	10.091	33	535	6.1	9.1	CCEECCEHCCCCCCCCCCCCCCCCCCHCCCCCC	1
1865	6.209	8.276	9.428	33	535	9.1	12.1	CCEECCEHCCCCCCCHCCCCHCCCCCCCCECCC	1
1866	6.346	8.313	9.940	33	535	9.1	9.1	CCEECCEHCCCCCCCCHCCCHCCCCCCCCCCCC	1
1867	6.359	8.086	10.720	33	535	15.2	9.1	CCEECCEHCCCCCCCHCCCCHCCHCCHCCCCCC	1
1868	9.022	7.802	16.593	33	535	15.2	6.1	CCCCCCCHECEHCCHCCCCCHCCCCCCCCCCHC	0
1869	8.975	7.924	16.457	33	535	15.2	12.1	CCCCCCCHCCEHCCHCCCCCHECCCCCECCEHC	0
1870	6.389	8.054	8.181	33	535	12.1	6.1	CCEECCCHCCCCCCHHCCCCHCCCCCCCCCCCC	1
1871	6.363	8.118	8.240	33	535	6.1	9.1	CCEECCEHCCCCCCCCCCCCHCCCCCCCCCCCC	1
1872	6.452	8.170	9.789	33	535	6.1	12.1	CEEECCEHCCCCCCCCCCCCHCCCCCCCCCCCC	1
1873	6.566	8.212	9.585	33	535	9.1	6.1	CCEECCCHCCCCCCCCHCCCHCCCCCCCCCCCC	1
1874	6.401	8.157	9.439	33	535	9.1	9.1	CCEECCEHCCCCCCCCHCCCHCCCCCCCCCCCC	1
1875	6.346	8.191	10.636	33	535	6.1	6.1	CCEECCCHCCCCCCCCCCCCHCCCCCCCCCCCC	1
1876	8.957	7.885	16.333	33	535	15.2	6.1	CCCCCCCHCCEHCCHECCCCHCCCCCCCCCCHC	0
1877	8.913	7.882	16.386	33	535	15.2	9.1	CCCCCCCHCCEHCCHCCCCCHCCCCCCECCEHC	0
1878	8.871	7.867	16.132	33	535	15.2	12.1	CCCCCCCHECEHCCHCCCECHECCCCCCCCCHC	0
1879	8.862	7.876	16.578	33	535	15.2	12.1	CCCCCCCHCCEHCCHECCCCHCCCCCCECCEHC	0
1880	6.434	8.090	10.083	33	535	9.1	9.1	CCEECCEHCCCCCCCCHCCCHCCCCCCCCCCCC	1
1881	6.357	8.213	9.473	33	535	9.1	9.1	CCEECCEHCCCCCCCCHCCCHCCCCCCCCCCCC	1
1882	8.806	7.895	16.351	33	535	15.2	12.1	CCCCCCCHCCEHECHCCCCCHECCCCCECCCHC	0
1883	8.906	7.846	16.237	33	535	15.2	12.1	CCCCCCCHCCCHECHCCCCCHECCCCCECCEHC	0
1884	6.044	8.253	10.402	33	535	9.1	6.1	CCEECCCHCCCCCCCCCCCCHCCCCCCCCCHCC	1
1885	6.169	8.239	10.971	33	535	12.1	12.1	CCEECCEHCCCCCCCHCCCCHCCCCCCCCEHCC	1
1886	8.938	7.885	16.248	33	535	15.2	6.1	CCCCCCCHCCEHCCHCCCCCHECCCCCCCCCHC	0
1887	8.875	7.867	16.581	33	535	15.2	9.1	CCCCCCCHCCEHCCHECCCCHCCCCCCCCCEHC	0
1888	8.854	7.872	15.939	33	535	15.2	6.1	CCCCCCCHCCCHECHCCCCCHECCCCCCCCCHC	0
1889	9.029	7.808	15.860	33	535	12.1	9.1	CCCCCCCHCCCHCCHECCCCHECCCCCCCCECC	0
1890	8.874	7.909	16.296	33	535	15.2	6.1	CCCCCCCHCCEHCCHCCCCCHCCCCCCCCCEHC	0
1891	8.970	7.888	15.884	33	535	15.2	18.2	CCCCCCCHCCEHECHECCCCHECCCCCECCEHC	0
1892	6.093	8.309	9.839	33	535	15.2	9.1	CCEECCEHCCCCCCCCHCCCHCCCCCHCCCHCC	1
1893	6.233	8.124	8.616	33	535	6.1	9.1	CCEECCEHCCCCCCCCCCCCHCCCCCCCCCCCC	1
1894	8.997	7.879	16.362	33	535	15.2	6.1	CCCCCCCHCCEHCCHCCCCCHCCCCCCCCCEHC	0
1895	8.987	7.856	16.273	33	535	15.2	15.2	CCCCCCCHCCEHCCHECCCCHECCCCCECCEHC	0
1896	8.846	7.891	16.263	33	535	15.2	9.1	CCCCCCCHCCEHCCHCCCCCHCCCCCCECCEHC	0
1897	8.960	7.880	15.896	33	535	12.1	12.1	CCCCECCHCCEHECHCCCCCHECCCCCCCCCCC	0
1898	6.785	7.809	16.064	33	535	12.1	0.0	CCCCHHHHCCCCCCCCCCCCCCCCCCCCCCCCC	2
1899	6.633	7.605	15.886	33	535	18.2	3.0	CCCCCCCHCCCCCCCCCCHCHCCCCHCCCEHHC	2
1900	8.906	7.861	16.349	33	535	15.2	15.2	CCCCCCCHCCEHECHECCCCHECCCCCCCCEHC	0
1901	8.921	7.852	16.169	33	535	15.2	12.1	CCCCCCCHCCEHECHCCCCCHECCCCCECCCHC	0
1902	6.265	8.121	9.880	33	535	15.2	6.1	CCECCCEHCCCCCCHHCCCCHCCCCHCCCCCCC	1
1903	6.248	8.073	10.226	33	535	15.2	9.1	CCEECCEHCCCCCCCCHCCCHCCCCHCCCCHCC	1
1904	8.979	7.848	16.098	33	535	15.2	3.0	CCCCCCCHCCEHCCHCCCCCHCCCCCCCCCCHC	0
1905	9.017	7.886	15.945	33	535	15.2	9.1	CCCCCCCHCCEHECHCCCCCHCCCCCCCCCEHC	0
1906	9.023	7.806	15.942	33	535	15.2	12.1	CCCCCCCHECEHCCHCCCCCHECCCCCCCCEHC	0
1907	8.980	7.855	16.730	33	535	12.1	18.2	CECCCCCHCCCHECCECCCCHECCCCCECCEHC	0
1908	6.630	7.575	15.482	33	535	21.2	3.0	CHCCCCCHCCCCCCCCCCHCHCCHCCCECCHHC	2
1909	6.611	7.594	16.456	33	535	12.1	0.0	CCCCHHHHCCCCCCCCCCCCCCCCCCCCCCCCC	2
1910	9.072	7.971	16.266	33	535	12.1	12.1	CCCCCCCCCCEHCCHCCCECHECCCCCECCCHC	0
1911	9.061	7.891	16.497	33	535	12.1	9.1	CCCCCCCCCCEHECHECCCCHCCCCCCCCCCHC	0
1912	6.732	7.728	16.597	33	535	15.2	6.1	CHCCCCCHCCCCCCCCCHCCCCCCCCCECEHHC	2
1913	6.596	7.678	15.911	33	535	21.2	3.0	CHCCCCCHCCCCCCCCCCHCHCCCCHCCCEHHC	2
1914	9.014	7.932	16.525	33	535	15.2	9.1	CCCCCCCHCCEHECHCCCCCHCCCCCCECCCHC	0
1915	8.898	7.856	16.745	33	535	15.2	6.1	CCCCCCCHECEHCCHCCCCCHCCCCCCCCCCHC	0
1916	8.842	7.878	16.377	33	535	15.2	6.1	CCCCCCCHCCCHCCHCCCCCHECCCCCCCCEHC	0
1917	8.965	7.879	16.936	33	535	15.2	12.1	CCCCCCCHCCEHCCHCCCCCHECCCCCECCEHC	0
1918	6.569	7.637	15.456	33	535	18.2	0.0	CHCCCCCHCCCCCCCCCCHCHCCCCCCCCCHHC	2
1919	6.548	7.676	15.491	33	535	3.0	3.0	CCCCCCCCCCCCCCCCCCCCCCCCCCCECCCHC	2
1920	6.122	8.085	9.676	33	535	9.1	9.1	CCEECCEHCCCCCCCCHCCCHCCCCCCCCCCCC	1
1921	6.116	8.028	9.791	33	535	6.1	9.1	CCEECCEHCCCCCCCCCCCCHCCCCCCCCCCCC	1
1922	6.084	8.121	10.420	33	535	9.1	12.1	CCEECCEHCCCCCCCCCCCCHCCCCCCCCEHCC	1
1923	6.075	8.151	11.016	33	535	9.1	12.1	CCEECCEHCCCCCCCCCCCCHCCCCHCCCECCC	1
1924	8.994	7.864	16.351	33	535	15.2	12.1	CCCCCCCHCCEHCCHCCCCCHECCCCCECCEHC	0
1925	9.026	7.819	16.356	33	535	15.2	0.0	CCCCCCCHCCCHCCHCCCCCHCCCCCCCCCCHC	0
1926	8.905	7.862	15.735	33	535	15.2	6.1	CCCCCCCHCCCHCCHCCCCCHECCCCCCCCEHC	0
1927	8.986	7.876	16.120	33	535	15.2	6.1	CCCCCCCHCCCHECHCCCCCHECCCCCCCCCHC	0
1928	8.891	7.842	16.555	33	535	15.2	9.1	CCCCCCCHECEHCCHCCCCCHECCCCCCCCCHC	0
1929	8.923	7.851	16.681	33	535	15.2	18.2	CECCCCCHECEHCCHECCCCHECCCCCCCCEHC	0
1930	8.984	7.939	16.827	33	535	15.2	15.2	CECCECCHCCEHCCHECCCCHECCCCCCCCCHC	0
1931	8.872	7.889	16.098	33	535	15.2	21.2	CECCCCCHECCHCCHECCECHECCCCCECCEHC	0
1932	8.959	7.870	16.464	33	535	15.2	9.1	CCCCCCCHECCHECHCCCCCHECCCCCCCCCHC	0
1933	9.005	7.873	16.241	33	535	15.2	3.0	CCCCCCCHCCCHCCHCCCCCHCCCCCCECCCHC	0
1934	8.853	7.839	16.288	33	535	12.1	9.1	CCCCCCCHCCEHCCCCCCCCHCCCCCCECCEHC	0
1935	8.932	7.850	16.221	33	535	15.2	12.1	CCCCCCCHCCCHCCHECCCCHECCCCCECCEHC	0
1936	9.031	7.830	16.632	33	535	15.2	9.1	CCCCCCCHCCEHECHCCCCCHCCCCCCCCCEHC	0
1937	9.055	7.930	16.376	33	535	15.2	9.1	CCCCCCCHCCCHECHCCCCCHECCCCCCCCEHC	0
1938	8.909	7.866	16.420	33	535	12.1	0.0	CCCCCCCHCCCHCCCCCCCCHCCCCCCCCCCHC	0
1939	8.908	7.868	15.751	33	535	15.2	12.1	CCCCCCCHECCHECHCCCCCHECCCCCCCCEHC	0
1940	8.848	7.868	16.767	33	535	15.2	12.1	CECCECCHCCEHCCHCCCCCHECCCCCCCCCHC	0
1941	8.883	7.922	16.333	33	535	15.2	6.1	CCCCCCCHCCEHCCHCCCCCHECCCCCCCCCHC	0
1942	6.055	8.189	9.119	33	535	12.1	9.1	CCEECCEHCCCCCCCCHCCCHCCCCCCCCHCCC	1
1943	6.050	8.172	9.060	33	535	12.1	9.1	CCEECCEHCCCCCCCCHCCCHCCCCCCCCHCCC	1
1944	8.968	7.860	16.172	33	535	12.1	9.1	CECCCCCCCCCHCCHCCCCCHECCCCCECCCHC	0
1945	8.961	7.819	15.290	33	535	15.2	6.1	CCCCCCCHCCCHECHCCCCCHECCCCCCCCCHC	0
1946	8.945	7.927	16.659	33	535	12.1	9.1	CCCCCCCHCCEHCCHCCCCCHECCCCCCCCECC	0
1947	8.934	7.895	15.653	33	535	15.2	3.0	CCCCCCCHCCCHCCHCCCCCHCCCCCCCCCEHC	0
1948	6.641	7.720	16.030	33	535	12.1	3.0	CCCCCCCHECCCCCCCCCCCHCCCCCCCCCHHC	2
1949	6.583	7.709	15.984	33	535	15.2	3.0	CHCCCCCHCCCCCCCCCCCCHCCCCCCECCHHC	2
1950	8.873	7.837	15.749	33	535	15.2	6.1	CCCCCCCHCCCHECHCCCCCHECCCCCCCCCHC	0
1951	8.944	7.886	16.417	33	535	15.2	3.0	CCCCCCCHCCCHCCHCCCCCHCCCCCCECCCHC	0
1952	8.977	7.848	15.942	33	535	15.2	12.1	CCCCCCCHCCEHECHCCCCCHECCCCCCCCEHC	0
1953	8.920	7.863	16.712	33	535	15.2	12.1	CCCCCCCHCCEHECHECCCCHCCCCCCCCCEHC	0
1954	8.880	7.868	16.320	33	535	15.2	12.1	CCCCCCCHCCEHCCHCCCECHCCCCCCECCEHC	0
1955	8.849	7.886	16.485	33	535	12.1	6.1	CCCCCCCHCCCHCCHCCCCCHECCCCCCCCECC	0
1956	8.937	7.858	15.612	33	535	12.1	6.1	CCCCCCCHCCEHCCHCCCCCHCCCCCCCCCECC	0
1957	8.862	7.883	16.154	33	535	15.2	9.1	CCCCCCCHCCEHECHCCCCCHECCCCCCCCCHC	0
1958	6.065	8.232	9.391	33	535	9.1	12.1	CCEECCEHCCCCCCCCCCCCHCCCCHCCCECCC	1
1959	6.204	8.169	9.439	33	535	12.1	9.1	CCEECCEHCCCCCCHCCCCCHCCCCCCCCCHCC	1
1960	6.590	7.635	15.758	33	535	21.2	3.0	CHCCCCCHCCCCCCCCCCHCHCCCCHCCCEHHC	2
1961	6.484	7.645	15.958	33	535	21.2	3.0	CHCCCCCHCCCCCCCCCCHCHCCCCHCECCHHC	2
1962	6.512	7.632	15.946	33	535	12.1	0.0	CCCCHHHHCCCCCCCCCCCCCCCCCCCCCCCCC	2
1963	6.667	7.670	15.671	33	535	18.2	0.0	CHCCCCCHCCCCCCCCCCHCHCCCCCCCCCHHC	2
1964	9.155	7.916	17.118	33	535	15.2	18.2	CECCCCCHCCEHECHECCCCHECCCCCCCCEHC	0
1965	8.954	7.844	15.422	33	535	15.2	12.1	CCCCCCCHCCCHECHECCCCHECCCCCCCCEHC	0
1966	6.560	7.685	15.360	33	535	21.2	0.0	CHCCCCCHCCCCCCCCCCHCHCCCCHCCCCHHC	2
1967	6.584	7.686	16.016	33	535	18.2	0.0	CHCCCCCHCCCCCCCCCCHCHCCCCHCCCCCHC	2
1968	8.993	7.841	16.114	33	535	15.2	9.1	CCCCCCCHCCCHCCHCCCCCHECCCCCECCEHC	0
1969	9.048	7.858	15.955	33	535	15.2	6.1	CCCCCCCHCCCHECHCCCCCHCCCCCCCCCEHC	0
1970	6.356	8.140	8.410	33	535	9.1	9.1	CCEECCEHCCCCCCCCCCCCHCCCCCHCCCCCC	1
1971	6.356	8.158	8.365	33	535	9.1	6.1	CCECCCEHCCCCCCCCCCCCHCCCCHCCCCCCC	1
1972	6.259	8.135	8.466	33	535	12.1	9.1	CCEECCEHCCCCCCCCHCCCHCCCCCCCCCHCC	1
1973	6.245	8.077	8.548	33	535	9.1	9.1	CCEECCEHCCCCCCCCHCCCHCCCCCCCCCCCC	1
1974	8.934	7.814	15.802	33	535	15.2	9.1	CCCCCCCHCCEHECHCCCCCHCCCCCCCCCEHC	0
1975	8.967	7.902	16.554	33	535	15.2	12.1	CCCCCCCHECEHECHCCCCCHECCCCCCCCCHC	0
1976	8.875	7.827	16.427	33	535	15.2	9.1	CCCCCCCHCCEHECHCCCCCHCCCCCCCCCEHC	0
1977	8.951	7.863	16.178	33	535	15.2	6.1	CCCCCCCHECEHCCHCCCCCHCCCCCCCCCCHC	0
1978	8.820	7.859	16.115	33	535	15.2	12.1	CCCCCCCHECEHECHCCCCCHCCCCCCCCCEHC	0
1979	8.938	7.925	16.376	33	535	15.2	6.1	CCCCCCCHCCEHCCHECCCCHCCCCCCCCCCHC	0
1980	8.882	7.999	16.091	33	535	15.2	15.2	CCCCCCCHCCEHECHECCCCHECCCCCCCCEHC	0
1981	8.943	7.914	16.453	33	535	15.2	9.1	CCCCCCCHCCCHCCHECCCCHECCCCCCCCEHC	0
1982	8.830	7.934	16.285	33	535	15.2	6.1	CCCCCCCHCCEHCCHCCCCCHCCCCCCCCCEHC	0
1983	8.833	7.955	16.276	33	535	12.1	9.1	CCCCCCCCCCEHCCHECCCCHCCCCCCCCCEHC	0
1984	8.792	7.994	16.659	33	535	15.2	9.1	CCCCCCCHCCEHCCHECCCCHCCCCCCCCCEHC	0
1985	8.867	7.916	16.609	33	535	12.1	9.1	CCCCCCCHCCEHCCHCCCCCHECCCCCCCCECC	0
1986	8.812	7.942	16.487	33	535	12.1	9.1	CCCCCCCHCCEHCCCECCCCHECCCCCCCCCHC	0
1987	8.931	7.958	16.221	33	535	15.2	3.0	CCCCCCCHCCCHCCHCCCCCHCCCCCCCCCEHC	0
1988	8.850	7.906	15.941	33	535	15.2	6.1	CCCCCCCHCCEHCCHCCCCCHECCCCCCCCCHC	0
1989	8.812	7.958	16.362	33	535	12.1	6.1	CCCCCCCHCCCHCCHECCCCHCCCCCCCCCECC	0
1990	6.615	7.619	15.493	33	535	15.2	0.0	CHCCHCCCCCCCCCCCCCCCHCCCCCCCCCHHC	2
1991	6.633	7.675	15.908	33	535	21.2	3.0	CHCCCCCHCCCCCCCCCHHCHCCCCCCCCEHHC	2
1992	6.268	8.079	8.564	33	535	12.1	6.1	CCEECCCHCCCCCCCCHCCCHCCHCCCCCCCCC	1
1993	6.244	8.175	9.128	33	535	12.1	9.1	CCEECCCHCCCCCCCCHCCCHCCCCCHCCECCC	1
1994	6.293	8.064	9.853	33	535	12.1	9.1	CEEECCCHCCCCCCCHCCCCHCCCCCCCCCHCC	1
1995	6.275	8.121	9.210	33	535	12.1	12.1	CCEECCEHCCCCHCCCCCCCHCCCCCHCCECCC	1
1996	6.198	8.035	8.296	33	535	15.2	9.1	CCEECCCHCCCCHCCCCCCCHCCCCHCCCEHCC	1
1997	6.338	8.171	9.965	33	535	6.1	9.1	CCEECCEHCCCCCCCCCCCCHCCCCCCCCCCCC	1
1998	6.424	7.669	15.844	33	535	18.2	3.0	CHCCCCCHCCCCCCCCCCHCHCCCCCCECCHHC	2
1999	6.424	7.730	15.593	33	535	18.2	3.0	CHCCCCCHCCCCCCCCCCHCHCCCCCCCCEHHC	2
2000	6.487	7.676	15.761	33	535	21.2	6.1	CHCCCCCHCCCCCCCCCHCCHCCHCCCECEHHC	2
2001	6.506	7.625	15.303	33	535	18.2	0.0	CHCCCCCHCCCCCCCCCCHCHCCCCCCCCCHHC	2
2002	6.591	7.621	15.226	33	535	15.2	0.0	CCCCCCCHCCCCCCCCCCHCHCCCCCCCCCHHC	2
2003	6.579	7.654	15.518	33	535	21.2	0.0	CHCCHCCHCCCCCCCCCCHCHCCCCCCCCCHHC	2
2004	8.943	7.843	16.811	33	535	15.2	18.2	CECCCCCHCCCHECHCCCECHECCCCCECCEHC	0
2005	8.822	7.798	16.188	33	535	15.2	9.1	CCCCCCCHCCCHECHECCECHCCCCCCCCCCHC	0
2006	6.292	8.002	8.416	33	535	6.1	9.1	CCEECCEHCCCCCCCCHCCCCCCCCCCCCCCCC	1
2007	6.235	8.058	8.527	33	535	9.1	9.1	CCEECCCHCCCCCCCCHCCCHCCCCCCCCECCC	1
2008	6.309	8.007	8.329	33	535	9.1	6.1	CCEECCCHCCCCCCCCHCCCHCCCCCCCCCCCC	1
2009	6.250	8.115	8.754	33	535	12.1	12.1	CEEECCEHCCCCCCCCHCCCHCCCCCHCCCCCC	1
2010	6.515	7.669	15.608	33	535	21.2	0.0	CHCCCCCHCCCCCCCCCCHCHCCCCHCCCCHHC	2
2011	6.416	7.649	15.899	33	535	24.2	3.0	CHCCCCCHCCCCCCCCCHHCHCCHCCCECCHHC	2
2012	8.957	7.926	17.752	33	535	12.1	15.2	CCCCCCCHCCEHCCHECCECHECCCCCCCCECC	0
2013	8.863	7.892	16.856	33	535	15.2	6.1	CCCCCCCHCCCHCCHECCCCHCCCCCCCCCEHC	0
2014	6.520	7.590	15.610	33	535	12.1	6.1	CHCCCCCCECCCCCCCCCHCHCCCCCCECCCHC	2
2015	6.487	7.606	15.517	33	535	15.2	3.0	CHCCCCCHCCCCCCCCCCHCHCCCCCCECCHCC	2
2016	6.512	7.652	15.638	33	535	21.2	0.0	CHCCHCCHCCCCCCCCCCHCHCCCCCCCCCHHC	2
2017	6.582	7.632	15.225	33	535	12.1	3.0	CHCCCCCHECCCCCCCCCCCCCCCCCCCCCHHC	2
2018	6.329	8.138	9.014	33	535	9.1	6.1	CCECCCCCCCCCCCCCHCCCHCCCCCCCCEHCC	1
2019	6.314	8.186	8.836	33	535	12.1	9.1	CCEECCCHCCCCHCCCHCCCHCCCCCCCCECCC	1
2020	6.386	8.022	8.494	33	535	12.1	6.1	CCEECCCHCCCCHCCHCCCCHCCCCCCCCCCCC	1
2021	6.481	8.095	9.945	33	535	15.2	6.1	CCEECCCHCCCCHCCCHCCCHCCCCCHCCCCCC	1
2022	6.424	8.234	9.841	33	535	6.1	9.1	CCEECCCHCCCCCCCCHCCCCCCCCCCCCECCC	1
2023	6.335	8.164	9.748	33	535	12.1	12.1	CEEECCCHCCCCCCCHHCCCHCCCCCCCCECCC	1
2024	6.397	7.658	15.941	33	535	9.1	0.0	CCCCCCCHCCCCCCCCCCCCHCCCCCCCCCHCC	2
2025	6.413	7.667	15.450	33	535	12.1	0.0	CHCCCCCHCCCCCCCCCCCCCCCCCCCCCCHHC	2
2026	6.461	7.694	15.699	33	535	18.2	3.0	CHCCCCCHCCCCCCCCCCHCHCCCCCCECCHHC	2
2027	6.509	7.765	16.013	33	535	12.1	0.0	CHCCCCCHCCCCCCCCCCCCCCCCCCCCCCHHC	2
2028	6.327	8.140	9.019	33	535	9.1	9.1	CCEECCEHCCCCCCCCHCCCHCCCCCCCCCCCC	1
2029	6.289	8.215	9.268	33	535	12.1	9.1	CCEECCCHCCCCCCCHCCCCHCCCCCCCCEHCC	1
2030	6.483	8.221	9.095	33	535	9.1	6.1	CCEECCCHCCCCCCCCCCCCHCCCCCCCCCHCC	1
2031	6.311	8.262	9.065	33	535	9.1	9.1	CCEECCEHCCCCCCCCCCCCHCCCCCCCCCHCC	1
2032	6.443	8.190	9.778	33	535	15.2	6.1	CCEECCCHCCCCCCCCHCCCHCCCCHCCCCHCC	1
2033	6.404	8.062	8.724	33	535	12.1	9.1	CCEECCCHCCCCCCCCHCCCHCCCCCHCCECCC	1
2034	6.340	8.293	8.630	33	535	21.2	6.1	CCEECCCHCCCCCCHHCCCCHCCHCHCCCCHCC	1
2035	6.400	8.291	9.262	33	535	9.1	6.1	CCEECCCHCCCCCCCCHCCCHCCCCCCCCCCCC	1
2036	6.479	8.096	9.342	33	535	9.1	6.1	CCECCCCHCCCCCCCHCCCCHCCCCCCCCECCC	1
2037	6.508	8.107	8.618	33	535	12.1	12.1	CCEECCEHCCCCHCCCHCCCHCCCCCCCCECCC	1
2038	9.100	7.830	16.934	33	535	15.2	6.1	CECCCCCHCCEHCCHCCCCCHCCCCCCCCCCHC	0
2039	9.081	7.850	16.886	33	535	15.2	9.1	CCCCCCCHCCCHECHCCCECHCCCCCCCCCEHC	0
2040	6.366	8.159	8.151	33	535	12.1	9.1	CCEECCCHCCCCCCCCHCCCHCCCCHCCCECCC	1
2041	6.458	8.226	8.331	33	535	9.1	12.1	CCEECCEHCCCCCCCCHCCCHCCCCCCCCECCC	1
2042	6.396	8.048	8.280	33	535	6.1	9.1	CCEECCEHCCCCCCCCCCCCHCCCCCCCCCCCC	1
2043	6.474	8.086	9.480	33	535	9.1	6.1	CCEECCCHCCCCCCCCHCCCHCCCCCCCCCCCC	1
2044	6.498	8.147	10.027	33	535	9.1	9.1	CEEECCCCCCCCCCCCHCCCHCCCCHCCCCCCC	1
2045	6.391	8.195	9.225	33	535	15.2	9.1	CCEECCEHCCCCCCHCHCCCHCCCCCHCCCCCC	1
2046	6.398	8.195	9.537	33	535	6.1	9.1	CEEECCCHCCCCCCCCCCCCHCCCCCCCCCCCC	1
2047	6.426	8.257	9.742	33	535	12.1	12.1	CCEECCEHCCCCCCHHCCCCHCCCCCCCCECCC	1
2048	6.603	7.613	16.200	33	535	15.2	0.0	CHCCCCCHCCCCCCCCCCCCHCCCCCCCCCHHC	2
2049	6.482	7.619	15.880	33	535	18.2	0.0	CHCCHCCHCCCCCCCCCCCCHCCCCCCCCCHHC	2
2050	6.544	7.776	16.695	33	535	9.1	3.0	CCCCCCCHCCCCCCCCCCCCHCCCCCCECCCHC	2
2051	6.658	7.679	16.217	33	535	21.2	3.0	CHCCHCCHCCCCCCCCCCHCHCCCCCCCCEHHC	2
2052	8.959	7.870	16.152	33	535	15.2	9.1	CECCCCCHCCCHCCHCCCCCHCCCCCCECCEHC	0
2053	9.135	7.829	15.935	33	535	15.2	9.1	CCCCCCCHECCHECHCCCCCHCCCCCCECCCHC	0
2054	8.955	7.898	16.096	33	535	15.2	9.1	CCCCCCCHCCEHECHCCCCCHCCCCCCCCCEHC	0
2055	8.900	7.830	17.010	33	535	15.2	9.1	CCCCCCCHCCEHECHCCCCCHCCCCCCCCCEHC	0
2056	6.496	8.126	9.947	33	535	15.2	9.1	CEEECCCHCCCCCCCCHCCCHCCCCHCCCCHCC	1
2057	6.406	8.118	9.524	33	535	12.1	9.1	CCEECCCHCCCCCCCCHCCCHCCCCHCCCECCC	1
2058	6.304	8.248	10.410	33	535	15.2	3.0	CCECCCCHCCCCCCCHCCCCHCCCCCHCCCHCC	1
2059	6.342	8.314	10.429	33	535	12.1	6.1	CCEECCCHCCCCCCCHCCCCHCCCCHCCCCCCC	1
2060	8.924	7.854	16.920	33	535	15.2	9.1	CCCCCCCHCCCHCCHECCECHCCCCCCCCCEHC	0
2061	8.960	7.839	16.479	33	535	15.2	6.1	CCCCCCCHCCEHCCHCCCCCHCCCCCCCCCEHC	0
2062	8.926	7.858	16.553	33	535	15.2	3.0	CCCCCCCHCCCHCCHCCCCCHCCCCCCCCCEHC	0
2063	8.933	7.843	16.485	33	535	15.2	9.1	CCCCCCCHCCEHCCHCCCECHCCCCCCCCCEHC	0
2064	6.516	8.136	9.164	33	535	12.1	6.1	CCEECCCHCCCCCCCCHCCCHCCCCHCCCCCCC	1
2065	6.396	8.194	8.821	33	535	15.2	6.1	CCEECCCHCCCCCCHCHCCCHCCCCHCCCCCCC	1
2066	8.943	7.882	16.584	33	535	12.1	3.0	CCCCCCCHCCCHCCHCCCCCHCCCCCCCCCECC	0
2067	8.962	7.826	16.886	33	535	15.2	12.1	CCCCCCCHCCCHECHCCCCCHECCCCCECCEHC	0
2068	6.401	8.154	9.997	33	535	15.2	6.1	CCEECCCHCCCCHCCHCCCCHCCCCHCCCCCCC	1
2069	6.289	8.151	9.780	33	535	12.1	9.1	CCEECCEHCCCCCCCHCCCCHCCCCCHCCCCCC	1
2070	6.231	8.249	9.878	33	535	15.2	6.1	CCEECCCHCCCCHCCCHCCCHCCCCCCCCCHCC	1
2071	6.290	8.235	10.030	33	535	12.1	6.1	CCEECCCHCCCCCCCCHCCCHCCCCCHCCCCCC	1
2072	6.452	7.734	16.064	33	535	15.2	0.0	CHCCCCCHCCCCCCCCCCCCHCCCCCCCCCHHC	2
2073	6.476	7.702	15.993	33	535	12.1	6.1	CHCCCCCHCCCCCCCCCCCCCCCCCCCECEHHC	2
2074	6.534	7.691	15.571	33	535	15.2	0.0	CHCCCCCHCCCCCCCCCCCCHCCCCCCCCCHHC	2
2075	6.509	7.783	15.428	33	535	12.1	0.0	CCCCHHHHCCCCCCCCCCCCCCCCCCCCCCCCC	2
2076	6.520	7.799	15.993	33	535	15.2	3.0	CHCCCCCHCCCCCCCCCCCCHCCCCCCCCEHHC	2
2077	6.532	7.766	16.146	33	535	21.2	3.0	CHCCCCCHCCCCCCCCCCHCHCCCCHCCCEHHC	2
2078	8.968	7.859	16.718	33	535	15.2	3.0	CCCCCCCHCCCHCCHCCCCCHCCCCCCECCCHC	0
2079	8.994	7.857	16.116	33	535	12.1	6.1	CCCCCCCHCCCHECHCCCCCHCCCCCCECCCCC	0
2080	6.328	8.118	9.398	33	535	9.1	9.1	CCEECCCHCCCCCCCCCCCCHCCCCHCCCECCC	1
2081	6.374	8.163	10.313	33	535	12.1	9.1	CCEECCCHCCCCCCCCHCCCHCCCCHCCCECCC	1
2082	6.452	8.141	9.390	33	535	15.2	6.1	CCEECCCHCCCCCCCCHCCCHCCHCHCCCCCCC	1
2083	6.354	8.316	9.887	33	535	12.1	6.1	CCEECCCHCCCCCCHCHCCCHCCCCCCCCCCCC	1
2084	6.441	8.178	9.327	33	535	6.1	9.1	CCEECCCHCCCCCCCCCCCCHCCCCCCCCECCC	1
2085	6.290	8.226	9.569	33	535	12.1	9.1	CCEECCEHCCCCCCCCHCCCHCCCCCHCCCCCC	1
2086	8.948	7.883	16.386	33	535	15.2	12.1	CCCCCCCHCCCHECHCCCCCHECCCCCECCEHC	0
2087	8.930	7.874	16.575	33	535	15.2	12.1	CCCCCCCHCCEHCCHECCCCHCCCCCCECCEHC	0
2088	8.892	7.853	16.511	33	535	15.2	12.1	CCCCCCCHECEHECHCCCCCHCCCCCCCCCEHC	0
2089	8.921	7.839	16.764	33	535	15.2	9.1	CCCCCCCHCCEHECHCCCCCHCCCCCCCCCEHC	0
2090	6.353	8.095	9.478	33	535	12.1	9.1	CCEECCCHCCCCCCCCHCCCHCCCCCHCCECCC	1
2091	6.291	8.107	9.632	33	535	15.2	9.1	CEEECCCHCCCCCCHCHCCCHCCCCCHCCCCCC	1
2092	6.160	8.201	10.192	33	535	12.1	12.1	CEEECCCHCCCCCCCCHCCCHCCCCCHCCECCC	1
2093	6.261	8.149	9.655	33	535	6.1	9.1	CCEECCCHCCCCCCCCCCCCHCCCCCCCCECCC	1
2094	9.072	7.787	16.141	33	535	15.2	12.1	CECCCCCHCCEHCCHCCCCCHCCCCCCECCEHC	0
2095	9.050	7.860	16.107	33	535	15.2	3.0	CCCCCCCHCCEHCCHCCCCCHCCCCCCCCCCHC	0
2096	9.021	7.855	16.480	33	535	15.2	6.1	CCCCCCCHCCEHCCHCCCCCHCCCCCCCCCEHC	0
2097	9.003	7.852	16.551	33	535	15.2	12.1	CCCCCCCHECEHECHCCCCCHCCCCCCCCCEHC	0
2098	6.268	8.178	11.216	33	535	6.1	9.1	CCEECCCHCCCCCCCCCCCCHCCCCCCCCECCC	1
2099	6.369	8.239	9.981	33	535	3.0	6.1	CCEECCCHCCCCCCCCCCCCCCCCCCCCCCCCC	1
2100	6.539	7.635	15.482	33	535	12.1	0.0	CCCCHHHHCCCCCCCCCCCCCCCCCCCCCCCCC	2
2101	6.679	7.632	15.949	33	535	21.2	0.0	CHCCCCCHCCHCCCCCCCCCHCCCCHCCCCHHC	2
2102	6.653	7.556	15.289	33	535	12.1	0.0	CCCCHHHHCCCCCCCCCCCCCCCCCCCCCCCCC	2
2103	6.623	7.758	16.096	33	535	15.2	3.0	CHCCCCCHCCCCCCCCCCCCHCCCCCCCCEHHC	2
2104	6.301	8.231	9.773	33	535	6.1	9.1	CCEECCEHCCCCCCCCCCCCHCCCCCCCCCCCC	1
2105	6.227	8.103	9.679	33	535	6.1	9.1	CCEECCEHCCCCCCCCCCCCHCCCCCCCCCCCC	1
2106	9.082	7.898	17.045	33	535	15.2	9.1	CCCCCCCHCCEHCCHCCCCCHCCCCCCECCEHC	0
2107	8.887	7.852	16.834	33	535	15.2	9.1	CECCCCCHCCEHCCHCCCCCHCCCCCCCCCEHC	0
2108	8.951	7.913	16.065	33	535	15.2	12.1	CCCCCCCHCCEHCCHECCCCHCCCCCCECCEHC	0
2109	8.952	7.921	16.671	33	535	15.2	12.1	CCCCCCCHCCEHECHCCCECHCCCCCCCCCEHC	0
2110	6.377	8.058	9.326	33	535	9.1	6.1	CCEECCCHCCCCCCCCHCCCHCCCCCCCCCCCC	1
2111	6.412	8.129	9.633	33	535	12.1	6.1	CCEECCCHCCCCCCCCHCCCHCCCCCCCCCHCC	1
2112	9.022	7.780	16.279	33	535	15.2	3.0	CCCCCCCHCCCHCCHCCCCCHCCCCCCCCCEHC	0
2113	9.100	7.812	16.445	33	535	15.2	6.1	CCCCCCCHCCEHECHCCCCCHCCCCCCCCCCHC	0
2114	6.536	7.721	15.951	33	535	12.1	3.0	CHCCCCCCCCCCCCCCCCCCHCCCCCCECCHHC	2
2115	6.560	7.681	15.853	33	535	15.2	6.1	CHCCCCCCCCHCCECCCCCCHCCCCCCECCHHC	2
2116	6.230	8.092	9.596	33	535	12.1	9.1	CCEECCEHCCCCCCCCHCCCHCCCCCHCCCCCC	1
2117	6.233	8.190	9.553	33	535	12.1	6.1	CCEECCCHCCCCCCHCCCCCHCCCCCHCCCCCC	1
2118	9.105	7.837	17.312	33	535	12.1	9.1	CCCCCCCHCCEHCCHCCCECHCCCCCCECCCCC	0
2119	9.137	7.842	16.670	33	535	12.1	12.1	CECCCCCHCCCHCCHECCECHCCCCCCECCCCC	0
2120	9.068	7.856	16.089	33	535	15.2	9.1	CCCCCCCHCCCHECHECCCCHCCCCCCCCCEHC	0
2121	9.009	7.846	16.414	33	535	15.2	18.2	CECCCCCHECEHCCHCCCECHCCCCCCECCEHC	0
2122	9.027	7.880	16.105	33	535	15.2	6.1	CCCCCCCHCCEHECHCCCCCHCCCCCCCCCCHC	0
2123	8.981	7.961	16.510	33	535	15.2	6.1	CCCCCCCHCCEHCCHCCCCCHCCCCCCCCCEHC	0
2124	8.996	7.877	16.578	33	535	15.2	9.1	CCCCCCCHCCEHECHCCCCCHCCCCCCCCCEHC	0
2125	8.938	7.859	16.244	33	535	15.2	9.1	CCCCCCCHCCCHCCHECCECHCCCCCCCCCEHC	0
2126	9.027	7.968	16.383	33	535	15.2	6.1	CCCCCCCHCCCHECHCCCCCHCCCCCCCCCEHC	0
2127	8.950	7.892	17.116	33	535	12.1	6.1	CCCCCCCHCCEHCCHCCCCCHCCCCCCCCCECC	0
2128	8.981	7.867	17.281	33	535	15.2	6.1	CCCCCCCHCCEHCCHCCCCCHCCCCCCCCCEHC	0
2129	9.035	7.831	16.403	33	535	12.1	3.0	CCCCCCCHCCCHCCHCCCCCHCCCCCCCCCECC	0
2130	6.302	8.103	10.051	33	535	18.2	6.1	CCEECCCHCCCCCCHCHCCCHCCCCHCCCCHCC	1
2131	6.289	8.151	9.242	33	535	15.2	6.1	CCEECCCHCCCCCCCCHCCCHCCCCHCHCCCCC	1
2132	6.122	8.187	9.662	33	535	21.2	6.1	CCEECCCHCCCCCCHCHCCCHCCCCHCHCCHCC	1
2133	6.296	8.053	9.444	33	535	15.2	6.1	CCEECCCHCCCCCCHCHCCCHCCCCCCHCCCCC	1
2134	9.088	7.837	16.207	33	535	15.2	12.1	CECCCCCHCCCHECHCCCECHCCCCCCECCCHC	0
2135	9.059	7.838	16.190	33	535	15.2	3.0	CCCCCCCHCCCHECHCCCCCHCCCCCCCCCCHC	0
2136	9.160	7.840	16.777	33	535	12.1	9.1	CCCCCCCHCCCHECHECCCCHCCCCCCECCCCC	0
2137	9.077	7.851	16.458	33	535	15.2	12.1	CCCCCCCHCCCHECHECCCCHCCCCCCECCEHC	0
2138	9.104	7.847	16.874	33	535	12.1	9.1	CECCCCCHCCEHCCHCCCCCHCCCCCCECCCCC	0
2139	9.100	7.823	15.888	33	535	15.2	9.1	CECCCCCHCCEHCCHCCCCCHCCCCCCECCCHC	0
2140	9.038	7.894	16.166	33	535	12.1	9.1	CCCCCCCCECEHCCHCCCCCHCCCCCCCCCEHC	0
2141	9.088	7.892	16.044	33	535	15.2	12.1	CCCCCCCHCCEHECHCCCCCHECCCCCECCCHC	0
2142	9.011	7.820	15.980	33	535	15.2	6.1	CCCCCCCHCCCHECHCCCCCHCCCCCCECCCHC	0
2143	9.108	7.842	17.006	33	535	15.2	12.1	CCCCCCCHCCEHCCHECCCCHCCCCCCECCEHC	0
2144	9.090	7.869	16.723	33	535	12.1	15.2	CCCCCCCHCCEHECHCCCCCCECCCCCECCEHC	0
2145	9.139	7.830	16.251	33	535	15.2	6.1	CECCCCCHCCEHCCHCCCCCHCCCCCCCCCCHC	0
2146	6.548	7.606	15.218	33	535	21.2	6.1	CHCCCCCHCCCCCECCCCHCHCCHCCCCCEHHC	2
2147	6.585	7.691	15.291	33	535	18.2	0.0	CHCCHCCHCCCCCCCCCCCCHCCCCCCCCCHHC	2
2148	6.386	8.208	9.124	33	535	9.1	6.1	CCEECCCHCCCCCCCCHCCCHCCCCCCCCCCCC	1
2149	6.493	8.213	9.666	33	535	12.1	6.1	CCEECCCHCCCCCCCCHCCCHCCCCHCCCCCCC	1
2150	8.979	7.791	16.993	33	535	15.2	6.1	CCCCCCCHCCEHCCHCCCCCHCCCCCCCCCEHC	0
2151	9.008	7.867	16.409	33	535	15.2	0.0	CCCCCCCHCCCHCCHCCCCCHCCCCCCCCCCHC	0
2152	6.318	8.073	8.906	33	535	12.1	6.1	CCEECCCHCCCCCCHCCCCCHCCCCCCCCCHCC	1
2153	6.304	8.087	9.763	33	535	9.1	12.1	CEEECCEHCCCCCCCCCCCCHCCCCHCCCCCCC	1
2154	6.432	8.104	10.115	33	535	6.1	9.1	CEEECCCHCCCCCCCCCCCCHCCCCCCCCCCCC	1
2155	6.574	8.086	10.061	33	535	6.1	3.0	CCECCCCHCCCCCCCCCCCCHCCCCCCCCCCCC	1
2156	9.095	7.830	16.399	33	535	15.2	12.1	CCCCCCCHECCHECHCCCECHCCCCCCCCCEHC	0
2157	8.950	7.906	16.758	33	535	15.2	6.1	CCCCCCCHCCEHCCHCCCCCHCCCCCCCCCEHC	0
2158	8.891	7.882	16.576	33	535	15.2	9.1	CCCCCCCHECEHECHCCCCCHCCCCCCCCCCHC	0
2159	8.966	7.913	16.876	33	535	15.2	12.1	CECCCCCHCCEHECHCCCCCHCCCCCCCCCEHC	0
2160	6.416	8.108	9.793	33	535	9.1	12.1	CCEECCEHCCCCCCCCHCCCCCCCCHCCCECCC	1
2161	6.468	8.197	10.461	33	535	9.1	15.2	CEEECCEHCCCCCCCCCCCCHCCCCCCCCEHCC	1
2162	8.901	7.933	17.280	33	535	15.2	12.1	CECCCCCHCCEHECHCCCCCHCCCCCCCCCEHC	0
2163	8.884	7.835	16.098	33	535	15.2	3.0	CCCCCCCHCCCHECHCCCCCHCCCCCCCCCCHC	0
2164	8.941	7.922	16.811	33	535	15.2	9.1	CCCCCCCHCCCHECHCCCCCHCCCCCCECCEHC	0
2165	8.975	7.899	16.506	33	535	15.2	15.2	CCCCCCCHCCEHECHCCCECHECCCCCECCCHC	0
2166	9.068	7.844	17.229	33	535	15.2	6.1	CCCCCCCHCCCHCCHCCCECHCCCCCCCCCEHC	0
2167	8.933	7.857	16.696	33	535	15.2	3.0	CCCCCCCHCCCHCCHCCCCCHCCCCCCCCCEHC	0
2168	6.189	8.123	10.319	33	535	15.2	6.1	CCEECCCHCCHCCCCCCCCCHCCCCCHCCCHCC	1
2169	6.374	8.138	9.542	33	535	6.1	12.1	CCEECCEHCCCCCCCCCCCCHCCCCCCCCECCC	1
2170	8.984	7.856	17.230	33	535	15.2	12.1	CCCCCCCHCCEHECHCCCCCHCCCCCCECCEHC	0
2171	8.949	7.798	16.992	33	535	15.2	9.1	CCCCCCCHECEHCCHCCCCCHCCCCCCCCCEHC	0
2172	6.538	7.677	15.827	33	535	15.2	6.1	CHCCCCCHCCCCCCCCCCCCHCCCCCCECEHHC	2
2173	6.612	7.627	14.993	33	535	12.1	0.0	CHCCCCCHCCCCCCCCCCCCHCCCCCCCCCHCC	2
2174	6.246	8.219	9.277	33	535	15.2	9.1	CCEECCCHCCHCCCCCHCCCHCCCCCHCCECCC	1
2175	6.383	8.150	10.218	33	535	18.2	9.1	CCEECCCHCCHCCCCHHCCCHCCCCCCCCEHCC	1
2176	8.961	7.911	17.214	33	535	15.2	9.1	CCCCCCCHCCEHECHCCCCCHCCCCCCCCCEHC	0
2177	8.926	7.933	16.771	33	535	15.2	12.1	CCCCCCCHECCHECHCCCCCHCCCCCCECCEHC	0
2178	6.281	8.079	10.003	33	535	12.1	3.0	CCECCCCHCCCCCCCHCCCCHCCCCCCCCCHCC	1
2179	6.357	8.015	10.220	33	535	15.2	6.1	CCEECCCHCCHCCCHCHCCCHCCCCCCCCCCCC	1
2180	6.284	8.040	9.338	33	535	9.1	6.1	CCECCCEHCCCCCCCCCCCCHCCCCCCCCCHCC	1
2181	6.290	8.073	9.459	33	535	12.1	9.1	CCEECCEHCCCCCCCCHCCCHCCCCCCCCCHCC	1
2182	6.284	8.169	9.265	33	535	9.1	6.1	CCEECCCHCCCCCCCCCCCCHCCCCCCCCCHCC	1
2183	6.356	8.051	9.721	33	535	9.1	9.1	CCEECCEHCCCCCCCCCCCCHCCCCCHCCCCCC	1
2184	9.079	7.866	16.997	33	535	15.2	6.1	CCCCCCCHCCEHECHCCCCCHCCCCCCCCCCHC	0
2185	9.012	7.794	16.603	33	535	12.1	6.1	CCCCCCCHCCEHCCHCCCCCHCCCCCCECCCCC	0
2186	9.115	7.844	16.783	33	535	12.1	12.1	CECCCCCHCCEHCCHECCCCHCCCCCCECCCCC	0
2187	9.062	7.917	16.341	33	535	12.1	15.2	CECCCCCHCCECECHCCCCCHCCCCCCECCEHC	0
2188	9.193	7.886	16.599	33	535	15.2	12.1	CECCCCCHCCEHECHCCCCCHCCCCCCECCCHC	0
2189	9.077	7.913	16.801	33	535	15.2	12.1	CCCCCCCHECCHECHCCCCCHCCCCCCECCEHC	0
2190	6.491	8.066	9.499	33	535	12.1	6.1	CCEECCCHCCHCCCCCCCCCHCCCCHCCCCCCC	1
2191	6.562	8.079	9.822	33	535	12.1	6.1	CCEECCCHCCCCCCCCHCCCHCCCCCCCCCHCC	1
2192	9.109	7.889	16.462	33	535	12.1	15.2	CECCCCCHCCECECHCCCCCHCCCCCCECCEHC	0
2193	9.021	7.773	16.493	33	535	12.1	9.1	CCCCCCCHCCCCCCHECCCCHCCCCCCECCEHC	0
2194	8.988	7.914	16.883	33	535	12.1	6.1	CCCCCCCHCCCCCCHCCCCCHCCCCCCECCEHC	0
2195	8.955	7.911	16.898	33	535	15.2	12.1	CCCCCCCHCCEHECHCCCECHCCCCCCCCCEHC	0
2196	6.600	7.677	16.530	33	535	18.2	6.1	CHCCCCCHCCCCCCCCCCHCHCCCCCCECEHHC	2
2197	6.570	7.795	16.481	33	535	18.2	3.0	CHCCCCCHCCCCCCCCCCHCHCCCCCCECCHHC	2
2198	6.485	8.108	9.343	33	535	6.1	9.1	CCEECCEHCCCCCCCCCCCCHCCCCCCCCCCCC	1
2199	6.519	8.088	9.499	33	535	15.2	9.1	CCEECCEHCCHCCCCHCCCCHCCCCHCCCCCCC	1
2200	6.507	8.230	9.215	33	535	9.1	9.1	CCEECCEHCCCCCCCCHCCCHCCCCCCCCCCCC	1
2201	6.544	8.161	9.296	33	535	9.1	6.1	CCEECCCHCCHCCCHCCCCCCCCCCCCCCCCCC	1
2202	9.086	7.887	17.222	33	535	15.2	6.1	CECCCCCHCCCHECHCCCCCHCCCCCCCCCCHC	0
2203	9.030	7.890	16.544	33	535	15.2	9.1	CCCCCCCHCCEHECHCCCCCHCCCCCCCCCEHC	0
2204	9.037	7.906	16.794	33	535	12.1	15.2	CECCCCCHCCECCCHCCCECHCCCCCCECCEHC	0
2205	9.044	7.852	15.982	33	535	15.2	6.1	CCCCCCCHCCCHECHCCCCCHECCCCCCCCCHC	0
2206	9.022	7.801	16.855	33	535	15.2	9.1	CCCCCCCHCCEHECHCCCCCHCCCCCCCCCEHC	0
2207	8.974	7.891	15.901	33	535	15.2	6.1	CCCCCCCHCCCHCCHCCCCCHCCCCCCECCEHC	0
2208	9.067	7.853	16.254	33	535	15.2	9.1	CECCCCCHCCEHECHCCCCCHCCCCCCCCCCHC	0
2209	9.009	7.835	16.736	33	535	12.1	6.1	CCCCCCCHCCEHCCHCCCCCHCCCCCCCCCECC	0
2210	6.486	8.168	10.152	33	535	15.2	12.1	CCEECCEHCCCCCCHCHCCCCCCHCCCCCEHCC	1
2211	6.581	8.172	9.672	33	535	15.2	9.1	CCEECCEHCCCCCCCCHCCCHCCCCHCCCCHCC	1
2212	6.577	8.235	11.219	33	535	15.2	9.1	CCEECCCHCCCCCCCHHCCCHCCCCHCCCECCC	1
2213	6.524	8.149	10.530	33	535	15.2	6.1	CCEECCCHCCCCCCCCHCCCHCCCCHCCCCHCC	1
2214	8.951	7.790	15.825	33	535	15.2	0.0	CCCCCCCHCCCHCCHCCCCCHCCCCCCCCCCHC	0
2215	8.989	7.730	15.596	33	535	15.2	6.1	CCCCCCCHECCHCCHECCCCHCCCCCCCCCCHC	0
2216	6.777	7.862	17.100	33	535	12.1	0.0	CCCCHHHHCCCCCCCCCCCCCCCCCCCCCCCCC	2
2217	6.779	7.711	17.225	33	535	21.2	3.0	CHCCCCCHCCCCCCCCCHCCHCCHCCCCCEHHC	2
2218	8.942	7.790	16.247	33	535	12.1	3.0	CCCCCCCCECCHCCHCCCCCHCCCCCCCCCCHC	0
2219	8.904	7.867	15.079	33	535	15.2	12.1	CCCCCCCHECEHECHCCCECHCCCCCCCCCCHC	0
2220	8.926	7.916	15.562	33	535	15.2	9.1	CCCCCCCHECCHCCHCCCECHCCCCCCCCCEHC	0
2221	8.912	7.820	16.319	33	535	15.2	12.1	CCCCCCCHECEHECHCCCCCHCCCCCCCCCEHC	0
2222	6.575	8.200	10.206	33	535	12.1	9.1	CCEECCEHCCCCCCHCCCCCHCCCCCCCCCHCC	1
2223	6.506	8.145	9.989	33	535	12.1	3.0	CCECCCCHCCHCCCCCHCCCHCCCCCCCCCCCC	1
2224	6.421	8.092	9.282	33	535	15.2	9.1	CCECCCEHCCCCCCCHHCCCHCCHCCCCCECCC	1
2225	6.369	8.186	9.606	33	535	12.1	6.1	CCEECCCHCCCCCCHCHCCCHCCCCCCCCCCCC	1
2226	8.945	7.923	16.600	33	535	15.2	3.0	CCCCCCCHCCEHCCHCCCCCHCCCCCCCCCCHC	0
2227	8.935	7.911	17.019	33	535	15.2	6.1	CCCCCCCHECCHCCHECCCCHCCCCCCCCCCHC	0
2228	6.482	8.113	9.548	33	535	9.1	9.1	CCEECCCHCCCCCCCCCCCCCCCCCHCCCEHCC	1
2229	6.486	8.280	9.492	33	535	18.2	6.1	CCEECCCHCCHCCCHCHCCCHCCCCHCCCCCCC	1
2230	9.085	7.904	16.799	33	535	12.1	6.1	CECCCCCHCCCCCCHCCCCCHCCCCCCCCCEHC	0
2231	9.119	7.919	16.670	33	535	15.2	18.2	CECCCCCHECEHECHCCCCCHECCCCCCCCEHC	0
2232	6.450	8.125	10.431	33	535	9.1	9.1	CCEECCEHCCCCCCHCCCCCHCCCCCCCCCCCC	1
2233	6.428	8.213	9.893	33	535	18.2	6.1	CCEECCCHCCHCCCCCHCCCHCCCCCHCCCHCC	1
2234	6.949	7.768	16.617	33	535	18.2	0.0	CHCCCCCHCCCCCCCCCCHCHCCCCCCCCCHHC	2
2235	6.822	7.743	16.190	33	535	15.2	0.0	CHCCCCCHCCCCCCCCCCCCHCCCCCCCCCHHC	2
2236	6.795	7.825	16.923	33	535	15.2	3.0	CHCCHCCHCCCCCCCCCCCCHCCCCCCCCECHC	2
2237	6.705	7.751	16.743	33	535	15.2	3.0	CHCCCCCHCCCCCCCCCCCCHCCCCCCCCEHHC	2
2238	9.002	8.055	17.471	33	535	15.2	6.1	CCCCCCCHECCHECHCCCCCHCCCCCCCCCCHC	0
2239	8.958	7.966	16.956	33	535	15.2	3.0	CCCCCCCHCCCHCCHCCCCCHCCCCCCCCCEHC	0
2240	6.793	7.684	16.775	33	535	12.1	0.0	CCCCHHHHCCCCCCCCCCCCCCCCCCCCCCCCC	2
2241	6.900	7.712	16.636	33	535	18.2	0.0	CHCCCCCHCCCCCCCCCCCCHCCCCHCCCCHHC	2
2242	9.087	7.893	17.597	33	535	15.2	12.1	CCCCCCCHCCEHCCHECCCCHCCCCCCECCEHC	0
2243	8.978	7.912	17.084	33	535	15.2	6.1	CCCCCCCHECCHECHCCCCCHCCCCCCCCCCHC	0
2244	9.024	7.988	17.332	33	535	15.2	12.1	CCCCCCCHECEHECHCCCCCHCCCCCCCCCEHC	0
2245	9.070	7.885	16.946	33	535	15.2	12.1	CCCCCCCHECEHECHCCCCCHCCCCCCCCCEHC	0
2246	9.082	7.897	16.670	33	535	15.2	6.1	CCCCCCCHCCCHECHCCCCCHCCCCCCCCCEHC	0
2247	9.068	7.820	16.460	33	535	18.2	15.2	CCHCECCHCCEHECHECCCCHCCCCCCCCCEHC	0
2248	8.965	7.872	16.790	33	535	15.2	12.1	CCCCCCCHECEHCCHECCCCHCCCCCCCCCEHC	0
2249	9.044	7.942	17.563	33	535	15.2	9.1	CCCCCCCHCCEHECHCCCCCHCCCCCCCCCEHC	0
2250	9.120	7.913	17.081	33	535	15.2	6.1	CCCCCCCHCCEHCCHCCCCCHCCCCCCCCCEHC	0
2251	9.157	7.900	17.366	33	535	15.2	12.1	CECCCCCHCCCHECHECCCCHCCCCCCCCCEHC	0
2252	6.816	7.646	16.122	33	535	18.2	3.0	CHCCCCCHCCCCCCCCCCCCHCCCCHCCCEHHC	2
2253	6.871	7.692	16.156	33	535	15.2	6.1	CHCCCCCHCCCCCCCCCCCCHCCCCCCECEHHC	2
2254	9.098	7.903	15.636	33	535	12.1	9.1	CCCCCCCHCCEHECHCCCCCHECCCCCCCCCCC	0
2255	9.078	7.862	16.578	33	535	15.2	6.1	CCCCCCCHCCCHECHCCCCCHCCCCCCCCCEHC	0
2256	9.083	7.823	15.698	33	535	12.1	15.2	CCCCCCCHECEHECCCCCCCHCCCCCCECCEHC	0
2257	9.119	7.901	16.882	33	535	15.2	6.1	CCCCCCCHECCHCCHCCCCCHCCCCCCCCCEHC	0
2258	6.569	8.308	10.832	33	535	9.1	9.1	CEECCCEHCCCCCCCCHCCCHCCCCCCCCCCCC	1
2259	6.436	8.179	10.868	33	535	12.1	9.1	CCECCCEHCCHCCCCCCCCCHCCCCHCCCECCC	1
2260	9.008	7.860	16.721	33	535	12.1	18.2	CECCCCCHECEHECHCCCCCHECCCCCCCCECC	0
2261	8.943	7.899	16.972	33	535	15.2	12.1	CCCCCCCHECEHCCHCCECCHCCCCCCCCCEHC	0
2262	9.120	7.882	17.226	33	535	15.2	15.2	CECCCCCHCCEHECHCCCCCHECCCCCCCCEHC	0
2263	8.962	7.938	17.161	33	535	15.2	9.1	CCCCCCCHCCEHECHCCCCCHCCCCCCCCCEHC	0
2264	9.010	7.916	17.415	33	535	15.2	9.1	CCCCCCCHECCHCCHECCCCHCCCCCCCCCEHC	0
2265	9.064	7.908	16.609	33	535	15.2	9.1	CCCCCCCHECCHECHCCCCCHCCCCCCECCCHC	0
2266	9.086	7.930	16.834	33	535	9.1	3.0	CCCCCCCHCCCCCCHCCCCCHCCCCCCCCCECC	0
2267	9.132	7.883	16.341	33	535	15.2	9.1	CCCCCCCHCCEHECHCCCCCHCCCCCCCCCEHC	0
2268	6.458	8.152	10.176	33	535	9.1	12.1	CEEECCEHCCCCCCCCHCCCHCCCCCCCCCCCC	1
2269	6.436	8.193	9.937	33	535	15.2	6.1	CCECCCEHCCHCCCCHCCCCHCCCCCHCCCCCC	1
2270	6.886	7.706	16.925	33	535	15.2	3.0	CHCCCCCHCCCCCCCCCCCCHCCCCCCECCHHC	2
2271	6.810	7.726	16.403	33	535	21.2	0.0	CHCCHCCHCCCCCCCCCCHCCCCHCCCCCCHHC	2
2272	6.366	8.098	9.479	33	535	9.1	6.1	CCEECCCHCCHCCCCCCCCCHCCCCCCCCCCCC	1
2273	6.492	8.360	10.450	33	535	9.1	9.1	CEEECCCHCCCCCCCCHCCCHCCCCCCCCCCCC	1
2274	6.407	8.254	10.268	33	535	12.1	12.1	CEEECCCHCCCCCCCCHCCCHCCCCCCCCEHCC	1
2275	6.420	8.247	9.518	33	535	12.1	9.1	CCEECCCHCCCCCCCCHCCCHCCCCCHCCECCC	1
2276	6.448	8.093	9.195	33	535	6.1	12.1	CCEECCEHCCCCCCCCCCCCHCCCCCCCCECCC	1
2277	6.356	8.095	10.051	33	535	12.1	9.1	CEEECCCHCCCCCCCCHCCCHCCHCCCCCCCCC	1
2278	9.145	7.927	16.870	33	535	15.2	12.1	CECCCCCHCCEHECHCCECCHCCCCCCCCCCHC	0
2279	9.081	7.861	17.251	33	535	15.2	9.1	CCCCCCCHECEHCCHCCCCCHCCCCCCCCCEHC	0
2280	9.037	7.921	17.270	33	535	15.2	21.2	CECCCCCHECEHECHECCCCHCCCCCCECCEHC	0
2281	9.085	7.843	17.271	33	535	15.2	9.1	CCCCCCCHCCCHECHCCCCCHECCCCCCCCEHC	0
2282	9.041	7.848	16.736	33	535	15.2	9.1	CCCCCCCHCCEHCCHCCCCCHCCCCCCECCEHC	0
2283	9.094	7.888	17.609	33	535	15.2	9.1	CCCCCCCHECCHCCHECCCCHCCCCCCCCCEHC	0
2284	6.317	8.234	10.266	33	535	9.1	9.1	CCEECCEHCCCCCCCCHCCCHCCCCCCCCCCCC	1
2285	6.442	8.334	9.964	33	535	9.1	6.1	CCECCCCHCCCCCCCCHCCCHCCCCCCCCECCC	1
2286	6.474	8.328	9.293	33	535	9.1	6.1	CCECCCCHCCCCCCCCCCCCHCCCCHCCCECCC	1
2287	6.472	8.443	10.013	33	535	12.1	9.1	CECECCEHCCCCCCCCHCCCHCCCCHCCCCCCC	1
2288	6.602	8.513	10.255	33	535	15.2	12.1	CEEECCCHCCHCCCCCHCCCHCCCCCCCCEHCC	1
2289	6.764	8.418	9.943	33	535	12.1	6.1	CECECCCHCCCCCCCCHCCCHCCCCCCCCCHCC	1
2290	9.149	7.936	17.316	33	535	15.2	15.2	CCCCCCCHECEHECHCCCCCHECCCCCCCCEHC	0
2291	8.977	7.852	17.036	33	535	15.2	15.2	CECCCCCHECEHCCHCCCCCHECCCCCCCCEHC	0
2292	6.598	8.271	10.695	33	535	9.1	9.1	CEECCCEHCCCCCCCCCCCCHCCCCCCCCCHCC	1
2293	6.464	8.318	10.680	33	535	6.1	3.0	CCECCCCHCCCCCCCCCCCCHCCCCCCCCCCCC	1
2294	6.567	8.239	9.797	33	535	9.1	6.1	CCEECCCHCCCCCCCHCCCCHCCCCCCCCCCCC	1
2295	6.643	8.276	10.535	33	535	12.1	9.1	CCEECCEHCCCCCCCCHCCCHCCCCCHCCCCCC	1
2296	6.590	8.319	9.782	33	535	15.2	6.1	CCEECCCHCCHCCCCCHCCCHCCCCCHCCCCCC	1
2297	6.665	8.284	9.351	33	535	12.1	9.1	CCEECCEHCCCCCCCCHCCCHCCCCCCCCCHCC	1
2298	9.090	7.888	17.206	33	535	15.2	12.1	CCCCCCCHCCEHECHCCECCHCCCCCCCCCEHC	0
2299	9.173	7.913	16.693	33	535	15.2	6.1	CCCCCCCHECEHCCHCCCCCHCCCCCCCCCCHC	0
2300	9.030	7.953	16.865	33	535	15.2	9.1	CCCCCCCHCCEHECHCCCCCHCCCCCCCCCEHC	0
2301	9.158	7.858	16.743	33	535	15.2	15.2	CECCCCCHECEHECHCCCCCHCCCCCCCCCEHC	0
2302	9.096	7.867	16.944	33	535	15.2	12.1	CCCCCCCHECEHECHCCCCCHCCCCCCCCCEHC	0
2303	9.089	7.898	16.966	33	535	15.2	6.1	CCCCCCCHECEHCCHCCCCCHCCCCCCCCCCHC	0
2304	9.244	7.868	17.512	33	535	12.1	12.1	CCCCCCCCCCEHCCHECCCCHCCCCCCECCEHC	0
2305	9.070	7.851	16.274	33	535	15.2	6.1	CCCCCCCHCCEHECHCCCCCHCCCCCCCCCCHC	0
2306	9.044	7.862	16.125	33	535	12.1	9.1	CECCCCCCCCEHCCHCCCCCHCCCCCCCCCEHC	0
2307	9.041	7.840	16.174	33	535	15.2	12.1	CECCCCCHECCHECHCCECCHCCCCCCCCCCHC	0
2308	6.545	8.177	9.746	33	535	15.2	6.1	CCEECCCHCCCCCCHCCCCCHCCCCHCCCCHCC	1
2309	6.495	8.205	9.810	33	535	12.1	9.1	CEEECCCHCCCCCCCCHCCCHCCCCCHCCCCCC	1
2310	6.462	8.176	9.087	33	535	9.1	6.1	CCECCCEHCCCCCCCCHCCCHCCCCCCCCCCCC	1
2311	6.414	8.187	9.677	33	535	9.1	3.0	CCECCCCHCCCCCCCCHCCCHCCCCCCCCCCCC	1
2312	8.931	7.968	16.659	33	535	15.2	6.1	CCCCCCCHCCEHECHCCCCCHCCCCCCCCCCHC	0
2313	9.060	7.848	16.263	33	535	12.1	12.1	CCCCCCCHECECECHCCCCCHCCCCCCCCCEHC	0
2314	6.667	7.719	16.509	33	535	18.2	3.0	CHCCCCCHCCCCCCCCCCCCHCCCCHCECCHHC	2
2315	6.727	7.713	16.544	33	535	21.2	3.0	CHCCCCCHCCHCCCCCCCHCHCCCCCCCCEHHC	2
2316	9.111	7.896	16.005	33	535	15.2	9.1	CCCCCCCHCCEHCCHCCCCCHCCCCCCECCEHC	0
2317	9.121	7.977	15.887	33	535	15.2	9.1	CCCCCCCHECEHCCHECCCCHCCCCCCCCCCHC	0
2318	6.514	8.354	11.390	33	535	15.2	9.1	CECECCEHCCCCCCHCHCCCHCCCCHCCCCCCC	1
2319	6.443	8.337	11.429	33	535	12.1	9.1	CEECCCCHCCCCCCCHHCCCHCCCCCCCCECCC	1
2320	9.075	7.846	16.681	33	535	12.1	9.1	CECCCCCHCCECCCHCCCCCHCCCCCCECCCHC	0
2321	9.162	7.829	16.184	33	535	15.2	12.1	CECCCCCHCCEHCCHCCCCCHCCCCCCECCEHC	0
2322	9.310	7.853	16.577	33	535	15.2	9.1	CCCCCCCHCCEHECHCCECCHCCCCCCCCCCHC	0
2323	9.241	7.880	16.783	33	535	15.2	9.1	CECCCCCHCCEHCCHCCCCCHCCCCCCCCCEHC	0
2324	6.581	7.646	15.616	33	535	15.2	3.0	CHCCCCCHCCCCCCCCCCCCHCCCCCCECCHHC	2
2325	6.704	7.694	15.929	33	535	12.1	0.0	CCCCHHHHCCCCCCCCCCCCCCCCCCCCCCCCC	2
2326	9.214	7.816	16.732	33	535	12.1	6.1	CCCCCCCHECCHCCHCCCCCHCCCCCCCCCECC	0
2327	9.163	7.867	16.887	33	535	15.2	6.1	CECCCCCHCCEHCCHCCCCCHCCCCCCCCCCHC	0
2328	9.203	7.837	16.875	33	535	15.2	12.1	CCCCCCCHCCEHECHCCECCHCCCCCCCCCEHC	0
2329	9.153	7.885	16.899	33	535	15.2	15.2	CECCCCCHCCEHECHCCCCCHCCCCCCECCEHC	0
2330	6.653	7.745	15.656	33	535	21.2	3.0	CHCCCCCHCCCCCCCCCHCCHCCHCCCECCHHC	2
2331	6.643	7.692	15.910	33	535	12.1	0.0	CCCCHHHHCCCCCCCCCCCCCCCCCCCCCCCCC	2
2332	6.648	7.724	16.123	33	535	9.1	0.0	CHCCCCCHCCCCCCCCCCCCCCCHCCCCCCCCC	2
2333	6.737	7.646	15.312	33	535	15.2	6.1	CHCCCCCHCCCCCCCCCCCCHCCCCCCECEHHC	2
2334	6.224	8.290	9.268	33	535	9.1	12.1	CEECCCEHCCCCCCCCHCCCHCCCCCCCCECCC	1
2335	6.068	8.329	10.988	33	535	9.1	12.1	CCEECCEHCCCCCCCCHCCCHCCCCCCCCECCC	1
2336	6.113	8.240	10.678	33	535	12.1	6.1	CCCECCEHCCCCCCHCHCCCHCCCCCCCCCCCC	1
2337	6.162	8.180	9.472	33	535	3.0	6.1	CCEECCCHCCCCCCCCCCCCCCCCCCCCCCCCC	1
2338	6.131	8.095	9.551	33	535	12.1	9.1	CCEECCEHCCCCCCHCHCCCHCCCCCCCCCCCC	1
2339	6.376	8.237	8.530	33	535	9.1	12.1	CEEECCEHCCCCCCCCHCCCHCCCCCCCCCCCC	1
2340	9.082	7.921	18.288	33	535	15.2	12.1	CCCCCCCHCCEHECHCCECCHECCCCCCCCCHC	0
2341	9.037	8.010	17.656	33	535	15.2	9.1	CECCCCCHCCEHCCHCCCCCHECCCCCCCCCHC	0
2342	6.688	7.771	15.880	33	535	21.2	0.0	CHCCCCCHCCCCCCCCHCHCHCCCCHCCCCCHC	2
2343	6.637	7.666	15.731	33	535	21.2	6.1	CHCCCCCHCCCCCCCCCHCCHCCCCHCECEHHC	2
2344	6.287	8.262	9.552	33	535	12.1	9.1	CEECCCCHCCCCCCCCHCCCHCCCCCCCCEHCC	1
2345	6.042	8.258	9.818	33	535	6.1	9.1	CCEECCEHCCCCCCCCCCCCHCCCCCCCCCCCC	1
2346	6.247	8.134	9.826	33	535	9.1	9.1	CEEECCCHCCCCCCCCHCCCHCCCCCCCCCCCC	1
2347	6.041	8.176	9.697	33	535	12.1	15.2	CCEECCEHCCHCCCCCCCCCHCCCCCCECEHCC	1
2348	6.360	8.237	10.545	33	535	9.1	9.1	CCEECCEHCCCCCCCCCCCCHCCCCCHCCCCCC	1
2349	6.211	8.317	10.036	33	535	15.2	9.1	CCECCCEHCCHCCCHCCCCCHCCCCCHECCCCC	1
2350	9.042	7.910	16.687	33	535	15.2	6.1	CCCCCCCHCCEHECHCCCCCHCCCCCCCCCCHC	0
2351	9.015	7.922	16.847	33	535	12.1	9.1	CCCCCCCHCCEHECHCCCCCHCCCCCCCCCECC	0
2352	9.072	7.910	16.434	33	535	15.2	6.1	CCCCCCCHECCHCCHCCCECHCCCCCCCCCCHC	0
2353	9.003	7.884	15.977	33	535	15.2	9.1	CCCCCCCHCCEHECHCCCCCHCCCCCCECCCHC	0
2354	6.137	8.187	9.212	33	535	9.1	9.1	CCECCCEHCCCCCCCCCCCCHCCCCCHCCECCC	1
2355	6.063	8.125	8.518	33	535	6.1	15.2	CEEECCEHCCCCCCCCCCCCHCCCCCCCCECCC	1
2356	6.169	8.163	9.989	33	535	18.2	12.1	CEEECCCHCCHCCCCCHCCCHCCCCCHECCHCC	1
2357	6.021	8.169	8.882	33	535	9.1	15.2	CEEECCEHCCHCCCCCCCCCCCCCCCHCCECCC	1
2358	6.712	7.768	16.566	33	535	15.2	0.0	CHCCCCCHCCCCCCCCCCHCHCCCCCCCCCCHC	2
2359	6.704	7.683	16.609	33	535	18.2	6.1	CHCCCCCHCCCCCCCCCCCCHCCHCCCECEHHC	2
2360	6.574	7.697	16.554	33	535	12.1	0.0	CCCCHHHHCCCCCCCCCCCCCCCCCCCCCCCCC	2
2361	6.609	7.691	16.319	33	535	15.2	3.0	CHCCCCCHCCHCCCCCCHCCCCCCCCCCCECHC	2
2362	9.102	7.798	16.585	33	535	15.2	3.0	CCCCCCCHCCCHCCHECCCCHCCCCCCCCCCHC	0
2363	9.112	7.850	16.608	33	535	15.2	3.0	CCCCCCCHCCEHCCHCCCCCHCCCCCCCCCCHC	0
2364	6.609	7.738	16.407	33	535	18.2	6.1	CHCCCCCHCCCCCCCCCCHCHCCCCCCECEHHC	2
2365	6.759	7.745	15.987	33	535	15.2	0.0	CHCCCCCHCCCCCHCCCCHCHCCCCCCCCCCCC	2
2366	6.154	8.103	10.350	33	535	6.1	12.1	CEECCCCHCCCCCCCCCCCCHCCCCCCECECCC	1
2367	6.118	8.194	10.927	33	535	3.0	9.1	CCEECCEHCCCCCCCCCCCCCCCCCCCCCCCCC	1
2368	6.161	8.257	11.252	33	535	12.1	15.2	CECECCEHCCCCCCHCHCCCHCCCCCCECECCC	1
2369	6.095	8.111	11.226	33	535	9.1	9.1	CECCCCCHCCCCCCCCCCCCHCCCCCCECEHCC	1
2370	6.741	7.736	16.834	33	535	18.2	3.0	CHCCCCCHCCCCCCCCCCHCHCCCCCCECCHHC	2
2371	6.537	7.717	16.672	33	535	12.1	3.0	CCCCCCCHCCCCCCCCCCHCCCCCCCCECCHHC	2
2372	6.756	7.698	15.832	33	535	18.2	3.0	CHCCCCCHCCCCCCCCCCHCHCCCCCCCCEHHC	2
2373	6.739	7.739	16.535	33	535	15.2	3.0	CHCCCCCHCCCCCCCCCCHCHCCCCCCECCCHC	2
2374	6.682	7.706	16.945	33	535	21.2	6.1	CHCCCCCHCCCCCCCCCCHCHCCCCHCECEHHC	2
2375	6.676	7.757	16.919	33	535	18.2	6.1	CHCCCCCHCCCCCCCCCCHCHCCCCCCECEHHC	2
2376	5.899	8.136	10.980	33	535	6.1	6.1	CCCCCCEHCCCCCCCCCCCCHCCCCCCCCECCC	1
2377	6.046	8.086	10.938	33	535	9.1	6.1	CCCCCCEHCCCCCCCCHCCCHCCCCCCCCECCC	1
2378	6.595	7.726	16.353	33	535	21.2	3.0	CHCCCCCHCCCCCCCCCCHCHCCCCHCECCHHC	2
2379	6.598	7.628	15.914	33	535	18.2	3.0	CHCCCCCHCCCCCCCCCCCCHCCCCHCCCEHHC	2
2380	9.183	7.766	16.169	33	535	12.1	9.1	CCCCCCCHECEHECHCCCCCHCCCCCCCCCCCC	0
2381	9.210	7.805	16.714	33	535	12.1	9.1	CCCCCCCHCCEHECHECCCCHCCCCCCCCCCCC	0
2382	6.074	8.155	10.315	33	535	6.1	18.2	CEEECCEHCCCCCCCCCCCCHCCCCCCECECCC	1
2383	6.119	8.140	9.793	33	535	12.1	9.1	CECECCCHCCCCCCHHCCCCHCCCCCCCCECCC	1
2384	9.167	7.848	16.451	33	535	15.2	6.1	CCCCCCCHCCCHECHCCCCCHCCCCCCCCCEHC	0
2385	9.164	7.906	17.351	33	535	15.2	3.0	CECCCCCHCCCHCCHCCCCCHCCCCCCCCCCHC	0
2386	6.565	7.694	15.736	33	535	15.2	0.0	CHCCCCCHCCCCCCCCCCCCHCCCCCCCCCHHC	2
2387	6.569	7.774	15.734	33	535	21.2	0.0	CHCCCCCHCCCCCCCCCCHCHCCCCHCCCCHHC	2
2388	9.075	7.726	15.961	33	535	15.2	6.1	CCCCCCCHCCEHCCHCCCCCHCCCCCCCCCEHC	0
2389	9.266	7.846	16.640	33	535	12.1	9.1	CCCCCCCCECCHECHCCCCCHCCCCCCECCCHC	0
2390	6.089	8.190	10.969	33	535	9.1	3.0	CCCCCCCHCCHCCCCCHCCCCCCCCCCCCECCC	1
2391	6.046	8.145	9.966	33	535	12.1	12.1	CEECCCEHCCCCCCCCHCCCHCCCCCCCCEHCC	1
2392	6.029	8.192	9.758	33	535	12.1	12.1	CEECCCCHCCHCCCCCHCCCHCCCCCCECECCC	1
2393	6.092	8.211	10.357	33	535	12.1	12.1	CCECCCEHCCCCCCCCHCCCHCCCCHCECECCC	1
2394	8.995	7.891	17.062	33	535	12.1	3.0	CCCCCCCHCCCHCCHCCCCCHCCCCCCCCCECC	0
2395	9.058	7.832	16.791	33	535	15.2	12.1	CECCCCCHCCEHCCHECCCCHCCCCCCCCCEHC	0
2396	6.048	8.183	10.615	33	535	6.1	9.1	CCECCCEHCCCCCCCCCCCCHCCCCCCCCECCC	1
2397	5.998	8.147	10.009	33	535	9.1	12.1	CCEECCEHCCCCCCCCHCCCHCCCCCCECCCCC	1
2398	6.021	8.155	10.076	33	535	15.2	12.1	CEECCCCHCCCCCCHCHCCCHCCCCHCECECCC	1
2399	6.042	8.181	9.477	33	535	9.1	9.1	CCECCCCHCCCCCCHCCCCCHCCCCCCECECCC	1
2400	6.017	8.092	10.217	33	535	9.1	9.1	CEECCCCHCCCCCCCCHCCCHCCCCCCCCECCC	1
2401	5.897	8.126	9.920	33	535	6.1	15.2	CEECCCEHCCCCCCCCCCCCHCCCCCCECECCC	1
2402	6.077	8.116	9.917	33	535	9.1	9.1	CECECCCHCCCCCCCCCCCCHCCCCHCCCECCC	1
2403	5.981	8.138	9.832	33	535	12.1	9.1	CEECCCCHCCHCCCCCHCCCHCCCCCCCCECCC	1
2404	9.028	7.850	16.169	33	535	15.2	12.1	CCCCCCCHCCEHECHCCCCCHCCCCCCECCEHC	0
2405	9.148	7.962	17.061	33	535	15.2	9.1	CECCCCCHCCCHECHCCCECHCCCCCCCCCCHC	0
2406	6.093	8.187	10.298	33	535	12.1	15.2	CEECCCEHCCCCCCCCHCCCHCCCCHCECECCC	1
2407	6.059	8.139	9.485	33	535	9.1	15.2	CEEECCCCCCCCCCHCCCCCHCCCCCCECEHCC	1
2408	9.105	7.854	17.131	33	535	12.1	12.1	CECCCCCHECEHECHCCCCCHCCCCCCCCCCCC	0
2409	9.116	7.810	16.348	33	535	12.1	12.1	CCCCCCCHCCEHECHECCCCHCCCCCCCCCECC	0
2410	6.109	8.243	9.649	33	535	12.1	12.1	CEECCCCHCCCCCCHCHCCCHCCCCCCECECCC	1
2411	6.067	8.120	10.062	33	535	6.1	12.1	CCEECCCHCCCCCCCCCCCCHCCCCCCECECCC	1
2412	6.627	7.589	15.438	33	535	21.2	6.1	CHCCCCCHCCCCCCCCCCCCHCCHCHCECEHHC	2
2413	6.715	7.632	15.608	33	535	12.1	0.0	CCCCHHHHCCCCCCCCCCCCCCCCCCCCCCCCC	2
2414	6.147	8.177	11.230	33	535	12.1	9.1	CECECCCHCCCCCCCCHCCCHCCCCCCECCHCC	1
2415	6.151	8.165	11.892	33	535	9.1	9.1	CECECCECCCCCCCCCHCCCHCCCCCCCCCHCC	1
2416	6.159	8.211	10.521	33	535	3.0	12.1	CECECCECCCCCCCCCCCCCHCCCCCCECCCCC	1
2417	6.146	8.029	9.665	33	535	12.1	12.1	CEECCCCHCCHCCCCCCCCCHCCHCCCECECCC	1
2418	9.004	7.860	16.749	33	535	15.2	15.2	CECCCCCHCCEHECHCCCECHCCCCCCECCCHC	0
2419	9.056	7.842	15.938	33	535	12.1	6.1	CCCCCCCHCCCHCCHCCCCCHCCCCCCECCECC	0
2420	9.114	7.795	16.999	33	535	15.2	3.0	CCCCCCCHCCEHCCHCCCCCHCCCCCCCCCCHC	0
2421	9.072	7.836	16.684	33	535	15.2	3.0	CCCCCCCHCCEHCCHCCCCCHCCCCCCCCCCHC	0
2422	9.140	7.864	16.901	33	535	15.2	9.1	CCCCCCCHCCEHECHCCCCCHCCCCCCCCCEHC	0
2423	9.198	7.880	16.326	33	535	18.2	6.1	CCHCCCCHCCEHCCHCCCCCHCCCCCCECCCHC	0
2424	9.017	7.861	16.420	33	535	9.1	6.1	CCCCCCCCCCCHECHCCCCCHCCCCCCCCCECC	0
2425	8.919	7.860	16.525	33	535	15.2	15.2	CCCCCCCHCCEHECHCCCCCHECCCCCECCEHC	0
2426	9.008	7.837	16.621	33	535	12.1	3.0	CCCCCCCHCCCHCCHCCCCCCCCCCCCECCCHC	0
2427	8.969	7.833	15.591	33	535	15.2	9.1	CCCCCCCHECEHCCHCCCCCHCCCCCCECCCHC	0
2428	6.721	7.820	16.968	33	535	12.1	6.1	CHCCCCCHCCCCCCCCCCCCCCCCCCCECEHHC	2
2429	6.567	7.656	16.224	33	535	15.2	3.0	CHCCCCCHCCCCCCCCCHCCHCCCCCCECCHCC	2
2430	6.623	7.602	16.419	33	535	18.2	3.0	CHCCCCCHCCCCCCCCCCCCHCCCCHCCCEHHC	2
2431	6.764	7.650	16.687	33	535	12.1	3.0	CHCCCCCCCCCCCCCCCCCCHCCCCCCCCEHHC	2
2432	9.045	7.911	15.972	33	535	15.2	9.1	CECCCCCHCCEHECHCCCCCHCCCCCCCCCCHC	0
2433	9.164	7.858	17.103	33	535	12.1	9.1	CCCCCCCHCCCHECHCCCCCHCCCCCCECCECC	0
2434	9.196	7.935	17.157	33	535	12.1	6.1	CCCCCCCHCCCHCCHCCCECHCCCCCCCCCECC	0
2435	9.029	7.858	16.108	33	535	9.1	12.1	CCCCCCCHCCECECHECCCCHCCCCCCCCCECC	0
2436	6.098	8.076	10.094	33	535	15.2	12.1	CCCECCEHCCCCCCHCHCCCHCCCCCCECEHCC	1
2437	6.078	8.119	10.341	33	535	6.1	6.1	CCCECCCHCCCCCCCCHCCCCCCCCCCCCECCC	1
2438	6.015	8.108	9.622	33	535	6.1	15.2	CEEECCEHCCCCCCCCCCCCHCCCCCCCCECCC	1
2439	6.262	8.223	10.468	33	535	6.1	9.1	CEECCCCHCCCCCCCCCCCCHCCCCCCECCCCC	1
2440	9.056	7.845	16.348	33	535	15.2	9.1	CCCCCCCHCCEHCCHCCCCCHECCCCCCCCEHC	0
2441	9.046	7.901	17.146	33	535	12.1	3.0	CCCCCCCHCCCHCCHECCCCHCCCCCCCCCCCC	0
2442	6.182	8.212	9.936	33	535	9.1	3.0	CCCECCCHCCCCCCCCHCCCHCCCCCCCCCCCC	1
2443	6.132	8.092	10.513	33	535	9.1	9.1	CECECCEHCCCCCCCCHCCCHCCCCCCCCCCCC	1
2444	6.128	8.077	10.490	33	535	6.1	18.2	CEEECCECCCCCCCCCHCCCHCCCCCCECECCC	1
2445	6.099	8.074	9.766	33	535	9.1	15.2	CEEECCEHCCCCCCCCCCCCHCCCCCCECCHCC	1
2446	9.272	7.811	16.893	33	535	15.2	0.0	CCCCCCCHCCCHCCHCCCCCHCCCCCCCCCCHC	0
2447	9.113	7.803	16.462	33	535	15.2	6.1	CECCCCCHCCEHCCHCCCCCHCCCCCCCCCCHC	0
2448	6.064	8.192	9.615	33	535	6.1	6.1	CECCCCCHCCCCCCCCCCCCHCCCCCCCCECCC	1
2449	6.054	8.176	10.075	33	535	9.1	12.1	CECECCCHCCCCCCCCHCCCHCCCCCCECECCC	1
2450	9.041	7.818	16.817	33	535	15.2	9.1	CCCCCCCHCCEHECHCCCCCHCCCCCCCCCEHC	0
2451	9.202	7.812	17.123	33	535	12.1	12.1	CECCCCCHCCEHECHCCCCCHCCCCCCCCCECC	0
2452	6.769	7.702	16.658	33	535	18.2	6.1	CHCCCCCHCCCCCCCCCCCCHCCCCHCECEHHC	2
2453	6.780	7.663	16.195	33	535	12.1	0.0	CCCCCCCHCCCCCCCCCCCCHCCCCCCCCCHHC	2
2454	6.827	7.778	16.962	33	535	15.2	6.1	CHCCCCCHCCCCCCCCCCCCHCCCCCCECEHHC	2
2455	6.821	7.641	16.522	33	535	15.2	3.0	CHCCCCCHCCCCCCCCCCCCHCCCCCCCCEHHC	2
2456	6.770	7.767	17.204	33	535	18.2	3.0	CHCCCCCHCCCCCCCCCCHCHCCCCCCCCEHHC	2
2457	6.703	7.666	16.786	33	535	12.1	0.0	CCCCHHHHCCCCCCCCCCCCCCCCCCCCCCCCC	2
2458	5.992	8.085	10.039	33	535	6.1	12.1	CECCCCEHCCCCCCCCCCCCHCCCCCCECECCC	1
2459	6.130	8.041	10.457	33	535	9.1	12.1	CECECCEHCCCCCCCCHCCCHCCCCCCCCECCC	1
2460	6.151	8.206	10.148	33	535	9.1	0.0	CCCCCCCHCCCCCCCCHCCCHCCCCCCCCCCCC	1
2461	6.130	8.200	10.673	33	535	9.1	6.1	CCEECCCHCCCCCCCCHCCCHCCCCCCCCCCCC	1
2462	6.667	7.603	16.045	33	535	12.1	3.0	CHCCCCCHCCCCCCCCCCCCHCCCCCCCCECHC	2
2463	6.617	7.567	15.832	33	535	12.1	0.0	CCCCHHHHCCCCCCCCCCCCCCCCCCCCCCCCC	2
2464	6.039	8.169	11.064	33	535	12.1	9.1	CCECCCEHCCCCCCCCHCCCHCCCCCCECCHCC	1
2465	5.987	8.207	12.068	33	535	9.1	12.1	CCEECCEHCCCCCCHCCCCCHCCCCCCCCECCC	1
2466	5.983	8.218	10.080	33	535	12.1	9.1	CECCCCEHCCCCCCHCHCCCHCCCCCCCCECCC	1
2467	6.022	8.137	10.611	33	535	9.1	12.1	CECECCEHCCCCCCHCCCCCHCCCCCCECCCCC	1
2468	6.006	8.097	11.201	33	535	9.1	15.2	CECECCEHCCCCCCCCCCCCHCCCCCCECEHCC	1
2469	6.012	8.199	10.707	33	535	9.1	12.1	CEECCCEHCCCCCCCCHCCCHCCCCCCECCCCC	1
2470	6.074	8.244	11.636	33	535	6.1	12.1	CEEECCEHCCCCCCCCCCCCHCCCCCCCCCCCC	1
2471	6.101	8.173	11.012	33	535	9.1	15.2	CEEECCEHCCCCCCCCHCCCHCCCCCCECCCCC	1
2472	9.273	7.858	16.761	33	535	12.1	9.1	CCCCCCCHECEHCCHCCCCCHCCCCCCCCCECC	0
2473	9.272	7.789	17.069	33	535	15.2	15.2	CCCCCCCHECEHCCHECCCCHCCCCCCECCEHC	0
2474	9.191	7.814	15.872	33	535	15.2	12.1	CCCCECCHCCEHECHCCCCCHCCCCCCCCCEHC	0
2475	9.199	7.765	17.207	33	535	12.1	9.1	CCCCCCCHECCHECHCCCCCHCCCCCCCCCECC	0
2476	9.142	7.822	17.273	33	535	15.2	9.1	CCCCCCCHECEHCCHCCCCCHCCCCCCECCCHC	0
2477	9.156	7.795	16.431	33	535	12.1	9.1	CCCCCCCHECCHECHCCCCCHCCCCCCCCCECC	0
2478	9.092	7.806	17.168	33	535	12.1	15.2	CCCCCCCHCCEHECHECCCCHCCCCCCECCECC	0
2479	9.047	7.746	16.541	33	535	12.1	9.1	CCCCCCCCECCHECHCCCCCHCCCCCCCCCEHC	0
2480	9.154	7.802	16.908	33	535	15.2	3.0	CCCCCCCHCCCHECHCCCCCHCCCCCCCCCCHC	0
2481	9.060	7.818	15.878	33	535	15.2	9.1	CECCECCHCCEHCCHCCCCCHCCCCCCCCCCHC	0
2482	9.203	7.800	16.539	33	535	12.1	0.0	CCCCCCCHCCCHCCHCCCCCHCCCCCCCCCCCC	0
2483	9.058	7.876	16.314	33	535	12.1	9.1	CECCCCCHCCEHCCHCCCCCHCCCCCCCCCECC	0
2484	9.081	7.835	15.892	33	535	15.2	3.0	CCCCCCCHCCEHCCHCCCCCHCCCCCCCCCCHC	0
2485	9.054	7.928	17.107	33	535	15.2	3.0	CCCCCCCHCCCHCCHCCCECHCCCCCCCCCCHC	0
2486	6.648	7.653	16.562	33	535	12.1	0.0	CCCCHHHHCCCCCCCCCCCCCCCCCCCCCCCCC	2
2487	6.653	7.589	15.910	33	535	12.1	0.0	CCCCHHHHCCCCCCCCCCCCCCCCCCCCCCCCC	2
2488	6.667	7.646	15.890	33	535	12.1	0.0	CCCCHHHHCCCCCCCCCCCCCCCCCCCCCCCCC	2
2489	6.575	7.633	15.433	33	535	18.2	3.0	CHCCCCCHCCCCCCCCCCCCHCCHCCCECCHHC	2
2490	6.280	8.285	11.663	33	535	9.1	12.1	CEEECCCHCCCCCCCCHCCCHCCCCCCECCCCC	1
2491	6.232	8.347	12.006	33	535	6.1	9.1	CEECCCEHCCCCCCCCCCCCHCCCCCCCCCCCC	1
2492	6.336	8.382	12.227	33	535	9.1	6.1	CCEECCCHCCCCCCCCHCCCHCCCCCCCCCCCC	1
2493	6.200	8.360	11.063	33	535	6.1	12.1	CEECCCCHCCCCCCCCCCCCHCCCCCCECECCC	1
2494	6.241	8.252	10.473	33	535	9.1	15.2	CEEECCEHCCCCCCHCCCCCHCCCCCCECCCCC	1
2495	6.222	8.202	10.325	33	535	9.1	6.1	CEECCCCHCCCCCCCCHCCCHCCCCCCCCCCCC	1
2496	6.743	7.635	16.053	33	535	12.1	0.0	CCCCHHHHCCCCCCCCCCCCCCCCCCCCCCCCC	2
2497	6.733	7.619	16.359	33	535	12.1	0.0	CCCCHHHHCCCCCCCCCCCCCCCCCCCCCCCCC	2
2498	9.162	7.836	16.421	33	535	12.1	12.1	CCCCCCCHCCEHECHCCCCCHCCCCCCECCECC	0
2499	9.141	7.810	17.132	33	535	12.1	9.1	CCCCCCCHECEHCCHCCCCCHCCCCCCECCCCC	0
2500	9.205	7.937	16.941	33	535	12.1	6.1	CCCCCCCHCCEHCCHCCCECHCCCCCCCCCCCC	0
2501	9.303	7.920	16.323	33	535	9.1	15.2	CCCCCCCCECCHECHECCECHCCCCCCCCCECC	0
2502	9.230	7.792	16.490	33	535	12.1	6.1	CECCCCCHCCEHCCHCCCCCHCCCCCCCCCCCC	0
2503	9.163	7.816	16.135	33	535	15.2	3.0	CCCCCCCHCCCHCCHCCCCCHCCCCCCCCCEHC	0
2504	9.189	7.849	16.743	33	535	12.1	12.1	CCCCCCCCECCHCCHCCCECHCCCCCCECCEHC	0
2505	9.046	7.900	16.506	33	535	12.1	9.1	CCCCCCCHCCEHCCHCCCECHCCCCCCCCCECC	0
2506	9.128	7.910	16.636	33	535	15.2	6.1	CCCCCCCHCCCHCCHCCCECHCCCCCCCCCEHC	0
2507	9.197	7.890	16.587	33	535	15.2	9.1	CCCCCCCHCCEHCCHCCCECHCCCCCCCCCEHC	0
2508	9.185	7.896	16.593	33	535	15.2	6.1	CCCCCCCHCCEHCCHCCCCCHCCCCCCCCCEHC	0
2509	8.997	7.895	16.543	33	535	15.2	12.1	CCCCCCCHCCEHECHECCCCHCCCCCCCCCEHC	0
2510	5.864	8.203	11.457	33	535	12.1	6.1	CCEECCCHCCHCCCCCHCCCCCCCCCHCCCCCC	1
2511	6.027	8.120	10.428	33	535	9.1	12.1	CEEECCEHCCHCCCCCCCCCHCCCCCCCCCCCC	1
2512	6.801	7.715	16.512	33	535	12.1	6.1	CHCCCCCHCCCCCCCCCCCCHCCCCCCECECHC	2
2513	6.695	7.647	16.641	33	535	21.2	3.0	CHCCCCCHCCCCCCCCCCHCHCCHCCCCCEHHC	2
2514	9.103	7.868	16.698	33	535	12.1	9.1	CECCCCCHCCEHCCHCCCCCHCCCCCCCCCECC	0
2515	9.083	7.871	16.747	33	535	15.2	9.1	CCCCCCCHECEHCCHCCCCCHCCCCCCCCCEHC	0
2516	9.103	7.856	16.432	33	535	12.1	6.1	CECCCCCHCCCHCCHCCCCCHCCCCCCCCCECC	0
2517	9.043	7.904	16.189	33	535	15.2	0.0	CCCCCCCHCCCHCCHCCCCCHCCCCCCCCCCHC	0
2518	9.100	7.877	16.311	33	535	15.2	9.1	CCCCCCCHCCCHECHCCCCCHCCCCCCECCEHC	0
2519	9.074	7.824	16.452	33	535	9.1	12.1	CCCCCCCCCCEHECHCCCCCHECCCCCCCCECC	0
2520	9.130	7.881	17.101	33	535	12.1	3.0	CCCCCCCHCCCHECHCCCCCHCCCCCCCCCCCC	0
2521	9.151	7.874	15.966	33	535	12.1	3.0	CCCCCCCHCCCHCCHCCCCCHCCCCCCCCCECC	0
2522	9.029	7.805	15.937	33	535	15.2	12.1	CCCCCCCHCCEHECHCCCCCHECCCCCCCCEHC	0
2523	9.040	7.844	16.420	33	535	12.1	3.0	CCCCCCCHCCEHCCHCCCCCHCCCCCCCCCCCC	0
2524	6.027	8.254	11.392	33	535	12.1	6.1	CECCCCEHCCCCCCCCHCCCHCCCCCCCCCHCC	1
2525	6.108	8.266	11.592	33	535	9.1	9.1	CEEECCCHCCCCCCCCCCCCHCCCCCCCCCHCC	1
2526	6.751	7.736	17.161	33	535	12.1	0.0	CCCCHHHHCCCCCCCCCCCCCCCCCCCCCCCCC	2
2527	6.852	7.646	16.842	33	535	12.1	0.0	CCCCHHHHCCCCCCCCCCCCCCCCCCCCCCCCC	2
2528	6.012	8.318	10.927	33	535	15.2	3.0	CECCCCCHCCCCCCCCHCCCHCCHCCCCCCHCC	1
2529	5.928	8.368	10.927	33	535	6.1	12.1	CECECCEHCCCCCCCCHCCCCCCCCCCECCCCC	1
2530	5.924	8.329	11.044	33	535	9.1	6.1	CCECCCCHCCCCCCCCHCCCHCCCCCCECCCCC	1
2531	5.843	8.347	11.345	33	535	9.1	9.1	CECCCCEHCCCCCCHCCCCCHCCCCCCECCCCC	1
2532	5.955	8.334	10.320	33	535	9.1	12.1	CECECCEHCCCCCCCCHCCCHCCCCCCECCCCC	1
2533	6.075	8.312	11.327	33	535	6.1	6.1	CECCCCCHCCCCCCCCCCCCHCCCCCCECCCCC	1
2534	6.124	8.418	10.857	33	535	12.1	12.1	CEEECCEHCCCCCCHCHCCCHCCCCCCCCCCCC	1
2535	6.018	8.282	10.857	33	535	6.1	6.1	CECECCCHCCCCCCCCCCCCHCCCCCCCCCCCC	1
2536	6.042	8.229	10.843	33	535	9.1	9.1	CCECCCEHCCCCCCCCHCCCHCCCCCCECCCCC	1
2537	6.013	8.185	11.506	33	535	9.1	12.1	CEEECCCHCCCCCCCCHCCCHCCCCCCECCCCC	1
2538	5.916	8.154	11.905	33	535	9.1	6.1	CCECCCCHCCCCCCCCHCCCHCCCCCCECCCCC	1
2539	6.057	8.085	11.913	33	535	6.1	6.1	CCEECCCHCCCCCCCCCCCCHCCCCCCCCCCCC	1
2540	5.908	7.994	10.250	33	535	6.1	9.1	CEEECCCHCCCCCCCCCCCCHCCCCCCCCCCCC	1
2541	5.860	7.999	11.085	33	535	9.1	12.1	CEEECCCHCCCCCCCCHCCCHCCCCCCECCCCC	1
2542	5.969	8.179	11.478	33	535	12.1	6.1	CCEECCCHCCCCCCCHHCCCHCCCCCCCCCCCC	1
2543	6.012	8.186	11.623	33	535	9.1	6.1	CECCCCCHCCCCCCHCCCCCHCCCCCCECCCCC	1
2544	8.978	7.854	16.010	33	535	15.2	9.1	CCCCCCCHCCEHECHCCCCCHCCCCCCCCCEHC	0
2545	9.018	8.031	16.600	33	535	12.1	6.1	CCCCECCHCCCHCCHCCCCCHCCCCCCCCCECC	0
2546	9.114	7.983	17.324	33	535	15.2	9.1	CCCCCCCHCCEHCCHCCCCCHCCCCCCECCEHC	0
2547	9.101	7.914	16.591	33	535	15.2	12.1	CCCCCCCHCCEHECHCCCCCHCCCCCCECCEHC	0
2548	6.033	8.110	11.222	33	535	6.1	12.1	CEEECCCHCCCCCCCCCCCCHCCCCCCECCCCC	1
2549	6.111	8.222	11.774	33	535	9.1	9.1	CEECCCCHCCCCCCCCHCCCHCCCCCCECCCCC	1
2550	6.015	8.309	11.942	33	535	3.0	12.1	CEEECCCCCCCCCCCCCCCCHCCCCCCECCCCC	1
2551	5.990	8.264	12.509	33	535	9.1	12.1	CEEECCCHCCCCCCCCHCCCHCCCCCCECCCCC	1
2552	6.642	7.664	16.367	33	535	21.2	3.0	CCCCHCCHCCCCCCCCCCHCHCCCCHCECCHHC	2
2553	6.734	7.619	16.104	33	535	18.2	6.1	CHCCCCCHCCCCCCCCCCCCHCCCCHCECEHHC	2
2554	5.997	8.110	12.011	33	535	9.1	6.1	CEECCCCCCCCCCCCCHCCCHCCCCHCCCCCCC	1
2555	5.933	8.077	11.541	33	535	9.1	6.1	CEECCCCCCCCCCCCCHCCCHCCCCHCCCCCCC	1
2556	9.114	7.859	16.038	33	535	15.2	6.1	CCCCCCCHCCEHECHCCCCCHCCCCCCCCCCHC	0
2557	9.045	7.841	17.080	33	535	15.2	6.1	CCCCCCCHCCEHCCHCCCCCHCCCCCCCCCEHC	0
2558	9.147	7.848	17.099	33	535	15.2	12.1	CECCCCCHCCEHECHCCCCCHCCCCCCCCCEHC	0
2559	9.067	7.853	17.393	33	535	15.2	9.1	CCCCCCCHCCEHECHCCCCCHCCCCCCCCCEHC	0
2560	6.057	8.280	12.617	33	535	9.1	6.1	CECECCCHCCCCCCHCCCCCHCCCCCCCCCCCC	1
2561	6.031	8.156	11.373	33	535	9.1	6.1	CCEECCCHCCCCCCHCCCCCHCCCCCCCCCCCC	1
2562	5.988	8.217	12.396	33	535	3.0	3.0	CCCECCCHCCCCCCCCCCCCCCCCCCCCCCCCC	1
2563	6.022	8.210	11.491	33	535	9.1	6.1	CECCCCCHCCCCCCCCCCCCHCCHCCCECCCCC	1
2564	5.992	8.316	11.719	33	535	9.1	12.1	CCEECCCHCCCCCCCCCCCCHCCCCCCECEHCC	1
2565	6.095	8.277	12.370	33	535	9.1	6.1	CECECCCHCCCCCCCCCCCCHCCCCCCCCCHCC	1
2566	6.043	8.379	12.536	33	535	6.1	6.1	CECCCCCHCCCCCCCCCCCCHCCCCCCECCCCC	1
2567	5.968	8.257	11.826	33	535	15.2	12.1	CEEECCCHCCHCCCHCHCCCCCCHCCCCCECCC	1
2568	9.122	7.894	17.104	33	535	15.2	12.1	CCCCCCCHCCCHECHCCCECHCCCCCCECCEHC	0
2569	9.053	7.878	16.842	33	535	12.1	12.1	CCCCCCCHCCEHCCHECCCCHECCCCCCCCECC	0
2570	9.142	7.816	16.986	33	535	12.1	12.1	CCCCCCCHCCEHECHCCCCCHCCCCCCECCECC	0
2571	9.111	7.862	16.478	33	535	15.2	18.2	CECCCCCHCCEHCCHECCCCHECCCCCECCEHC	0
2572	9.092	7.858	16.938	33	535	15.2	9.1	CECCCCCHCCEHCCHCCCCCHCCCCCCCCCEHC	0
2573	8.942	7.910	16.513	33	535	15.2	12.1	CCCCCCCHCCEHECHCCCCCHCCCCCCECCEHC	0
2574	8.978	7.890	16.137	33	535	12.1	0.0	CCCCCCCHCCCHCCHCCCCCHCCCCCCCCCCCC	0
2575	8.956	7.874	16.062	33	535	12.1	3.0	CCCCCCCHCCCHCCHCCCCCHCCCCCCCCCECC	0
2576	5.956	8.091	10.818	33	535	15.2	9.1	CEECCCCHCCHCCCCCHCCCHCCCCHCECCCCC	1
2577	6.017	8.174	11.654	33	535	12.1	9.1	CEEECCCHCCCCCCHCHCCCHCCCCCCCCCCCC	1
2578	6.013	8.128	10.949	33	535	12.1	3.0	CCECCCCHCCCCCCCCHCCCHCCCCHCCCCCCC	1
2579	6.044	8.214	11.241	33	535	12.1	0.0	CCCCCCCHCCCCCCCCCCCCHCCCCHCCCCHCC	1
2580	8.931	7.948	16.246	33	535	15.2	9.1	CCCCCCCHCCEHCCHCCCCCHCCCCCCECCEHC	0
2581	9.038	7.937	16.688	33	535	15.2	9.1	CCCCCCCHECEHCCHCCCCCHCCCCCCCCCEHC	0
2582	8.964	7.953	15.948	33	535	12.1	12.1	CCCCCCCCCCEHCCHCCCCCHECCCCCECCEHC	0
2583	8.971	7.950	16.461	33	535	12.1	6.1	CCCCCCCHCCCHCCHCCCCCHECCCCCCCCECC	0
2584	9.006	7.955	16.326	33	535	15.2	9.1	CCCCCCCHCCEHECHCCCCCHECCCCCCCCCHC	0
2585	9.141	7.867	16.299	33	535	15.2	12.1	CCCCCCCHCCEHECHCCCCCHCCCCCCECCEHC	0
2586	9.113	7.929	17.353	33	535	12.1	9.1	CCCCCCCHCCCCECHCCCCCHCCCCCCECCEHC	0
2587	9.018	7.953	16.891	33	535	9.1	12.1	CCCCCCCCECCCECHCCCCCHCCCCCCECCEHC	0
2588	9.031	7.906	16.711	33	535	9.1	9.1	CCCCCCCHCCCCECHCCCCCHCCCCCCECCECC	0
2589	9.033	7.916	16.514	33	535	9.1	15.2	CCCCCCCCECEHECHECCCCHCCCCCCECCCCC	0
2590	6.703	7.667	16.499	33	535	12.1	3.0	CCCCCCCHCCCCCCCCCCCCHCCCCCCCCEHHC	2
2591	6.683	7.659	15.750	33	535	12.1	0.0	CCCCHHHHCCCCCCCCCCCCCCCCCCCCCCCCC	2
2592	9.123	7.859	16.575	33	535	12.1	6.1	CCCCCCCHCCEHCCHCCCCCHCCCCCCECCCCC	0
2593	9.130	7.854	16.919	33	535	15.2	15.2	CCCCCCCHCCEHCCHECCECHCCCCCCECCEHC	0
2594	6.013	8.142	12.048	33	535	6.1	3.0	CCCCCCCHCCCCCCCCCCCCCCCCCHCECCCCC	1
2595	6.118	8.150	11.992	33	535	9.1	12.1	CECECCECCCCCCCCCCCCCHCCHCCCECCHCC	1
2596	9.194	7.806	15.998	33	535	15.2	9.1	CECCCCCHECEHCCHCCCCCHCCCCCCCCCCHC	0
2597	9.109	7.825	16.836	33	535	12.1	3.0	CCCCCCCHCCEHCCHCCCCCHCCCCCCCCCCCC	0
2598	6.027	8.139	12.107	33	535	6.1	3.0	CCCECCCHCCCCCCCCCCCCCCCHCCCCCCCCC	1
2599	6.060	8.226	12.151	33	535	6.1	6.1	CECCCCCHCCCCCCCCCCCCHCCCCCCECCCCC	1
2600	9.190	7.814	16.657	33	535	12.1	6.1	CCCCCCCHCCCHCCHCCCECHCCCCCCCCCECC	0
2601	9.129	7.771	16.928	33	535	15.2	3.0	CCCCCCCHCCEHCCHCCCCCHCCCCCCCCCCHC	0
2602	6.051	8.139	11.015	33	535	6.1	3.0	CECCCCCHCCCCCCCCCCCCHCCCCCCCCCCCC	1
2603	5.974	8.142	11.548	33	535	6.1	6.1	CCECCCEHCCCCCCCCCCCCCCCCCHCCCCCCC	1
2604	5.925	8.180	11.292	33	535	6.1	6.1	CECCCCCHCCCCCCCCCCCCHCCCCCCECCCCC	1
2605	5.930	8.158	11.748	33	535	6.1	12.1	CEEECCEHCCCCCCCCCCCCHCCCCCCCCCCCC	1
2606	6.784	7.584	15.501	33	535	12.1	3.0	CHCCCCCHCCCCCCCCCCHCCCCCCCCECCHCC	2
2607	6.787	7.561	16.022	33	535	24.2	0.0	CHCCHCCHCCCCCCCCCCHCHCCCCHCCCCHHC	2
2608	5.985	8.051	10.786	33	535	12.1	9.1	CEEECCCHCCCCCCCCHCCCCCCHCCCCCCHCC	1
2609	6.021	8.119	10.729	33	535	6.1	12.1	CEEECCEHCCCCCCCCCCCCHCCCCCCCCCCCC	1
2610	6.050	8.031	10.934	33	535	9.1	12.1	CEEECCCHCCCCCCCCHCCCHCCCCCCECCCCC	1
2611	6.098	8.132	11.723	33	535	15.2	9.1	CEEECCCHCCCCCCCCHCCCHCCHCCCCCCHCC	1
2612	6.111	8.242	11.630	33	535	3.0	12.1	CEEECCCCCCCCCCCCCCCCHCCCCCCECCCCC	1
2613	6.058	8.032	10.861	33	535	12.1	9.1	CEEECCCHCCCCCCCCCCCCHCCCCHCCCCHCC	1
2614	9.102	7.808	16.675	33	535	12.1	6.1	CCCCCCCCECCHCCHCCCCCHCCCCCCCCCEHC	0
2615	9.097	7.887	16.727	33	535	15.2	9.1	CCCCCCCHCCEHECHCCCCCHCCCCCCCCCEHC	0
2616	8.991	7.893	16.652	33	535	15.2	6.1	CCCCCCCHCCCHCCHCCCCCHECCCCCCCCEHC	0
2617	9.049	7.890	16.518	33	535	15.2	9.1	CCCCCCCHECCHCCHCCCCCHECCCCCCCCEHC	0
2618	6.073	8.229	10.745	33	535	12.1	12.1	CEEECCEHCCCCCCCCCCCCHCCHCCCCCCHCC	1
2619	6.097	8.295	11.090	33	535	18.2	15.2	CEEECCEHCCHCCCHCHCCCHCCCCHCECCCCC	1
2620	6.009	8.078	9.929	33	535	9.1	9.1	CEECCCEHCCHCCCCCCCCCHCCCCCCCCCCCC	1
2621	5.939	8.110	10.843	33	535	9.1	12.1	CEEECCEHCCCCCCCCCCCCHCCHCCCCCCCCC	1
2622	6.052	8.288	10.518	33	535	15.2	12.1	CEEECCEHCCCCCCHCHCCCHCCCCCHCCCCCC	1
2623	6.036	8.161	10.710	33	535	6.1	9.1	CECECCCHCCCCCCCCCCCCHCCCCCCECCCCC	1
2624	6.121	8.255	11.263	33	535	18.2	6.1	CEECCCCHCCHCCCHCHCCCHCCCCHCCCCCCC	1
2625	6.213	8.193	11.130	33	535	9.1	9.1	CECECCCHCCCCCCCCCCCCHCCHCCCECCCCC	1
2626	6.633	7.781	16.638	33	535	15.2	3.0	CCCCCCCHCCCCCCCCCCHCHCCCCCCCCEHHC	2
2627	6.674	7.683	16.001	33	535	15.2	0.0	CCCCCCCHCCCCCCCCCCCCHCCHCCCCCCHHC	2
2628	9.285	7.816	17.123	33	535	12.1	6.1	CECCCCCHCCCHECHCCCCCHCCCCCCCCCCCC	0
2629	9.176	7.884	17.339	33	535	12.1	9.1	CCCCCCCHECCHCCHCCCECHCCCCCCECCCCC	0
2630	5.998	8.194	9.594	33	535	12.1	9.1	CECECCCHCCCCCCCCHCCCHCCCCCCECCHCC	1
2631	6.149	8.190	9.830	33	535	9.1	9.1	CCEECCEHCCCCCCHCCCCCHCCCCCCCCCCCC	1
2632	9.314	7.892	17.747	33	535	9.1	6.1	CCCCCCCHCCCCECHCCCCCHCCCCCCCCCECC	0
2633	9.295	7.938	17.755	33	535	12.1	0.0	CCCCCCCHCCCCCCHCCCCCHCCCCCCCCCCHC	0
2634	6.590	7.719	16.659	33	535	12.1	0.0	CCCCHHHHCCCCCCCCCCCCCCCCCCCCCCCCC	2
2635	6.757	7.692	16.673	33	535	24.2	3.0	CHCCCCCHCCCCCCCCCCHCHCCHCHCECCHHC	2
2636	6.786	7.643	16.210	33	535	21.2	3.0	CHCCCCCHCCCCCCCCCCHCCCCHCHCCCEHHC	2
2637	6.679	7.687	16.646	33	535	15.2	3.0	CCCCCCCHCCCCCCCCCCHCHCCHCCCCCEHCC	2
2638	6.742	7.646	16.951	33	535	18.2	0.0	CHCCHCCHCCCCCCCCCCCCHCCCCHCCCCHCC	2
2639	6.717	7.648	15.926	33	535	18.2	6.1	CHCCCCCHCCCCCCCCCCCCHCCCCHCECEHHC	2
2640	6.688	7.654	16.412	33	535	12.1	0.0	CCCCHHHHCCCCCCCCCCCCCCCCCCCCCCCCC	2
2641	6.757	7.657	16.041	33	535	12.1	0.0	CCCCHHHHCCCCCCCCCCCCCCCCCCCCCCCCC	2
2642	6.837	7.547	15.998	33	535	12.1	0.0	CCCCHHHHCCCCCCCCCCCCCCCCCCCCCCCCC	2
2643	6.689	7.620	16.835	33	535	18.2	6.1	CHCCCCCHCCCCCCCCCCCCHCCHCCCECEHHC	2
2644	6.721	7.669	16.288	33	535	12.1	0.0	CCCCHHHHCCCCCCCCCCCCCCCCCCCCCCCCC	2
2645	6.754	7.745	16.325	33	535	12.1	0.0	CCCCHHHHCCCCCCCCCCCCCCCCCCCCCCCCC	2
2646	9.327	7.929	18.698	33	535	9.1	9.1	CCCCCCCCECCHECHCCCCCHCCCCCCECCCCC	0
2647	9.336	7.877	17.875	33	535	15.2	9.1	CCCCCCCHCCEHECHCCCCCHCCCCCCCCCEHC	0
2648	6.143	8.305	11.352	33	535	6.1	9.1	CCEECCEHCCCCCCCCCCCCHCCCCCCCCCCCC	1
2649	6.091	8.241	11.360	33	535	12.1	9.1	CEECCCCHCCHCCCCCCCCCHCCCCCCECCHCC	1
2650	6.071	8.259	11.082	33	535	15.2	9.1	CCEECCCHCCHCCCHCHCCCHCCCCCCECCCCC	1
2651	6.160	8.280	10.871	33	535	15.2	12.1	CECECCEHCCCCCCHCHCCCHCCCCCCECCHCC	1
2652	6.179	8.370	11.373	33	535	9.1	12.1	CEEECCEHCCCCCCCCHCCCHCCCCCCCCCCCC	1
2653	6.196	8.323	9.748	33	535	12.1	6.1	CCEECCCHCCCCCCHCHCCCHCCCCCCCCCCCC	1
2654	6.317	8.219	10.189	33	535	6.1	9.1	CEECCCEHCCCCCCCCCCCCHCCCCCCCCCCCC	1
2655	6.127	8.132	10.372	33	535	15.2	9.1	CCEECCEHCCCCCCHCHCCCHCCCCCCCCCHCC	1
2656	6.316	8.229	11.135	33	535	9.1	9.1	CCEECCEHCCCCCCCCHCCCHCCCCCCCCCCCC	1
2657	6.265	8.152	9.872	33	535	12.1	9.1	CCEECCEHCCCCCCCCCCCCHCCCCHCCCCHCC	1
2658	6.081	8.323	10.771	33	535	9.1	9.1	CEECCCEHCCCCCCCCCCCCHCCCCCCCCCHCC	1
2659	6.076	8.183	10.126	33	535	3.0	15.2	CEEECCEHCCCCCCCCCCCCCCCCCCCECCCCC	1
2660	6.063	8.156	10.042	33	535	18.2	9.1	CCEECCCHCCHCCCCHHCCCHCCCCCCECCHCC	1
2661	6.147	8.157	9.501	33	535	12.1	12.1	CEEECCCHCCCCCCCCHCCCHCCCCCCECCHCC	1
2662	6.056	8.197	9.930	33	535	15.2	9.1	CEECCCEHCCCCCCHCHCCCHCCCCCCCCCHCC	1
2663	6.104	8.224	11.111	33	535	12.1	12.1	CEEECCCHCCCCCCCCHCCCHCCCCCCECCHCC	1
2664	6.222	8.326	11.900	33	535	9.1	15.2	CEEECCEHCCCCCCCCCCCCHCCCCCCECCHCC	1
2665	6.119	8.153	10.932	33	535	12.1	15.2	CEEECCEHCCCCCCHCCCCCHCCCCCCECCHCC	1
2666	6.181	8.294	12.742	33	535	12.1	12.1	CCEECCEHCCCCCCHCCCCCHCCCCCCECCHCC	1
2667	6.116	8.276	13.171	33	535	6.1	15.2	CEEECCEHCCCCCCCCCCCCHCCCCCCECCCCC	1
2668	6.071	8.284	12.568	33	535	9.1	9.1	CEECCCEHCCCCCCCCHCCCCCCCCCCCCCHCC	1
2669	6.036	8.237	11.759	33	535	15.2	3.0	CCECCCCHCCHCCCHCHCCCHCCCCCCCCCCCC	1
2670	9.329	7.873	17.752	33	535	15.2	15.2	CCCCCCCHECEHECHCCCECHCCCCCCECCCHC	0
2671	9.305	7.814	17.711	33	535	12.1	9.1	CCCCCCCHCCEHCCHCCCCCHCCCCCCECCECC	0
2672	9.385	7.868	17.718	33	535	15.2	6.1	CECCCCCHCCCHCCHECCCCHCCCCCCCCCCHC	0
2673	9.370	7.829	17.889	33	535	15.2	15.2	CCCCCCCHECEHECHECCCCHCCCCCCCCCEHC	0
2674	6.213	8.302	11.088	33	535	9.1	12.1	CCEECCEHCCCCCCCCHCCCHCCCCCCECCCCC	1
2675	6.212	8.432	11.520	33	535	15.2	12.1	CEECCCEHCCHCCCCCHCCCCCCHCCCECCHCC	1
2676	6.125	8.366	12.359	33	535	12.1	9.1	CCECCCEHCCHCCCHCCCCCHCCCCCCECCCCC	1
2677	6.169	8.354	12.222	33	535	9.1	15.2	CEEECCEHCCHCCCCCHCCCCCCCCCCECCCCC	1
2678	6.617	7.601	16.346	33	535	12.1	0.0	CCCCHHHHCCCCCCCCCCCCCCCCCCCCCCCCC	2
2679	6.771	7.676	16.079	33	535	18.2	6.1	CHCCCCCHCCCCCCCCCCCCHCCCCHCECEHHC	2
2680	6.023	8.272	11.133	33	535	15.2	9.1	CECECCCHCCCCCCHCHCCCHCCHCCCECCCCC	1
2681	6.198	8.411	12.326	33	535	12.1	9.1	CEECCCEHCCCCCCHCCCCCCCCHCCCCCCHCC	1
2682	6.143	8.375	12.289	33	535	9.1	0.0	CCCCCCCHCCCCCCCCCCCCHCCCCCCCCCHCC	1
2683	6.189	8.277	11.732	33	535	12.1	9.1	CECECCCHCCHCCCCCCCCCHCCHCCCECCCCC	1
2684	6.120	8.402	11.187	33	535	15.2	6.1	CECCCCEHCCHCCCCHCCCCCCCCCHCCCCHCC	1
2685	6.143	8.352	11.332	33	535	15.2	6.1	CCECCCEHCCCCCCHHCCCCHCCCCCCCCCHCC	1
2686	9.391	7.900	17.344	33	535	12.1	3.0	CCCCCCCHCCCCECHCCCCCHCCCCCCCCCCHC	0
2687	9.275	7.886	17.473	33	535	15.2	12.1	CECCCCCHCCEHECHCCCCCHCCCCCCCCCEHC	0
2688	6.635	7.561	15.688	33	535	18.2	0.0	CHCCCCCCCCCCCCCCHCCCHCCCCHCCCCHHC	2
2689	6.874	7.690	15.993	33	535	12.1	0.0	CCCCHHHHCCCCCCCCCCCCCCCCCCCCCCCCC	2
2690	9.303	7.903	17.416	33	535	12.1	3.0	CECCCCCHCCCCCCHCCCCCHCCCCCCCCCCHC	0
2691	9.263	7.850	17.925	33	535	15.2	12.1	CECCCCCHECCHECHCCCCCHCCCCCCCCCEHC	0
2692	9.338	7.908	17.726	33	535	9.1	3.0	CCCCCCCHCCCCCCHECCCCHCCCCCCCCCCCC	0
2693	9.218	7.930	17.403	33	535	12.1	3.0	CCCCCCCHCCCCCCHCCCCCHCCCCCCCCCEHC	0
2694	9.206	7.862	17.095	33	535	15.2	12.1	CCCCCCCHECEHECHCCCCCHCCCCCCCCCEHC	0
2695	9.122	7.890	17.126	33	535	12.1	12.1	CECCCCCHCCEHCCHCCCCCHCCCCCCECCECC	0
2696	9.203	7.904	17.573	33	535	9.1	15.2	CECCCCCHECCCECHCCCCCHCCCCCCECCECC	0
2697	9.348	7.900	17.527	33	535	15.2	3.0	CCCCCCCHCCCHCCHCCCCCHCCCCCCCCCEHC	0
2698	6.106	8.251	10.821	33	535	12.1	6.1	CCECCCEHCCCCCCCCCCCCHCCHCCCCCCHCC	1
2699	6.266	8.329	11.589	33	535	12.1	9.1	CEECCCEHCCCCCCHCCCCCHCCCCCCCCCHCC	1
2700	9.254	7.941	17.727	33	535	12.1	3.0	CCCCCCCHCCCCCCHCCCCCHCCCCCCECCCHC	0
2701	9.288	7.910	18.026	33	535	15.2	15.2	CECCCCCHECEHCCHCCCCCHCCCCCCECCEHC	0
2702	9.349	7.968	17.975	33	535	12.1	6.1	CCCCCCCHCCEHCCHCCCCCHCCCCCCCCCECC	0
2703	9.372	7.910	18.303	33	535	12.1	6.1	CECCCCCHCCCHECHCCCCCHCCCCCCCCCCCC	0
2704	6.057	8.371	12.200	33	535	12.1	12.1	CEECCCEHCCHCCCHCCCCCHCCCCCCECCCCC	1
2705	6.002	8.329	11.437	33	535	15.2	6.1	CCECCCEHCCHCCCCHCCCCHCCCCCCCCCHCC	1
2706	5.911	8.343	11.373	33	535	6.1	9.1	CEECCCEHCCCCCCCCCCCCHCCCCCCCCCCCC	1
2707	6.139	8.402	12.673	33	535	9.1	12.1	CEEECCEHCCCCCCHCCCCCCCCCCCCCCCHCC	1
2708	9.333	7.907	18.466	33	535	12.1	6.1	CCCCCCCHECEHCCHCCCCCHCCCCCCCCCCCC	0
2709	9.210	7.895	17.895	33	535	12.1	9.1	CCCCCCCHCCEHCCHCCCCCHCCCCCCECCECC	0
2710	6.047	8.300	12.174	33	535	9.1	12.1	CEEECCCHCCHCCCCCCCCCHCCCCCCECCCCC	1
2711	6.003	8.450	12.248	33	535	6.1	12.1	CEECCCEHCCCCCCCHCCCCCCCCCCCECCCCC	1
2712	6.096	8.312	12.200	33	535	15.2	9.1	CCEECCCHCCHCCCCHCCCCHCCHCCCECCCCC	1
2713	6.023	8.349	11.787	33	535	12.1	6.1	CECCCCCHCCCCCCHCCCCCCCCCCHCECCHCC	1
2714	6.027	8.391	12.600	33	535	15.2	9.1	CEEECCCHCCHCCCHCCCCCHCCCCCCCCCHCC	1
2715	6.110	8.343	11.723	33	535	18.2	12.1	CECECCEHCCHCCCCHCCCCHCCHCCCECCHCC	1
2716	6.003	8.352	11.306	33	535	18.2	3.0	CCCECCCHCCCCCCHHCCCCHCCHCCCCCCHCC	1
2717	6.064	8.395	11.668	33	535	12.1	9.1	CEEECCCHCCHCCCCCCCCCHCCCCCCCCCHCC	1
2718	6.010	8.332	10.911	33	535	12.1	12.1	CCEECCEHCCHCCCHCCCCCCCCCCCCECCHCC	1
2719	6.102	8.185	10.851	33	535	12.1	12.1	CCEECCEHCCHCCCCCCCCCHCCHCCCECCCCC	1
2720	6.115	8.371	11.741	33	535	15.2	9.1	CCEECCEHCCHCCCCCCCCCHCCHCCCCCCHCC	1
2721	6.040	8.333	12.364	33	535	15.2	6.1	CCECCCEHCCHCCCHCCCCCHCCCCCCCCCHCC	1
2722	6.042	8.264	12.349	33	535	18.2	12.1	CEEECCEHCCHCCCHHCCCCHCCHCCCCCCCCC	1
2723	6.107	8.321	11.509	33	535	9.1	6.1	CECCCCEHCCCCCCCCCCCCHCCCCCCCCCHCC	1
2724	9.057	7.894	17.135	33	535	12.1	6.1	CCCCCCCHCCEHCCHCCCCCHCCCCCCCCCECC	0
2725	9.019	7.902	15.998	33	535	15.2	6.1	CCCCCCCHCCEHCCHCCCCCHCCCCCCCCCEHC	0
2726	6.060	8.326	11.408	33	535	9.1	6.1	CEECCCCHCCCCCCCCCCCCHCCCCCCCCCHCC	1
2727	6.115	8.237	11.332	33	535	9.1	12.1	CEEECCCHCCCCCCCCCCCCHCCHCCCECCCCC	1
2728	6.006	8.207	11.485	33	535	15.2	9.1	CCEECCEHCCHCCCHHCCCCHCCCCCCCCCCCC	1
2729	6.075	8.258	11.417	33	535	12.1	6.1	CEECCCCHCCHCCCHCCCCCHCCCCCCCCCCCC	1
2730	6.311	8.488	11.351	33	535	9.1	12.1	CECECCEHCCCCCCHCCCCCHCCCCCCECCCCC	1
2731	6.000	8.299	11.613	33	535	18.2	9.1	CCEECCEHCCHCCCHCCCCCHCCHCHCCCCCCC	1
2732	6.209	8.462	11.999	33	535	9.1	9.1	CEEECCCHCCCCCCHCCCCCCCCCCCCCCCHCC	1
2733	6.093	8.348	10.858	33	535	3.0	15.2	CEEECCEHCCCCCCCCCCCCCCCCCCCECCCCC	1
2734	6.182	8.295	9.919	33	535	9.1	6.1	CCEECCCHCCHCCCCCCCCCHCCCCCCCCCCCC	1
2735	6.191	8.317	10.430	33	535	6.1	6.1	CEECCCCHCCCCCCCCCCCCHCCCCCCCCCCCC	1
2736	9.104	7.881	16.738	33	535	15.2	9.1	CCCCCCCHCCEHECHCCCCCHCCCCCCCCCEHC	0
2737	8.989	7.854	16.495	33	535	15.2	9.1	CCCCCCCHCCEHECHCCCCCHCCCCCCCCCEHC	0
2738	6.006	8.337	11.136	33	535	12.1	3.0	CCCECCCHCCHCCCHCCCCCHCCCCCCCCCCCC	1
2739	5.857	8.225	10.987	33	535	6.1	6.1	CCECCCEHCCCCCCHCCCCCCCCCCCCCCCCCC	1
2740	5.972	8.320	10.686	33	535	6.1	9.1	CCECCCEHCCHCCCCCCCCCCCCCCCCECCCCC	1
2741	6.036	8.337	10.189	33	535	6.1	9.1	CCEECCCHCCCCCCHCCCCCCCCCCCCECCCCC	1
2742	5.972	8.355	10.562	33	535	3.0	9.1	CEECCCEHCCCCCCCCCCCCCCCCCCCCCCCCC	1
2743	6.147	8.411	11.679	33	535	15.2	12.1	CEECCCEHCCHCCCHCCCCCCCCHCHCECCCCC	1
2744	6.225	8.494	12.014	33	535	9.1	9.1	CECECCEHCCCCCCCCCCCCHCCCCCCCCCHCC	1
2745	6.144	8.351	11.872	33	535	12.1	6.1	CCCECCEHCCCCCCHCCCCCHCCCCCCCCCHCC	1
2746	5.931	8.362	11.115	33	535	9.1	9.1	CEEECCCHCCHCCCCCCCCCCCCHCCCCCCCCC	1
2747	5.959	8.335	11.584	33	535	21.2	6.1	CEECCCCHCCHCCCHHCCCCHCCHCCCCCCHCC	1
2748	6.061	8.268	11.052	33	535	18.2	6.1	CECCCCCHCCHCCCCHCCCCHCCHCHCECCCCC	1
2749	6.148	8.288	10.998	33	535	9.1	12.1	CECECCEHCCCCCCHCCCCCHCCCCCCECCCCC	1
2750	8.960	7.881	16.375	33	535	15.2	6.1	CCCCCCCHCCCHCCHCCCCCHECCCCCCCCEHC	0
2751	8.860	7.905	16.211	33	535	18.2	3.0	CCCCCCCHCCCHCCHECCCCHCCHCCCCCCCHC	0
2752	9.001	7.835	16.254	33	535	15.2	6.1	CCCCCCCHCCEHCCHCCCCCHCCCCCCCCCEHC	0
2753	8.973	7.864	16.033	33	535	15.2	12.1	CCCCCCCHCCEHECHCCCCCHECCCCCECCCHC	0
2754	5.959	8.246	10.753	33	535	12.1	9.1	CEECCCCHCCHCCCHCCCCCHCCCCCCECCCCC	1
2755	6.116	8.320	10.399	33	535	9.1	3.0	CCCCCCEHCCCCCCHCCCCCHCCCCCCCCCCCC	1
2756	8.937	7.852	15.960	33	535	12.1	6.1	CCCCCCCHCCCHCCHECCCCHCCCCCCCCCECC	0
2757	8.911	7.826	16.239	33	535	18.2	12.1	CCCCCCCHCCEHCCHECCCCHECHCCCECCCHC	0
2758	6.100	8.458	10.594	33	535	15.2	6.1	CECECCCHCCHCCCHHCCCCHCCCCCCCCCCCC	1
2759	6.183	8.441	9.913	33	535	6.1	12.1	CCEECCEHCCCCCCCHCCCCCCCCCCCECCCCC	1
2760	6.573	7.762	16.714	33	535	21.2	6.1	CHCCHCCHCCCCCCCCCHCCHCCCCCCECEHHC	2
2761	6.408	7.850	16.506	33	535	15.2	3.0	CHCCCCCHCCCCCCCCCHCCCCCCCCCECCHHC	2
2762	6.086	8.387	10.595	33	535	9.1	12.1	CCEECCEHCCCCCCCCCCCCHCCCCCCECCHCC	1
2763	6.035	8.394	11.112	33	535	15.2	12.1	CEEECCEHCCHCCCHHCCCCCCCCCHCCCCCCC	1
2764	8.893	7.883	16.664	33	535	18.2	6.1	CCCCCCCHCCEHCCHCCCCCHCCHCCCCCCEHC	0
2765	8.971	7.901	16.557	33	535	15.2	9.1	CCCCCCCHCCEHCCHCCCCCHCCCCCCECCEHC	0
2766	5.992	8.382	11.020	33	535	9.1	9.1	CEEECCCHCCCCCCCCCCCCHCCCCHCCCCCCC	1
2767	6.063	8.284	10.255	33	535	6.1	9.1	CEECCCEHCCCCCCHCCCCCCCCCCCCCCCCCC	1
2768	8.916	7.982	16.065	33	535	12.1	12.1	CCCCCCCHCCEHECHECCCCHCCCCCCCCCECC	0
2769	9.038	7.891	16.528	33	535	15.2	6.1	CCCCCCCHCCEHCCHCCCCCHCCCCCCECCCHC	0
2770	6.580	7.669	16.164	33	535	15.2	3.0	CHCCCCCHCCCCCCCCCCCCHCCCCCCCCEHHC	2
2771	6.546	7.683	15.444	33	535	12.1	3.0	CHCCCCCHCCCCCCCCCCHCCCCCCCCECCCHC	2
2772	6.462	7.684	15.798	33	535	12.1	0.0	CHCCCCCHCCCCCCCCCCCCCCCCCCCCCCHHC	2
2773	6.646	7.747	17.217	33	535	12.1	0.0	CCCCHHHHCCCCCCCCCCCCCCCCCCCCCCCCC	2
2774	6.483	7.740	16.425	33	535	21.2	6.1	CHCCHCCHCCCCCCCCCCHCHCCCCCCECEHHC	2
2775	6.643	7.743	16.268	33	535	21.2	3.0	CHCCCCCHCCCCCCCCCCHCHCCCCHCCCEHHC	2
2776	6.025	8.432	11.588	33	535	9.1	12.1	CEEECCEHCCHCCCCCCCCCCCCCCHCCCCCCC	1
2777	6.117	8.466	11.740	33	535	12.1	9.1	CCEECCEHCCHCCCCCCCCCHCCCCHCCCCCCC	1
2778	6.195	8.294	10.814	33	535	9.1	12.1	CEEECCEHCCCCCCCHCCCCHCCCCCCCCCCCC	1
2779	6.255	8.433	11.023	33	535	12.1	9.1	CCEECCECCCCCCCHHCCCCHCCCCCCCCCHCC	1
2780	6.232	8.421	11.454	33	535	9.1	6.1	CEECCCCHCCCCCCHHCCCCCCCCCCCCCCCCC	1
2781	6.201	8.325	10.112	33	535	9.1	12.1	CEEECCEHCCCCCCCHCCCCHCCCCCCCCCCCC	1
2782	8.880	7.983	16.337	33	535	12.1	6.1	CCCCCCCHCCEHCCHCCCCCHCCCCCCCCCECC	0
2783	8.844	7.855	15.901	33	535	9.1	12.1	CCCCCCCCCCEHECHCCCCCHCCCCCCECCECC	0
2784	8.854	7.916	16.312	33	535	9.1	9.1	CCCCCCCHCCCHECCCCCCCHECCCCCCCCECC	0
2785	8.921	7.935	16.640	33	535	12.1	12.1	CCCCCCCHCCEHECHCCCCCHECCCCCCCCECC	0
2786	6.624	7.746	16.680	33	535	15.2	0.0	CCCCCCCHCCCCCCCCCCHCHCCCCCCCCCHHC	2
2787	6.647	7.661	15.945	33	535	21.2	6.1	CHCCHCCHCCCCCCCCCCHCHCCCCCCECEHHC	2
2788	6.625	7.717	16.545	33	535	21.2	0.0	CHCCCCCHCCCCCCCCCCHCHCCHCCCCCCHHC	2
2789	6.607	7.740	16.500	33	535	21.2	6.1	CHCCCCCHCCCCCCCCCCHCHCCHCCCECEHHC	2
2790	8.835	7.914	16.524	33	535	12.1	6.1	CCCCCCCHECCHCCHCCCCCHECCCCCCCCCCC	0
2791	8.793	7.888	16.463	33	535	12.1	15.2	CCCCCCCHCCEHCCHCCCECHECCCCCECCECC	0
2792	8.878	7.875	15.981	33	535	15.2	9.1	CCCCCCCHCCEHCCHECCCCHCCCCCCCCCEHC	0
2793	8.838	7.910	15.658	33	535	12.1	9.1	CCCCCCCHCCEHCCHCCCCCHECCCCCCCCECC	0
2794	8.930	7.903	16.267	33	535	15.2	9.1	CCCCCCCHCCEHCCHCCCECHCCCCCCCCCEHC	0
2795	8.888	7.854	16.618	33	535	15.2	9.1	CCCCCCCHCCEHCCHCCCCCHCCCCCCECCEHC	0
2796	6.164	8.395	11.617	33	535	6.1	6.1	CECCCCEHCCCCCCCCCCCCCCCCCCCCCCHCC	1
2797	6.167	8.322	12.073	33	535	6.1	12.1	CEEECCEHCCHCCCCCCCCCCCCCCCCCCCCCC	1
2798	6.185	8.273	11.318	33	535	9.1	12.1	CEEECCCHCCCCCCCHCCCCHCCCCCCECCCCC	1
2799	6.142	8.270	11.682	33	535	6.1	9.1	CCCECCEHCCCCCCCCCCCCCCCCCCCECCHCC	1
2800	8.967	7.927	16.615	33	535	15.2	12.1	CCCCCCCHECCHECHCCCCCHECCCCCECCCHC	0
2801	8.917	7.928	16.595	33	535	15.2	12.1	CCCCCCCHCCCHECHECCCCHCCCCCCECCEHC	0
2802	6.074	8.377	11.923	33	535	9.1	6.1	CCECCCEHCCHCCCCCCCCCHCCCCCCCCCCCC	1
2803	6.027	8.427	11.486	33	535	12.1	3.0	CECCCCCHCCHCCCHCCCCCHCCCCCCCCCCCC	1
2804	6.016	8.357	10.480	33	535	12.1	12.1	CEEECCEHCCHCCCHCCCCCCCCCCCCCCCHCC	1
2805	5.966	8.353	10.980	33	535	9.1	6.1	CCEECCCHCCHCCCHCCCCCCCCCCCCCCCCCC	1
2806	6.039	8.349	11.153	33	535	18.2	12.1	CEEECCEHCCHCCCHCCCCCHCCHCHCCCCCCC	1
2807	6.113	8.422	12.104	33	535	18.2	9.1	CEEECCCHCCHCCCHHCCCCCCCCCHCCCCHCC	1
2808	8.953	7.869	16.656	33	535	15.2	9.1	CCCCCCCHECCHCCHCCCCCHECCCCCECCCHC	0
2809	8.971	7.935	16.979	33	535	15.2	12.1	CCCCCCCHCCEHCCHECCCCHECCCCCCCCEHC	0
2810	6.022	8.447	11.445	33	535	6.1	9.1	CEECCCCHCCCCCCCCCCCCHCCCCCCECCCCC	1
2811	6.319	8.456	11.911	33	535	18.2	3.0	CECCCCCHCCHCCCHCCCCCHCCCCHCCCCHCC	1
2812	6.224	8.348	12.125	33	535	9.1	12.1	CEEECCEHCCCCCCHCCCCCHCCCCCCCCCCCC	1
2813	6.068	8.299	11.921	33	535	12.1	6.1	CECCCCEHCCHCCCHCCCCCHCCCCCCCCCCCC	1
2814	6.102	8.360	11.844	33	535	12.1	9.1	CECECCCHCCCCCCCHCCCCHCCCCCCECCHCC	1
2815	6.115	8.399	12.252	33	535	15.2	3.0	CECCCCCHCCCCCCHHCCCCHCCCCCCCCCHCC	1
2816	6.050	8.374	11.875	33	535	15.2	6.1	CECCCCCHCCCCCCCHCCCCHCCCCHCECCHCC	1
2817	6.156	8.442	11.490	33	535	9.1	6.1	CECECCCHCCCCCCCCCCCCHCCCCCCCCCHCC	1
2818	8.823	7.863	16.573	33	535	15.2	12.1	CCCCCCCHECEHCCHECCCCHCCCCCCECCCHC	0
2819	8.988	7.931	16.734	33	535	15.2	12.1	CCCCCCCHECEHCCHCCCCCHECCCCCCCCEHC	0
2820	8.938	7.933	17.128	33	535	12.1	3.0	CCCCCCCHCCCHCCHCCCCCHCCCCCCCCCECC	0
2821	8.826	7.883	16.107	33	535	12.1	3.0	CCCCCCCCCCCHCCHCCCCCHCCCCCCCCCEHC	0
2822	6.070	8.330	11.578	33	535	9.1	6.1	CCCECCEHCCCCCCCCCCCCCCCHCCCCCCHCC	1
2823	6.001	8.295	11.555	33	535	6.1	3.0	CCCECCCHCCCCCCHCCCCCCCCCCCCCCCCCC	1
2824	9.019	7.907	16.702	33	535	15.2	15.2	CCCCCCCHECEHECHCCCCCHCCCCCCECCEHC	0
2825	8.976	7.858	16.356	33	535	15.2	12.1	CECCCCCHECCHCCHECCCCHCCCCCCCCCEHC	0
2826	8.892	7.831	16.211	33	535	15.2	9.1	CCCCCCCHECEHCCHCCCCCHCCCCCCCCCEHC	0
2827	8.940	7.855	16.314	33	535	15.2	12.1	CCCCCCCHCCEHCCHECCCCHCCCCCCECCEHC	0
2828	5.991	8.368	11.977	33	535	9.1	9.1	CECECCCHCCHCCCCCCCCCHCCCCCCECCCCC	1
2829	6.033	8.346	11.616	33	535	12.1	12.1	CECECCCHCCHCCCCCCCCCHCCCCCCECEHCC	1
2830	9.066	7.925	16.740	33	535	15.2	9.1	CCCCCCCHECEHCCHCCCCCHCCCCCCCCCEHC	0
2831	9.038	7.873	16.313	33	535	12.1	6.1	CCCCCCCHECEHCCHCCCCCHCCCCCCCCCCCC	0
2832	9.012	7.900	16.413	33	535	15.2	6.1	CCCCCCCHCCCHECHCCCCCHCCCCCCCCCEHC	0
2833	8.814	8.057	16.897	33	535	15.2	6.1	CCCCCCCHCCCHECHCCCCCHCCCCCCCCCEHC	0
2834	6.062	8.358	11.516	33	535	9.1	9.1	CEEECCCHCCCCCCHCCCCCHCCCCCCCCCCCC	1
2835	5.950	8.416	12.051	33	535	12.1	9.1	CEEECCCHCCCCCCHHCCCCHCCCCCCCCCCCC	1
2836	6.670	7.751	16.332	33	535	21.2	6.1	CHCCCCCHCCCCCCCCCCHCHCCCCHCECEHHC	2
2837	6.631	7.642	15.717	33	535	18.2	3.0	CHCCCCCHCCCCCCCCCCCCCCCHCHCCCEHHC	2
2838	6.758	7.621	15.782	33	535	18.2	3.0	CHCCCCCCCCCCCCCCCCHCHCCHCCCCCEHHC	2
2839	6.694	7.655	16.106	33	535	18.2	6.1	CHCCCCCHCCCCCCCCCCCCHCCHCHCECEHCC	2
2840	8.872	7.910	16.569	33	535	15.2	12.1	CCCCCCCHCCEHECHCCCECHCCCCCCCCCEHC	0
2841	8.914	7.936	16.691	33	535	15.2	9.1	CCCCCCCHCCEHECHCCCCCHCCCCCCCCCEHC	0
2842	6.212	8.509	12.415	33	535	15.2	9.1	CEECCCEHCCCCCCHCHCCCHCCCCCCCCCHCC	1
2843	6.123	8.494	12.752	33	535	9.1	12.1	CEEECCEHCCCCCCCCHCCCHCCCCCCCCCCCC	1
2844	6.120	8.430	12.045	33	535	12.1	12.1	CEEECCEHCCCCCCHCHCCCCCCCCCCCCCHCC	1
2845	5.933	8.440	13.320	33	535	21.2	15.2	CEEECCEHCCHCCCHCHCCCHCCHCCCECCHCC	1
2846	8.969	7.891	16.328	33	535	12.1	9.1	CCCCCCCCCCEHCCHECCCCHCCCCCCCCCEHC	0
2847	8.963	7.911	16.058	33	535	15.2	9.1	CCCCCCCHECEHCCHCCCCCHCCCCCCCCCEHC	0
2848	8.990	7.863	16.473	33	535	15.2	3.0	CCCCCCCHCCCHCCHCCCCCHCCCCCCCCCEHC	0
2849	8.901	7.872	16.513	33	535	15.2	12.1	CCCCCCCHECEHCCHECCCCHCCCCCCCCCEHC	0
2850	6.063	8.334	11.367	33	535	6.1	6.1	CCEECCCHCCCCCCCCCCCCHCCCCCCCCCCCC	1
2851	5.981	8.411	11.733	33	535	9.1	9.1	CEEECCCHCCCCCCCCHCCCCCCCCCCCCCHCC	1
2852	6.764	7.780	16.300	33	535	18.2	3.0	CHCCHCCCCCCCCCCCCCCCHCCCCHCCCEHHC	2
2853	6.756	7.722	15.835	33	535	18.2	0.0	CHCCCCCHCCCCCCCCCCHCHCCHCCCCCCCHC	2
2854	8.926	7.877	16.083	33	535	15.2	12.1	CCCCCCCHECCHECHECCCCHCCCCCCCCCEHC	0
2855	8.851	7.878	16.256	33	535	15.2	6.1	CCCCCCCHCCCHCCHECCCCHCCCCCCCCCEHC	0
2856	5.914	8.311	12.593	33	535	15.2	9.1	CEEECCCHCCHCCCHCHCCCHCCCCCCCCCCCC	1
2857	5.950	8.294	11.449	33	535	18.2	9.1	CCEECCEHCCCCCCHCCCCCHCCHCCHCCCHCC	1
2858	5.915	8.284	11.233	33	535	15.2	6.1	CEECCCCHCCHCCCCHCCCCHCCCCCCCCCHCC	1
2859	6.039	8.273	10.556	33	535	9.1	9.1	CECECCEHCCCCCCCCCCCCHCCCCCCCCCHCC	1
2860	9.032	7.939	16.756	33	535	15.2	3.0	CCCCCCCHCCEHCCHCCCCCHCCCCCCCCCCHC	0
2861	8.923	7.869	15.764	33	535	15.2	12.1	CCCCCCCHCCEHCCHECCCCHCCCCCCECCEHC	0
2862	8.861	7.874	16.699	33	535	12.1	12.1	CCCCCCCCCCEHCCHECCCCHECCCCCCCCEHC	0
2863	8.818	7.951	16.088	33	535	12.1	12.1	CCCCCCCHCCEHCCHECCCCHECCCCCCCCECC	0
2864	8.867	7.885	15.953	33	535	12.1	12.1	CCCCCCCHECCHECHCCCCCHECCCCCCCCECC	0
2865	8.953	7.854	15.801	33	535	15.2	12.1	CCCCCCCHECCHECHCCCCCHCCCCCCECCEHC	0
2866	8.941	7.867	15.668	33	535	15.2	6.1	CCCCCCCHCCCHECHCCCCCHCCCCCCCCCEHC	0
2867	8.962	7.868	16.807	33	535	15.2	12.1	CCCCCCCHECCHCCHECCCCHCCCCCCECCEHC	0
2868	6.162	8.256	11.462	33	535	15.2	9.1	CEEECCCHCCHCCCCCHCCCHCCHCCCCCCCCC	1
2869	6.056	8.260	11.117	33	535	15.2	9.1	CEECCCCHCCHCCCCCHCCCHCCCCCCECCHCC	1
2870	8.952	7.932	16.904	33	535	15.2	6.1	CCCCCCCHCCEHCCHCCCCCHCCCCCCCCCEHC	0
2871	8.995	7.819	16.411	33	535	15.2	6.1	CCCCCCCHCCEHCCHCCCCCHCCCCCCCCCEHC	0
2872	6.048	8.316	11.075	33	535	12.1	15.2	CEEECCEHCCCCCCCCHCCCHCCCCHCECCCCC	1
2873	6.235	8.539	11.496	33	535	12.1	12.1	CEEECCEHCCCCCCHCHCCCHCCCCCCCCCCCC	1
2874	6.209	8.354	11.427	33	535	9.1	9.1	CCEECCEHCCCCCCHCCCCCCCCCCCCCCCHCC	1
2875	6.099	8.300	11.440	33	535	15.2	6.1	CCEECCCHCCHCCCCCHCCCHCCHCCCCCCCCC	1
2876	8.831	7.842	16.107	33	535	15.2	9.1	CCCCECCHCCCHCCHCCCECHCCCCCCCCCEHC	0
2877	8.865	7.910	16.802	33	535	15.2	9.1	CCCCCCCHECEHCCHCCCCCHCCCCCCECCCHC	0
2878	8.907	7.898	16.779	33	535	9.1	9.1	CECCCCCCCCEHCCHCCCCCHCCCCCCCCCECC	0
2879	8.795	7.905	16.805	33	535	15.2	9.1	CCCCCCCHCCCHCCHECCCCHECCCCCCCCEHC	0
2880	6.168	8.473	11.329	33	535	12.1	6.1	CCCECCEHCCHCCCCCHCCCHCCCCCCCCCCCC	1
2881	5.990	8.383	10.972	33	535	12.1	12.1	CEEECCEHCCCCCCHCHCCCHCCCCCCCCCCCC	1
2882	8.910	7.915	16.721	33	535	15.2	12.1	CCCCCCCHECEHECHCCCCCHECCCCCCCCCHC	0
2883	8.825	7.983	16.330	33	535	15.2	3.0	CCCCCCCHCCCHCCHCCCCCHCCCCCCCCCEHC	0
2884	8.946	7.979	16.423	33	535	15.2	12.1	CCCCCCCHCCEHCCHCCCECHCCCCCCECCEHC	0
2885	8.870	7.974	15.970	33	535	15.2	9.1	CCCCCCCHCCEHECHCCCCCHECCCCCCCCCHC	0
2886	8.854	7.885	16.452	33	535	15.2	9.1	CECCCCCHCCEHECHCCCCCHCCCCCCCCCCHC	0
2887	8.841	7.895	16.048	33	535	12.1	9.1	CCCCCCCHCCCHECHCCCCCCCCCCCCECCEHC	0
2888	8.779	7.917	15.633	33	535	15.2	12.1	CCCCCCCHCCEHECHCCCECHCCCCCCCCCEHC	0
2889	8.808	7.930	16.225	33	535	15.2	12.1	CCCCCCCHCCEHCCHECCCCHECCCCCCCCEHC	0
2890	8.843	7.915	16.018	33	535	15.2	3.0	CCCCCCCHECCHCCHCCCCCHCCCCCCCCCCHC	0
2891	8.902	7.852	15.660	33	535	15.2	12.1	CCCCCCCHCCEHECHECCCCHCCCCCCECCCHC	0
2892	8.839	7.987	15.863	33	535	15.2	15.2	CCCCCCCHECEHCCHECCCCHCCCCCCECCEHC	0
2893	9.047	7.872	15.214	33	535	15.2	6.1	CCCCCCCHCCCHCCHECCCCHCCCCCCCCCEHC	0
2894	6.226	8.356	10.825	33	535	6.1	12.1	CEECCCECCCCCCCCCHCCCHCCCCCCECCCCC	1
2895	6.131	8.267	10.004	33	535	9.1	3.0	CECCCCCHCCHCCCCCCCCCHCCCCCCCCCCCC	1
2896	9.101	7.940	16.800	33	535	15.2	15.2	CCCCCCCHECEHECHCCCCCHCCCCCCECCEHC	0
2897	9.074	7.819	15.738	33	535	12.1	12.1	CCCCCCCHCCECECHCCCCCHCCCCCCECCEHC	0
2898	8.970	7.903	15.997	33	535	15.2	9.1	CCCCCCCHECEHCCHCCCECHCCCCCCCCCCHC	0
2899	9.078	7.843	15.962	33	535	15.2	12.1	CCCCCCCHCCEHECHCCCCCHCCCCCCECCEHC	0
2900	9.046	7.931	16.510	33	535	12.1	0.0	CCCCCCCHCCCHCCHCCCCCHCCCCCCCCCCCC	0
2901	9.146	7.874	16.549	33	535	12.1	12.1	CCCCCCCHCCEHCCHCCCECHCCCCCCECCECC	0
2902	9.071	7.900	16.548	33	535	15.2	15.2	CCCCCCCHCCEHECHECCECHCCCCCCCCCEHC	0
2903	8.960	7.881	15.552	33	535	15.2	3.0	CCCCCCCHCCEHCCHCCCCCHCCCCCCCCCCHC	0
2904	8.978	7.822	15.798	33	535	15.2	12.1	CCCCCCCHECCHCCHECCECHCCCCCCCCCEHC	0
2905	8.816	7.808	15.478	33	535	15.2	15.2	CCCCCCCHECCHECHECCCCHCCCCCCECCEHC	0
2906	8.845	7.770	15.936	33	535	15.2	12.1	CCCCCCCHECCHCCHCCCCCHECCCCCECCEHC	0
2907	8.873	7.900	15.729	33	535	15.2	12.1	CCCCCCCHCCEHCCHECCECHCCCCCCCCCEHC	0
2908	6.714	7.726	16.681	33	535	18.2	6.1	CHCCCCCHCCCCCCCCCCCCHCCCCHCECEHHC	2
2909	6.680	7.772	16.781	33	535	21.2	3.0	CHCCCCCHCCCCCCCCCCHCHCCCCHCECCHHC	2
2910	5.890	8.289	10.732	33	535	3.0	12.1	CEEECCEHCCCCCCCCCCCCCCCCCCCCCCCCC	1
2911	5.896	8.191	12.376	33	535	12.1	9.1	CCEECCEHCCHCCCCCCCCCHCCCCCCCCCHCC	1
2912	5.844	8.220	11.806	33	535	9.1	9.1	CEEECCCHCCHCCCCCHCCCCCCCCCCCCCCCC	1
2913	5.818	8.254	12.392	33	535	9.1	9.1	CEEECCCHCCHCCCCCHCCCCCCCCCCCCCCCC	1
2914	9.192	7.963	17.554	33	535	12.1	6.1	CCCCCCCCECEHCCHCCCCCHCCCCCCCCCCHC	0
2915	9.010	7.884	16.607	33	535	15.2	9.1	CCCCCCCHECEHCCHCCCCCHCCCCCCCCCEHC	0
2916	5.883	8.247	11.147	33	535	12.1	3.0	CCECCCCHCCHCCCHCHCCCCCCCCCCCCCCCC	1
2917	5.939	8.070	10.583	33	535	9.1	3.0	CCCECCCHCCHCCCCCCCCCHCCCCCCCCCCCC	1
2918	8.901	7.856	15.855	33	535	12.1	9.1	CCCCCCCHECCCCCHECCCCHCCCCCCCCCEHC	0
2919	8.842	7.823	16.010	33	535	15.2	9.1	CCCCCCCHECCHCCHCCCCCHCCCCCCECCEHC	0
2920	5.998	8.243	11.761	33	535	12.1	9.1	CEEECCCHCCHCCCCCHCCCHCCCCCCCCCCCC	1
2921	5.844	8.265	11.986	33	535	12.1	12.1	CEEECCCHCCCCCCCCHCCCHCCCCCCECHCCC	1
2922	5.845	8.309	11.843	33	535	12.1	15.2	CEEECCEHCCHCCCCCHCCCHCCCCCCECCCCC	1
2923	5.838	8.489	11.769	33	535	12.1	12.1	CEEECCEHCCHCCCCCHCCCHCCCCCCCCCCCC	1
2924	5.925	8.363	12.090	33	535	6.1	12.1	CEEECCCHCCCCCCCCHCCCCCCCCCCECCCCC	1
2925	5.907	8.381	12.292	33	535	6.1	3.0	CECCCCCHCCCCCCCCCCCCHCCCCCCCCCCCC	1
2926	8.972	7.909	16.145	33	535	15.2	12.1	CCCCCCCHECEHCCHCCCECHCCCCCCCCCEHC	0
2927	9.045	7.957	16.732	33	535	15.2	15.2	CCCCCCCHECEHECHECCCCHCCCCCCCCCEHC	0
2928	5.935	8.300	11.177	33	535	12.1	6.1	CCECCCEHCCHCCCCCHCCCHCCCCCCCCCCCC	1
2929	5.962	8.293	11.387	33	535	9.1	6.1	CECCCCCHCCCCCCCCHCCCHCCCCCCECCCCC	1
2930	5.799	8.294	11.223	33	535	6.1	3.0	CCCECCCHCCCCCCCCCCCCHCCCCCCCCCCCC	1
2931	5.895	8.257	12.448	33	535	9.1	12.1	CEEECCEHCCCCCCCHCCCCHCCCCCCCCCCCC	1
2932	8.991	7.883	16.540	33	535	12.1	6.1	CCCCCCCHECEHCCHCCCCCHCCCCCCCCCCCC	0
2933	8.943	7.902	17.027	33	535	15.2	9.1	CCCCCCCHECCHCCHECCCCHCCCCCCCCCEHC	0
2934	6.807	7.616	16.050	33	535	12.1	0.0	CCCCHHHHCCCCCCCCCCCCCCCCCCCCCCCCC	2
2935	6.672	7.570	15.754	33	535	21.2	0.0	CHCCCCCHCCCCCCCCCCHCHCCCCHCCCCHHC	2
2936	6.227	8.428	11.836	33	535	12.1	9.1	CECECCCHCCHCCCCCCCCCHCCCCCCECCHCC	1
2937	6.034	8.327	11.447	33	535	9.1	6.1	CCCCCCEHCCHCCCCCCCCCHCCCCCCECCCCC	1
2938	9.009	7.908	16.536	33	535	12.1	9.1	CCCCCCCHECCHCCHECCCCCCCCCCCCCCEHC	0
2939	8.945	7.941	16.846	33	535	15.2	9.1	CCCCCCCHECCHCCHECCCCHCCCCCCCCCEHC	0
2940	6.733	7.660	16.363	33	535	15.2	3.0	CHCCHCCHCCCCCCCCCCCCHCCCCCCCCECHC	2
2941	6.613	7.707	16.243	33	535	18.2	0.0	CHCCCCCHCCCCCCCCCCHCHCCCCCCCCCHHC	2
2942	8.850	7.935	17.012	33	535	12.1	12.1	CCCCCCCHECEHCCHCCCCCHCCCCCCECCECC	0
2943	8.890	7.881	16.064	33	535	12.1	9.1	CCCCCCCHECEHCCHCCCCCHECCCCCCCCCCC	0
2944	8.915	7.877	16.923	33	535	12.1	12.1	CCCCCCCHCCEHECHCCCCCHECCCCCCCCECC	0
2945	8.853	7.801	16.515	33	535	15.2	6.1	CCCCCCCHECCHCCHCCCCCHCCCCCCCCCEHC	0
2946	6.106	8.186	11.632	33	535	9.1	15.2	CEEECCEHCCCCCCCCHCCCHCCCCCCECCCCC	1
2947	6.100	8.213	10.898	33	535	12.1	6.1	CCCECCCHCCCCCCCCHCCCHCCCCHCECCCCC	1
2948	8.891	7.863	16.749	33	535	12.1	3.0	CCCCCCCHECCHCCHCCCCCHCCCCCCCCCCCC	0
2949	8.899	7.924	16.120	33	535	15.2	18.2	CCCCCCCHECEHECHCCCECHCCCCCCECCEHC	0
2950	8.793	7.896	15.987	33	535	12.1	18.2	CCCCCCCCECEHECHCCCECHECCCCCCCCEHC	0
2951	8.942	7.893	16.625	33	535	15.2	12.1	CCCCCCCHCCEHECHECCCCHCCCCCCCCCEHC	0
2952	8.924	7.878	16.030	33	535	15.2	12.1	CCCCCCCHCCEHCCHECCCCHECCCCCCCCEHC	0
2953	8.958	7.920	16.499	33	535	12.1	12.1	CECCCCCHECCCCCHECCCCHECCCCCCCCCHC	0
2954	9.024	7.976	17.148	33	535	15.2	9.1	CCCCCCCHECCHECHCCCCCHECCCCCCCCCHC	0
2955	9.079	7.988	17.435	33	535	15.2	9.1	CCCCCCCHECEHCCHCCCCCHECCCCCCCCCHC	0
2956	9.043	7.863	16.074	33	535	12.1	12.1	CCCCCCCHECEHCCHECCCCHCCCCCCCCCECC	0
2957	9.164	7.783	16.199	33	535	12.1	12.1	CCCCCCCHECEHCCHECCCCHCCCCCCCCCECC	0
2958	6.683	7.735	16.132	33	535	21.2	6.1	CHCCCCCHCCCCCCCCCCHCHCCCCHCECEHHC	2
2959	6.622	7.692	15.780	33	535	18.2	3.0	CHCCCCCHCCCCCCCCCCHCHCCCCCCECCHHC	2
2960	6.052	8.357	11.827	33	535	6.1	12.1	CEEECCEHCCCCCCCCCCCCCCCCCCHCCCCCC	1
2961	6.023	8.403	12.450	33	535	9.1	12.1	CCEECCEHCCHCCCCCCCCCHCCCCCCECCCCC	1
2962	9.128	7.833	16.374	33	535	15.2	15.2	CCCCCCCHECEHCCHCCCCCHECCCCCECCEHC	0
2963	9.093	7.923	16.250	33	535	12.1	12.1	CCCCCCCHCCCHCCHCCCECHECCCCCECCECC	0
2964	9.020	7.860	16.458	33	535	15.2	6.1	CCCCCCCHECCHCCHCCCCCHCCCCCCCCCEHC	0
2965	8.973	7.910	17.431	33	535	12.1	12.1	CCCCCCCHECEHCCHECCCCHCCCCCCCCCECC	0
2966	6.616	7.637	15.686	33	535	6.1	3.0	CCCCCCCCCCCCCCCCCCCCCCCCCHCCCEHCC	2
2967	6.621	7.597	16.184	33	535	15.2	3.0	CHCCCCCCCCCCCCCCCCCCHCCCCHCCCEHHC	2
2968	5.910	8.199	10.556	33	535	6.1	9.1	CEEECCCHCCCCCCCCCCCCHCCCCCCCCCCCC	1
2969	6.006	8.312	10.606	33	535	9.1	9.1	CEECCCCHCCCCCCCCHCCCCCCCCCCECCHCC	1
2970	8.835	7.965	16.485	33	535	15.2	6.1	CCCCCCCHCCEHCCHCCCCCHCCCCCCECCCHC	0
2971	8.915	7.948	16.279	33	535	15.2	12.1	CCCCCCCHCCEHCCHCCCCCHECCCCCECCEHC	0
2972	8.861	7.923	16.519	33	535	15.2	12.1	CCCCCCCHCCEHECHCCCCCHECCCCCECCCHC	0
2973	8.771	7.939	16.249	33	535	15.2	12.1	CCCCCCCHECCHECHCCCCCHECCCCCCCCEHC	0
2974	5.933	8.276	11.781	33	535	6.1	9.1	CECECCEHCCCCCCCCCCCCHCCCCCCCCCCCC	1
2975	5.977	8.275	11.800	33	535	12.1	12.1	CECECCEHCCHCCCCHCCCCCCCCCCCECCHCC	1
2976	8.747	7.941	16.379	33	535	15.2	15.2	CCCCCCCHECEHECHECCCCHCCCCCCCCCEHC	0
2977	8.837	7.943	16.641	33	535	15.2	12.1	CCCCCCCHECEHCCHECCCCHECCCCCCCCCHC	0
2978	8.741	8.033	16.438	33	535	15.2	12.1	CCCCCCCHECEHECHCCCCCHECCCCCCCCCHC	0
2979	8.852	7.942	16.216	33	535	15.2	9.1	CCCCECCHCCCHCCHCCCCCHECCCCCCCCEHC	0
2980	8.846	7.930	16.425	33	535	12.1	6.1	CCCCCCCCECCHCCCCCCCCHCCHCCCCCCEHC	0
2981	8.795	7.886	16.341	33	535	15.2	9.1	CCCCCCCHECCHCCHCCCCCHECCCCCCCCEHC	0
2982	8.855	7.880	16.320	33	535	15.2	6.1	CCCCCCCHECCHCCHCCCCCHCCCCCCECCCHC	0
2983	8.786	7.918	15.802	33	535	15.2	9.1	CCCCCCCHCCEHCCHCCCCCHECCCCCCCCEHC	0
2984	6.080	8.284	11.413	33	535	6.1	12.1	CEEECCCHCCCCCCCCHCCCCCCCCCCECCCCC	1
2985	6.119	8.348	12.690	33	535	12.1	9.1	CCECCCEHCCHCCCCHCCCCHCCCCCCECCCCC	1
2986	5.997	8.188	11.922	33	535	6.1	6.1	CECCCCCHCCCCCCCCCCCCHCCCCCCECCCCC	1
2987	5.955	8.216	11.556	33	535	9.1	12.1	CEEECCEHCCHCCCCCCCCCHCCCCCCCCCCCC	1
2988	8.848	7.939	16.631	33	535	15.2	6.1	CCCCCCCHCCEHCCHCCCCCHCCCCCCCCCEHC	0
2989	8.815	7.925	16.791	33	535	15.2	6.1	CCCCCCCHCCEHCCHCCCCCHCCCCCCCCCEHC	0
2990	8.794	7.938	16.460	33	535	15.2	12.1	CCCCCCCHECEHCCHCCCCCHECCCCCCCCEHC	0
2991	8.842	7.947	16.480	33	535	15.2	6.1	CCCCCCCHCCCHCCHCCCCCHCCCCCCECCEHC	0
2992	8.815	7.942	16.442	33	535	15.2	9.1	CCCCCCCHCCEHECHCCCCCHECCCCCCCCCHC	0
2993	8.768	7.946	15.996	33	535	15.2	12.1	CCCCCCCHCCCHCCHECCCCHECCCCCECCEHC	0
2994	8.930	7.867	15.959	33	535	15.2	9.1	CCCCCCCHECCHECHCCCCCHCCCCCCCCCEHC	0
2995	8.820	7.912	16.542	33	535	15.2	15.2	CECCCCCCCCEHCCHECCCCHECHCCCCCCEHC	0
2996	5.990	8.104	11.667	33	535	6.1	12.1	CEEECCEHCCCCCCCCCCCCHCCCCCCCCCCCC	1
2997	6.006	8.117	12.338	33	535	12.1	6.1	CCCECCCHCCCCCCCCCCCCHCCCCHCECCHCC	1
2998	5.946	8.241	12.286	33	535	9.1	9.1	CEECCCCHCCHCCCCCCCCCHCCCCCCECCCCC	1
2999	5.966	8.197	11.605	33	535	15.2	3.0	CECCCCCHCCHCCCCCHCCCHCCCCCCCCCHCC	1
3000	8.801	7.887	15.759	33	535	15.2	9.1	CCCCCCCHCCCHECHCCCCCHECCCCCCCCEHC	0
3001	8.908	7.886	15.968	33	535	15.2	9.1	CCCCCCCHCCEHECHCCCCCHECCCCCCCCCHC	0
3002	8.826	7.951	16.470	33	535	15.2	6.1	CCCCCCCHCCCHCCHCCCCCHECCCCCCCCEHC	0
3003	8.785	7.967	16.836	33	535	15.2	12.1	CECCCCCHECEHCCHCCCCCHCCCCCCCCCEHC	0
3004	8.784	7.872	16.071	33	535	15.2	12.1	CCCCCCCHECCHCCHCCCECHECCCCCCCCEHC	0
3005	8.941	7.918	16.401	33	535	12.1	6.1	CCCCCCCHCCCHCCHCCCCCHECCCCCCCCECC	0
3006	8.900	7.892	16.435	33	535	12.1	15.2	CCCCCCCHCCEHECHECCECHCCCCCCECCCCC	0
3007	8.849	7.950	16.293	33	535	15.2	9.1	CCCCCCCHECCHCCHCCCCCHECCCCCCCCEHC	0
3008	8.848	7.883	16.101	33	535	15.2	6.1	CCCCCCCHCCCHECHCCCCCHCCCCCCCCCEHC	0
3009	8.876	7.927	16.308	33	535	15.2	9.1	CCCCCCCHCCEHECHCCCCCHCCCCCCCCCEHC	0
3010	8.851	7.897	16.391	33	535	15.2	12.1	CCCCCCCHECEHCCHCCCCCHECCCCCCCCEHC	0
3011	8.847	7.869	16.737	33	535	15.2	15.2	CECCCCCHCCEHCCHCCCECHCCCCCCECCEHC	0
3012	5.928	8.258	11.751	33	535	9.1	9.1	CECECCEHCCHCCCCCHCCCCCCCCCCCCCCCC	1
3013	5.935	8.241	10.668	33	535	6.1	15.2	CEEECCEHCCCCCCCCCCCCHCCCCCCECCCCC	1
3014	8.873	7.854	16.620	33	535	15.2	18.2	CCCCCCCHECEHECHCCCECHECCCCCCCCEHC	0
3015	8.843	7.850	16.047	33	535	15.2	6.1	CCCCCCCHECCHCCHCCCCCHCCCCCCCCCEHC	0
3016	6.611	7.688	15.534	33	535	18.2	3.0	CHCCCCCHCCCCCCCCCCHCHCCCCCCECCHHC	2
3017	6.601	7.595	15.990	33	535	12.1	6.1	CCCCCCCHCCCCCCCCCCCCHCCCCCCECEHHC	2
3018	6.643	7.690	15.736	33	535	15.2	3.0	CHCCCCCHCCCCCCCCCCCCHCCCCHCECCCHC	2
3019	6.580	7.733	16.602	33	535	9.1	3.0	CHCCCCCCCCCCCCCCCCCCCCCCCCCCCEHHC	2
3020	8.882	7.772	15.772	33	535	15.2	18.2	CCCCCCCHECEHCCHECCCCHECCCCCECCEHC	0
3021	8.875	7.888	16.015	33	535	15.2	12.1	CECCCCCHCCEHCCHECCCCHECCCCCCCCCHC	0
3022	8.915	7.883	16.032	33	535	9.1	12.1	CCCCCCCCECCHCCCCCCCCHECCCCCECCEHC	0
3023	8.933	7.867	16.068	33	535	15.2	12.1	CCCCCCCHECEHCCHECCCCHCCCCCCCCCEHC	0
3024	8.916	7.883	16.567	33	535	15.2	15.2	CCCCCCCHECEHCCHECCCCHCCCCCCECCEHC	0
3025	8.894	7.893	16.362	33	535	15.2	9.1	CCCCCCCHCCEHCCHCCCCCHECCCCCECCCHC	0
3026	6.010	8.140	10.588	33	535	9.1	9.1	CEEECCCHCCCCCCCCHCCCHCCCCCCCCCCCC	1
3027	5.990	8.201	10.937	33	535	9.1	12.1	CECECCEHCCCCCCCHCCCCHCCCCCCECCCCC	1
3028	6.711	7.620	15.565	33	535	12.1	0.0	CCCCHHHHCCCCCCCCCCCCCCCCCCCCCCCCC	2
3029	6.690	7.758	16.375	33	535	12.1	0.0	CCCCHHHHCCCCCCCCCCCCCCCCCCCCCCCCC	2
3030	6.711	7.661	17.043	33	535	12.1	3.0	CHCCCCCHCCCCCCCCCCCCHCCCCCCCCECHC	2
3031	6.564	7.710	16.737	33	535	18.2	3.0	CHCCCCCHCCCCCCCCCCCCHCCCCHCCCEHHC	2
3032	8.908	7.878	16.222	33	535	12.1	9.1	CCCCCCCHECCHCCHECCCCHCCCCCCCCCECC	0
3033	8.998	7.941	16.982	33	535	18.2	15.2	CCCCCCCHCCEHECHECCCCHECHCCCCCCEHC	0
3034	5.909	8.241	11.712	33	535	12.1	12.1	CEEECCEHCCCCCCCCHCCCCCCHCCCCCCHCC	1
3035	5.861	8.176	11.383	33	535	12.1	6.1	CCCECCCHCCHCCCHCHCCCCCCCCCCECCCCC	1
3036	5.871	8.330	11.683	33	535	12.1	9.1	CEECCCCHCCHCCCCCHCCCHCCCCCCECCCCC	1
3037	6.005	8.330	12.445	33	535	12.1	6.1	CECECCCHCCCCCCCCHCCCHCCCCCCCCCHCC	1
3038	8.887	7.943	16.738	33	535	15.2	12.1	CCCCCCCHECEHCCHCCCCCHECCCCCCCCEHC	0
3039	8.958	7.934	16.747	33	535	15.2	21.2	CCCCCCCHECEHECHECCECHECCCCCCCCEHC	0
3040	8.888	7.851	16.585	33	535	18.2	12.1	CCCCCCCHECCHCCHECCECHECHCCCCCCCHC	0
3041	8.961	7.856	16.485	33	535	15.2	12.1	CCCCCCCHCCEHCCHCCCCCHECCCCCECCEHC	0
3042	6.574	7.633	15.849	33	535	12.1	0.0	CCCCHHHHCCCCCCCCCCCCCCCCCCCCCCCCC	2
3043	6.661	7.615	15.892	33	535	21.2	3.0	CHCCCCCHCCCCCCCCCCHCHCCCCHCCCEHHC	2
3044	5.836	8.275	12.587	33	535	12.1	6.1	CEECCCCHCCHCCCCCHCCCHCCCCCCCCCCCC	1
3045	6.097	8.203	11.629	33	535	9.1	3.0	CCECCCCHCCCCCCCCHCCCHCCCCCCCCCCCC	1
3046	8.898	7.804	15.860	33	535	15.2	12.1	CCCCCCCCECCHCCHCCCCCHECHCCCECCEHC	0
3047	8.937	7.822	16.176	33	535	18.2	0.0	CCCCCCCHCCCHCCHCCCCCHCCHCCCCCCCHC	0
3048	6.224	8.265	11.947	33	535	9.1	12.1	CEEECCCHCCCCCCCCCCCCHCCCCCCECCHCC	1
3049	6.104	8.235	10.095	33	535	3.0	3.0	CCCCCCCHCCCCCCCCCCCCCCCCCCCECCCCC	1
3050	8.868	7.872	16.827	33	535	18.2	12.1	CCCCCCCHCCCHECHECCCCHECHCCCCCCEHC	0
3051	8.881	7.834	16.336	33	535	18.2	18.2	CECCCCCHECEHECHCCCCCHECHCCCCCCEHC	0
3052	6.726	7.799	16.476	33	535	12.1	0.0	CCCCHHHHCCCCCCCCCCCCCCCCCCCCCCCCC	2
3053	6.754	7.698	16.664	33	535	12.1	0.0	CCCCHHHHCCCCCCCCCCCCCCCCCCCCCCCCC	2
3054	6.749	7.675	16.465	33	535	18.2	3.0	CHCCCCCHCCCCCCCCCCCCHCCCCHCECCHHC	2
3055	6.766	7.657	16.436	33	535	12.1	0.0	CCCCHHHHCCCCCCCCCCCCCCCCCCCCCCCCC	2
3056	8.966	7.865	16.785	33	535	18.2	12.1	CCCCCCCHECEHCCHCCCCCHCCHCCCECCEHC	0
3057	8.886	7.893	17.046	33	535	18.2	9.1	CCCCCCCHCCEHCCHCCCCCHECHCCCCCCEHC	0
3058	8.940	7.849	16.305	33	535	15.2	9.1	CCCCCCCHECEHCCHCCCCCHCCCCCCCCCEHC	0
3059	9.006	7.820	16.336	33	535	15.2	15.2	CCCCCCCHECCHECHECCCCHCCCCCCECCEHC	0
3060	6.012	8.103	10.796	33	535	6.1	12.1	CCECCCEHCCCCCCCCCCCCHCCCCCCECECCC	1
3061	6.059	8.123	10.545	33	535	12.1	6.1	CECECCCHCCCCCCCCHCCCHCCCCHCCCCCCC	1
3062	6.739	7.663	15.990	33	535	12.1	0.0	CCCCHHHHCCCCCCCCCCCCCCCCCCCCCCCCC	2
3063	6.750	7.575	15.695	33	535	12.1	3.0	CHCCCCCCCCCCCCCCCCHCHCCCCCCCCECHC	2
3064	6.722	7.592	15.911	33	535	12.1	0.0	CCCCHHHHCCCCCCCCCCCCCCCCCCCCCCCCC	2
3065	6.647	7.647	15.717	33	535	12.1	0.0	CHCCCCCCCCCCCCCCCHCCHCCCCCCCCCHCC	2
3066	6.082	8.055	10.242	33	535	12.1	15.2	CEEECCEHCCHCCCCCHCCCHCCCCCCCCECCC	1
3067	6.064	8.226	10.242	33	535	3.0	12.1	CEEECCEHCCCCCCCCCCCCCCCCCCCCCCCCC	1
3068	8.869	7.815	16.442	33	535	15.2	12.1	CCCCCCCHECCHECHCCCCCHECCCCCCCCEHC	0
3069	8.861	7.793	16.560	33	535	18.2	15.2	CCCCCCCHCCEHECHECCCCHECHCCCCCCEHC	0
3070	8.823	7.895	15.998	33	535	15.2	12.1	CCCCCCCHECEHECHECCCCHCCCCCCCCCCHC	0
3071	8.895	7.868	16.261	33	535	15.2	18.2	CECCCCCHECEHECHECCCCHCCCCCCCCCEHC	0
3072	8.963	7.912	16.707	33	535	15.2	9.1	CCCCCCCHECEHCCHCCCCCHCCCCCCCCCEHC	0
3073	8.923	7.851	16.501	33	535	18.2	12.1	CECCCCCHCCCHCCHECCCCHECHCCCCCCEHC	0
3074	6.693	7.636	16.293	33	535	15.2	3.0	CHCCCCCCECCCCCCCCCCCHCCHCCCCCCHHC	2
3075	6.754	7.625	15.568	33	535	18.2	3.0	CHCCCCCHCCCCCCCCCCHCHCCCCCCCCEHHC	2
3076	5.909	8.141	11.799	33	535	6.1	6.1	CCECCCEHCCCCCCCCCCCCHCCCCCCCCCCCC	1
3077	5.969	8.176	10.485	33	535	6.1	3.0	CCCECCCHCCCCCCCCHCCCCCCCCCCCCCCCC	1
3078	8.936	7.865	16.565	33	535	18.2	18.2	CCCCCCCHECEHCCHECCCCHECHECCCCCEHC	0
3079	8.940	7.816	16.566	33	535	18.2	12.1	CCCCCCEHECCHCCHECCCCHECHCCCCCCCHC	0
3080	8.931	7.823	16.573	33	535	18.2	12.1	CCCCCCCHECCHCCHECCCCHECHCCCCCCEHC	0
3081	8.949	7.855	15.940	33	535	18.2	15.2	CCCCCCEHECEHCCHCCCCCHECHCCCCCCEHC	0
3082	8.855	7.879	16.618	33	535	18.2	15.2	CCCCCCCHCCEHECHECCCCHECHCCCCCCEHC	0
3083	8.863	7.909	17.023	33	535	18.2	15.2	CCCCCCEHCCCHECHECCCCHECHCCCCCCEHC	0
3084	8.938	7.870	16.630	33	535	18.2	6.1	CCCCCCCHCCEHCCHCCCCCHCCHCCCCCCEHC	0
3085	8.798	7.837	16.644	33	535	15.2	6.1	CCCCCCEHCCCHCCHCCCCCHECHCCCCCCCCC	0
3086	5.981	8.164	10.904	33	535	6.1	9.1	CEECCCCHCCCCCCCCCCCCCCCCCHCECCCCC	1
3087	6.018	8.128	10.246	33	535	6.1	9.1	CECECCCHCCCCCCCCCCCCCCCCCHCECCCCC	1
3088	8.883	7.887	16.412	33	535	15.2	0.0	CCCCCCCHCCCHCCHCCCCCHCCHCCCCCCCCC	0
3089	8.826	7.820	16.177	33	535	18.2	12.1	CCCCCCCHCCEHECHECCCCHCCHCCCCCCEHC	0
3090	6.579	7.689	16.504	33	535	12.1	0.0	CHCCCCCHCCCCCCCCCCCCHCCCCCCCCCCHC	2
3091	6.673	7.730	16.287	33	535	15.2	0.0	CHCCCCCHCCCCCCCCCCHCCCCCCCCCCCHHC	2
3092	6.775	7.678	16.856	33	535	9.1	3.0	CHCCCCCHCCCCCCCCCCCCCCCCCCCCCEHCC	2
3093	6.702	7.593	16.331	33	535	12.1	3.0	CHCCCCCCCCCCCCCCCCHCHCCCCCCCCECHC	2
3094	8.862	7.896	16.496	33	535	15.2	12.1	CCCCCCEHCCEHCCHCCCCCHCCCCCCECCEHC	0
3095	8.912	7.878	16.042	33	535	15.2	12.1	CCCCCCEHCCCHECHCCCCCHCCCCCCECCEHC	0
3096	6.702	7.654	16.564	33	535	15.2	0.0	CHCCCCCHCCCCCCCCCCCCHCCCCCCCCCHHC	2
3097	6.649	7.714	15.815	33	535	15.2	3.0	CHCCCCCHCCCCCCCCCCHCCCCCCCCECCHHC	2
3098	8.797	7.963	16.713	33	535	15.2	18.2	CECCCCEHCCEHECHECCCCHCCCCCCCCCEHC	0
3099	8.879	7.994	16.311	33	535	15.2	9.1	CCCCCCCHCCCHECHCCCCCHCCCCCCECCEHC	0
3100	6.141	8.288	11.647	33	535	12.1	9.1	CCCECCEHCCHCCCCCCCCCCCCCCHCCCEHCC	1
3101	6.144	8.286	11.578	33	535	9.1	9.1	CECECCCHCCCCCCCCCCCCHCCCCCCCCEHCC	1
3102	8.794	7.992	16.961	33	535	15.2	12.1	CCCCECEHCCCHECHCCCCCHECCCCCCCCCHC	0
3103	8.795	7.929	16.621	33	535	15.2	12.1	CCCCCCCHCCEHCCHCCCECHECCCCCECCCHC	0
3104	6.023	8.174	12.019	33	535	9.1	12.1	CECECCEHCCCCCCCCHCCCHCCCCCCECCCCC	1
3105	6.064	8.235	11.552	33	535	9.1	3.0	CECCCCCHCCHCCCCCCCCCHCCCCCCCCCCCC	1
3106	6.035	8.198	11.396	33	535	6.1	6.1	CCCECCEHCCCCCCCCCCCCHCCCCCCCCCCCC	1
3107	5.958	8.294	11.526	33	535	3.0	12.1	CEEECCEHCCCCCCCCCCCCCCCCCCCCCCCCC	1
3108	5.909	8.333	11.286	33	535	3.0	9.1	CEECCCEHCCCCCCCCCCCCCCCCCCCCCCCCC	1
3109	6.010	8.391	11.601	33	535	12.1	9.1	CEECCCEHCCHCCCCCCCCCHCCCCHCCCCCCC	1
3110	6.055	8.279	11.831	33	535	9.1	3.0	CCCCCCEHCCHCCCCCCCCCCCCCCCCCCCHCC	1
3111	6.030	8.318	11.341	33	535	6.1	9.1	CECCCCEHCCCCCCCCCCCCHCCCCCCECCCCC	1
3112	8.903	7.907	16.703	33	535	15.2	9.1	CCCCCCEHCCCHECHCCCCCHCCCCCCCCCEHC	0
3113	8.864	7.876	16.449	33	535	15.2	9.1	CCCCCCEHCCCHCCHCCCCCHECCCCCCCCEHC	0
3114	6.124	8.090	10.376	33	535	9.1	9.1	CEEECCCHCCCCCCCCCCCCHCCCCHCCCCCCC	1
3115	6.031	8.272	10.404	33	535	6.1	12.1	CEEECCEHCCCCCCCCCCCCHCCCCCCCCCCCC	1
3116	8.873	7.925	16.457	33	535	15.2	6.1	CCCCCCCHCCEHECHCCCCCHCCCCCCCCCCHC	0
3117	8.895	7.854	17.104	33	535	15.2	15.2	CECCCCEHCCEHECHCCCCCHCCCCCCECCCHC	0
3118	8.976	7.825	15.677	33	535	15.2	15.2	CCCCCCEHCCEHCCHCCCCCHECCCCCECCEHC	0
3119	8.946	7.897	15.957	33	535	15.2	9.1	CECCCCEHCCCHCCHCCCCCHECCCCCCCCCHC	0
3120	8.928	7.900	16.831	33	535	12.1	9.1	CCCCCCCHCCCHCCHECCCCHCCCCCCECCECC	0
3121	8.767	7.831	16.319	33	535	15.2	12.1	CCCCCCEHCCEHECHCCCCCHCCCCCCCCCEHC	0
3122	8.770	7.889	16.111	33	535	15.2	3.0	CCCCCCCHCCCHCCHCCCCCHCCCCCCCCCEHC	0
3123	8.737	7.855	16.337	33	535	15.2	9.1	CCCCCCEHCCEHCCHCCCCCHECCCCCCCCCHC	0
3124	8.819	7.884	15.623	33	535	15.2	0.0	CCCCCCCHCCCHCCHCCCCCHCCCCCCCCCCHC	0
3125	8.910	7.828	15.670	33	535	15.2	15.2	CCCCCCCHCCEHECHECCCCHECCCCCCCCEHC	0
3126	8.877	7.852	17.017	33	535	15.2	9.1	CCCCCCEHCCCHCCHECCCCHCCCCCCCCCEHC	0
3127	8.816	7.947	15.669	33	535	15.2	6.1	CCCCCCCHCCCHCCHECCCCHECCCCCCCCCHC	0
3128	6.635	7.619	16.006	33	535	12.1	0.0	CCCCHHHHCCCCCCCCCCCCCCCCCCCCCCCCC	2
3129	6.611	7.749	16.226	33	535	15.2	6.1	CHCCCCCHCCCCCCCCCCHCHCCCCHCECECCC	2
3130	8.783	7.832	15.661	33	535	15.2	15.2	CCCCCCCHCCCHECHCCCECHECCCCCECCEHC	0
3131	8.811	7.879	17.021	33	535	15.2	15.2	CCCCCCEHCCCHECHECCCCHCCCCCCECCEHC	0
3132	6.524	7.756	16.061	33	535	18.2	3.0	CHCCCCCHCCHCCCCCCCCCHCCCCCCCCEHHC	2
3133	6.469	7.774	17.091	33	535	9.1	0.0	CHCCCCCHCCCCCCCCCCCCCCCCCCCCCCHCC	2
3134	8.875	7.889	16.396	33	535	15.2	12.1	CCCCCCCHCCEHCCHCCCECHCCCCCCECCEHC	0
3135	8.891	7.856	16.635	33	535	15.2	15.2	CCCCCCEHCCEHECHCCCCCHCCCCCCECCEHC	0
3136	6.101	8.117	10.599	33	535	9.1	12.1	CECECCEHCCCCCCCCHCCCHCCCCCCCCECCC	1
3137	6.190	8.128	10.223	33	535	6.1	18.2	CEEECCEHCCCCCCCCCCCCHCCCCCCECECCC	1
3138	6.090	8.155	10.340	33	535	12.1	3.0	CCCCCCEHCCHCCCCHCCCCCCCCCHCCCCCCC	1
3139	6.074	8.100	10.290	33	535	6.1	6.1	CECECCCHCCCCCCCCHCCCCCCCCCCCCCCCC	1
3140	6.083	8.141	10.274	33	535	12.1	15.2	CEEECCEHCCHCCCCCHCCCCCCCCHCECCCCC	1
3141	6.015	8.164	10.218	33	535	3.0	6.1	CCECCCEHCCCCCCCCCCCCCCCCCCCCCCCCC	1
3142	5.993	8.144	10.200	33	535	6.1	12.1	CCEECCEHCCCCCCCCCCCCHCCCCCCECCCCC	1
3143	6.026	8.188	10.231	33	535	9.1	12.1	CEEECCEHCCCCCCCCHCCCHCCCCCCCCCCCC	1
3144	8.922	7.911	16.733	33	535	15.2	9.1	CCCCCCCHCCEHECHCCCCCHCCCCCCCCCEHC	0
3145	8.917	7.937	16.628	33	535	15.2	3.0	CCCCCCEHCCCHCCHCCCCCHCCCCCCCCCCHC	0
3146	8.892	7.843	16.130	33	535	15.2	6.1	CCCCCCCHCCCHECHCCCCCHCCCCCCCCCEHC	0
3147	8.855	7.874	16.067	33	535	12.1	9.1	CCCCCCCHCCCHECHECCCCHCCCCCCCCCECC	0
3148	8.805	7.913	16.085	33	535	15.2	12.1	CCCCCCEHCCEHECHCCCCCHCCCCCCCCCEHC	0
3149	9.033	7.910	16.870	33	535	12.1	6.1	CCCCCCCHCCCHCCHCCCCCHECCCCCCCCECC	0
3150	6.222	8.328	10.511	33	535	6.1	12.1	CEEECCEHCCCCCCCCHCCCCCCCCCCCCCCCC	1
3151	6.158	8.226	9.800	33	535	12.1	18.2	CEEECCEHCCHCCCCCHCCCHCCCCCCECECCC	1
3152	9.021	7.830	16.157	33	535	12.1	9.1	CCCCCCCCCCEHECHCCCCCHCCCCCCCCCEHC	0
3153	8.985	7.848	16.167	33	535	15.2	12.1	CCCCCCCHCCEHCCHECCCCHECCCCCCCCEHC	0
3154	6.108	8.256	10.814	33	535	9.1	12.1	CECECCEHCCCCCCCCHCCCHCCCCCCECCCCC	1
3155	6.050	8.272	11.151	33	535	6.1	12.1	CECECCEHCCCCCCCCHCCCCCCCCCCECCCCC	1
3156	6.464	7.764	16.417	33	535	15.2	3.0	CHCCCCCCCCCCCCCCCCHCHCCCCCCCCEHHC	2
3157	6.585	7.740	16.890	33	535	18.2	3.0	CHCCCCCCCCCCCCCCCCHCHCCCCHCECCHHC	2
3158	8.889	7.943	16.877	33	535	15.2	9.1	CCCCCCCHCCEHCCHECCCCHECCCCCCCCCHC	0
3159	8.911	7.880	16.198	33	535	15.2	6.1	CCCCCCEHCCCHCCHCCCCCHCCCCCCCCCEHC	0
3160	8.851	7.869	16.817	33	535	15.2	12.1	CCCCCCEHCCEHCCHECCCCHCCCCCCCCCEHC	0
3161	8.862	7.877	16.762	33	535	15.2	15.2	CCCCCCEHCCEHECHCCCCCHECCCCCCCCEHC	0
3162	8.896	7.840	16.626	33	535	15.2	3.0	CCCCCCCHCCCHCCHCCCCCHCCCCCCCCCEHC	0
3163	8.891	7.845	15.666	33	535	15.2	9.1	CCCCCCCHCCEHCCHCCCECHCCCCCCCCCEHC	0
3164	8.931	7.877	16.007	33	535	15.2	6.1	CCCCCCCHCCCHCCHECCCCHCCCCCCCCCEHC	0
3165	8.834	7.863	15.670	33	535	15.2	9.1	CCCCCCEHCCCHECHCCCCCHCCCCCCCCCEHC	0
3166	8.818	7.840	16.523	33	535	15.2	9.1	CCCCCCEHCCCHCCHCCCCCHECCCCCCCCEHC	0
3167	8.791	7.964	16.376	33	535	15.2	15.2	CCCCCCCHCCEHECHCCCECHCCCCCCECCEHC	0
3168	8.891	7.906	15.474	33	535	15.2	3.0	CCCCCCCHCCEHCCHCCCCCHCCCCCCCCCCHC	0
3169	8.859	7.833	15.743	33	535	15.2	12.1	CCCCCCCHECEHCCHCCCCCHECCCCCCCCEHC	0
3170	8.840	7.878	15.724	33	535	12.1	3.0	CCCCCCCHCCCHCCCCCCCCHCCCCCCCCCEHC	0
3171	8.844	7.842	15.563	33	535	12.1	9.1	CCCCCCEHCCCHECHCCCCCHCCCCCCCCCECC	0
3172	8.877	7.847	16.377	33	535	15.2	6.1	CCCCCCEHCCEHCCHCCCCCHCCCCCCCCCCHC	0
3173	8.870	7.832	15.927	33	535	12.1	6.1	CCCCCCCHCCEHCCHCCCCCHCCCCCCCCCECC	0
3174	8.984	7.918	16.431	33	535	15.2	15.2	CCCCCCEHECCHCCHECCCCHECCCCCCCCEHC	0
3175	8.947	7.925	16.364	33	535	12.1	12.1	CCCCCCCHCCEHECHCCCECHCCCCCCCCCECC	0
3176	8.965	7.885	15.697	33	535	15.2	12.1	CCCCCCEHCCCHCCHECCCCHCCCCCCECCEHC	0
3177	8.928	7.889	16.548	33	535	12.1	9.1	CCCCCCECCCEHCCHCCCCCHCCCCCCCCCEHC	0
3178	8.896	7.822	15.659	33	535	15.2	6.1	CCCCCCCHCCCHCCHCCCECHCCCCCCCCCEHC	0
3179	8.837	7.941	16.004	33	535	15.2	6.1	CCCCCCCHCCEHCCHCCCCCHCCCCCCCCCEHC	0
3180	8.921	7.830	16.158	33	535	15.2	12.1	CCCCCCEHCCEHCCHECCCCHCCCCCCCCCEHC	0
3181	8.932	7.877	16.336	33	535	15.2	21.2	CCCCCCEHCCEHECHECCECHCCCCCCECCEHC	0
3182	8.903	7.810	15.630	33	535	15.2	0.0	CCCCCCCHCCCHCCHCCCCCHCCCCCCCCCCHC	0
3183	8.835	7.949	15.920	33	535	15.2	15.2	CCCCCCEHCCEHCCHCCCCCHECCCCCECCEHC	0
3184	8.832	8.002	16.775	33	535	9.1	6.1	CCCCCCCHCCCHCCHECCCCCECCCCCCCCCCC	0
3185	8.861	7.918	16.655	33	535	12.1	12.1	CCCCCCCHECEHECCCCCCCHECCCCCCCCCHC	0
3186	8.859	7.864	16.885	33	535	15.2	6.1	CCCCCCEHCCCHCCHCCCCCHCCCCCCCCCEHC	0
3187	8.923	7.946	16.092	33	535	15.2	15.2	CCCCCCEHCCEHCCHCCCCCHECCCCCECCEHC	0
3188	8.919	7.834	16.260	33	535	15.2	12.1	CCCCCCCHECCHCCHECCCCHECCCCCCCCEHC	0
3189	8.998	7.970	16.591	33	535	15.2	6.1	CCCCCCCHCCCHECHCCCCCHCCCCCCCCCEHC	0
3190	8.909	7.819	16.037	33	535	15.2	9.1	CCCCCCEHCCEHCCHCCCCCHCCCCCCCCCEHC	0
3191	8.941	7.936	16.203	33	535	12.1	15.2	CCCCCCEHCCEHECHCCCCCHCCCCCCECCECC	0
3192	8.904	7.934	15.546	33	535	12.1	12.1	CCCCCCCHECCHCCHCCCECHECCCCCCCCECC	0
3193	8.855	7.895	15.895	33	535	12.1	6.1	CCCCCCCHCCCHCCHCCCCCHCCCCCCECCECC	0
3194	8.978	7.904	16.201	33	535	15.2	12.1	CCCCECEHCCCHCCHECCCCHECCCCCCCCCHC	0
3195	8.826	7.982	16.094	33	535	15.2	6.1	CCCCCCCHCCEHCCHCCCCCHCCCCCCCCCEHC	0
3196	8.917	8.030	15.478	33	535	15.2	9.1	CCCCCCCHCCCHECHCCCCCHECCCCCCCCEHC	0
3197	8.836	7.888	15.888	33	535	15.2	9.1	CCCCCCCHCCEHCCHECCCCHCCCCCCCCCEHC	0
3198	6.059	8.223	10.855	33	535	9.1	9.1	CCEECCEHCCCCCCCCHCCCCCCCCCCCCCHCC	1
3199	6.011	8.311	10.317	33	535	12.1	9.1	CCEECCEHCCHCCCCHCCCCCCCCCCCCCCHCC	1
3200	8.956	7.844	15.793	33	535	15.2	3.0	CCCCCCCHCCCHCCHCCCCCHCCCCCCCCCEHC	0
3201	8.997	7.890	16.086	33	535	15.2	9.1	CCCCCCCHCCCHCCHECCCCHECCCCCCCCEHC	0
3202	8.826	7.831	16.708	33	535	15.2	3.0	CCCCCCCHCCEHCCHCCCCCHCCCCCCCCCCHC	0
3203	8.929	7.938	17.140	33	535	15.2	3.0	CCCCCCCHCCCHCCHCCCCCHCCCCCCCCCEHC	0
3204	8.884	7.935	16.315	33	535	12.1	9.1	CCCCCCECCCCHCCHCCCCCHECCCCCCCCEHC	0
3205	8.856	7.949	16.383	33	535	15.2	12.1	CECCCCEHCCEHCCHCCCCCHCCCCCCCCCEHC	0
3206	5.978	8.110	10.308	33	535	9.1	9.1	CEEECCCHCCCCCCCCHCCCHCCCCCCCCCCCC	1
3207	5.817	8.227	11.300	33	535	3.0	9.1	CEEECCCHCCCCCCCCCCCCCCCCCCCCCCCCC	1
3208	8.828	7.898	16.650	33	535	12.1	15.2	CCCCCCEHCCEHCCHECCECHECCCCCCCCCCC	0
3209	8.831	7.859	16.612	33	535	6.1	15.2	CCCCCCEHCCECECCCCCCCHCCCCCCECCECC	0
3210	5.924	8.175	10.400	33	535	9.1	6.1	CCECCCEHCCCCCCCCHCCCCCCHCCCCCCCCC	1
3211	5.963	8.259	11.490	33	535	12.1	9.1	CECCCCEHCCCCCCCCHCCCHCCCCHCECCCCC	1
3212	8.959	7.945	16.934	33	535	12.1	6.1	CCCCCCCHCCCHECHCCCCCHECCCCCCCCCCC	0
3213	8.959	7.970	16.298	33	535	15.2	9.1	CCCCCCCHCCCHECHCCCCCHCCCCCCECCEHC	0
3214	8.900	7.918	16.454	33	535	12.1	18.2	CCCCCCCHECEHECHECCCCHCCCCCCECCECC	0
3215	8.842	7.952	15.989	33	535	15.2	15.2	CCCCCCCHECEHCCHCCCECHECCCCCCCCEHC	0
3216	8.909	7.911	15.646	33	535	15.2	9.1	CCCCCCCHCCEHCCHECCCCHCCCCCCCCCEHC	0
3217	8.941	7.987	16.381	33	535	15.2	15.2	CCCCCCEHCCEHECHCCCCCHCCCCCCECCEHC	0
3218	8.923	7.888	15.975	33	535	9.1	6.1	CCCCCCCCCCCHCCHCCCCCHECCCCCCCCECC	0
3219	8.849	7.906	16.141	33	535	15.2	9.1	CCCCCCCHCCCHCCHECCCCHECCCCCCCCEHC	0
3220	8.931	7.900	15.511	33	535	15.2	12.1	CCCCCCCHCCCHECHECCCCHCCCCCCECCEHC	0
3221	8.843	7.893	15.395	33	535	15.2	3.0	CCCCCCCHCCCHCCHCCCCCHCCCCCCCCCEHC	0
3222	8.859	7.837	15.216	33	535	15.2	6.1	CCCCCCCHCCCHCCHCCCCCHECCCCCCCCEHC	0
3223	8.790	7.944	15.998	33	535	15.2	15.2	CCCCCCEHCCEHECHCCCCCHCCCCCCECCEHC	0
3224	6.704	7.669	16.022	33	535	12.1	0.0	CCCCHHHHCCCCCCCCCCCCCCCCCCCCCCCCC	2
3225	6.769	7.623	16.065	33	535	12.1	0.0	CCCCHHHHCCCCCCCCCCCCCCCCCCCCCCCCC	2
3226	8.905	7.875	16.381	33	535	15.2	12.1	CCCCCCCHCCEHCCHECCECHCCCCCCCCCEHC	0
3227	8.932	7.875	16.391	33	535	15.2	9.1	CCCCCCEHCCEHCCHCCCCCHCCCCCCCCCEHC	0
3228	8.932	7.880	16.632	33	535	12.1	3.0	CCCCCCCHCCCHCCHCCCCCHCCCCCCCCCECC	0
3229	8.975	7.882	15.974	33	535	15.2	6.1	CCCCCCCHCCEHCCHCCCCCHCCCCCCCCCEHC	0
3230	8.934	7.859	16.135	33	535	15.2	3.0	CCCCCCCHCCCHECHCCCCCHCCCCCCCCCCHC	0
3231	8.957	7.896	16.489	33	535	15.2	12.1	CCCCCCCHCCEHECHCCCCCHECCCCCCCCEHC	0
3232	8.937	7.893	16.264	33	535	12.1	9.1	CCCCCCCHECEHECHCCCCCHCCCCCCCCCCCC	0
3233	9.022	7.883	15.605	33	535	15.2	0.0	CCCCCCCHCCCHCCHCCCCCHCCCCCCCCCCHC	0
3234	8.933	7.902	15.962	33	535	15.2	6.1	CCCCCCEHCCCHCCHCCCCCHCCCCCCCCCEHC	0
3235	8.942	7.913	15.781	33	535	15.2	12.1	CCCCCCEHCCEHCCHCCCCCHECCCCCCCCEHC	0
3236	8.848	7.869	16.095	33	535	15.2	12.1	CCCCCCEHCCCHECHECCCCHECCCCCCCCCHC	0
3237	8.847	7.876	15.596	33	535	15.2	9.1	CCCCCCEHCCEHCCHCCCCCHCCCCCCCCCEHC	0
3238	8.904	7.799	15.422	33	535	12.1	9.1	CCCCCCCHCCEHECHCCCCCHCCCCCCCCCECC	0
3239	8.754	7.842	16.409	33	535	15.2	12.1	CCCCCCCHCCEHECHCCCCCHECCCCCECCCHC	0
3240	8.785	7.824	15.915	33	535	15.2	9.1	CCCCCCEHCCCHCCHECCCCHECCCCCCCCCHC	0
3241	8.865	7.894	15.749	33	535	12.1	9.1	CCCCCCCHCCCHCCHECCCCHECCCCCCCCECC	0
3242	8.982	7.876	15.654	33	535	12.1	9.1	CCCCCCCHCCEHCCCCCCECHCCCCCCCCCEHC	0
3243	8.858	7.858	15.761	33	535	12.1	21.2	CCCCCCEHCCEHECCCCCECHECCCCCECCEHC	0
3244	9.029	7.863	15.760	33	535	15.2	6.1	CCCCCCCHCCEHCCHCCCCCHCCCCCCCCCEHC	0
3245	8.810	7.852	16.325	33	535	15.2	12.1	CCCCCCCHCCEHCCHECCCCHCCCCCCECCEHC	0
3246	8.867	7.903	16.059	33	535	15.2	6.1	CCCCCCCHCCEHCCHCCCCCHCCCCCCCCCEHC	0
3247	8.886	7.856	15.324	33	535	12.1	6.1	CCCCCCCHCCCHCCCECCCCHECCCCCCCCCHC	0
3248	8.868	7.814	15.858	33	535	15.2	6.1	CCCCCCCHCCEHCCHCCCCCHCCCCCCCCCEHC	0
3249	8.938	7.877	15.767	33	535	15.2	12.1	CCCCCCEHCCEHCCHCCCECHCCCCCCCCCEHC	0
3250	8.871	7.916	15.795	33	535	15.2	12.1	CCCCCCEHCCEHECHCCCCCHCCCCCCCCCEHC	0
3251	8.918	7.838	15.917	33	535	15.2	6.1	CCCCCCCHCCCHECHECCCCHCCCCCCCCCCHC	0
3252	8.851	7.996	16.494	33	535	15.2	6.1	CCCCCCEHCCCHCCHCCCCCHCCCCCCCCCEHC	0
3253	8.843	7.883	16.033	33	535	15.2	15.2	CCCCCCEHCCEHCCHECCCCHECCCCCCCCEHC	0
3254	6.655	7.616	15.888	33	535	15.2	6.1	CHCCCCCHCCCCCCCCCCHCHCCCCCCECEHCC	2
3255	6.517	7.756	16.511	33	535	18.2	0.0	CHCCCCCHCCCCCCCCCCHCHCCCCCCCCCHHC	2
3256	8.870	7.811	15.830	33	535	12.1	6.1	CCCCCCCCCCEHCCHCCCCCHCCCCCCCCCEHC	0
3257	8.912	7.813	16.029	33	535	15.2	6.1	CCCCCCCHCCCHCCHCCCCCHECCCCCCCCEHC	0
3258	8.869	7.852	15.662	33	535	15.2	12.1	CCCCCCEHCCEHECHCCCCCHCCCCCCCCCEHC	0
3259	8.952	7.876	16.228	33	535	15.2	15.2	CCCCCCEHCCEHECHCCCCCHECCCCCCCCEHC	0
3260	6.562	7.722	16.528	33	535	18.2	3.0	CCCCCCCHCCCCCCCCCHHCHCCCCCCECCHHC	2
3261	6.500	7.678	16.082	33	535	18.2	0.0	CHCCCCCHCCCCCCCCCCHCHCCCCCCCCCHHC	2
3262	8.805	7.834	15.701	33	535	15.2	15.2	CCCCCCEHCCEHCCHCCCCCHECCCCCECCEHC	0
3263	8.870	7.893	15.728	33	535	12.1	12.1	CCCCCCCHCCEHECCCCCCCHCCCCCCECCEHC	0
3264	5.954	8.053	10.756	33	535	15.2	9.1	CCEECCEHCCHCCCCCCCCCHCCCCHCCCCHCC	1
3265	5.997	8.097	10.704	33	535	9.1	12.1	CEEECCCHCCCCECCCHCCCHCCCCCCCCCCCC	1
3266	8.932	7.924	16.088	33	535	15.2	3.0	CCCCCCCHCCCHCCHCCCCCHCCCCCCCCCEHC	0
3267	8.790	7.921	16.089	33	535	15.2	9.1	CCCCCCEHCCEHCCHCCCCCHCCCCCCCCCEHC	0
3268	8.753	7.875	15.119	33	535	15.2	21.2	CCCCECEHCCEHECHECCCCHECCCCCCCCEHC	0
3269	8.873	7.870	15.614	33	535	15.2	3.0	CCCCCCEHCCCHCCHCCCCCHCCCCCCCCCCHC	0
3270	5.888	8.119	10.353	33	535	6.1	6.1	CEECCCCHCCCCCCCCCCCCHCCCCCCCCCCCC	1
3271	5.958	8.126	11.327	33	535	9.1	6.1	CCCECCEHCCCCCCCCHCCCHCCCCCCCCCCCC	1
3272	8.903	7.901	16.009	33	535	12.1	9.1	CCCCCCCHCCEHECCCCCCCHCCCCCCCCCEHC	0
3273	8.922	7.841	15.681	33	535	15.2	6.1	CCCCCCCHCCEHCCHCCCCCHCCCCCCCCCEHC	0
3274	9.000	7.953	16.304	33	535	15.2	6.1	CCCCCCCHCCCHECHCCCCCHCCCCCCCCCEHC	0
3275	8.870	7.813	16.052	33	535	15.2	12.1	CCCCCCCHCCEHECHECCCCHCCCCCCCCCEHC	0
3276	6.110	8.191	11.586	33	535	15.2	15.2	CEEECCEHCCHCCCCCHCCCHCCHCCCECCCCC	1
3277	6.068	8.179	11.293	33	535	12.1	12.1	CEECCCEHCCCCCCCCHCCCHCCHCCCECCCCC	1
3278	6.092	8.220	11.251	33	535	9.1	9.1	CEEECCCHCCHCCCCCHCCCCCCCCCCCCCCCC	1
3279	6.080	8.085	10.799	33	535	15.2	15.2	CEEECCEHCCHCCCCCHCCCHCCCCHCECCCCC	1
3280	8.834	7.925	16.065	33	535	15.2	12.1	CCCCCCCHECCHECHCCCCCHCCCCCCECCEHC	0
3281	8.907	7.817	16.029	33	535	15.2	9.1	CCCCCCCHCCCHECHCCCECHCCCCCCCCCEHC	0
3282	8.922	7.867	15.881	33	535	15.2	18.2	CCCCCCEHCCEHECHECCCCHCCCCCCECCEHC	0
3283	9.000	7.894	16.213	33	535	15.2	18.2	CCCCCCEHCCEHECHCCCCCHECCCCCECCEHC	0
3284	8.904	7.847	16.708	33	535	15.2	15.2	CCCCCCEHECCHECHECCCCHCCCCCCCCCEHC	0
3285	8.863	7.819	16.247	33	535	15.2	12.1	CCCCCCCHCCEHCCHCCCECHECCCCCCCCEHC	0
3286	8.880	7.828	15.914	33	535	15.2	9.1	CCCCCCCHCCEHCCHCCCCCHECCCCCCCCEHC	0
3287	8.835	7.758	15.675	33	535	15.2	9.1	CCCCCCEHCCCHCCHCCCCCHECCCCCCCCEHC	0
3288	8.831	7.863	15.621	33	535	15.2	6.1	CCCCCCCHCCEHCCHCCCCCHCCCCCCCCCEHC	0
3289	8.890	7.860	15.926	33	535	15.2	12.1	CCCCCCCHCCEHECHCCCECHCCCCCCCCCEHC	0
3290	8.880	7.834	15.495	33	535	12.1	9.1	CCCCCCEHCCCHCCHCCCCCHECCCCCCCCECC	0
3291	8.821	7.853	16.333	33	535	15.2	9.1	CCCCCCCHCCEHECHCCCCCHCCCCCCCCCEHC	0
3292	8.878	7.852	15.847	33	535	12.1	12.1	CCCCCCCHCCCHECHCCCECHECCCCCCCCECC	0
3293	8.807	7.785	16.158	33	535	15.2	6.1	CCCCCCCHCCCHCCHCCCCCHCCCCCCECCEHC	0
3294	8.959	7.874	15.912	33	535	15.2	6.1	CCCCCCCHECCHCCHCCCCCHCCCCCCCCCEHC	0
3295	8.861	7.845	16.078	33	535	15.2	15.2	CCCCCCEHCCEHCCHCCCCCHECCCCCECCEHC	0
3296	5.780	8.237	11.675	33	535	9.1	15.2	CEEECCEHCCCCCCCCHCCCHCCCCCCECCCCC	1
3297	5.933	8.213	12.388	33	535	9.1	9.1	CEECCCEHCCCCCHCCHCCCCCCCCCCCCCCCC	1
3298	5.857	8.304	13.546	33	535	9.1	6.1	CEECCCCHCCCCCCCCHCCCHCCCCCCCCCCCC	1
3299	5.800	8.195	13.086	33	535	9.1	6.1	CEECCCCHCCCCCHCCHCCCCCCCCCCCCCCCC	1
3300	5.923	8.112	13.090	33	535	15.2	6.1	CEECCCCHCCCCCHCCHCCCCCCHCCCCCCHCC	1
3301	5.938	8.242	13.431	33	535	9.1	9.1	CECCCCEHCCCCCHCCCCCCHCCCCCCECCCCC	1
3302	5.909	8.156	11.728	33	535	12.1	12.1	CEEECCEHCCCCCHCCHCCCCCCHCCCCCCCCC	1
3303	5.929	8.126	11.218	33	535	12.1	9.1	CEECCCEHCCCCCHCCCCCCHCCCCCCCCCHCC	1
3304	6.081	8.076	11.018	33	535	12.1	6.1	CEECCCCHCCCCCHCCHCCCHCCCCCCCCCCCC	1
3305	6.058	8.003	11.003	33	535	12.1	3.0	CCCCCCEHCCCCCCCCHCCCHCCCCCCCCCHCC	1
3306	8.969	7.859	16.477	33	535	15.2	6.1	CCCCCCEHCCCHCCHCCCCCHECCCCCCCCCHC	0
3307	8.972	7.813	16.149	33	535	15.2	18.2	CCCCCCEHECEHCCHCCCECHECCCCCCCCEHC	0
3308	8.975	7.864	15.441	33	535	15.2	15.2	CCCCCCEHCCEHECHECCCCHCCCCCCCCCEHC	0
3309	8.945	7.857	15.385	33	535	12.1	21.2	CCCCCCEHCCEHECHECCCCHECCCCCECCECC	0
3310	8.919	7.804	15.905	33	535	15.2	6.1	CCCCCCCHCCEHCCHCCCCCHCCCCCCCCCEHC	0
3311	9.091	7.854	15.909	33	535	12.1	9.1	CCCCCCCCECCHCCHECCCCHCCCCCCCCCEHC	0
3312	6.068	8.052	10.693	33	535	6.1	9.1	CEECCCEHCCCCCHCCCCCCCCCCCCCCCCCCC	1
3313	6.043	7.997	11.201	33	535	12.1	9.1	CEECCCCHCCCCCCCCHCCCHCCCCCCECCHCC	1
3314	6.583	7.668	16.168	33	535	21.2	6.1	CHCCCCCHCCCCCCCCCCHCHCCCCHCECEHHC	2
3315	6.629	7.641	16.039	33	535	21.2	6.1	CHCCHCCHCCCCCCCCCCHCCCCHCCCECEHHC	2
3316	6.665	7.782	16.871	33	535	18.2	3.0	CHCCCCCHCCCCCCCCCCHCHCCHCHCECCCCC	2
3317	6.571	7.725	16.249	33	535	15.2	3.0	CCCCCCCHCCCCCCCCCCHCHCCCCCCCCEHHC	2
3318	6.034	8.092	10.909	33	535	9.1	12.1	CEEECCCHCCCCCCCCCCCCHCCCCHCECCCCC	1
3319	5.856	8.088	12.499	33	535	6.1	3.0	CCECCCCHCCCCCCCCHCCCCCCCCCCCCCCCC	1
3320	6.563	7.612	16.435	33	535	18.2	3.0	CHCCCCCHCCCCCCCCCCCCHCCHCCCCCEHHC	2
3321	6.639	7.639	15.735	33	535	9.1	3.0	CCCCCCCHCCCCCCCCCCHCCCCCCCCECCCHC	2
3322	8.827	7.911	16.652	33	535	15.2	12.1	CECCCCCHCCCHECHECCCCHCCCCCCCCCEHC	0
3323	8.852	7.917	16.086	33	535	15.2	3.0	CCCCCCCHCCCHCCHCCCCCHCCCCCCCCCEHC	0
3324	5.806	8.059	10.729	33	535	9.1	15.2	CEEECCEHCCCCCEHCHCCCCCCCCCCCCCCCC	1
3325	5.773	8.131	10.788	33	535	6.1	12.1	CCEECCEHCCCCCCCCHCCCCCCCCCCECCCCC	1
3326	8.851	7.884	16.081	33	535	15.2	18.2	CCCCCCCHCCEHECHECCCCHECCCCCECCEHC	0
3327	9.061	7.838	16.068	33	535	15.2	15.2	CCCCCCCHCCEHECHCCCCCHECCCCCECCEHC	0
3328	8.942	7.889	16.704	33	535	15.2	12.1	CCCCCCEHCCCHCCHECCCCHECCCCCCCCEHC	0
3329	8.896	7.826	16.063	33	535	15.2	12.1	CCCCCCEHCCCHECHECCCCHCCCCCCCCCEHC	0
3330	5.861	8.168	12.804	33	535	12.1	18.2	CEEECCCHCCCCCEHCHCCCCCCCCCCECEHCC	1
3331	5.895	8.060	10.806	33	535	3.0	9.1	CECECCEHCCCCCCCCCCCCCCCCCCCCCCCCC	1
3332	8.973	7.903	16.187	33	535	15.2	24.2	CCCCCCEHCCEHECHECCECHECCCCCECCEHC	0
3333	8.919	7.912	16.116	33	535	15.2	9.1	CCCCCCCHCCCHECHCCCCCHECCCCCCCCEHC	0
3334	8.819	7.941	16.338	33	535	15.2	12.1	CCCCCCEHECCHCCHCCCCCHECCCCCCCCEHC	0
3335	8.855	7.911	16.115	33	535	15.2	15.2	CCCCCCEHCCEHECHCCCCCHECCCCCCCCEHC	0
3336	8.729	7.919	15.705	33	535	15.2	12.1	CCCCCCCHCCEHECHCCCCCHECCCCCCCCEHC	0
3337	8.774	7.939	15.830	33	535	15.2	9.1	CCCCCCCHCCEHCCHECCCCHCCCCCCCCCEHC	0
3338	8.863	7.847	15.812	33	535	15.2	6.1	CCCCCCCHCCEHCCHCCCCCHECCCCCCCCCHC	0
3339	8.929	7.907	16.251	33	535	15.2	6.1	CCCCCCEHCCEHCCHCCCCCHCCCCCCCCCCHC	0
3340	9.046	7.865	16.001	33	535	15.2	3.0	CCCCCCCHCCCHCCHCCCCCHCCCCCCCCCEHC	0
3341	9.059	7.947	16.395	33	535	15.2	12.1	CCCCCCCHCCEHCCHCCCCCHECCCCCECCEHC	0
3342	8.984	7.899	15.889	33	535	12.1	6.1	CCCCCCCHCCEHCCHCCCCCHCCCCCCCCCECC	0
3343	9.109	7.949	15.898	33	535	12.1	9.1	CCCCCCEHCCEHECHCCCCCHCCCCCCCCCCCC	0
3344	8.925	7.980	16.469	33	535	15.2	12.1	CCCCCCCHCCEHCCHECCCCHECCCCCCCCEHC	0
3345	8.956	7.913	16.488	33	535	15.2	12.1	CCCCCCCHCCEHECHCCCECHCCCCCCCCCEHC	0
3346	9.014	7.897	16.255	33	535	12.1	12.1	CCCCCCEHCCEHCCHCCCCCHECCCCCCCCECC	0
3347	8.885	7.905	16.139	33	535	15.2	6.1	CCCCCCEHCCCHCCHCCCCCHCCCCCCCCCEHC	0
3348	8.983	7.895	15.811	33	535	15.2	6.1	CCCCCCCHCCEHCCHCCCCCHCCCCCCCCCEHC	0
3349	8.975	7.966	16.991	33	535	15.2	9.1	CCCCCCEHCCEHCCHCCCCCHCCCCCCCCCEHC	0
3350	8.924	7.926	16.455	33	535	15.2	12.1	CCCCCCCHCCEHECHECCCCHCCCCCCCCCEHC	0
3351	8.951	7.918	16.645	33	535	12.1	6.1	CCCCCCEHCCCHCCHCCCCCHCCCCCCCCCECC	0
3352	8.948	7.867	16.492	33	535	15.2	12.1	CCCCCCEHCCEHCCHCCCCCHECCCCCCCCEHC	0
3353	8.759	7.847	16.029	33	535	15.2	6.1	CCCCCCCHCCEHCCHCCCCCHCCCCCCCCCEHC	0
3354	6.046	8.067	11.096	33	535	12.1	6.1	CCCECCEHCCCCCCCHCCCCHCCHCCCCCCCCC	1
3355	5.973	8.112	12.045	33	535	3.0	12.1	CEEECCCHCCCCCECCCCCCCCCCCCCCCCCCC	1
3356	8.806	7.865	16.823	33	535	15.2	18.2	CECCCCEHCCEHCCHCCCCCHECCCCCECCEHC	0
3357	8.980	7.880	16.479	33	535	12.1	9.1	CCCCCCCHCCCHCCHCCCCCHECCCCCECCECC	0
3358	8.871	7.813	17.020	33	535	15.2	12.1	CCCCCCEHCCEHCCHCCCECHCCCCCCCCCEHC	0
3359	8.960	7.840	15.926	33	535	18.2	9.1	CCHCCCEHCCCHCCHCCCCCHECCCCCCCCEHC	0
3360	6.128	8.099	11.541	33	535	6.1	12.1	CCCECCEHCCCCCECCCCCCHCCCCCCECCCCC	1
3361	6.068	8.245	11.837	33	535	9.1	15.2	CEECCCEHCCCCCEHCCCCCHCCCCCCECCCCC	1
3362	8.816	7.909	16.506	33	535	18.2	9.1	CCCCCCCHCCEHCCHCCCCCHECHCCCCCCEHC	0
3363	8.857	7.858	15.480	33	535	15.2	12.1	CCCCCCEHCCCHCCHCCCCCHECHCCCECCECC	0
3364	8.953	7.935	16.861	33	535	9.1	9.1	CCCCCCEHCCCHECCCCCCCHCCCCCCCCCECC	0
3365	8.959	7.873	16.049	33	535	12.1	9.1	CCCCCCCHCCEHCCCCCCECHCCHCCCCCCECC	0
3366	8.888	7.888	16.537	33	535	18.2	18.2	CCCCCCEHCCEHECHCCCECHECHCCCCCCEHC	0
3367	8.938	7.795	16.835	33	535	15.2	15.2	CCCCCCEHECCHCCHCCCCCHECCCCCECCEHC	0
3368	8.952	7.918	17.113	33	535	15.2	6.1	CCCCCCCHCCCHECHCCCCCHECCCCCCCCCHC	0
3369	8.934	7.892	16.552	33	535	15.2	9.1	CCCCCCEHCCEHCCHCCCCCHECCCCCCCCCHC	0
3370	6.099	8.202	11.037	33	535	12.1	9.1	CEECCCCHCCHCCEHCCCCCHCCCCCCCCCCCC	1
3371	6.034	8.165	11.040	33	535	15.2	12.1	CEEECCCHCCHCCCCCHCCCHCCCCCCECCHCC	1
3372	6.497	7.617	16.095	33	535	15.2	3.0	CHCCCCCHCCCCCCCCCCCCHCCCCCCECCHHC	2
3373	6.555	7.673	16.469	33	535	18.2	6.1	CCCCCCCHCCCCCCCCCCHCHCCHCCCECEHHC	2
3374	6.658	7.631	15.954	33	535	18.2	0.0	CHCCCCCHCCCCCCCCCHCCHCCCCCCCCCHHC	2
3375	6.587	7.634	15.342	33	535	15.2	6.1	CCCCCCCHCCCCCCCCCCHCCCCHCCCECEHHC	2
3376	6.507	7.679	16.179	33	535	12.1	0.0	CHCCCCCHCCCCCCCCCCHCCCCCCCCCCCCHC	2
3377	6.570	7.726	15.598	33	535	15.2	3.0	CHCCCCCHCCCCCCCCCCHCCCCCCCCECCHHC	2
3378	6.467	7.663	16.273	33	535	18.2	3.0	CHCCCCCHCCCCCCCCCCHCHCCCCCCECCHHC	2
3379	6.541	7.668	16.287	33	535	21.2	3.0	CCCCCCCHCCCCCCCCCHHCHCCCCHCCCEHHC	2
3380	6.038	8.258	10.876	33	535	6.1	18.2	CEEECCEHCCHCCECCCCCCCCCCCCCECCCCC	1
3381	5.975	8.357	9.917	33	535	12.1	18.2	CCEECCEHCCHCCECCHCCCHCCCCCCECECCC	1
3382	5.974	8.315	9.811	33	535	9.1	18.2	CEEECCEHCCCCCECCHCCCHCCCCCCECCCCC	1
3383	6.082	8.352	11.216	33	535	12.1	6.1	CCCECCCHCCHCCCCCHCCCHCCCCCCECCCCC	1
3384	5.980	8.304	11.043	33	535	15.2	12.1	CCEECCEHCCCCCCHCHCCCHCCHCCCECCCCC	1
3385	6.053	8.231	11.273	33	535	18.2	9.1	CECECCEHCCHCCCHCHCCCHCCHCCCCCCCCC	1
3386	5.996	8.285	10.858	33	535	12.1	9.1	CECCCCCHCCCCCEHHCCCCHCCCCCCECCCCC	1
3387	6.054	8.212	10.634	33	535	9.1	9.1	CCEECCCHCCCCCEHCCCCCHCCCCCCCCCCCC	1
3388	8.809	7.845	15.556	33	535	15.2	9.1	CCCCCCCHCCCHCCHCCCCCHECCCCCECCEHC	0
3389	8.809	7.891	16.323	33	535	12.1	6.1	CCCCCCCHCCCHCCHCCCECHCCCCCCCCCECC	0
3390	8.706	7.906	16.133	33	535	15.2	12.1	CCCCCCCHCCEHCCHECCCCHECCCCCCCCEHC	0
3391	8.816	7.856	16.425	33	535	15.2	12.1	CCCCCCCHCCCHECHCCCCCHECCCCCECCEHC	0
3392	6.460	7.646	15.689	33	535	15.2	6.1	CHCCCCCHCCCCCCCCCCCCHCCCCCCECEHHC	2
3393	6.559	7.657	15.666	33	535	15.2	0.0	CHCCCCCHCCCCCCCCCCHCHCCCCCCCCCCHC	2
3394	8.877	7.896	15.730	33	535	15.2	9.1	CCCCCCCHCCEHCCHCCCCCHECCCCCCCCEHC	0
3395	8.807	7.926	15.840	33	535	12.1	9.1	CCCCCCCHCCCHCCHCCCCCHECCCCCECCECC	0
3396	6.556	7.724	15.966	33	535	18.2	3.0	CHCCCCCHCCCCCCCCCCHCHCCCCCCECCHHC	2
3397	6.549	7.628	15.190	33	535	12.1	0.0	CCCCHHHHCCCCCCCCCCCCCCCCCCCCCCCCC	2
3398	8.885	7.868	16.558	33	535	15.2	6.1	CCCCCCCHCCCHECHCCCCCHCCCCCCCCCEHC	0
3399	8.906	7.848	16.174	33	535	15.2	9.1	CCCCCCCHCCEHCCHECCCCHCCCCCCECCCHC	0
3400	8.968	7.869	16.269	33	535	15.2	9.1	CCCCCCCHCCCHECHCCCCCHCCCCCCECCEHC	0
3401	8.891	7.900	16.122	33	535	15.2	6.1	CCCCCCCHCCEHCCHCCCCCHECCCCCCCCCHC	0
3402	6.520	7.619	15.358	33	535	18.2	0.0	CHCCCCCHCCCCCCCCCCHCHCCCCCCCCCHHC	2
3403	6.635	7.635	15.658	33	535	12.1	0.0	CCCCHHHHCCCCCCCCCCCCCCCCCCCCCCCCC	2
3404	6.657	7.686	16.213	33	535	24.2	6.1	CHCCHCCHCCCCCCCCCCHCHCCCCHCECEHHC	2
3405	6.656	7.586	15.528	33	535	21.2	3.0	CHCCCCCHCCCCCCCCCCHCHCCCCHCCCEHHC	2
3406	8.854	7.936	16.520	33	535	15.2	12.1	CCCCCCCHCCCHCCHECCCCHECCCCCECCEHC	0
3407	8.811	7.879	15.673	33	535	15.2	9.1	CCCCCCCHCCEHCCHCCCCCHECCCCCCCCEHC	0
3408	8.886	7.890	16.184	33	535	15.2	9.1	CCCCCCCHCCEHCCHCCCCCHECCCCCCCCEHC	0
3409	8.814	7.891	16.494	33	535	15.2	3.0	CCCCCCCHCCCHCCHCCCCCHCCCCCCCCCEHC	0
3410	6.608	7.770	15.615	33	535	12.1	0.0	CHCCCCCHCCCCCCCCCCHCCCCCCCCCCCCHC	2
3411	6.602	7.615	15.794	33	535	18.2	0.0	CHCCHCCHCCCCCCCCCCHCHCCCCCCCCCCHC	2
3412	6.031	8.236	11.164	33	535	9.1	6.1	CECCCCEHCCCCCCHCHCCCCCCCCCCCCCCCC	1
3413	5.993	8.075	11.190	33	535	9.1	12.1	CEECCCEHCCCCCECCCCCCHCCCCHCCCCCCC	1
3414	6.011	8.120	11.026	33	535	12.1	6.1	CECCCCCHCCCCCEHCHCCCHCCCCCCCCCCCC	1
3415	5.992	8.138	10.711	33	535	6.1	6.1	CECCCCCHCCCCCECCCCCCCCCHCCCCCCCCC	1
3416	6.535	7.713	15.674	33	535	21.2	3.0	CHCCCCCHCCCCCCCCCCHCHCCCCHCCCEHHC	2
3417	6.650	7.672	15.419	33	535	18.2	6.1	CHCCCCCHCCCCCCCCCCHCCCCHCCCECEHHC	2
3418	6.039	8.077	10.820	33	535	9.1	12.1	CEECCCCHCCCCCECCHCCCHCCCCCCECCCCC	1
3419	6.008	8.073	9.685	33	535	3.0	6.1	CCECCCCHCCCCCECCCCCCCCCCCCCCCCCCC	1
3420	8.819	7.916	16.414	33	535	15.2	9.1	CCCCCCCHCCEHCCHCCCCCHECCCCCCCCEHC	0
3421	8.808	7.857	16.224	33	535	12.1	6.1	CCCCCCCHCCEHCCCCCCCCHCCCCCCCCCEHC	0
3422	8.733	7.942	16.164	33	535	15.2	6.1	CCCCCCCHCCCHECHCCCCCHECCCCCCCCCHC	0
3423	8.804	7.922	16.963	33	535	15.2	9.1	CCCCCCCHCCEHCCHCCCCCHECCCCCCCCEHC	0
3424	6.580	7.725	16.214	33	535	12.1	0.0	CCCCHHHHCCCCCCCCCCCCCCCCCCCCCCCCC	2
3425	6.618	7.723	16.307	33	535	18.2	6.1	CHCCCCCHCCCCCCCCCCHCHCCCCCCECEHHC	2
3426	8.855	7.945	16.429	33	535	15.2	6.1	CCCCCCCHCCCHCCHCCCCCHECCCCCCCCEHC	0
3427	8.806	7.860	16.228	33	535	15.2	6.1	CCCCCCCHCCEHECHCCCCCHCCCCCCCCCCHC	0
3428	8.894	7.936	16.929	33	535	15.2	9.1	CCCCCCCHECCHECHCCCCCHCCCCCCCCCEHC	0
3429	8.897	7.858	15.478	33	535	15.2	9.1	CCCCCCCHCCEHECHCCCCCHECCCCCCCCCHC	0
3430	6.522	7.687	16.668	33	535	15.2	9.1	CHCCCCCHECCCCCCCCCHCHCCCCCCECECHC	2
3431	6.501	7.635	16.205	33	535	12.1	0.0	CCCCHHHHCCCCCCCCCCCCCCCCCCCCCCCCC	2
3432	8.894	7.959	16.018	33	535	15.2	9.1	CCCCCCCHCCEHCCHCCCCCHECCCCCCCCEHC	0
3433	8.936	7.985	16.507	33	535	15.2	6.1	CCCCCCCHCCCHECHCCCCCHCCCCCCECCCHC	0
3434	6.049	8.331	10.604	33	535	12.1	3.0	CECCCCCHCCCCCCHCHCCCHCCCCCCCCCCCC	1
3435	6.014	8.205	9.847	33	535	12.1	12.1	CEEECCCHCCCCCEHCCCCCHCCCCHCCCCCCC	1
3436	6.647	7.575	15.970	33	535	15.2	3.0	CHCCCCCHCCCCCCCCCCHCHCCCCCCCCECHC	2
3437	6.636	7.613	15.642	33	535	12.1	0.0	CCCCHHHHCCCCCCCCCCCCCCCCCCCCCCCCC	2
3438	6.650	7.705	16.190	33	535	15.2	3.0	CHCCCCCHCCCCCCCCCCHCHCCCCCCCCECHC	2
3439	6.622	7.766	16.964	33	535	9.1	3.0	CHCCCCCHCCCCCCCCCCHCCCCCCCCCCECCC	2
3440	5.983	8.265	10.811	33	535	9.1	15.2	CEEECCCHCCCCCEHCCCCCHCCCCCCECCCCC	1
3441	6.074	8.290	10.269	33	535	6.1	6.1	CEECCCCHCCCCCCCCCCCCCCCCCHCCCCCCC	1
3442	8.930	7.870	16.531	33	535	15.2	12.1	CCCCCCCHCCEHCCHCCCECHECCCCCCCCEHC	0
3443	8.946	7.871	16.921	33	535	15.2	6.1	CCCCCCCHCCCHCCHECCCCHCCCCCCCCCEHC	0
3444	8.890	7.883	16.646	33	535	12.1	12.1	CCCCCCCHCCEHCCHECCCCHCCCCCCECCECC	0
3445	8.960	7.878	16.290	33	535	12.1	3.0	CCCCCCCHCCCHCCHCCCCCHECCCCCCCCCCC	0
3446	6.789	7.633	15.898	33	535	12.1	0.0	CCCCHHHHCCCCCCCCCCCCCCCCCCCCCCCCC	2
3447	6.676	7.549	15.617	33	535	12.1	0.0	CCCCHHHHCCCCCCCCCCCCCCCCCCCCCCCCC	2
3448	8.961	7.820	16.815	33	535	15.2	9.1	CCCCCCCHCCEHCCHCCCCCHECCCCCCCCEHC	0
3449	8.900	7.873	16.852	33	535	15.2	9.1	CCCCCCCHCCEHECHCCCCCHECCCCCCCCCHC	0
3450	6.187	8.288	10.689	33	535	12.1	15.2	CEEECCCHCCCCCEHHCCCCHCCCCCCCCECCC	1
3451	6.111	8.299	11.360	33	535	15.2	3.0	CCCCCCCHCCHCCCHHCCCCCCCCCHCECCCCC	1
3452	8.936	7.859	16.081	33	535	15.2	9.1	CCCCCCCHCCCHECHCCCCCHCCCCCCECCEHC	0
3453	8.851	7.919	16.100	33	535	15.2	6.1	CCCCCCCHCCEHCCHCCCCCHCCCCCCCCCEHC	0
3454	8.808	7.949	16.876	33	535	15.2	6.1	CCCCCCCHCCEHCCHCCCCCHCCCCCCCCCEHC	0
3455	8.767	7.869	15.853	33	535	15.2	12.1	CCCCCCCHCCEHECHCCCCCHECCCCCCCCEHC	0
3456	6.122	8.234	11.143	33	535	6.1	12.1	CECECCEHCCCCCCCCCCCCHCCCCCCECCCCC	1
3457	5.991	8.192	10.080	33	535	9.1	12.1	CEECCCEHCCCCCCCCHCCCCCCHCCCECCCCC	1
3458	5.906	8.226	10.544	33	535	6.1	15.2	CEECCCEHCCCCCECCCCCCHCCCCCCECCCCC	1
3459	6.056	8.203	10.075	33	535	6.1	9.1	CCECCCEHCCCCCCCHCCCCCCCCCCCECCCCC	1
3460	8.895	7.909	16.773	33	535	15.2	15.2	CCCCCCCHECEHCCHECCECHCCCCCCCCCEHC	0
3461	8.802	7.838	16.149	33	535	12.1	6.1	CCCCCCCCCCCHCCHCCCCCHCCCCCCECCEHC	0
3462	8.946	7.905	16.182	33	535	15.2	3.0	CCCCCCCHCCCHCCHECCCCHCCCCCCCCCCHC	0
3463	8.943	7.903	16.019	33	535	15.2	3.0	CCCCCCCHCCEHCCHCCCCCHCCCCCCCCCCHC	0
3464	8.901	7.920	16.485	33	535	12.1	6.1	CCCCCCCHCCEHCCHCCCCCCCCCCCCECCCHC	0
3465	8.918	7.907	16.396	33	535	15.2	3.0	CCCCCCCHCCCHCCHCCCCCHCCCCCCCCCEHC	0
3466	8.862	7.948	16.250	33	535	15.2	6.1	CCCCCCCHECCHCCHCCCCCHCCCCCCCCCEHC	0
3467	8.837	7.954	16.174	33	535	15.2	6.1	CCCCCCCHCCEHCCHCCCCCHCCCCCCCCCEHC	0
3468	8.833	7.993	16.318	33	535	15.2	9.1	CCCCCCCHCCCHCCHCCCECHECCCCCCCCEHC	0
3469	8.823	7.903	15.758	33	535	15.2	12.1	CCCCCCCHCCEHECHCCCCCHECCCCCCCCEHC	0
3470	8.828	7.936	16.373	33	535	15.2	6.1	CCCCCCCHCCEHCCHCCCCCHCCCCCCCCCEHC	0
3471	8.883	7.930	16.423	33	535	15.2	12.1	CCCCCCCHCCEHECHECCCCHCCCCCCCCCEHC	0
3472	8.802	7.973	16.385	33	535	15.2	15.2	CCCCCCCHCCEHCCHECCECHECCCCCCCCEHC	0
3473	8.831	7.958	16.349	33	535	15.2	9.1	CCCCCCCHCCCHECHCCCCCHECCCCCCCCEHC	0
3474	8.898	7.962	16.995	33	535	15.2	3.0	CCCCCCCHCCCHCCHCCCCCHECCCCCCCCCHC	0
3475	8.847	7.962	16.614	33	535	15.2	6.1	CCCCCCCHCCCHCCHCCCCCHCCCCCCECCEHC	0
3476	8.893	7.862	15.957	33	535	15.2	9.1	CECCCCCHCCCHECHCCCECHCCCCCCCCCCHC	0
3477	9.096	7.875	16.877	33	535	12.1	9.1	CCCCCCCHCCCHECHCCCCCHCCCCCCECCECC	0
3478	9.074	7.913	17.098	33	535	15.2	18.2	CCCCCCCHECEHECHECCCCHCCCCCCECCEHC	0
3479	8.991	7.976	17.250	33	535	15.2	6.1	CCCCCCCHCCEHCCHCCCCCHCCCCCCECCCHC	0
3480	8.866	7.924	15.828	33	535	15.2	15.2	CCCCCCCHECEHECHCCCCCHECCCCCCCCEHC	0
3481	8.817	7.858	16.012	33	535	15.2	3.0	CCCCCCCHCCCHCCHCCCCCHECCCCCCCCCHC	0
3482	8.880	7.907	16.352	33	535	15.2	6.1	CCCCCCCHCCCHCCHCCCCCHECCCCCCCCEHC	0
3483	8.893	7.849	15.900	33	535	15.2	9.1	CCCCECCHCCCHCCHECCCCHCCCCCCCCCEHC	0
3484	8.886	7.894	16.051	33	535	12.1	15.2	CCCCCCCHECCHECHCCCCCHECCCCCECCECC	0
3485	8.835	7.929	16.726	33	535	15.2	12.1	CCCCCCCHCCEHCCHCCCCCHECCCCCECCEHC	0
3486	5.996	8.130	10.091	33	535	9.1	15.2	CEEECCCHCCCCCEHCCCCCHCCCCCCECCCCC	1
3487	5.971	8.175	10.714	33	535	3.0	9.1	CECECCCHCCCCCECCCCCCCCCCCCCCCCCCC	1
3488	6.027	8.171	10.491	33	535	12.1	9.1	CECCCCEHCCCCCCHCHCCCHCCCCCCECCCCC	1
3489	6.033	8.115	9.735	33	535	6.1	9.1	CCCECCEHCCCCCECCCCCCHCCCCCCCCCCCC	1
3490	6.052	8.151	10.277	33	535	3.0	15.2	CEECCCEHCCCCCECCCCCCCCCCCCCECCCCC	1
3491	6.058	8.156	10.939	33	535	3.0	9.1	CCEECCCHCCCCCECCCCCCCCCCCCCCCCCCC	1
3492	6.022	8.220	10.696	33	535	9.1	9.1	CECECCCHCCCCCEHCCCCCHCCCCCCCCCCCC	1
3493	6.044	8.160	10.182	33	535	9.1	9.1	CECECCEHCCCCCCHCCCCCHCCCCCCCCCCCC	1
3494	8.872	7.863	16.590	33	535	15.2	6.1	CCCCCCCHCCCHCCHCCCCCHCCCCCCECCEHC	0
3495	8.890	7.958	16.800	33	535	15.2	3.0	CCCCCCCHCCEHCCHCCCCCHCCCCCCCCCCHC	0
3496	6.873	7.748	16.486	33	535	18.2	3.0	CHCCCCCHCCCCCCCCCCHCHCCCCHCCCEHCC	2
3497	6.645	7.721	15.720	33	535	15.2	0.0	CHCCCCCHCCCCCCCCCCCCHCCHCCCCCCCHC	2
3498	8.979	7.910	16.580	33	535	15.2	3.0	CCCCCCCHCCCHECHCCCCCHCCCCCCCCCCHC	0
3499	8.900	7.839	16.676	33	535	15.2	6.1	CCCCCCCHECCHCCHCCCCCHCCCCCCCCCEHC	0
3500	8.894	7.888	16.245	33	535	15.2	12.1	CCCCCCCHCCEHCCHECCCCHECCCCCCCCEHC	0
3501	8.850	7.926	16.366	33	535	15.2	9.1	CCCCCCCHCCCHCCHECCCCHECCCCCCCCEHC	0
3502	8.918	7.893	15.317	33	535	15.2	6.1	CCCCCCCHCCCHECHCCCCCHCCCCCCCCCEHC	0
3503	8.871	7.886	16.860	33	535	12.1	9.1	CCCCCCCHCCEHCCCCCCCCHECCCCCCCCEHC	0
3504	8.993	7.950	16.225	33	535	15.2	12.1	CCCCECCHCCEHECHCCCCCHECCCCCCCCCHC	0
3505	8.757	7.907	16.232	33	535	15.2	12.1	CCCCCCCHCCEHECHCCCCCHECCCCCCCCEHC	0
3506	6.678	7.656	16.276	33	535	18.2	0.0	CHCCCCCHCCCCCCCCCCCCHCCHCCCCCCHHC	2
3507	6.742	7.682	15.902	33	535	15.2	6.1	CHCCCCCHCCCCCCCCCCHCHCCCCCCECEHCC	2
3508	6.706	7.597	15.343	33	535	18.2	0.0	CCCCCCCHCCCCCCCCCCHCHCCCCHCCCCHHC	2
3509	6.698	7.643	15.981	33	535	15.2	0.0	CHCCCCCHCCCCCCCCCCHCHCCCCCCCCCHCC	2
3510	6.695	7.657	15.525	33	535	15.2	0.0	CHCCCCCHCCCCCCCCCCCCHCCCCCCCCCHHC	2
3511	6.783	7.637	16.740	33	535	15.2	3.0	CHCCCCCCCCHCCCCCCHCCHCCCCCCCCECHC	2
3512	5.872	8.245	11.289	33	535	6.1	12.1	CCEECCEHCCCCCEHCCCCCCCCCCCCCCCCCC	1
3513	5.944	8.263	11.194	33	535	9.1	12.1	CECECCEHCCHCCECCCCCCHCCCCCCCCCCCC	1
3514	8.928	7.843	16.121	33	535	12.1	3.0	CCCCCCCHCCCHCCHCCCCCHECCCCCCCCCCC	0
3515	8.843	7.908	16.612	33	535	12.1	6.1	CCCCCCCHCCEHCCHCCCCCHCCCCCCCCCECC	0
3516	5.964	8.201	11.118	33	535	3.0	6.1	CECCCCEHCCCCCCCCCCCCCCCCCCCCCCCCC	1
3517	5.953	8.121	10.703	33	535	12.1	12.1	CECCCCEHCCHCCECCCCCCHCCCCHCECCCCC	1
3518	8.867	7.928	16.304	33	535	12.1	12.1	CCCCCCCHCCCHCCHECCCCHECCCCCECCECC	0
3519	8.968	7.912	16.457	33	535	15.2	12.1	CCCCCCCHCCEHECHECCCCHCCCCCCCCCEHC	0
3520	9.021	7.892	16.476	33	535	12.1	6.1	CCCCCCCHCCCHECHCCCCCHCCCCCCCCCECC	0
3521	8.913	7.876	16.685	33	535	15.2	9.1	CCCCCCCHECEHCCHCCCCCHCCCCCCCCCEHC	0
3522	8.892	7.924	16.717	33	535	12.1	9.1	CCCCCCCHCCCHECHCCCCCHCCCCCCECCECC	0
3523	8.934	7.932	16.357	33	535	12.1	9.1	CCCCCCCHCCCHCCHCCCECHECCCCCCCCECC	0
3524	8.842	7.943	17.139	33	535	15.2	6.1	CCCCCCCHCCEHCCHCCCCCHCCCCCCCCCEHC	0
3525	8.881	7.889	16.162	33	535	15.2	9.1	CCCCCCCHCCCHECHECCCCHCCCCCCCCCEHC	0
3526	5.866	8.282	11.685	33	535	9.1	9.1	CCECCCCHCCCCCECCHCCCCCCCCCCCCEHCC	1
3527	6.010	8.241	11.788	33	535	15.2	6.1	CECCCCCHCCHCCEHCCCCCHCCCCHCCCCCCC	1
3528	6.595	7.707	15.685	33	535	15.2	0.0	CHCCCCCCCCCCCCCCCCHCHCCCCCCCCCHHC	2
3529	6.909	7.524	15.694	33	535	15.2	0.0	CHCCCCCHCCCCCCCCCCCCHCCCCCCCCCHHC	2
3530	8.880	7.911	16.287	33	535	15.2	3.0	CCCCCCCHCCCHECHCCCCCHCCCCCCCCCCHC	0
3531	8.849	7.938	16.362	33	535	15.2	15.2	CCCCCCCHCCEHECHECCECHCCCCCCCCCEHC	0
3532	5.940	8.168	10.103	33	535	9.1	9.1	CECCCCCHCCCCCEHCCCCCHCCCCCCECCCCC	1
3533	5.880	8.300	11.741	33	535	9.1	15.2	CEEECCCHCCCCCECCCCCCHCCCCHCECCCCC	1
3534	6.806	7.622	16.067	33	535	21.2	3.0	CHCCHCCHCCCCCCCCCCCCHCCHCCCECCHHC	2
3535	6.829	7.738	16.089	33	535	21.2	3.0	CHCCCCCHCCCCCCCCCHCCHCCHCHCCCECHC	2
3536	8.909	7.918	16.164	33	535	12.1	15.2	CCCCCCCHCCEHECHECCCCHECCCCCCCCECC	0
3537	8.755	7.859	16.487	33	535	15.2	9.1	CCCCCCCHCCEHCCHCCCCCHECCCCCCCCEHC	0
3538	8.877	7.898	16.227	33	535	12.1	9.1	CCCCCCCHCCEHCCHCCCCCCECCCCCCCCEHC	0
3539	8.824	7.938	16.288	33	535	15.2	15.2	CCCCCCCHCCEHCCHCCCECHECCCCCECCEHC	0
3540	8.840	7.921	16.854	33	535	15.2	3.0	CCCCCCCHCCCHCCHCCCCCHCCCCCCECCCHC	0
3541	8.746	7.872	16.153	33	535	15.2	6.1	CCCCCCCHCCEHCCHCCCCCHECCCCCCCCCHC	0
3542	7.007	7.687	15.933	33	535	9.1	0.0	CHCCCCCCCCCCCCCCCCHCCCCCCCCCCCCHC	2
3543	6.961	7.693	16.144	33	535	15.2	3.0	CHCCCCCCCCCCCCCCCCHCHCCCCCCCCEHHC	2
3544	8.878	7.902	16.629	33	535	15.2	9.1	CCCCCCCHCCCHECHCCCCCHCCCCCCECCEHC	0
3545	8.941	7.888	16.292	33	535	15.2	12.1	CCCCCCCHCCEHECHCCCCCHECCCCCCCCEHC	0
3546	8.866	7.860	16.433	33	535	15.2	12.1	CCCCCCCHECCHCCHCCCCCHECCCCCECCEHC	0
3547	8.900	7.879	15.796	33	535	15.2	6.1	CCCCCCCHCCEHCCHCCCCCHCCCCCCCCCEHC	0
3548	8.796	7.976	16.563	33	535	12.1	9.1	CCCCCCCCCCEHCCHCCCCCHECCCCCCCCEHC	0
3549	8.897	7.967	16.402	33	535	15.2	12.1	CCCCCCCHCCEHECHCCCCCHECCCCCCCCEHC	0
3550	8.899	7.939	16.746	33	535	15.2	12.1	CCCCCCCHCCEHECHCCCECHCCCCCCCCCEHC	0
3551	8.873	7.951	16.524	33	535	15.2	3.0	CCCCCCCHCCCHCCHECCCCHCCCCCCCCCCHC	0
3552	8.817	7.923	16.111	33	535	15.2	6.1	CCCCCCCHCCEHCCHCCCCCHCCCCCCCCCEHC	0
3553	8.758	7.937	16.459	33	535	15.2	9.1	CCCCCCCHCCEHECHCCCCCHCCCCCCCCCEHC	0
3554	8.947	7.839	15.751	33	535	15.2	15.2	CCCCCCCHCCEHECHCCCCCHECCCCCECCEHC	0
3555	8.867	7.929	16.754	33	535	15.2	6.1	CCCCCCCHCCEHCCHCCCCCHECCCCCCCCCHC	0
3556	5.948	8.299	9.850	33	535	15.2	12.1	CEEECCEHCCHCCCCCHCCCHCCCCCCCCHCCC	1
3557	6.037	8.278	9.382	33	535	12.1	6.1	CECECCCHCCHCCCCCHCCCHCCCCCCCCCCCC	1
3558	6.001	8.278	8.377	33	535	15.2	15.2	CECECCEHCCHCCECCHCCCHCCCCCCECHCCC	1
3559	6.098	8.228	8.933	33	535	12.1	18.2	CEEECCEHCCHCCECCHCCCCCCHCCCECCCCC	1
3560	6.174	8.300	8.353	33	535	6.1	12.1	CEEECCCHCCHCCCCCCCCCCCCCCCCECCCCC	1
3561	6.023	8.194	7.377	33	535	15.2	3.0	CCCCCCEHCCHCCCCHCCCCHCCCCCCCCHCCC	1
3562	8.801	7.876	16.295	33	535	15.2	12.1	CCCCCCCHCCEHECHCCCCCHECCCCCCCCEHC	0
3563	8.856	7.911	15.892	33	535	15.2	9.1	CCCCCCCHCCCHCCHCCCCCHECCCCCECCEHC	0
3564	8.803	7.904	16.062	33	535	12.1	6.1	CCCCCCCHCCCHCCHCCCCCHECCCCCCCCECC	0
3565	8.867	7.917	16.212	33	535	12.1	6.1	CCCCCCCCCCEHCCHCCCCCHCCCCCCCCCEHC	0
3566	8.949	7.925	16.410	33	535	15.2	12.1	CECCCCCHCCEHECHCCCCCHCCCCCCCCCEHC	0
3567	8.807	7.850	16.159	33	535	12.1	6.1	CCCCCCCCCCCHCCHCCCCCHCCCCCCECCEHC	0
3568	8.907	7.889	16.182	33	535	15.2	6.1	CCCCCCCHCCEHCCHCCCCCHCCCCCCCCCEHC	0
3569	8.934	7.861	16.435	33	535	15.2	9.1	CCCCCCCHCCEHCCHECCCCHCCCCCCCCCEHC	0
3570	8.867	7.901	16.559	33	535	12.1	12.1	CCCCCCCHCCEHECHECCCCHCCCCCCECCCCC	0
3571	8.802	7.948	16.645	33	535	15.2	9.1	CCCCCCCHCCEHCCHCCCCCHCCCCCCECCEHC	0
3572	8.896	7.930	16.364	33	535	12.1	9.1	CCCCCCCHCCEHCCHCCCECHCCCCCCCCCECC	0
3573	8.870	7.933	17.290	33	535	15.2	12.1	CCCCCCCHCCEHECHCCCCCHCCCCCCECCEHC	0
3574	8.785	7.868	16.259	33	535	15.2	6.1	CCCCCCCHCCCHCCHCCCECHCCCCCCCCCEHC	0
3575	8.934	7.946	16.712	33	535	15.2	12.1	CCCCCCCHCCEHCCHCCCCCHECCCCCECCEHC	0
3576	8.842	7.913	15.747	33	535	15.2	9.1	CCCCCCCHCCCHCCHCCCECHECCCCCCCCEHC	0
3577	8.894	7.954	16.782	33	535	15.2	6.1	CCCCCCCHCCCHCCHCCCCCHECCCCCCCCEHC	0
3578	8.888	7.926	16.848	33	535	15.2	6.1	CCCCCCCHCCCHECHCCCCCHCCCCCCCCCEHC	0
3579	8.865	7.860	16.120	33	535	12.1	3.0	CCCCCCCHCCCCCCHCCCCCHCCCCCCCCCEHC	0
3580	5.902	8.278	10.829	33	535	12.1	9.1	CEEECCCHCCCCCCHCHCCCHCCCCCCCCCCCC	1
3581	5.875	8.238	10.872	33	535	6.1	15.2	CCEECCECCCCCCEHCCCCCHCCCCCCECCCCC	1
3582	6.480	7.727	16.990	33	535	15.2	3.0	CHCCCCCHCCCCCCCCCCHCHCCCCCCCCEHCC	2
3583	6.421	7.788	17.428	33	535	9.1	3.0	CHCCCCCHCCCCCCCCCCCCCCCCCCCCCEHCC	2
3584	9.033	7.890	15.693	33	535	15.2	3.0	CCCCCCCHCCCHCCHCCCCCHCCCCCCECCCHC	0
3585	8.992	7.909	16.422	33	535	15.2	12.1	CCCCCCCHECCHECHECCCCHCCCCCCECCCHC	0
3586	8.942	7.868	16.002	33	535	15.2	12.1	CCCCCCCHCCEHECHCCCCCHCCCCCCECCEHC	0
3587	9.106	7.847	16.292	33	535	15.2	12.1	CCCCCCCHECEHECHECCCCHCCCCCCCCCCHC	0
3588	6.526	7.805	16.568	33	535	15.2	0.0	CHCCCCCHCCCCCCCCCCCCHCCCCCCCCCHHC	2
3589	6.504	7.728	16.873	33	535	12.1	0.0	CHCCCCCHCCCCCHCCCCCCCCCCCHCCCCCCC	2
3590	6.451	7.702	16.595	33	535	12.1	3.0	CHCCCCCHCCCCCCCCCCCCHCCCCCCECCHCC	2
3591	6.722	7.623	16.268	33	535	15.2	3.0	CHCCCCCHCCCCCCCCCCHCHCCCCCCCCEHCC	2
3592	8.909	7.910	16.514	33	535	12.1	3.0	CCCCCCCHCCCHCCHCCCCCHCCCCCCECCCCC	0
3593	8.871	7.861	16.401	33	535	15.2	9.1	CCCCCCCHCCEHCCHCCCECHCCCCCCCCCEHC	0
3594	6.549	7.650	16.759	33	535	12.1	0.0	CCCCHHHHCCCCCCCCCCCCCCCCCCCCCCCCC	2
3595	6.466	7.693	15.959	33	535	15.2	3.0	CCCCCCCHCCCCCCCCCCCCHCCCCHCECCHHC	2
3596	5.810	8.206	13.950	33	535	12.1	9.1	CEEECCCHCCCCCCCCHCCCHCCCCCCCCHCCC	1
3597	5.834	8.176	13.455	33	535	9.1	12.1	CEEECCCHCCCCCCHCHCCCCCCCCCCECCCCC	1
3598	8.897	7.896	15.902	33	535	15.2	15.2	CCCCCCCHCCEHCCHCCCECHECCCCCECCEHC	0
3599	8.831	7.863	16.312	33	535	15.2	15.2	CCCCCCCHCCEHCCHECCCCHECCCCCECCEHC	0
3600	5.890	8.109	12.792	33	535	12.1	12.1	CEEECCCHCCCCCEHCHCCCCCCCCCCCCHCCC	1
3601	5.825	8.162	14.019	33	535	6.1	15.2	CEEECCCHCCCCCECCCCCCHCCCCCCECCCCC	1
3602	8.913	7.874	16.354	33	535	18.2	6.1	CCCCCCCHCCCHCCHCCCCCHECCCCCCCHEHC	0
3603	9.004	7.849	15.987	33	535	15.2	6.1	CCCCCCCHCCEHCCHCCCCCHECCCCCCCCCHC	0
3604	8.949	7.912	16.569	33	535	15.2	6.1	CCCCCCCHCCCHCCHCCCCCHECCCCCCCCEHC	0
3605	8.877	7.946	16.060	33	535	15.2	6.1	CCCCCCCHCCCHCCHECCCCHCCCCCCCCCEHC	0
3606	5.948	8.174	12.242	33	535	6.1	12.1	CEEECCECCCCCCCHCCCCCHCCCCCCCCCCCC	1
3607	5.810	8.059	11.171	33	535	15.2	12.1	CEEECCEHCCCCCCHHCCCCHCCCCCCCCHCCC	1
3608	8.774	7.922	16.179	33	535	15.2	6.1	CCCCCCCHCCCHECHCCCCCHCCCCCCCCCEHC	0
3609	8.782	7.887	15.948	33	535	15.2	12.1	CCCCCCCHCCEHECHCCCCCHECCCCCCCCEHC	0
3610	5.722	8.218	12.004	33	535	6.1	9.1	CEEECCCHCCCCCCHCCCCCCCCCCCCCCCCCC	1
3611	5.779	8.224	11.775	33	535	6.1	12.1	CEEECCEHCCCCCCCHCCCCCCCCCCCCCCCCC	1
3612	8.795	7.847	16.058	33	535	15.2	12.1	CCCCCCCHECEHCCHECCCCHCCCCCCCCCEHC	0
3613	8.770	7.872	16.132	33	535	15.2	6.1	CCCCCCCHCCCHCCHCCCCCHCCCCCCECCEHC	0
3614	8.768	7.946	16.428	33	535	15.2	6.1	CCCCCCCHCCEHCCHCCCCCHECCCCCCCCCHC	0
3615	8.872	7.948	16.348	33	535	15.2	6.1	CCCCCCCHCCEHECHCCCCCHCCCCCCCCCCHC	0
3616	5.800	8.163	11.848	33	535	12.1	12.1	CEEECCCHCCCCCCCHCCCCHCCCCCCECHCCC	1
3617	5.796	8.155	12.566	33	535	12.1	9.1	CCEECCCHCCCCCEHHCCCCHCCCCCCCCCCCC	1
3618	5.787	8.044	11.070	33	535	12.1	9.1	CCEECCEHCCCCCCHHCCCCHCCCCCCCCCCCC	1
3619	5.988	8.216	11.696	33	535	12.1	12.1	CCEECCECCCCCCEHHCCCCHCCCCHCCCCCCC	1
3620	6.699	7.717	15.835	33	535	12.1	0.0	CCCCHHHHCCCCCCCCCCCCCCCCCCCCCCCCC	2
3621	6.600	7.651	15.971	33	535	18.2	3.0	CHCCCCCHCCCCCCCCCCHCHCCCCCCCCEHHC	2
3622	9.011	7.886	15.806	33	535	15.2	15.2	CCCCCCCHECEHCCHCCCCCHECCCCCECCEHC	0
3623	8.881	7.887	16.018	33	535	15.2	6.1	CCCCCCCHCCEHCCHCCCCCHCCCCCCCCCEHC	0
3624	8.918	7.912	16.021	33	535	18.2	12.1	CCCCCCCHCCEHECHECCCCHCCCCCCCCHEHC	0
3625	8.928	7.862	16.423	33	535	18.2	3.0	CCCCCCCHCCCHCCHCCCCCHCCCCCCCCHEHC	0
3626	9.046	7.939	15.447	33	535	18.2	12.1	CCCCCCCHCCCHECHCCCCCHECCCCCECHEHC	0
3627	8.987	7.996	16.460	33	535	18.2	6.1	CCCCCCCHCCEHCCHCCCCCHCCCCCCCCHEHC	0
3628	5.775	8.251	12.721	33	535	12.1	9.1	CEECCCEHCCCCCCCCCCCCHCCCCHCCCHCCC	1
3629	5.793	8.195	11.950	33	535	12.1	9.1	CEECCCEHCCCCCCHCHCCCHCCCCCCCCCCCC	1
3630	5.850	8.222	11.814	33	535	9.1	12.1	CEEECCCHCCCCCEHCHCCCCCCCCCCCCCCCC	1
3631	5.778	8.120	12.243	33	535	12.1	6.1	CCECCCCHCCCCCEHCHCCCCCCCCCCCCHCCC	1
3632	8.890	7.876	16.325	33	535	15.2	15.2	CCCCCCCHCCEHECHECCCCHECCCCCCCCEHC	0
3633	8.841	7.862	16.374	33	535	15.2	6.1	CCCCCCCHCCCHCCHECCCCCCCCCCCCCHEHC	0
3634	6.418	7.773	16.782	33	535	18.2	3.0	CHCCCCCHCCCCCCCCCCCCHCCCCHCECCHHC	2
3635	6.566	7.732	16.747	33	535	15.2	6.1	CHCCCCCHCCCCCCCCCCCCHCCCCCCECEHHC	2
3636	8.870	7.852	16.293	33	535	15.2	9.1	CCCCCCCHECEHCCHCCCCCHCCCCCCCCCEHC	0
3637	8.926	7.906	16.841	33	535	15.2	6.1	CCCCCCCHCCEHCCHCCCCCHCCCCCCCCCEHC	0
3638	5.673	8.262	13.054	33	535	15.2	9.1	CEEHECCHCCCCCCCCHCCCHCCCCCCCCHCCC	1
3639	5.753	8.171	13.332	33	535	15.2	9.1	CCEHECCHCCCCCCHCCCCCHCCCCCCECHCCC	1
3640	5.728	8.114	11.889	33	535	6.1	9.1	CEECECCHCCCCCCCCCCCCHCCCCCCCCCCCC	1
3641	5.650	8.118	11.927	33	535	15.2	12.1	CCEHECEHCCCCCEHCHCCCHCCCCCCCCCCCC	1
3642	6.585	7.714	16.637	33	535	15.2	0.0	CHCCCCCHCCCCCCCCCCCCHCCCCHCCCCCHC	2
3643	6.670	7.651	15.530	33	535	18.2	0.0	CHCCCCCHCCCCCCCCCCHCHCCCCCCCCCHHC	2
3644	5.702	8.256	11.990	33	535	15.2	12.1	CEEHECECCCHCCCHCHCCCHCCCCCCCCCCCC	1
3645	5.775	8.218	11.487	33	535	18.2	6.1	CCEHECCHCCHCCCHCHCCCHCCCCCCCCCCCC	1
3646	8.840	7.947	16.708	33	535	12.1	9.1	CECCCCCCCCEHCCHCCCCCHCCCCCCCCCEHC	0
3647	9.069	7.933	16.844	33	535	12.1	12.1	CECCCCCCCCEHCCHECCCCHCCCCCCCCCEHC	0
3648	8.992	7.882	16.607	33	535	12.1	9.1	CECCCCCCCCEHCCHCCCCCHCCCCCCCCCEHC	0
3649	8.945	7.933	16.368	33	535	12.1	9.1	CECCCCCCCCCHECHCCCCCHCCCCCCCCCEHC	0
3650	6.539	7.711	16.772	33	535	12.1	0.0	CCCCHHHHCCCCCCCCCCCCCCCCCCCCCCCCC	2
3651	6.671	7.652	15.985	33	535	12.1	6.1	CHCCCCCCCCCCCCCCCCCCHCCCCCCECEHHC	2
3652	5.763	8.194	11.968	33	535	15.2	9.1	CCEHECCHCCCCCEHCHCCCHCCCCCCCCCCCC	1
3653	5.864	8.272	12.426	33	535	12.1	12.1	CCEHECEHCCCCCEHCCCCCCCCCCCCCCHCCC	1
3654	5.944	8.286	13.028	33	535	9.1	15.2	CEECECEHCCCCCECCCCCCHCCCCCCCCHCCC	1
3655	5.811	8.163	12.126	33	535	15.2	9.1	CCEHECCHCCHCCECCHCCCHCCCCCCCCCCCC	1
3656	5.822	8.184	11.523	33	535	9.1	6.1	CCECECCHCCCCCCCCCCCCHCCCCCCCCHCCC	1
3657	5.795	8.169	11.626	33	535	18.2	9.1	CCEHECEHCCCCCCCCHCCCHCCCCHCCCHCCC	1
3658	5.816	8.184	11.049	33	535	18.2	12.1	CCEHECCHCCCCCECCHCCCHCCCCHCECHCCC	1
3659	5.773	8.221	11.886	33	535	15.2	9.1	CEECECCHCCCCCCHCHCCCHCCCCHCCCCCCC	1
3660	5.752	8.175	11.996	33	535	9.1	18.2	CEEHECEHCCCCCEHCCCCCCCCCCCCECCCCC	1
3661	5.809	8.056	11.489	33	535	12.1	15.2	CEEHECEHCCCCCEHCCCCCHCCCCCCCCCCCC	1
3662	5.756	8.151	12.781	33	535	15.2	12.1	CEEHECCHCCCCCEHCCCCCHCCCCCCCCHCCC	1
3663	5.818	8.092	11.493	33	535	6.1	9.1	CCEHECCHCCCCCECCCCCCCCCCCCCCCCCCC	1
3664	5.831	8.240	12.479	33	535	9.1	12.1	CEEHECCHCCCCCCCCCCCCHCCCCCCECCCCC	1
3665	5.783	8.193	11.744	33	535	12.1	9.1	CCEHECEHCCCCCCHCCCCCCCCCCCCCCHCCC	1
3666	8.995	7.793	15.659	33	535	15.2	6.1	CCCCCCCHCCCHCCHCCCECHCCCCCCCCCEHC	0
3667	8.873	7.841	16.643	33	535	15.2	3.0	CCCCCCCHCCCHCCHCCCCCHCCCCCCCCCEHC	0
3668	5.730	8.119	11.790	33	535	9.1	15.2	CEEHECEHCCCCCECCCCCCHCCCCCCCCCCCC	1
3669	5.777	8.180	11.739	33	535	9.1	6.1	CCEHECCHCCCCCCCCCCCCHCCCCCCCCCCCC	1
3670	5.897	8.266	12.302	33	535	12.1	12.1	CEEHECEHCCCCCCCCCCCCCCCCCHCCCHCCC	1
3671	5.929	8.199	12.355	33	535	12.1	15.2	CEEHECCCCCCCCECCHCCCHCCCCHCECCCCC	1
3672	5.770	8.161	12.441	33	535	12.1	9.1	CEEHECCHCCCCCCCCCCCCHCCCCCCCCHCCC	1
3673	5.786	8.192	12.998	33	535	12.1	12.1	CEEHECCHCCCCCECCCCCCHCCCCCCCCHCCC	1
3674	6.509	7.694	16.317	33	535	18.2	3.0	CHCCCCCHCCCCCCCCCCHCHCCCCCCCCEHHC	2
3675	6.513	7.735	16.725	33	535	15.2	0.0	CHCCCCCHCCCCCCCCCCHCCCCCCCCCCCHHC	2
3676	6.592	7.660	16.966	33	535	18.2	0.0	CHCCCCCHCCCCCCCCCHCCHCCCCCCCCCHHC	2
3677	6.637	7.613	15.925	33	535	12.1	0.0	CCCCHHHHCCCCCCCCCCCCCCCCCCCCCCCCC	2
3678	5.942	8.203	12.637	33	535	15.2	6.1	CCEHECCHCCCCCCHCHCCCHCCCCCCCCCCCC	1
3679	5.878	8.075	11.216	33	535	12.1	12.1	CEEHECEHCCCCCCCHCCCCHCCCCCCCCCCCC	1
3680	5.817	8.125	10.672	33	535	12.1	12.1	CEEHECCHCCCCCECCCCCCHCCCCCCCCHCCC	1
3681	5.796	8.105	11.008	33	535	15.2	12.1	CCEHECEHCCCCCCHHCCCCCCCCCCCECHCCC	1
3682	6.615	7.712	16.634	33	535	18.2	6.1	CHCCCCCHCCCCCCCCCCHCHCCCCCCECEHHC	2
3683	6.619	7.747	16.176	33	535	21.2	0.0	CHCCCCCHCCCCCCCCCCHCHCCCCHCCCCHHC	2
3684	8.932	7.913	16.263	33	535	18.2	12.1	CCCCCCCHCCEHCCHECCCCHCCCCCCECHEHC	0
3685	8.899	7.815	15.887	33	535	18.2	6.1	CCCCCCCHCCCHCCHCCCCCHECCCCCCCHEHC	0
3686	6.674	7.702	17.511	33	535	12.1	0.0	CCCCHHHHCCCCCCCCCCCCCCCCCCCCCCCCC	2
3687	6.725	7.616	16.418	33	535	12.1	0.0	CCCCHHHHCCCCCCCCCCCCCCCCCCCCCCCCC	2
3688	8.959	7.853	15.861	33	535	15.2	15.2	CCCCCCCHCCEHECHCCCCCHECCCCCECCEHC	0
3689	8.890	7.907	15.552	33	535	18.2	6.1	CCCCCCCHCCCHCCHECCCCHECCCCCCCHCHC	0
3690	8.854	7.899	15.472	33	535	18.2	15.2	CCCCCCCHCCEHECHECCECHCCCCCCCCHEHC	0
3691	8.897	7.894	15.530	33	535	18.2	6.1	CCCCCCCHCCCHECHCCCCCHCCCCCCCCHEHC	0
3692	8.812	7.917	15.991	33	535	15.2	6.1	CCCCCCCHCCEHECHCCCCCHCCCCCCCCCCHC	0
3693	8.896	7.940	16.108	33	535	15.2	6.1	CCCCCCCHCCCHECHCCCCCHCCCCCCCCCEHC	0
3694	5.774	8.278	11.240	33	535	15.2	9.1	CCEHECCHCCCCCEHCCCCCHCCCCCHCCCCCC	1
3695	5.669	8.196	9.328	33	535	9.1	6.1	CCEHECCHCCCCCCHCCCCCCCCCCCCCCCCCC	1
3696	5.709	8.162	10.059	33	535	9.1	12.1	CEEHECCHCCCCCCCCCCCCHCCCCCCECCCCC	1
3697	5.778	8.093	8.806	33	535	18.2	15.2	CEEHECEHCCCCCEHHCCCCHCCCCCCCCHCCC	1
3698	5.776	8.068	9.233	33	535	9.1	12.1	CCEHECEHCCCCCECCCCCCHCCCCCCCCCCCC	1
3699	5.874	8.130	10.148	33	535	18.2	12.1	CEEHECCHCCCCCEHHCCCCHCCCCCCCCHCCC	1
3700	6.585	7.732	17.101	33	535	12.1	3.0	CHCCCCCHCCCCCCCCCCCCCCCCCCCECCHHC	2
3701	6.666	7.697	16.973	33	535	12.1	0.0	CCCCHHHHCCCCCCCCCCCCCCCCCCCCCCCCC	2
3702	8.791	7.974	16.134	33	535	15.2	15.2	CCCCCCCHECEHCCHECCCCHECCCCCCCCEHC	0
3703	8.889	7.906	16.842	33	535	18.2	9.1	CCCCCCCHCCCHECHCCCCCHECCCCCCCHEHC	0
3704	8.890	7.939	16.897	33	535	15.2	6.1	CCCCCCCHCCCCECHCCCCCHCCCCCCCCHEHC	0
3705	8.899	8.002	16.909	33	535	15.2	9.1	CECCCCCHCCCHCCHCCCCCHECCCCCCCHECC	0
3706	8.835	7.919	16.644	33	535	18.2	12.1	CCCCCCCHECEHECHCCCCCHCCCCCCCCHEHC	0
3707	8.896	7.936	16.642	33	535	18.2	12.1	CCCCCCCHCCEHECHCCCCCHECCCCCCCHEHC	0
3708	5.864	8.124	8.722	33	535	15.2	12.1	CEEHECEHCCCCCCCHCCCCHCCCCHCCCCCCC	1
3709	5.900	7.978	8.978	33	535	15.2	9.1	CEEHECCHCCCCCCCHCCCCHCCCCHCCCCCCC	1
3710	5.895	8.079	9.166	33	535	21.2	18.2	CEEHECEHCCCCCEHHCCCCHCCCCHCECHCCC	1
3711	5.880	8.141	9.083	33	535	9.1	9.1	CCECECEHCCCCCCHHCCCCCCCCCCCCCCCCC	1
3712	5.872	8.181	9.687	33	535	18.2	12.1	CEEHECEHCCCCCCHHCCCCHCCCCHCCCCCCC	1
3713	5.972	8.199	9.936	33	535	18.2	12.1	CCEHECEHCCCCCCHHCCCCHCCCCHCECCCCC	1
3714	8.770	7.929	16.577	33	535	18.2	15.2	CCCCCCCCECCHECHECCCCHECHCCCCCHEHC	0
3715	8.813	7.994	16.298	33	535	18.2	9.1	CCCCCCCHCCCHCCHECCECHCCCCCCCCHEHC	0
3716	8.816	7.905	16.413	33	535	18.2	12.1	CECCCCCHCCEHCCHCCCCCHECCCCCCCHEHC	0
3717	8.887	7.888	16.240	33	535	18.2	9.1	CCCCCCCHCCEHCCHCCCCCHECCCCCCCHEHC	0
3718	8.870	7.927	17.438	33	535	18.2	9.1	CCCCCCCHCCEHCCHECCCCHCCCCCCCCHEHC	0
3719	8.847	7.937	16.544	33	535	18.2	12.1	CCCCCCCHCCEHCCHECCCCHECCCCCCCHEHC	0
3720	6.439	7.729	17.708	33	535	18.2	3.0	CCCCCCCHCCCCCCCCCHCCHCCCCHCCCEHHC	2
3721	6.653	7.609	16.755	33	535	12.1	0.0	CCCCHHHHCCCCCCCCCCCCCCCCCCCCCCCCC	2
3722	8.774	7.988	16.502	33	535	18.2	12.1	CCCCCCCHCCEHECHECCCCHCCCCCCCCHEHC	0
3723	8.880	7.875	16.192	33	535	18.2	9.1	CCCCCCCHCCCHCCHECCECHCCCCCCCCHEHC	0
3724	5.749	8.220	10.970	33	535	9.1	6.1	CCEHECCHCCCCCCCCCCCCHCCCCCCCCCCCC	1
3725	5.584	8.152	10.950	33	535	9.1	6.1	CCECECCHCCCCCCCCCCCCCCCHCCCCCHCCC	1
3726	6.686	7.700	16.077	33	535	12.1	0.0	CCCCHHHHCCCCCCCCCCCCCCCCCCCCCCCCC	2
3727	6.719	7.648	16.609	33	535	12.1	0.0	CCCCHHHHCCCCCCCCCCCCCCCCCCCCCCCCC	2
3728	8.888	7.859	16.564	33	535	15.2	6.1	CCCCCCCCCCCHCCHECCCCHCCCCCCCCHEHC	0
3729	8.978	7.866	16.319	33	535	15.2	12.1	CCCCCCCHCCEHCCHCCCECHCCCCCCECCEHC	0
3730	6.503	7.726	16.948	33	535	12.1	0.0	CCCCHHHHCCCCCCCCCCCCCCCCCCCCCCCCC	2
3731	6.454	7.696	16.884	33	535	15.2	3.0	CHCCCCCHCCCCCCCCCCCCHCCCCCCECCHHC	2
3732	8.919	7.870	16.584	33	535	15.2	12.1	CCCCCCCHCCCHECHECCECHCCCCCCCCCEHC	0
3733	8.917	7.851	16.028	33	535	18.2	3.0	CCCCCCCHCCCHCCHCCCCCHCCCCCCCCHEHC	0
3734	9.036	7.959	16.417	33	535	15.2	6.1	CCCCCCCHCCCHCCHECCCCHCCCCCCCCCEHC	0
3735	8.818	7.889	15.959	33	535	18.2	12.1	CCCCCCCHCCCHECHECCCCHECCCCCCCHEHC	0
3736	6.701	7.710	16.672	33	535	15.2	3.0	CHCCCCCHCCCCCCCCCCHCHCCCCCCCCEHCC	2
3737	6.551	7.622	15.996	33	535	12.1	0.0	CHCCCCCHCCCCCCCCCCCCCCCCCCCCCCHHC	2
3738	6.605	7.663	16.335	33	535	12.1	0.0	CCCCHHHHCCCCCCCCCCCCCCCCCCCCCCCCC	2
3739	6.536	7.681	16.534	33	535	12.1	0.0	CCCCHHHHCCCCCCCCCCCCCCCCCCCCCCCCC	2
3740	8.894	7.833	15.664	33	535	15.2	3.0	CCCCCCCHCCEHCCHCCCCCHCCCCCCCCCCHC	0
3741	8.987	7.860	15.739	33	535	18.2	6.1	CCCCCCCHCCEHCCHCCCCCHCCCCCCCCHEHC	0
3742	8.949	7.864	16.172	33	535	15.2	12.1	CCCCCCCHCCCHECHECCCCHECCCCCCCCEHC	0
3743	8.965	7.854	16.183	33	535	15.2	12.1	CCCCCCCHECEHCCHCCCCCHCCCCCCECCEHC	0
3744	5.738	8.086	10.369	33	535	6.1	9.1	CCECECCHCCCCCECCCCCCHCCCCCCCCCCCC	1
3745	5.726	8.071	11.165	33	535	6.1	9.1	CCECECCHCCCCCECCCCCCCCCCCCCCCHCCC	1
3746	8.914	7.864	15.545	33	535	15.2	12.1	CCCCCCCHCCCHECHECCCCHECCCCCCCCEHC	0
3747	8.969	7.889	15.841	33	535	15.2	9.1	CCCCCCCHCCEHECHCCCCCHCCCCCCCCCEHC	0
3748	8.801	7.919	15.896	33	535	18.2	12.1	CCCCCCCHCCEHECHCCCCCHECCCCCCCHEHC	0
3749	8.930	7.815	15.800	33	535	15.2	12.1	CCCCCCCHECEHCCHCCCCCHECCCCCCCCEHC	0
3750	8.935	7.879	16.133	33	535	15.2	9.1	CCCCCCCHCCEHCCHCCCECHCCCCCCCCHECC	0
3751	8.989	7.853	15.810	33	535	15.2	3.0	CCCCCCCHCCCHCCHCCCCCHCCCCCCCCCEHC	0
3752	8.895	7.886	16.397	33	535	15.2	6.1	CCCCCCCHCCEHCCHCCCCCHCCCCCCCCCEHC	0
3753	8.934	7.855	16.225	33	535	15.2	6.1	CCCCCCCHCCCHCCHCCCCCHCCCCCCECCEHC	0
3754	5.712	8.212	8.951	33	535	18.2	12.1	CCEHECEHCCCCCEHCHCCCHCCCCCCCCHCCC	1
3755	5.793	8.166	9.458	33	535	12.1	12.1	CEEHECCHCCCCCECCCCCCHCCCCCCCCHCCC	1
3756	8.816	7.889	15.545	33	535	15.2	9.1	CCCCCCCHCCCHECHCCCECHCCCCCCCCCEHC	0
3757	8.882	7.863	16.288	33	535	12.1	12.1	CCCCCCCHECEHCCCCCCCCHECCCCCCCCEHC	0
3758	8.854	7.858	16.267	33	535	15.2	18.2	CCCCCCCHCCCHECHECCECHECCCCCECCEHC	0
3759	8.868	7.871	16.005	33	535	18.2	6.1	CCCCCCCHCCCHECHCCCCCHCCCCCCCCHEHC	0
3760	5.654	8.124	8.423	33	535	9.1	9.1	CCEHECCHCCCCCCCCCCCCCCCCCHCECCCCC	1
3761	5.646	8.199	8.999	33	535	12.1	18.2	CEEHECEHCCCCCEHCCCCCHCCCCCCECCCCC	1
3762	8.784	7.892	16.008	33	535	18.2	9.1	CCCCCCCHCCEHCCHECCCCHCCCCCCCCHEHC	0
3763	8.868	7.842	16.420	33	535	18.2	3.0	CCCCCCCHCCCHCCHCCCCCHCCCCCCCCHEHC	0
3764	5.650	8.192	8.074	33	535	12.1	15.2	CCEHECEHCCCCCEHCHCCCCCCCCCCECCCCC	1
3765	5.774	8.202	8.985	33	535	6.1	15.2	CEEHECCHCCCCCECCCCCCCCCCCCCECCCCC	1
3766	5.699	8.150	9.019	33	535	18.2	15.2	CCEHECEHCCCCCEHCHCCCHCCCCHCECCCCC	1
3767	5.912	7.977	9.109	33	535	18.2	15.2	CCEHECEHCCCCCEHHCCCCHCCCCHCECCCCC	1
3768	8.996	7.856	15.869	33	535	15.2	12.1	CCCCCCCHCCEHCCHECCCCHECCCCCCCHECC	0
3769	8.896	7.897	16.098	33	535	15.2	3.0	CCCCCCCHECCHCCHCCCCCHCCCCCCCCCCHC	0
3770	5.861	8.133	8.245	33	535	12.1	12.1	CEEHECCHCCHCCCCCCCCCHCCCCCCECCCCC	1
3771	5.861	8.196	10.407	33	535	9.1	9.1	CEEHECCHCCCCCCCCCCCCHCCCCCCCCCCCC	1
3772	8.947	7.941	15.898	33	535	18.2	6.1	CCCCCCCHCCEHCCHCCCCCHCCCCCCCCHEHC	0
3773	8.984	7.840	16.049	33	535	15.2	12.1	CCCCCCCHCCCHECHCCCECHECCCCCCCCEHC	0
3774	8.940	7.871	15.946	33	535	15.2	6.1	CCCCCCCHCCEHCCHCCCCCHCCCCCCCCCEHC	0
3775	8.872	7.833	16.134	33	535	15.2	15.2	CCCCCCCHECCHECHCCCECHECCCCCCCCEHC	0
3776	5.715	8.011	8.407	33	535	9.1	12.1	CCEHECEHCCCCCECHCCCCCCCCCCCCCCCCC	1
3777	5.620	8.077	8.942	33	535	12.1	15.2	CCEHECEHCCCCCECHCCCCHCCCCCCECCCCC	1
3778	5.645	8.155	8.875	33	535	6.1	12.1	CEEHECCHCCCCCCCCCCCCCCCCCCCECCCCC	1
3779	5.816	8.188	9.337	33	535	9.1	9.1	CCEHECCHCCCCCCCCCCCCCCCCCHCECCCCC	1
3780	5.778	8.126	9.916	33	535	12.1	9.1	CCEHECCHCCCCCECCHCCCCCCCCHCCCCCCC	1
3781	5.789	8.169	8.815	33	535	12.1	18.2	CEEHECEHCCCCCEHCCCCCHCCCCCCECCCCC	1
3782	8.878	7.859	15.776	33	535	18.2	12.1	CCCCCCCHECEHCCHCCCCCHECCCCCCCHEHC	0
3783	8.859	7.866	15.603	33	535	18.2	6.1	CCCCCCCHCCCHCCHCCCCCHECCCCCCCHEHC	0
3784	8.882	7.820	15.759	33	535	18.2	6.1	CCCCCCCHCCCHCCHCCCECHCCCCCCCCHEHC	0
3785	8.801	7.878	16.027	33	535	18.2	9.1	CCCCCCCHCCCHCCHCCCECHECCCCCCCHEHC	0
3786	5.791	8.077	10.326	33	535	21.2	12.1	CCEHECEHCCCCCEHCHCCCHCCCCHCCCHCCC	1
3787	5.758	8.247	11.574	33	535	18.2	9.1	CCEHECCHCCCCCCHHCCCCHCCCCHCECCCCC	1
3788	6.668	7.692	16.979	33	535	15.2	3.0	CHCCCCCHCCCCCCCCCCCCHCCCCCCCCEHHC	2
3789	6.676	7.743	16.923	33	535	27.3	3.0	CHCCHCCHCCCCCCCCCCHCHCCHCHCCCEHHC	2
3790	8.875	7.918	16.402	33	535	18.2	18.2	CCCCCCCHECEHECHECCCCHCCCCCCECHEHC	0
3791	8.885	7.959	16.225	33	535	15.2	12.1	CCCCCCCHCCEHCCHECCCCHECCCCCCCCEHC	0
3792	8.832	7.985	16.923	33	535	18.2	15.2	CCCCCCCHECCHECHCCCCCHECCCCCECHEHC	0
3793	8.815	7.922	15.890	33	535	15.2	9.1	CCCCCCCHCCEHECHCCCCCHECCCCCCCCCHC	0
3794	8.908	7.838	15.198	33	535	18.2	9.1	CCCCCCCHCCCHCCHECCECHCCCCCCCCHEHC	0
3795	8.883	7.906	16.588	33	535	15.2	9.1	CCCCCCCCECEHCCHCCCCCHCCCCCCCCHEHC	0
3796	8.924	7.945	16.505	33	535	18.2	12.1	CCCCCCCHCCEHCCHCCCCCHECCCCCECHEHC	0
3797	8.856	7.954	15.299	33	535	18.2	9.1	CCHCCCCCCCEHCCHCCCCCHECCCCCCCHEHC	0
3798	8.883	7.922	16.955	33	535	18.2	6.1	CCCCCCCHCCCHCCHECCCCHCCCCCCCCHEHC	0
3799	8.918	7.952	15.401	33	535	18.2	9.1	CCCCCCCHCCCHECHCCCECHECCCCCCCHCHC	0
3800	6.697	7.625	16.233	33	535	12.1	0.0	CCCCHHHHCCCCCCCCCCCCCCCCCCCCCCCCC	2
3801	6.707	7.772	16.494	33	535	12.1	6.1	CHCCCCCHCCCCCCCCCCCCHCCCCCCECEHCC	2
3802	5.789	8.087	8.766	33	535	9.1	12.1	CCECECEHCCCCCEHCCCCCHCCCCCCCCCCCC	1
3803	5.833	8.085	10.094	33	535	12.1	12.1	CEEHECCHCCCCCEHCCCCCHCCCCCCCCCCCC	1
3804	5.842	8.221	10.697	33	535	12.1	12.1	CEECECCHCCCCCCHCHCCCHCCCCCCECCCCC	1
3805	5.835	8.114	9.112	33	535	21.2	18.2	CEEHECEHCCCCCEHCHCCCHCCHCCCECHCCC	1
3806	8.858	7.927	15.889	33	535	18.2	6.1	CCCCCCCHCCEHCCHCCCCCHCCCCCCCCHEHC	0
3807	8.964	7.859	16.436	33	535	15.2	9.1	CCCCCCCHECEHCCHCCCCCHCCCCCCCCCEHC	0
3808	8.995	7.827	15.749	33	535	15.2	9.1	CCCCCCCHCCEHCCHCCCCCHECCCCCCCCEHC	0
3809	8.960	7.919	15.798	33	535	15.2	9.1	CCCCCCCHCCEHCCHCCCCCHECCCCCCCCEHC	0
3810	5.724	8.194	9.171	33	535	18.2	9.1	CCEHECCHCCCCCEHHCCCCHCCCCHCCCCCCC	1
3811	5.753	8.194	9.145	33	535	12.1	9.1	CCEHECCHCCCCCECCCCCCHCCCCCCCCHCCC	1
3812	6.575	7.764	17.036	33	535	15.2	3.0	CHCCHCCHCCCCCCCCCCCCCCCCCCCECCHHC	2
3813	6.645	7.740	16.958	33	535	18.2	0.0	CHCCCCCHCCCCCCCCCCHCHCCCCCCCCCHHC	2
3814	5.731	8.053	9.116	33	535	9.1	12.1	CEEHECCHCCCCCECCCCCCCCCCCCCCCHCCC	1
3815	5.730	8.042	10.250	33	535	15.2	12.1	CCEHECCHCCCCCEHCHCCCHCCCCCCECCCCC	1
3816	5.714	8.079	9.149	33	535	12.1	15.2	CCECECEHCCCCCEHCCCCCHCCCCHCECCCCC	1
3817	5.763	7.981	8.175	33	535	15.2	12.1	CEEHECCHCCCCCEHCCCCCCCCCCHCCCHCCC	1
3818	5.927	8.192	9.335	33	535	6.1	9.1	CCEHECEHCCCCCCCCCCCCCCCCCCCCCCCCC	1
3819	5.800	8.203	10.468	33	535	15.2	12.1	CEEHECCHCCCCCECCHCCCHCCHCCCCCCCCC	1
3820	5.844	8.113	10.672	33	535	9.1	18.2	CEEHECEHCCCCCECCCCCCHCCCCCCECCCCC	1
3821	5.821	8.157	10.890	33	535	9.1	12.1	CEEHECCHCCCCCEHCCCCCCCCCCCCCCCCCC	1
3822	8.858	7.910	16.289	33	535	15.2	21.2	CCCCCCCHECEHECHECCECHECCCCCCCCEHC	0
3823	8.924	7.937	15.898	33	535	15.2	3.0	CCCCCCCHCCCHCCHCCCCCHCCCCCCECCCHC	0
3824	5.742	8.099	9.661	33	535	12.1	15.2	CEEHECEHCCCCCECCCCCCHCCCCCCCCHCCC	1
3825	5.699	8.021	9.521	33	535	9.1	15.2	CEEHECEHCCCCCECCCCCCHCCCCCCCCCCCC	1
3826	8.790	7.929	15.988	33	535	15.2	9.1	CCCCCCCHECCHCCHCCCCCHECCCCCCCCEHC	0
3827	8.873	7.894	16.159	33	535	15.2	18.2	CCCCCCCHECEHECHCCCECHECCCCCCCCEHC	0
3828	6.662	7.768	16.244	33	535	12.1	0.0	CCCCHHHHCCCCCCCCCCCCCCCCCCCCCCCCC	2
3829	6.609	7.752	16.548	33	535	15.2	6.1	CHCCHCCHCCCCCCCCCCHCHCCCCCCECECCC	2
3830	6.025	8.249	10.349	33	535	18.2	6.1	CCEHECCHCCCCCCHHCCCCHCCCCCCCCHCCC	1
3831	5.908	8.260	9.598	33	535	15.2	9.1	CEEHECCHCCCCCCHCHCCCCCCCCCCCCHCCC	1
3832	5.912	8.173	9.474	33	535	15.2	9.1	CEEHECCHCCCCCCHCCCCCHCCCCCCCCHCCC	1
3833	5.840	8.222	9.755	33	535	18.2	9.1	CEEHECCHCCHCCCCCHCCCHCCCCCCCCHCCC	1
3834	8.889	7.901	15.534	33	535	15.2	12.1	CCCCCCCHCCEHECHECCCCHCCCCCCCCCEHC	0
3835	8.878	7.863	16.396	33	535	12.1	12.1	CCCCCCCHECCHCCHECCCCHECCCCCCCCECC	0
3836	5.958	8.192	8.928	33	535	15.2	15.2	CEEHECEHCCHCCEHCCCCCHCCCCCCCCCCCC	1
3837	5.906	8.120	8.328	33	535	18.2	9.1	CCEHECEHCCCCCCCCHCCCHCCCCHCCCHCCC	1
3838	8.854	7.983	15.662	33	535	18.2	9.1	CCCCCCCHCCCHECHECCCCHCCCCCCCCHEHC	0
3839	8.893	7.861	15.803	33	535	12.1	12.1	CCCCCCCHECEHCCCECCCCHCCCCCCCCCEHC	0
3840	6.660	7.743	16.596	33	535	15.2	6.1	CHCCHCCHCCCCCCCCCCCCHCCCCCCECEHCC	2
3841	6.599	7.749	16.526	33	535	15.2	6.1	CHCCCCCHCCCCCCCCCCHCCCCCCCCECEHHC	2
3842	5.993	8.177	8.244	33	535	15.2	18.2	CEEHECEHCCCCCEHCCCCCHCCCCCCECHCCC	1
3843	5.893	8.227	8.684	33	535	12.1	6.1	CCEHECCHCCCCCCHCCCCCCCCCCCCCCHCCC	1
3844	5.962	8.073	8.155	33	535	21.2	12.1	CEEHECCHCCCCCCCCHCCCHCCHCHCECHCCC	1
3845	5.946	8.079	8.974	33	535	21.2	12.1	CEEHECCHCCCCCEHCHCCCHCCHCCCCCHCCC	1
3846	5.986	8.078	8.060	33	535	21.2	12.1	CCEHECEHCCCCCEHCCCCCHCCHCHCCCHCCC	1
3847	5.939	8.013	8.436	33	535	12.1	12.1	CEECECCHCCCCCECCCCCCHCCHCCCCCHCCC	1
3848	5.888	8.190	9.143	33	535	6.1	12.1	CCEHECEHCCCCCECCCCCCCCCCCCCCCCCCC	1
3849	5.854	8.093	8.721	33	535	12.1	18.2	CEEHECEHCCCCCEHCCCCCHCCCCCCECCCCC	1
3850	5.868	8.119	9.141	33	535	15.2	12.1	CEEHECEHCCHCCCHCCCCCHCCCCCCCCCCCC	1
3851	5.921	8.060	9.006	33	535	12.1	12.1	CEEHECCHCCCCCEHCCCCCHCCCCCCCCCCCC	1
3852	5.899	8.064	9.179	33	535	15.2	6.1	CCEHECCHCCCCCCHHCCCCHCCCCCCCCCCCC	1
3853	5.806	8.060	8.453	33	535	18.2	12.1	CCEHECEHCCHCCCCCHCCCHCCCCHCECCCCC	1
3854	5.815	8.083	8.870	33	535	18.2	9.1	CEEHECCHCCHCCCHCCCCCHCCCCHCCCCCCC	1
3855	5.809	8.112	8.411	33	535	15.2	9.1	CCEHECCHCCCCCECCHCCCHCCCCCCCCHCCC	1
3856	5.714	8.122	8.376	33	535	15.2	6.1	CCEHECCHCCCCCCHCCCCCHCCHCCCCCCCCC	1
3857	5.888	8.106	8.333	33	535	18.2	9.1	CEEHECCHCCCCCCHCHCCCHCCCCHCCCCCCC	1
3858	8.882	7.919	16.624	33	535	15.2	15.2	CCCCCCCHECCHECHCCCECHCCCCCCECCEHC	0
3859	8.838	7.876	16.838	33	535	15.2	12.1	CCCCCCCHECCHCCHCCCECHECCCCCCCCEHC	0
3860	8.812	7.882	16.175	33	535	12.1	12.1	CCCCCCCHECEHCCHECCCCHECCCCCCCCCCC	0
3861	8.853	7.894	16.401	33	535	15.2	6.1	CCCCCCCHCCEHCCHCCCCCHCCCCCCCCCEHC	0
3862	8.917	7.925	15.772	33	535	12.1	6.1	CCCCCCCHCCCHCCHCCCCCHECCCCCCCCECC	0
3863	8.828	7.956	16.536	33	535	15.2	12.1	CCCCCCCHECEHCCHCCCCCHCCCCCCECCEHC	0
3864	5.798	8.227	9.102	33	535	15.2	12.1	CEEHECCHCCCCCEHCCCCCHCCCCCCCCHCCC	1
3865	5.766	8.110	9.331	33	535	6.1	9.1	CCEHECCHCCCCCECCCCCCCCCCCCCCCCCCC	1
3866	5.712	8.142	9.742	33	535	12.1	9.1	CCEHECCHCCCCCECCCCCCHCCCCCCCCHCCC	1
3867	5.766	8.002	8.272	33	535	15.2	9.1	CEEHECCHCCCCCCHCCCCCHCCCCHCCCCCCC	1
3868	5.797	8.093	8.128	33	535	12.1	12.1	CCEHECEHCCCCCCHCHCCCCCCCCCCECCCCC	1
3869	5.714	8.201	8.682	33	535	6.1	6.1	CCEHECCHCCCCCCCCCCCCCCCCCCCCCCCCC	1
3870	5.700	8.070	8.212	33	535	9.1	6.1	CCECECCHCCCCCCHCHCCCCCCCCCCCCCCCC	1
3871	5.745	8.098	8.201	33	535	15.2	9.1	CCEHECCHCCCCCECCHCCCHCCCCCCCCHCCC	1
3872	5.768	8.138	8.492	33	535	15.2	9.1	CEEHECCHCCCCCCHCCCCCHCCCCCCCCHCCC	1
3873	5.728	8.334	9.233	33	535	15.2	12.1	CCECECCHCCCCCEHCHCCCHCCCCCCECHCCC	1
3874	8.889	7.900	16.288	33	535	15.2	12.1	CCCCCCCHCCEHECHCCCECHCCCCCCCCCEHC	0
3875	8.868	7.912	16.530	33	535	15.2	12.1	CCCCCCCHCCEHCCHECCCCHECCCCCCCCEHC	0
3876	8.822	7.896	16.194	33	535	15.2	6.1	CCCCCCCHCCCHCCHCCCECHECCCCCCCCCHC	0
3877	8.922	7.931	15.832	33	535	15.2	6.1	CCCCCCCHCCCHECHCCCCCHCCCCCCCCCEHC	0
3878	8.899	7.951	16.499	33	535	18.2	9.1	CECCCCCHCCCHCCHCCCCCHECCCCCCCHEHC	0
3879	8.894	7.904	16.750	33	535	12.1	15.2	CECCCCCHCCEHCCHCCCCCHECCCCCECCECC	0
3880	5.851	8.158	7.988	33	535	15.2	12.1	CEEHECCHCCHCCECCHCCCCCCCCCCCCHCCC	1
3881	5.906	8.078	7.858	33	535	15.2	9.1	CCEHECCHCCCCCECCHCCCHCCCCCCCCHCCC	1
3882	8.914	7.913	16.294	33	535	12.1	9.1	CCCCCCCCCCEHCCHCCCECHECCCCCCCCCHC	0
3883	8.921	7.992	16.494	33	535	15.2	6.1	CCCCCCCHCCCHCCHCCCCCHECCCCCCCCEHC	0
3884	8.909	7.963	16.215	33	535	12.1	9.1	CCCCCCCHCCCHECHCCCCCHECCCCCCCCECC	0
3885	8.945	7.851	16.311	33	535	18.2	6.1	CCCCCCCHCCCHCCHCCCCCHCCCCCCECHEHC	0
3886	9.041	7.868	16.490	33	535	15.2	6.1	CCCCCCCHCCEHCCHCCCCCHCCCCCCCCCEHC	0
3887	9.033	7.910	16.038	33	535	12.1	12.1	CCCCCCCHCCEHCCHECCECHCCCCCCCCCECC	0
3888	8.968	7.883	16.995	33	535	15.2	9.1	CCCCCCCHCCEHCCHCCCCCHECCCCCCCCEHC	0
3889	8.912	7.847	16.514	33	535	15.2	6.1	CCCCCCCHCCEHCCHCCCCCHCCCCCCCCCEHC	0
3890	9.007	7.844	16.480	33	535	15.2	9.1	CCCCCCCHCCCHCCHCCCCCHECCCCCECCEHC	0
3891	8.953	7.970	16.838	33	535	15.2	12.1	CECCCCCHCCEHCCHCCCCCHECCCCCCCCEHC	0
3892	8.887	7.985	17.076	33	535	15.2	9.1	CCCCCCCHCCEHCCHCCCCCHECCCCCCCCEHC	0
3893	8.811	7.954	17.421	33	535	15.2	12.1	CCCCCCCHCCEHECHECCCCHCCCCCCCCCEHC	0
3894	6.004	8.132	7.690	33	535	15.2	12.1	CCEHECCHCCCCCEHCCCCCHCCCCCCECHCCC	1
3895	5.872	8.175	8.127	33	535	12.1	15.2	CEEHECEHCCCCCECCCCCCHCCCCCCCCHCCC	1
3896	6.631	7.738	15.918	33	535	15.2	3.0	CHCCCCCHCCCCCCCCCCCCHCCHCCCCCEHCC	2
3897	6.623	7.662	16.097	33	535	15.2	3.0	CHCCCCCHCCCCCCCCCCHCHCCCCCCCCEHCC	2
3898	9.051	7.863	16.116	33	535	12.1	12.1	CECCCCCCCCCHECHCCCCCHECCCCCCCCEHC	0
3899	9.037	7.905	16.653	33	535	15.2	18.2	CCCCCCCHCCEHECHCCECCHECCCCCECCEHC	0
3900	8.991	7.921	16.781	33	535	15.2	12.1	CCCCCCCHCCCHCCHECECCHECCCCCCCCEHC	0
3901	8.885	7.864	15.444	33	535	15.2	3.0	CCCCCCCHCCCHCCHCCCCCHCCCCCCCCCEHC	0
3902	8.898	7.837	15.864	33	535	15.2	3.0	CCCCCCCHCCCHCCHCCCCCHCCCCCCCCCEHC	0
3903	8.916	7.810	15.816	33	535	15.2	3.0	CCCCCCCHCCCHCCHCCCCCHCCCCCCCCCEHC	0
3904	9.008	7.936	16.527	33	535	15.2	15.2	CCCCCCCHCCEHECHCCCCCHECCCCCECCEHC	0
3905	8.975	7.908	16.118	33	535	15.2	6.1	CCCCCCCHCCCHECHCCCCCHCCCCCCCCCEHC	0
3906	6.054	8.240	9.803	33	535	12.1	15.2	CCECECEHCCCCCECCHCCCHCCHCCCECCCCC	1
3907	5.984	8.183	8.659	33	535	12.1	12.1	CCEHECEHCCCCCEHCHCCCCCCCCCCCCCCCC	1
3908	5.919	8.154	9.252	33	535	12.1	9.1	CCECECCHCCCCCCHCHCCCHCCCCCCECCCCC	1
3909	5.817	8.140	8.853	33	535	18.2	15.2	CCEHECEHCCHCCEHCCCCCHCCCCCCECHCCC	1
3910	5.855	8.248	9.198	33	535	9.1	12.1	CCEHECEHCCCCCCCCCCCCHCCCCCCECCCCC	1
3911	5.901	8.224	8.835	33	535	12.1	18.2	CEEHECEHCCCCCECCHCCCHCCCCCCECCCCC	1
3912	8.901	7.844	15.986	33	535	12.1	3.0	CCCCCCCHCCCHCCCCCCCCHCCCCCCCCCEHC	0
3913	9.000	7.833	16.401	33	535	9.1	12.1	CCCCCCCHCCECCCHCCCECHECCCCCCCCECC	0
3914	5.893	8.128	8.743	33	535	12.1	9.1	CEEHECCHCCCCCCCCCCCCHCCCCCCCCHCCC	1
3915	5.752	8.055	9.519	33	535	12.1	9.1	CCEHECCHCCCCCECCCCCCHCCCCCCCCHCCC	1
3916	5.782	8.076	9.173	33	535	12.1	12.1	CCEHECEHCCCCCEHCHCCCCCCCCCCCCCCCC	1
3917	5.830	8.065	9.295	33	535	9.1	9.1	CCEHECCHCCCCCECCCCCCHCCCCCCCCCCCC	1
3918	8.881	7.925	16.224	33	535	15.2	12.1	CCCCCCCHECEHCCHCCCECHCCCCCCCCCEHC	0
3919	8.874	7.854	16.309	33	535	18.2	3.0	CCCCCCCHCCCHCCHCCCCCHCCCCCCCCHEHC	0
3920	6.599	7.582	15.990	33	535	12.1	0.0	CCCCHHHHCCCCCCCCCCCCCCCCCCCCCCCCC	2
3921	6.619	7.608	16.285	33	535	15.2	6.1	CHCCCCCHCCCCCCCCCCCCHCCCCCCECEHHC	2
3922	5.763	8.025	8.772	33	535	15.2	18.2	CEEHECEHCCCCCEHCCCCCHCCCCCCECHCCC	1
3923	5.732	8.098	10.072	33	535	12.1	15.2	CEEHECCHCCCCCECHCCCCHCCCCCCECCCCC	1
3924	5.819	8.142	9.907	33	535	15.2	12.1	CEEHECCHCCCCCEHHCCCCHCCCCCCCCCCCC	1
3925	5.832	8.143	10.989	33	535	9.1	12.1	CEEHECCHCCCCCECCCCCCHCCCCCCCCCCCC	1
3926	9.009	7.893	15.497	33	535	15.2	9.1	CCCCCCCHCCCHECHECCCCHCCCCCCCCCEHC	0
3927	9.050	7.828	15.589	33	535	18.2	15.2	CCCCCCCHCCEHECHCCCCCHECCCCCECHEHC	0
3928	6.464	7.753	16.408	33	535	15.2	3.0	CHCCCCCHCCCCCCCCCHCCHCCCCCCECCHCC	2
3929	6.665	7.671	16.526	33	535	15.2	3.0	CHCCCCCHCCCCCCCCCCCCHCCCCCCCCEHHC	2
3930	6.530	7.732	16.886	33	535	15.2	6.1	CHCCCCCHCCCCCCCCCCCCHCCCCCCECEHHC	2
3931	6.546	7.706	16.714	33	535	12.1	6.1	CCCCCCCHCCCCCCCCCCCCHCCCCCCECEHHC	2
3932	5.731	8.177	10.546	33	535	15.2	12.1	CCEHECEHCCCCCEHCCCCCHCCCCHCCCCCCC	1
3933	5.700	8.133	10.085	33	535	6.1	12.1	CEEHECEHCCCCCCCCCCCCCCCCCCCCCCCCC	1
3934	6.660	7.653	16.337	33	535	12.1	0.0	CCCCHHHHCCCCCCCCCCCCCCCCCCCCCCCCC	2
3935	6.496	7.557	16.108	33	535	15.2	3.0	CHCCCCCHCCCCCCCCCCCCHCCCCCCCCEHHC	2
3936	8.917	7.801	15.670	33	535	15.2	9.1	CCCCCCCHECCHECHCCCCCHCCCCCCCCCEHC	0
3937	8.916	7.843	16.147	33	535	15.2	3.0	CCCCCCCHCCCHCCHCCCCCHCCCCCCCCCEHC	0
3938	8.922	7.888	15.686	33	535	15.2	12.1	CCCCCCCHECCHCCHECCCCHECCCCCCCCEHC	0
3939	8.893	7.880	15.922	33	535	15.2	15.2	CCCCCCCHECEHCCHECCCCHCCCCCCECCEHC	0
3940	5.816	8.070	9.672	33	535	12.1	12.1	CCEHECEHCCCCCCCCCCCCHCCCCCCECHCCC	1
3941	5.749	8.183	9.927	33	535	9.1	12.1	CCEHECEHCCCCCCCCCCCCHCCCCCCECCCCC	1
3942	8.869	7.879	16.105	33	535	15.2	6.1	CCCCCCCHCCCHCCHECCCCHECCCCCCCCCHC	0
3943	8.898	7.904	15.533	33	535	15.2	9.1	CCCCCCCHCCEHECHCCCCCHCCCCCCCCCEHC	0
3944	6.557	7.743	16.708	33	535	18.2	0.0	CHCCCCCHCCCCCCCCCCCCHCCHCCCCCCHHC	2
3945	6.483	7.819	16.706	33	535	15.2	3.0	CHCCCCCHCCCCCCCCCHCCHCCCCCCCCECHC	2
3946	8.868	7.847	15.926	33	535	15.2	12.1	CCCCCCCHECCHCCHECCCCHECCCCCCCCEHC	0
3947	8.819	7.926	16.188	33	535	15.2	9.1	CCCCCCCHCCEHCCHCCCCCHECCCCCCCCEHC	0
3948	5.840	8.232	9.794	33	535	9.1	18.2	CEEHECECCCCCCECCCCCCHCCCCCCECHCCC	1
3949	5.986	8.209	9.605	33	535	12.1	12.1	CEEHECCHCCCCCEHCCCCCCCCCCHCCCCCCC	1
3950	5.939	8.059	9.571	33	535	12.1	12.1	CEEHECCHCCCCCEHCCCCCHCCCCCCCCCCCC	1
3951	5.907	8.144	10.774	33	535	15.2	9.1	CCEHECEHCCHCCCCCCCCCHCCCCHCCCCCCC	1
3952	6.482	7.734	16.250	33	535	15.2	6.1	CHCCCCCHCCCCCCCCCCCCHCCCCCCECEHHC	2
3953	6.507	7.804	16.939	33	535	15.2	3.0	CHCCCCCHCCCCCCCCCCCCHCCCCCCECCHHC	2
3954	5.777	8.121	9.125	33	535	12.1	6.1	CCEHECCHCCCCCCCCCCCCHCCCCCCCCHCCC	1
3955	5.691	8.084	8.525	33	535	18.2	9.1	CCEHECCHCCCCCEHCHCCCHCCCCCCCCHCCC	1
3956	5.612	8.118	8.168	33	535	15.2	9.1	CCEHECCHCCCCCEHCCCCCHCCCCCCCCHCCC	1
3957	5.804	8.122	10.018	33	535	21.2	12.1	CEEHECCHCCCCCEHCHCCCHCCCCHCCCHCCC	1
3958	5.693	8.203	9.325	33	535	18.2	9.1	CCEHECCHCCCCCEHCCCCCHCCCCHCCCHCCC	1
3959	5.773	8.225	10.090	33	535	12.1	12.1	CEEHECCHCCCCCEHCCCCCHCCCCCCCCCCCC	1
3960	6.558	7.680	16.651	33	535	15.2	3.0	CCCCHCCHCCCCCCCCCCCCHCCCCCCCCEHHC	2
3961	6.553	7.674	16.492	33	535	18.2	6.1	CHCCCCCHCCCCCCCCCCHCHCCCCHCECECHC	2
3962	8.867	7.836	16.110	33	535	15.2	12.1	CCCCCCCHECCHECHCCCCCHECCCCCCCCEHC	0
3963	8.823	7.917	16.050	33	535	15.2	6.1	CCCCCCCHCCEHCCHCCCCCHCCCCCCCCCEHC	0
3964	5.792	8.105	8.448	33	535	12.1	12.1	CEEHECEHCCHCCCHCCCCCCCCCCCCCCCCCC	1
3965	5.841	8.072	8.986	33	535	9.1	12.1	CCEHECEHCCCCCECCHCCCCCCCCCCCCCCCC	1
3966	5.844	8.154	8.508	33	535	18.2	6.1	CCEHECCHCCHCCCHCCCCCHCCCCCCCCHCCC	1
3967	5.889	8.089	9.290	33	535	18.2	12.1	CCEHECEHCCHCCEHCHCCCHCCCCCCCCCCCC	1
3968	6.625	7.741	16.930	33	535	18.2	6.1	CHCCCCCHCCCCCCCCCCCCHCCHCCCECEHHC	2
3969	6.594	7.724	16.826	33	535	15.2	3.0	CHCCCCCHCCCCCCCCCCCCHCCCCCCCCEHHC	2
3970	6.123	8.306	9.982	33	535	12.1	9.1	CCEHECEHCCCCCCCCHCCCHCCCCCCCCCCCC	1
3971	5.986	8.349	9.411	33	535	12.1	15.2	CEEHECEHCCCCCEHCCCCCHCCCCCCCCCCCC	1
3972	5.973	8.240	9.824	33	535	6.1	12.1	CEEHECEHCCCCCCCCCCCCCCCCCCCCCCCCC	1
3973	5.798	8.182	9.962	33	535	15.2	15.2	CEEHECEHCCCCCEHCCCCCHCCCCCCCCHCCC	1
3974	5.713	8.250	9.038	33	535	18.2	12.1	CEEHECCHCCCCCEHCCCCCHCCHCCCCCHCCC	1
3975	5.799	8.159	10.682	33	535	12.1	9.1	CCEHECCHCCCCCEHCCCCCHCCCCCCCCCCCC	1
3976	8.865	7.948	16.441	33	535	15.2	3.0	CCCCCCCHCCEHCCHCCCCCHCCCCCCCCCCHC	0
3977	8.828	7.943	16.781	33	535	15.2	9.1	CCCCCCCHECEHCCHCCCCCHCCCCCCECCCHC	0
3978	8.879	7.938	16.321	33	535	15.2	12.1	CCCCCCCHCCEHCCHECCCCHECCCCCCCCEHC	0
3979	8.920	7.861	15.775	33	535	15.2	3.0	CCCCCCCHCCCHCCHCCCCCHECCCCCCCCCHC	0
3980	8.884	7.996	16.833	33	535	12.1	9.1	CCCCCCCHCCCHCCHCCCCCCECCCCCECCEHC	0
3981	8.891	7.891	16.647	33	535	15.2	6.1	CCCCCCCHCCCHCCHCCCCCHECCCCCCCCEHC	0
3982	6.563	7.669	16.727	33	535	18.2	6.1	CHCCCCCHECCCCCCCCCHCHCCCCCCCCEHHC	2
3983	6.540	7.775	17.160	33	535	18.2	6.1	CHCCCCCHCCCCCCCCCCHCHCCCCCCECEHHC	2
3984	5.808	8.098	9.655	33	535	18.2	9.1	CCEHECCHCCCCCEHHCCCCHCCCCCCCCHCCC	1
3985	5.820	8.018	9.087	33	535	12.1	12.1	CEEHECCHCCCCCEHCCCCCCCCCCCCCCHCCC	1
3986	5.772	8.218	9.878	33	535	15.2	12.1	CCEHECCHCCCCCEHCCCCCHCCCCCCECHCCC	1
3987	5.831	8.093	9.797	33	535	15.2	12.1	CEECECCHCCCCCEHCCCCCCCCHCHCCCHCCC	1
3988	6.604	7.757	16.948	33	535	18.2	3.0	CHCCCCCHCCCCCCCCCCHCHCCCCCCECCHHC	2
3989	6.665	7.820	16.837	33	535	24.2	0.0	CHCCCCCHCCCCCCCCCCHCHCCHCHCCCCHHC	2
3990	5.801	8.073	8.178	33	535	12.1	18.2	CEEHECEHCCCCCECCCCCCHCCHCCCECCCCC	1
3991	5.827	8.120	8.914	33	535	6.1	12.1	CCEHECEHCCCCCCCCCCCCCCCCCCCECCCCC	1
3992	8.887	7.914	16.020	33	535	15.2	6.1	CCCCCCCHCCCHECHCCCCCHECCCCCCCCCHC	0
3993	8.921	7.876	16.173	33	535	15.2	9.1	CCCCCCCHCCEHCCHCCCCCHECCCCCECCCHC	0
3994	6.590	7.740	16.808	33	535	21.2	6.1	CHCCCCCHCCCCCCCCCCHCHCCCCHCECEHHC	2
3995	6.600	7.683	16.243	33	535	12.1	0.0	CCCCHHHHCCCCCCCCCCCCCCCCCCCCCCCCC	2
3996	8.933	7.971	16.441	33	535	15.2	12.1	CCCCCCCHECEHCCHCCCECHCCCCCCCCCEHC	0
3997	8.817	7.906	15.872	33	535	15.2	9.1	CCCCCCCHECEHCCHCCCECHCCCCCCCCCCHC	0
3998	5.776	8.090	10.642	33	535	12.1	9.1	CCEHECCHCCCCCEHCCCCCHCCCCCCCCCCCC	1
3999	5.814	8.219	10.623	33	535	15.2	12.1	CEEHECCHCCCCCEHCCCCCHCCCCHCCCCCCC	1
4000	8.950	7.843	15.975	33	535	12.1	9.1	CCCCCCCHCCCHECHECCCCHCCCCCCCCCECC	0
4001	8.916	7.845	16.230	33	535	12.1	12.1	CCCCCCCCECEHCCHECCCCHCCCCCCCCCEHC	0
4002	8.885	7.850	15.978	33	535	15.2	12.1	CCCCECCHCCEHCCHCCCCCHECCCCCCCCEHC	0
4003	8.778	7.863	15.836	33	535	12.1	15.2	CCCCCCCCCCEHECHCCCCCHECCCCCECCEHC	0
4004	5.784	8.187	11.514	33	535	12.1	12.1	CCEHECCHCCCCCEHCCCCCHCCCCCCECCCCC	1
4005	5.846	8.326	10.265	33	535	12.1	12.1	CEEHECCHCCCCCECCHCCCHCCCCCCCCCCCC	1
4006	8.904	7.888	15.759	33	535	15.2	9.1	CCCCCCCHCCCHCCHCCCCCHECCCCCECCEHC	0
4007	8.981	7.960	16.918	33	535	15.2	15.2	CCCCCCCHCCEHECHECCCCHECCCCCCCCEHC	0
4008	6.561	7.834	17.044	33	535	12.1	3.0	CHCCCCCHCCCCCCCCCCHCHCCCCCCCCECCC	2
4009	6.475	7.750	16.527	33	535	24.2	3.0	CHCCHCCHCCCCCCCCCCHCHCCHCCCCCEHHC	2
4010	5.853	8.046	8.594	33	535	15.2	15.2	CCEHECEHCCCCCECCHCCCHCCCCCCECHCCC	1
4011	5.832	8.134	9.896	33	535	15.2	9.1	CCEHECEHCCCCCCCCCCCCHCCCCHCCCHCCC	1
4012	8.843	7.919	16.353	33	535	12.1	15.2	CCCCCCCHECEHECHCCCCCHECCCCCCCCECC	0
4013	8.859	7.922	15.867	33	535	15.2	6.1	CCCCCCCHCCCHECHCCCCCHCCCCCCCCCEHC	0
4014	5.733	8.030	9.734	33	535	3.0	9.1	CCECECCHCCCCCECCCCCCCCCCCCCCCCCCC	1
4015	5.711	8.124	9.661	33	535	9.1	12.1	CEEHECCHCCCCCCCCCCCCCCCCCCCECHCCC	1
4016	8.841	7.863	15.655	33	535	15.2	6.1	CCCCCCCHCCEHECHCCCCCHCCCCCCCCCCHC	0
4017	8.899	7.857	16.239	33	535	15.2	15.2	CCCCCCCHCCCHECHECCCCHECCCCCECCEHC	0
4018	8.883	7.926	16.318	33	535	15.2	6.1	CCCCCCCHCCEHCCHCCCCCHCCCCCCCCCEHC	0
4019	8.822	7.899	16.686	33	535	15.2	18.2	CCCCCCCHECEHECHCCCECHECCCCCCCCEHC	0
4020	8.860	7.873	16.281	33	535	15.2	9.1	CCCCCCCHCCEHCCHCCCCCHECCCCCCCCEHC	0
4021	8.799	7.898	16.477	33	535	15.2	9.1	CCCCCCCHCCEHECHCCCCCHECCCCCCCCCHC	0
4022	5.751	8.073	9.190	33	535	12.1	12.1	CCEHECEHCCCCCEHCCCCCHCCCCCCCCCCCC	1
4023	5.715	8.064	9.975	33	535	12.1	9.1	CCECECCHCCCCCEHCCCCCHCCCCCCCCHCCC	1
4024	5.722	8.114	11.031	33	535	12.1	9.1	CCEHECCHCCCCCECCCCCCHCCCCCCCCHCCC	1
4025	5.834	8.167	10.673	33	535	12.1	12.1	CEEHECCHCCCCCEHCCCCCHCCCCCCCCCCCC	1
4026	8.891	7.904	16.274	33	535	15.2	15.2	CCCCCCCHCCEHCCHECCCCHECCCCCECCEHC	0
4027	8.871	7.860	15.618	33	535	15.2	6.1	CCCCCCCHCCCHCCHCCCCCHECCCCCCCCEHC	0
4028	8.876	7.904	15.657	33	535	15.2	3.0	CCCCCCCHCCEHCCHCCCCCHCCCCCCCCCCHC	0
4029	8.834	7.908	15.818	33	535	15.2	15.2	CCCCECCHCCEHECHECCCCHECCCCCCCCCHC	0
4030	5.758	8.123	10.973	33	535	12.1	12.1	CEEHECCHCCCCCCCCCCCCHCCCCCCECHCCC	1
4031	5.811	8.148	9.734	33	535	12.1	12.1	CEEHECCHCCCCCECCCCCCHCCCCCCCCHCCC	1
4032	8.863	8.000	16.486	33	535	15.2	15.2	CCCCCCCHCCEHECHECCCCHECCCCCCCCEHC	0
4033	9.021	7.976	16.930	33	535	15.2	6.1	CCCCCCCHCCCHECHCCCCCHCCCCCCCCCEHC	0
4034	5.910	8.071	9.701	33	535	15.2	12.1	CCEHECEHCCCCCECCHCCCHCCCCCCCCHCCC	1
4035	5.781	8.046	8.170	33	535	12.1	15.2	CEEHECEHCCCCCCCCCCCCHCCCCCCECHCCC	1
4036	5.684	8.163	9.360	33	535	12.1	15.2	CEEHECCHCCCCCECCHCCCCCCCCCCECHCCC	1
4037	5.808	8.093	9.553	33	535	15.2	12.1	CEEHECEHCCCCCCCCHCCCHCCCCCCCCHCCC	1
4038	5.851	8.125	8.935	33	535	12.1	15.2	CEEHECCHCCCCCEHCCCCCHCCCCCCECCCCC	1
4039	5.672	8.114	9.287	33	535	12.1	9.1	CEEHECCHCCCCCCCCCCCCHCCCCCCCCHCCC	1
4040	9.051	7.861	15.883	33	535	15.2	0.0	CCCCCCCHCCCHCCHCCCCCHCCCCCCCCCCHC	0
4041	9.067	7.846	15.147	33	535	15.2	15.2	CCCCCCCHCCEHECHCCCCCHECCCCCECCEHC	0
4042	8.864	7.878	15.314	33	535	12.1	12.1	CCCCCCCHECCHECHECCCCCCCCCCCCCCEHC	0
4043	8.951	7.863	15.911	33	535	15.2	12.1	CCCCCCCHCCEHCCHECCCCHECCCCCCCCEHC	0
4044	6.584	7.664	16.304	33	535	12.1	0.0	CCCCHHHHCCCCCCCCCCCCCCCCCCCCCCCCC	2
4045	6.635	7.629	15.690	33	535	18.2	3.0	CHCCHCCHCCCCCCCCCCCCHCCCCCCCCEHHC	2
4046	6.093	8.239	10.328	33	535	18.2	12.1	CEEHECEHCCCCCCCCHCCCHCCHCCCCCHCCC	1
4047	6.023	8.183	10.192	33	535	12.1	9.1	CEEHECCHCCCCCCCCHCCCHCCCCCCCCCCCC	1
4048	5.996	8.331	11.543	33	535	6.1	12.1	CEEHECEHCCCCCCCCCCCCCCCCCCCCCCCCC	1
4049	5.922	8.141	10.721	33	535	12.1	12.1	CEEHECEHCCCCCCHCCCCCHCCCCCCCCCCCC	1
4050	8.857	7.954	16.878	33	535	12.1	6.1	CCCCCCCHCCEHECHCCCCCHCCCCCCCCCCCC	0
4051	8.926	7.852	16.467	33	535	15.2	12.1	CCCCCCCHECCHCCHCCCECHCCCCCCECCEHC	0
4052	5.901	8.175	10.501	33	535	9.1	15.2	CEEHECEHCCCCCEHCCCCCCCCCCCCCCCCCC	1
4053	5.929	8.218	10.023	33	535	12.1	15.2	CEEHECEHCCCCCEHCCCCCHCCCCCCCCCCCC	1
4054	5.911	8.214	11.049	33	535	15.2	12.1	CEEHECCHCCCCCECCHCCCHCCCCCCCCHCCC	1
4055	5.890	8.132	11.200	33	535	15.2	12.1	CEEHECEHCCCCCCCCHCCCHCCCCCCCCHCCC	1
4056	5.881	8.263	11.177	33	535	12.1	15.2	CCEHECEHCCCCCEHCHCCCCCCCCCCECCCCC	1
4057	5.923	8.210	12.032	33	535	12.1	15.2	CEEHECEHCCCCCEHCCCCCCCCCCCCCCHCCC	1
4058	8.893	7.926	16.469	33	535	15.2	21.2	CECCCCCHECCHECHCCCECHECCCCCECCEHC	0
4059	8.865	7.840	15.552	33	535	15.2	12.1	CCCCCCCHCCCHECHCCCECHECCCCCCCCEHC	0
4060	8.966	7.885	15.766	33	535	9.1	9.1	CCCCCCCHCCCHCCHCCCCCCECCCCCECCECC	0
4061	8.955	7.876	15.656	33	535	15.2	15.2	CCCCCCCHCCEHECHCCCECHECCCCCCCCEHC	0
4062	5.822	8.093	10.565	33	535	12.1	6.1	CCEHECCHCCCCCCHCCCCCHCCCCCCCCCCCC	1
4063	5.808	8.157	10.004	33	535	9.1	9.1	CCEHECCHCCCCCEHCCCCCCCCCCCCCCCCCC	1
4064	5.793	8.098	9.872	33	535	12.1	12.1	CCECECCHCCCCCECCHCCCHCCCCCCECHCCC	1
4065	5.762	8.142	11.748	33	535	15.2	12.1	CEEHECCHCCCCCEHCCCCCHCCCCCCCCHCCC	1
4066	8.871	7.925	16.216	33	535	15.2	12.1	CCCCCCCHCCEHECHCCCCCHECCCCCCCCEHC	0
4067	8.972	7.851	15.572	33	535	12.1	9.1	CCCCCCCCECEHCCHECCCCHCCCCCCCCCCHC	0
4068	5.868	8.216	10.870	33	535	12.1	9.1	CCEHECEHCCCCCCHCCCCCCCCCCCCCCHCCC	1
4069	5.788	8.186	10.235	33	535	15.2	9.1	CCEHECCHCCCCCEHHCCCCCCCCCCCCCHCCC	1
4070	5.816	8.139	10.598	33	535	15.2	15.2	CEEHECCHCCCCCEHCHCCCHCCCCCCECCCCC	1
4071	5.818	8.079	10.061	33	535	12.1	9.1	CEEHECCHCCCCCCCCCCCCHCCCCCCCCHCCC	1
4072	5.807	8.171	9.509	33	535	9.1	9.1	CCEHECCHCCCCCECCCCCCHCCCCCCCCCCCC	1
4073	5.770	8.155	9.962	33	535	15.2	9.1	CCEHECCHCCCCCEHCCCCCHCCCCCCCCHCCC	1
4074	5.738	8.141	10.390	33	535	12.1	15.2	CCEHECEHCCCCCEHCHCCCCCCCCCCECCCCC	1
4075	5.834	8.199	10.987	33	535	12.1	9.1	CEEHECCHCCCCCCCCCCCCHCCCCCCCCHCCC	1
4076	5.858	8.108	9.438	33	535	15.2	9.1	CEEHECCHCCCCCCCCCCCCHCCCCHCCCHCCC	1
4077	5.874	8.196	9.806	33	535	15.2	6.1	CCEHECCHCCCCCCCCCCCCHCCHCCCCCHCCC	1
4078	5.788	8.139	9.501	33	535	18.2	15.2	CEEHECCHCCCCCEHCCCCCHCCHCCCECHCCC	1
4079	5.824	8.103	8.910	33	535	12.1	9.1	CEEHECCHCCCCCCCCCCCCHCCCCCCCCHCCC	1
4080	8.808	7.872	15.665	33	535	15.2	12.1	CCCCCCCHCCEHCCHCCCCCHECCCCCECCEHC	0
4081	8.870	7.900	16.336	33	535	15.2	6.1	CCCCCCCHCCCHCCHCCCCCHECCCCCCCCEHC	0
4082	5.812	8.054	9.298	33	535	9.1	12.1	CCEHECEHCCCCCCCCCCCCHCCCCCCECCCCC	1
4083	5.719	8.076	8.449	33	535	6.1	12.1	CCEHECEHCCCCCECCCCCCCCCCCCCCCCCCC	1
4084	5.660	8.072	8.683	33	535	12.1	12.1	CCEHECCHCCCCCEHCCCCCHCCCCCCECCCCC	1
4085	5.864	8.082	8.876	33	535	15.2	15.2	CCEHECEHCCCCCEHCHCCCHCCCCCCECCCCC	1
4086	5.805	8.098	9.353	33	535	12.1	12.1	CEEHECCHCCCCCCHCHCCCCCCCCCCECCCCC	1
4087	5.748	8.189	10.261	33	535	12.1	12.1	CEEHECCHCCCCCEHCCCCCHCCCCCCCCCCCC	1
4088	6.512	7.593	15.776	33	535	12.1	3.0	CCCCHCCHCCCCCCCCCCCCHCCCCCCECCHCC	2
4089	6.665	7.637	16.273	33	535	15.2	3.0	CHCCCCCHCCCCCCCCCCCCHCCCCCCECCHHC	2
4090	5.732	8.136	10.110	33	535	12.1	12.1	CCEHECEHCCCCCCCCCCCCHCCCCCCECHCCC	1
4091	5.839	8.211	9.966	33	535	12.1	9.1	CEECECCHCCCCCCCCHCCCHCCCCCCCCHCCC	1
4092	5.824	8.141	10.330	33	535	15.2	12.1	CEEHECCHCCHCCECCHCCCCCCCCCCCCHCCC	1
4093	5.786	8.116	9.725	33	535	12.1	6.1	CCECECCHCCCCCCCCHCCCHCCCCCCCCHCCC	1
4094	5.769	8.123	9.251	33	535	15.2	15.2	CEEHECEHCCCCCEHCHCCCHCCCCCCCCCCCC	1
4095	5.771	8.032	8.747	33	535	12.1	12.1	CCEHECEHCCCCCCCCCCCCHCCCCCCECHCCC	1
4096	8.912	7.880	15.482	33	535	15.2	9.1	CCCCCCCHCCCHECHCCCCCHECCCCCCCCEHC	0
4097	8.853	7.859	16.274	33	535	15.2	6.1	CCCCCCCHCCCHECHCCCCCHCCCCCCECCCHC	0
4098	8.954	7.858	16.548	33	535	15.2	3.0	CCCCCCCHCCCHCCHCCCCCHCCCCCCCCCEHC	0
4099	8.878	7.810	15.790	33	535	12.1	9.1	CCCCCCCHCCCHECHCCCCCHECCCCCCCCECC	0
4100	5.765	8.079	8.881	33	535	9.1	9.1	CEEHECCHCCCCCCCCCCCCCCCCCCCCCHCCC	1
4101	5.707	8.179	9.940	33	535	12.1	12.1	CCEHECEHCCCCCCCCCCCCHCCCCCCECHCCC	1
4102	8.980	7.843	15.755	33	535	15.2	9.1	CCCCCCCHCCCHECHCCCCCHECCCCCCCCEHC	0
4103	8.975	8.019	15.956	33	535	12.1	9.1	CCCCCCCHCCEHCCHCCCCCHECCCCCCCCECC	0
4104	8.913	7.872	16.276	33	535	12.1	9.1	CCCCCCCHECEHCCHCCCCCHCCCCCCCCCECC	0
4105	8.946	7.958	16.090	33	535	12.1	6.1	CCCCCCCHCCCHCCHCCCCCHCCCCCCECCECC	0
4106	8.844	7.872	15.835	33	535	15.2	0.0	CCCCCCCHCCCHCCHCCCCCHCCCCCCCCCCHC	0
4107	8.854	7.877	14.943	33	535	12.1	9.1	CCCCCCCHCCCHECHCCCCCHECCCCCCCCECC	0
4108	5.861	8.200	9.024	33	535	12.1	15.2	CEEHECEHCCCCCECCCCCCHCCHCCCCCCCCC	1
4109	5.939	8.046	8.719	33	535	12.1	12.1	CCEHECEHCCHCCECCCCCCHCCCCCCCCCCCC	1
4110	8.923	7.955	16.055	33	535	15.2	6.1	CCCCCCCHCCCHCCHCCCCCHCCCCCCECCEHC	0
4111	8.887	7.808	16.038	33	535	12.1	12.1	CCCCCCCHCCEHCCCCCCECHECCCCCCCCEHC	0
4112	8.848	7.934	15.604	33	535	15.2	12.1	CCCCCCCHCCEHECHCCCECHCCCCCCCCCEHC	0
4113	8.745	7.928	15.951	33	535	15.2	3.0	CCCCCCCHCCCHCCHCCCCCHECCCCCCCCCHC	0
4114	5.830	8.014	7.741	33	535	9.1	15.2	CEEHECEHCCCCCCHCCCCCCCCCCCCECCCCC	1
4115	5.740	8.074	8.518	33	535	15.2	9.1	CCEHECEHCCHCCCCCHCCCHCCCCCCCCCCCC	1
4116	5.649	8.157	10.257	33	535	9.1	9.1	CCEHECEHCCCCCCCCCCCCHCCCCCCCCCCCC	1
4117	5.736	8.043	8.654	33	535	12.1	9.1	CCEHECCHCCHCCCCCCCCCCCCCCCCECHCCC	1
4118	5.860	8.117	9.653	33	535	15.2	15.2	CEEHECCHCCCCCEHCCCCCHCCCCCCECHCCC	1
4119	6.022	8.232	9.141	33	535	15.2	15.2	CEEHECEHCCHCCEHCCCCCCCCCCCCCCHCCC	1
4120	6.546	7.746	17.283	33	535	18.2	3.0	CHCCCCCHCCCCCCCCCCHCHCCCCCCCCEHHC	2
4121	6.620	7.775	16.310	33	535	15.2	0.0	CHCCCCCHCCCCCHCCCCCCCCCCCCCCCCHHC	2
4122	8.921	7.916	16.552	33	535	15.2	6.1	CCCCCCCHCCCHCCHCCCECHCCCCCCCCCEHC	0
4123	9.013	7.853	15.622	33	535	15.2	9.1	CCCCCCCHCCCHECHCCCCCHCCCCCCECCEHC	0
4124	9.044	7.889	15.417	33	535	15.2	6.1	CCCCCCCHCCCHECHCCCCCHCCCCCCECCCHC	0
4125	9.060	7.880	15.833	33	535	15.2	12.1	CCCCCCCHCCEHECHECCCCHCCCCCCCCCEHC	0
4126	6.041	8.393	13.665	33	535	12.1	9.1	CEEHECCHCCHCCCCCCCCCHCCCCCCCCCCCC	1
4127	6.090	8.248	12.377	33	535	15.2	9.1	CEEHECCHCCCCCCCCHCCCHCCCCCCCCHCCC	1
4128	8.927	7.959	16.610	33	535	9.1	9.1	CCCCCCCHCCCHECHECCCCCCCCCCCCCCECC	0
4129	8.928	7.888	16.318	33	535	15.2	9.1	CCCCCCCHCCCHCCHCCCECHECCCCCCCCEHC	0
4130	6.024	8.406	11.791	33	535	18.2	15.2	CEEHECEHCCHCCEHCCCCCHCCCCCCCCHCCC	1
4131	5.987	8.189	9.863	33	535	18.2	9.1	CCEHECCHCCCCCECCHCCCHCCHCCCCCHCCC	1
4132	8.784	7.863	16.029	33	535	15.2	9.1	CECCCCCHCCCHECHCCCCCHCCCCCCCCCEHC	0
4133	8.962	7.897	16.621	33	535	15.2	12.1	CCCCCCCHCCEHECHCCCCCHECCCCCCCCEHC	0
4134	6.115	8.303	11.354	33	535	12.1	15.2	CEEHECEHCCCCCECCHCCCHCCCCCCCCCCCC	1
4135	5.989	8.357	11.375	33	535	12.1	15.2	CCEHECECCCHCCEHCCCCCHCCCCCCECCCCC	1
4136	8.975	7.902	16.138	33	535	15.2	6.1	CCCCCCCHCCCHECHCCCCCHECCCCCCCCCHC	0
4137	8.936	7.907	16.329	33	535	15.2	15.2	CCCCCCCHECCHECHECCCCHECCCCCCCCEHC	0
4138	8.984	7.890	16.419	33	535	15.2	12.1	CCCCCCCHECEHECHCCCCCHECCCCCCCCCHC	0
4139	8.857	7.886	16.590	33	535	15.2	9.1	CCCCCCCHECCHCCHCCCCCHECCCCCCCCEHC	0
4140	8.985	7.841	15.988	33	535	15.2	0.0	CCCCCCCHCCCHCCHCCCCCHCCCCCCCCCCHC	0
4141	8.944	7.853	16.497	33	535	15.2	6.1	CCCCCCCHCCCHCCHCCCCCHCCCCCCECCEHC	0
4142	5.858	8.212	8.482	33	535	15.2	15.2	CEEHECCHCCCCCECCCCCCHCCHCCCECHCCC	1
4143	5.833	8.075	8.351	33	535	12.1	12.1	CEEHECEHCCCCCCCCHCCCCCCCCCCCCHCCC	1
4144	8.929	7.900	16.779	33	535	15.2	9.1	CCCCCCCHCCCHECHCCCCCHCCCCCCECCEHC	0
4145	8.817	7.864	16.004	33	535	15.2	0.0	CCCCCCCHCCCHCCHCCCCCHCCCCCCCCCCHC	0
4146	8.822	7.896	15.824	33	535	15.2	9.1	CCCCCCCHCCEHECHCCCECHCCCCCCCCCCHC	0
4147	8.868	7.877	16.146	33	535	15.2	3.0	CCCCCCCHCCCHCCHECCCCHCCCCCCCCCCHC	0
4148	8.841	7.853	15.631	33	535	12.1	6.1	CCCCCCCCCCCHCCHECCCCHCCCCCCCCCEHC	0
4149	8.820	7.875	15.453	33	535	15.2	6.1	CCCCCCCHCCCHCCHCCCCCHECCCCCCCCEHC	0
4150	8.745	7.962	16.660	33	535	18.2	6.1	CCCCCCCHCCCHCCHCCCCCHECHCCCCCCEHC	0
4151	8.789	7.830	15.824	33	535	15.2	3.0	CCCCCCCHCCEHCCHCCCCCHCCCCCCCCCCHC	0
4152	5.689	8.171	9.456	33	535	9.1	15.2	CEEHECEHCCCCCECCCCCCHCCCCCCCCCCCC	1
4153	5.783	8.053	8.862	33	535	9.1	12.1	CCEHECEHCCCCCECCCCCCHCCCCCCCCCCCC	1
4154	8.820	7.926	15.970	33	535	15.2	12.1	CCCCCCCHCCEHCCHCCCECHECCCCCCCCEHC	0
4155	8.860	7.807	15.736	33	535	15.2	12.1	CCCCCCCHCCEHECHCCCCCHECCCCCCCCEHC	0
4156	6.488	7.691	16.658	33	535	18.2	3.0	CHCCCCCHCCHCCCCCCCHCCCCCCCCCCEHHC	2
4157	6.519	7.781	16.476	33	535	12.1	6.1	CCCCCCCHCCCCCCCCCCHCCCCCCHCECEHCC	2
4158	6.514	7.649	16.253	33	535	12.1	0.0	CCCCHHHHCCCCCCCCCCCCCCCCCCCCCCCCC	2
4159	6.526	7.707	16.495	33	535	18.2	3.0	CHCCCCCHCCCCCCCCCCHCHCCCCCCCCEHHC	2
4160	5.857	8.171	9.561	33	535	15.2	12.1	CEECECCHCCHCCEHCCCCCHCCCCCCCCHCCC	1
4161	5.814	8.081	8.534	33	535	15.2	9.1	CEEHECCHCCCCCCCCHCCCHCCCCCCCCHCCC	1
4162	6.529	7.632	16.292	33	535	18.2	6.1	CHCCCCCHCCCCCCCCCCHCHCCCCHCECEHCC	2
4163	6.499	7.624	15.852	33	535	18.2	0.0	CHCCCCCHCCCCCCCCCCHCHCCCCCCCCCHHC	2
4164	6.534	7.672	16.514	33	535	15.2	0.0	CHCCCCCHCCCCCCCCCCCCHCCCCCCCCCHHC	2
4165	6.556	7.643	16.164	33	535	18.2	3.0	CHCCCCCHCCCCCCCCCCHCHCCCCCCECCHHC	2
4166	8.907	7.816	16.045	33	535	12.1	12.1	CCCCCCCHCCEHECHECCCCHCCCCCCCCCECC	0
4167	8.899	7.900	16.853	33	535	12.1	9.1	CCCCCCCHCCCHECHECCCCHCCCCCCCCCECC	0
4168	8.776	7.939	16.639	33	535	12.1	9.1	CCCCCCCCCCEHECHCCCECHCCCCCCCCCCHC	0
4169	8.897	7.925	16.111	33	535	15.2	6.1	CCCCCCCHCCEHCCHCCCCCHCCCCCCCCCEHC	0
4170	8.915	7.881	16.000	33	535	15.2	12.1	CCCCCCCHCCEHECHCCCCCHECCCCCCCCEHC	0
4171	9.042	7.936	15.454	33	535	15.2	6.1	CCCCCCCHCCCHECHCCCCCHCCCCCCCCCEHC	0
4172	5.873	8.055	9.963	33	535	15.2	9.1	CCEHECCHCCCCCEHCCCCCHCCCCCCCCHCCC	1
4173	5.902	8.145	10.226	33	535	12.1	18.2	CEEHECEHCCCCCECCHCCCHCCCCCCECCCCC	1
4174	8.920	7.902	16.197	33	535	15.2	6.1	CCCCCCCHCCCHCCHECCCCHCCCCCCCCCEHC	0
4175	8.868	7.812	15.171	33	535	15.2	12.1	CCCCCCCHCCEHECHCCCCCHCCCCCCECCEHC	0
4176	8.993	7.848	15.890	33	535	15.2	3.0	CCCCCCCHCCCHCCHCCCCCHCCCCCCCCCEHC	0
4177	9.082	7.749	15.723	33	535	15.2	3.0	CCCCCCCHCCCHCCHCCCECHCCCCCCCCCCHC	0
4178	5.814	8.155	9.868	33	535	6.1	12.1	CEEHECEHCCCCCCCCCCCCCCCCCCCCCCCCC	1
4179	5.734	7.971	8.772	33	535	6.1	15.2	CCECECEHCCCCCECCCCCCHCCCCCCECCCCC	1
4180	8.911	7.902	16.183	33	535	15.2	6.1	CCCCCCCHCCCHCCHCCCECHCCCCCCCCCEHC	0
4181	8.930	7.851	15.889	33	535	12.1	9.1	CCCCCCCHCCEHCCHCCCCCHECCCCCECCCCC	0
4182	6.460	7.691	16.715	33	535	21.2	6.1	CHCCHCCHCCCCCCCCCCHCCCCHCCCECEHHC	2
4183	6.499	7.685	16.257	33	535	12.1	0.0	CCCCHHHHCCCCCCCCCCCCCCCCCCCCCCCCC	2
4184	5.790	8.110	9.072	33	535	9.1	12.1	CEECECCHCCCCCECCCCCCHCCCCCCCCHCCC	1
4185	5.828	8.170	9.786	33	535	18.2	15.2	CEEHECEHCCCCCCHHCCCCHCCCCCCECHCCC	1
4186	5.819	8.010	8.625	33	535	9.1	6.1	CCECECCHCCCCCCCHCCCCHCCCCCCCCCCCC	1
4187	5.830	8.112	9.658	33	535	15.2	9.1	CCEHECCHCCCCCCHCCCCCHCCCCCCECHCCC	1
4188	6.417	7.692	16.403	33	535	15.2	6.1	CHCCCCCHCCCCCCCCCCCCCCCCCHCECEHHC	2
4189	6.494	7.715	16.687	33	535	21.2	3.0	CHCCHCCHCCCCCCCCCCHCHCCCCCCCCEHHC	2
4190	5.820	8.103	9.514	33	535	15.2	18.2	CEEHECEHCCCCCECCHCCCHCCCCHCECCCCC	1
4191	5.889	8.129	9.191	33	535	15.2	15.2	CCECECEHCCCCCEHHCCCCHCCCCHCECCCCC	1
4192	8.944	7.918	16.498	33	535	15.2	12.1	CCCCCCCHCCCHECHECCCCHECCCCCCCCEHC	0
4193	8.854	7.890	15.903	33	535	15.2	12.1	CCCCCCCHCCEHECHECCCCHCCCCCCCCCEHC	0
4194	5.795	8.240	9.927	33	535	9.1	9.1	CCEHECEHCCCCCCCCCCCCHCCCCCCCCCCCC	1
4195	5.853	8.241	9.950	33	535	12.1	18.2	CEEHECEHCCCCCEHCHCCCCCCCCCCECCCCC	1
4196	5.773	8.233	9.558	33	535	12.1	12.1	CCEHECEHCCCCCEHCCCCCHCCCCCCCCCCCC	1
4197	5.937	8.246	10.051	33	535	15.2	18.2	CEEHECEHCCCCCEHCCCCCHCCCCHCECCCCC	1
4198	5.885	8.288	9.673	33	535	12.1	12.1	CCEHECCHCCCCCEHCCCCCCCCCCCCECHCCC	1
4199	6.006	8.193	8.863	33	535	15.2	15.2	CCEHECEHCCCCCEHCHCCCHCCCCCCECCCCC	1
4200	5.890	8.094	8.350	33	535	12.1	9.1	CCECECEHCCCCCCCCCCCCHCCHCCCCCHCCC	1
4201	5.825	7.953	8.901	33	535	15.2	9.1	CCEHECEHCCCCCCHCCCCCHCCCCCCCCHCCC	1
4202	6.447	7.688	16.520	33	535	12.1	0.0	CCCCHHHHCCCCCCCCCCCCCCCCCCCCCCCCC	2
4203	6.480	7.703	16.758	33	535	21.2	6.1	CHCCHCCHCCCCCCCCCCHCHCCCCCCECEHHC	2
4204	9.029	7.884	16.900	33	535	15.2	6.1	CCCCCCCHCCEHCCHCCCCCHCCCCCCCCCEHC	0
4205	8.945	7.864	16.172	33	535	15.2	6.1	CCCCCCCHCCEHECHCCCCCHCCCCCCCCCCHC	0
4206	9.104	7.853	15.517	33	535	9.1	6.1	CCCCCCCCCCEHCCHCCCCCHCCCCCCCCCECC	0
4207	9.160	7.906	16.564	33	535	15.2	9.1	CCCCCCCHCCEHECHCCCCCHCCCCCCCCCEHC	0
4208	9.097	7.813	15.683	33	535	12.1	6.1	CCCCCCCHCCEHCCHCCCCCHCCCCCCCCCECC	0
4209	9.034	7.896	15.811	33	535	15.2	9.1	CCCCCCCHCCEHCCHCCCCCHECCCCCCCCEHC	0
4210	8.989	7.827	15.791	33	535	12.1	3.0	CCCCCCCHCCCHCCHCCCCCHCCCCCCECCCCC	0
4211	8.909	7.827	16.161	33	535	12.1	6.1	CCCCCCCHECCHCCHCCCCCHCCCCCCCCCECC	0
4212	8.895	7.850	16.199	33	535	12.1	6.1	CCCCCCCHCCCHCCHCCCCCHCCCCCCECCECC	0
4213	8.974	7.851	16.147	33	535	12.1	9.1	CCCCCCCHCCEHCCHCCCCCHCCCCCCECCECC	0
4214	8.875	7.839	15.906	33	535	15.2	15.2	CCCCCCCHCCEHECHCCCCCHECCCCCECCEHC	0
4215	8.861	7.888	16.129	33	535	15.2	6.1	CCCCCCCHCCCHCCHCCCECHECCCCCCCCCHC	0
4216	5.734	8.157	9.227	33	535	6.1	12.1	CCEHECEHCCCCCCCCCCCCCCCCCCCECCCCC	1
4217	5.768	8.118	9.338	33	535	6.1	9.1	CCEHECEHCCCCCCCCCCCCCCCCCCCCCCCCC	1
4218	8.931	7.953	16.243	33	535	15.2	9.1	CCCCCCCHCCCHCCHECCECHCCCCCCCCCEHC	0
4219	8.912	7.866	16.730	33	535	15.2	9.1	CCCCCCCHCCEHECHCCCCCHECCCCCCCCCHC	0
4220	5.883	8.191	9.626	33	535	9.1	12.1	CEEHECEHCCCCCCCCHCCCCCCCCCCCCCCCC	1
4221	5.724	8.038	8.334	33	535	12.1	18.2	CEEHECEHCCCCCECCCCCCHCCCCCCECHCCC	1
4222	5.746	8.095	9.261	33	535	9.1	9.1	CCEHECCHCCCCCEHCCCCCCCCCCCCCCCCCC	1
4223	5.837	8.075	8.704	33	535	12.1	12.1	CEEHECCHCCCCCEHCCCCCHCCCCCCCCCCCC	1
4224	5.821	8.142	8.168	33	535	9.1	15.2	CEEHECCHCCCCCECCCCCCHCCCCCCECCCCC	1
4225	5.768	8.082	8.370	33	535	21.2	15.2	CEEHECEHCCHCCEHCHCCCHCCCCCCCCHCCC	1
4226	5.959	8.140	9.229	33	535	15.2	15.2	CCEHECEHCCCCCEHCCCCCHCCCCCCECHCCC	1
4227	5.903	8.171	8.379	33	535	15.2	9.1	CCEHECEHCCCCCCHCHCCCHCCCCCCCCCCCC	1
4228	5.850	8.164	9.235	33	535	15.2	12.1	CEEHECCHCCCCCEHCHCCCCCCCCHCCCCCCC	1
4229	5.874	8.256	8.977	33	535	9.1	9.1	CCEHECEHCCCCCCCCCCCCHCCCCCCCCCCCC	1
4230	6.164	8.377	9.141	33	535	12.1	12.1	CEEHECEHCCCCCCHCCCCCHCCCCCCCCCCCC	1
4231	6.072	8.295	9.040	33	535	18.2	15.2	CEEHECEHCCHCCEHCHCCCHCCCCCCCCCCCC	1
4232	8.943	7.926	16.214	33	535	15.2	9.1	CCCCCCCHCCEHCCHCCCCCHECCCCCCCCEHC	0
4233	8.933	7.938	16.019	33	535	12.1	6.1	CCCCCCCHCCECCCHCCCCCHCCCCCCCCCEHC	0
4234	9.077	7.879	15.797	33	535	15.2	6.1	CCCCCCCHCCEHCCHCCCCCHCCCCCCCCCEHC	0
4235	9.030	7.918	15.931	33	535	9.1	6.1	CCCCCCCCCCECECHCCCCCHCCCCCCCCCCHC	0
4236	9.001	7.846	15.800	33	535	15.2	6.1	CCCCCCCHCCEHCCHCCCCCHCCCCCCCCCEHC	0
4237	9.005	7.891	16.163	33	535	18.2	18.2	CCHCCCCHECEHECHCCCCCHECCCCCECCEHC	0
4238	6.630	7.584	17.076	33	535	12.1	0.0	CCCCHHHHCCCCCCCCCCCCCCCCCCCCCCCCC	2
4239	6.566	7.664	16.753	33	535	18.2	0.0	CHCCCCCHCCCCCCCCCCHCHCCCCHCCCCHCC	2
4240	6.613	7.595	16.130	33	535	12.1	0.0	CCCCHHHHCCCCCCCCCCCCCCCCCCCCCCCCC	2
4241	6.571	7.636	16.214	33	535	21.2	0.0	CHCCCCCHCCCCCCCCCCHCHCCCCHCCCCHHC	2
4242	8.845	7.890	15.756	33	535	12.1	12.1	CCCCCCCHECCHECHECCCCHCCCCCCCCCECC	0
4243	8.838	7.904	15.492	33	535	18.2	12.1	CCHCCCCHCCEHCCHECCCCHECCCCCCCCEHC	0
4244	5.735	8.132	8.063	33	535	12.1	12.1	CCEHECEHCCCCCEHCCCCCCCCCCCCCCHCCC	1
4245	5.789	8.212	8.340	33	535	18.2	12.1	CCEHECCHCCHCCEHCCCCCHCCCCCCECHCCC	1
4246	9.114	7.902	15.766	33	535	15.2	9.1	CCCCCCCHCCEHECHCCCECHCCCCCCCCCCHC	0
4247	8.937	7.957	17.340	33	535	12.1	12.1	CCCCCCCHCCCCECHECCCCHECCCCCCCCEHC	0
4248	6.014	8.221	8.327	33	535	12.1	9.1	CCEHECEHCCHCCCHCCCCCCCCCCCCCCCCCC	1
4249	5.938	8.117	8.160	33	535	12.1	15.2	CCEHECEHCCHCCEHCCCCCCCCCCCCECCCCC	1
4250	6.405	7.755	16.126	33	535	18.2	0.0	CHCCCCCHCCCCCCCCCCHCHCCCCCCCCCHHC	2
4251	6.393	7.743	16.324	33	535	15.2	6.1	CCCCCCCHCCCCCCCCCCHCHCCCCCCECEHHC	2
4252	5.904	8.249	8.664	33	535	18.2	15.2	CEEHECEHCCCCCEHHCCCCHCCCCCCCCHCCC	1
4253	6.049	8.215	7.951	33	535	15.2	9.1	CCEHECCHCCHCCEHCCCCCHCCCCCCCCCCCC	1
4254	9.107	7.895	15.545	33	535	15.2	9.1	CCCCCCCHCCEHCCHCCCCCHCCCCCCECCEHC	0
4255	9.043	7.892	16.047	33	535	15.2	12.1	CCCCCECHCCCHCCHECCCCHECCCCCCCCEHC	0
4256	9.098	7.908	16.961	33	535	12.1	9.1	CCCCCCCHCCEHCCHCCCCCHECCCCCCCCECC	0
4257	9.128	7.945	16.394	33	535	15.2	18.2	CCCCCCCHCCEHECHECCCCHECCCCCECCEHC	0
4258	9.089	7.877	16.656	33	535	15.2	9.1	CCCCCCCHCCEHCCHCCCCCHECCCCCCCCEHC	0
4259	9.134	7.810	16.383	33	535	15.2	12.1	CCCCCCCHCCEHECHCCCCCHECCCCCECCCHC	0
4260	9.111	7.810	16.306	33	535	15.2	12.1	CCCCCECHECEHCCHCCCCCHCCCCCCCCCEHC	0
4261	9.177	7.923	16.175	33	535	15.2	6.1	CCCCCCCHCCCHCCHCCCCCHECCCCCCCCEHC	0
4262	5.710	8.129	8.964	33	535	6.1	12.1	CCEHECEHCCCCCECCCCCCCCCCCCCCCCCCC	1
4263	5.898	8.128	8.757	33	535	15.2	12.1	CEEHECCHCCCCCEHCCCCCHCCCCCCCCHCCC	1
4264	9.130	7.792	15.741	33	535	9.1	12.1	CCCCCECCECCHCCCCCCCCHECCCCCCCCEHC	0
4265	9.287	7.937	17.170	33	535	12.1	15.2	CECCCECHCCCHCCHECCCCCCCCCCCECCEHC	0
4266	6.714	7.643	16.296	33	535	12.1	0.0	CCCCHHHHCCCCCCCCCCCCCCCCCCCCCCCCC	2
4267	6.667	7.564	15.668	33	535	18.2	0.0	CHCCCCCHCCCCCCCCCCHCHCCCCCCCCCHHC	2
4268	6.606	7.580	15.914	33	535	12.1	0.0	CCCCHHHHCCCCCCCCCCCCCCCCCCCCCCCCC	2
4269	6.721	7.739	16.919	33	535	21.2	3.0	CHCCCCCHCCCCCCCCCCHCHCCCCHCECCHHC	2
4270	9.205	7.851	15.964	33	535	15.2	9.1	CCCCCECHECEHCCHCCCCCHCCCCCCCCCCHC	0
4271	9.188	7.887	16.240	33	535	15.2	12.1	CCCCCCCHCCEHECHECCCCHCCCCCCCCCEHC	0
4272	5.832	8.258	8.204	33	535	9.1	15.2	CEEHECCHCCCCCECCCCCCCCCCCHCECCCCC	1
4273	5.930	8.070	8.885	33	535	15.2	15.2	CEEHECCHCCCCCEHCCCCCHCCCCHCECCCCC	1
4274	5.907	8.187	8.827	33	535	15.2	15.2	CEEHECEHCCCCCCCCHCCCHCCCCCCECHCCC	1
4275	5.881	8.080	9.388	33	535	12.1	15.2	CEEHECEHCCCCCEHCCCCCCCCCCCCCCHCCC	1
4276	9.208	7.892	15.672	33	535	15.2	3.0	CCCCCCCHECCHCCHCCCCCHCCCCCCCCCCHC	0
4277	9.200	7.850	16.610	33	535	12.1	15.2	CCCCCECHECCHECCCCCCCHCCCCCCECCEHC	0
4278	9.118	7.913	16.204	33	535	12.1	9.1	CECCCCCHCCEHECHCCCCCHCCCCCCCCCCCC	0
4279	9.182	7.836	16.450	33	535	15.2	9.1	CECCCCCHCCCHECHCCCCCHCCCCCCCCCEHC	0
4280	9.170	7.857	15.842	33	535	15.2	9.1	CECCCCCHECCHCCHCCCCCHCCCCCCCCCEHC	0
4281	9.157	7.967	16.024	33	535	15.2	6.1	CCCCCCCHCCCHECHCCCCCHCCCCCCCCCEHC	0
4282	9.181	7.930	16.327	33	535	15.2	15.2	CCCCCECHCCEHCCHCCCECHECCCCCCCCEHC	0
4283	9.161	7.880	15.760	33	535	15.2	15.2	CCCCCECHECCHECHECCCCHCCCCCCECCCHC	0
4284	5.798	7.957	7.839	33	535	12.1	15.2	CCEHECEHCCCCCEHCCCCCCCCCCCCECHCCC	1
4285	5.836	8.023	7.633	33	535	9.1	12.1	CCEHECEHCCCCCECCCCCCCCCCCCCCCHCCC	1
4286	5.881	8.010	8.494	33	535	15.2	6.1	CCEHECCHCCHCCCCCHCCCCCCCCCCCCHCCC	1
4287	5.920	8.042	8.553	33	535	12.1	15.2	CEEHECEHCCCCCCCCHCCCHCCCCCCECCCCC	1
4288	6.629	7.721	15.919	33	535	12.1	0.0	CCCCHHHHCCCCCCCCCCCCCCCCCCCCCCCCC	2
4289	6.673	7.630	15.980	33	535	18.2	6.1	CHCCCCCCECECCCCCCCHCHCCCCHCCCCHHC	2
4290	9.137	7.932	16.633	33	535	12.1	12.1	CCCCCECHCCEHCCHCCCCCHECCCCCCCCECC	0
4291	9.289	7.862	17.011	33	535	15.2	9.1	CCCCCCCHCCEHCCHCCECCHCCCCCCCCCEHC	0
4292	9.275	7.743	15.161	33	535	15.2	15.2	CCCCCCCHECEHECHCCCCCHECCCCCCCCEHC	0
4293	9.155	7.858	16.475	33	535	15.2	6.1	CCCCCCCHCCEHECHCCCCCHCCCCCCCCCCHC	0
4294	9.192	7.812	15.686	33	535	15.2	0.0	CCCCCCCHCCCHCCHCCCCCHCCCCCCCCCCHC	0
4295	9.152	7.873	15.632	33	535	15.2	21.2	CCCCCECHCCEHECHECECCHECCCCCCCCEHC	0
4296	9.143	7.882	15.678	33	535	15.2	9.1	CCCCCCCHCCEHCCHCCCCCHCCCCCCECCEHC	0
4297	9.118	7.863	16.881	33	535	15.2	15.2	CECCCCCHCCEHECHCCCCCHECCCCCECCCHC	0
4298	9.150	7.864	16.098	33	535	15.2	9.1	CCCCCECHCCEHCCHCCCCCHECCCCCCCCCHC	0
4299	9.160	7.912	16.562	33	535	15.2	3.0	CCCCCCCHCCCHCCHCCCCCHECCCCCCCCCHC	0
4300	5.843	8.051	8.183	33	535	6.1	9.1	CEECECCHCCCCCCCCCCCCCCCCCCCCCHCCC	1
4301	5.925	8.001	8.329	33	535	15.2	9.1	CCEHECEHCCCCCCCCHCCCHCCCCCCCCHCCC	1
4302	5.806	8.140	8.532	33	535	18.2	15.2	CCEHECEHCCCCCEHCHCCCHCCCCCCECHCCC	1
4303	5.849	8.174	8.179	33	535	15.2	15.2	CCECECEHCCHCCEHCCCCCHCCCCCCECHCCC	1
4304	5.823	8.066	8.421	33	535	9.1	6.1	CCEHECCHCCCCCCCCCCCCCCCCCCCCCHCCC	1
4305	5.857	8.069	8.126	33	535	9.1	15.2	CEECECEHCCCCCECCHCCCCCCCCCCCCHCCC	1
4306	5.794	8.017	8.676	33	535	9.1	15.2	CCECECEHCCCCCECHCCCCCCCCCCCECHCCC	1
4307	5.811	8.108	7.512	33	535	9.1	9.1	CCECECEHCCCCCCHCCCCCCCCCCCCCCHCCC	1
4308	9.227	7.816	16.183	33	535	15.2	3.0	CECCCCCHCCCHCCHCCCCCHCCCCCCCCCCHC	0
4309	9.342	7.875	16.294	33	535	15.2	9.1	CCCCCECHCCCHECHCCCCCHECCCCCCCCCHC	0
4310	9.281	7.917	16.703	33	535	12.1	15.2	CECCCCCHCCECECHECCCCHECCCCCCCCCHC	0
4311	9.367	7.870	16.958	33	535	12.1	15.2	CECCCCCCECCHECHCCCCCHCCCCCCECCEHC	0
4312	5.917	8.162	9.077	33	535	6.1	9.1	CCECECEHCCCCCCCCCCCCCCCCCCCCCHCCC	1
4313	5.916	7.986	8.151	33	535	6.1	12.1	CCECECEHCCCCCECCCCCCCCCCCCCCCHCCC	1
4314	9.442	7.866	17.193	33	535	12.1	15.2	CECCCECHCCCCCCHECCCCHCCCCCCECCEHC	0
4315	9.364	7.872	16.948	33	535	15.2	15.2	CCCCCCCHCCCHECHECCCCHECCCCCECCEHC	0
4316	9.456	7.876	16.609	33	535	9.1	12.1	CECCCCCHECEHCCHCCCCCCCCCCCCCCCECC	0
4317	9.363	7.835	16.679	33	535	15.2	9.1	CECCCCCHCCEHCCHCCCCCHECCCCCCCCCHC	0
4318	9.344	7.830	16.171	33	535	15.2	12.1	CCCCCCCHCCEHECHCCCCCHCCCCCCECCEHC	0
4319	9.377	7.852	16.129	33	535	15.2	9.1	CCCCCECHECCHCCHCCCCCHCCCCCCECCCHC	0
4320	9.357	7.946	16.918	33	535	15.2	12.1	CECCCCCHECEHCCHCCECCHCCCCCCCCCCHC	0
4321	9.229	7.842	17.106	33	535	15.2	15.2	CECCCCCHCCEHECHCCCCCHECCCCCCCCEHC	0
4322	5.925	8.151	7.948	33	535	12.1	9.1	CCEHECCHCCCCCEHCHCCCCCCCCCCCCCCCC	1
4323	5.985	8.078	7.937	33	535	12.1	12.1	CCECECCHCCHCCECCCCCCCCCCCHCECHCCC	1
4324	9.265	7.817	16.483	33	535	15.2	15.2	CCCCCECHECCHCCHCCECCHECCCCCECCCHC	0
4325	9.327	7.752	16.511	33	535	15.2	15.2	CECCCECHCCEHCCHECCCCHCCCCCCECCCHC	0
4326	9.259	7.824	15.743	33	535	15.2	18.2	CCCCCECHCCEHECHCCCCCHECCCCCECCEHC	0
4327	9.295	7.882	16.150	33	535	12.1	9.1	CCCCCCCHCCEHCCHCCCCCHECCCCCCCCECC	0
4328	5.987	8.090	7.198	33	535	12.1	12.1	CCECCCEHCCCCCEHHCCCCCCCCCCCECHCCC	1
4329	5.935	8.035	8.428	33	535	12.1	9.1	CCEHECCHCCCCCCCCHCCCCCCCCCCECHCCC	1
4330	5.928	8.064	9.208	33	535	9.1	9.1	CCECECEHCCCCCCCCHCCCCCCCCCCCCHCCC	1
4331	5.884	8.079	8.864	33	535	12.1	12.1	CCECECEHCCCCCEHCHCCCCCCCCCCCCHCCC	1
4332	5.887	8.125	8.938	33	535	15.2	9.1	CCEHECEHCCCCCCHCHCCCCCCCCCCCCHCCC	1
4333	5.851	8.132	8.960	33	535	15.2	12.1	CCEHECEHCCHCCCCCHCCCCCCCCCCECHCCC	1
4334	5.858	8.090	8.210	33	535	12.1	6.1	CCECCCEHCCHCCCCCHCCCCCCCCCCCCHCCC	1
4335	6.052	8.037	8.571	33	535	9.1	9.1	CCECECEHCCHCCCCCCCCCHCCCCCCCCCCCC	1
4336	6.451	7.788	16.002	33	535	12.1	0.0	CCCCHHHHCCCCCCCCCCCCCCCCCCCCCCCCC	2
4337	6.461	7.713	15.561	33	535	21.2	0.0	CHCCCCCHCCCCCCCCCCHCHCCHCCCCCCHHC	2
4338	6.571	7.714	15.864	33	535	21.2	6.1	CHCCCCCHCCECCCCCCCHCHCCCCHCCCEHHC	2
4339	6.442	7.685	16.036	33	535	21.2	6.1	CHCCHCCCECCCCCCCCCHCHCCCCHCECCHHC	2
4340	6.602	7.732	15.483	33	535	21.2	6.1	CHCCCCCHCCECCCCCCCHCHCCCCHCECCHHC	2
4341	6.524	7.612	15.724	33	535	12.1	0.0	CCCCHHHHCCCCCCCCCCCCCCCCCCCCCCCCC	2
4342	6.464	7.644	15.699	33	535	18.2	3.0	CHCCCCCHCCECCCCCCCHCHCCCCCCCCCHHC	2
4343	6.571	7.733	16.194	33	535	15.2	3.0	CHCCCCCHCCCCCCCCCCCCHCCCCCCCCEHHC	2
4344	9.150	7.867	15.975	33	535	12.1	18.2	CECCCECCCCEHCCHCCCCCHECCCCCECCEHC	0
4345	9.137	7.775	14.961	33	535	12.1	18.2	CCCCCECCCCEHECHCCECCHECCCCCCCCEHC	0
4346	5.893	8.208	8.110	33	535	9.1	9.1	CCECECEHCCCCCCCCHCCCCCCCCCCCCHCCC	1
4347	5.896	8.219	7.898	33	535	15.2	9.1	CCEHECCHCCCCCEHCHCCCCCCCCCCCCHCCC	1
4348	5.896	8.159	8.426	33	535	12.1	15.2	CCEHECEHCCCCCEHCCCCCCCCCCCCECHCCC	1
4349	5.902	8.151	8.557	33	535	12.1	12.1	CCECECCHCCHCCEHCCCCCCCCCCCCECHCCC	1
4350	5.978	8.185	8.307	33	535	9.1	12.1	CCECECEHCCCCCECCCCCCHCCCCCCCCHCCC	1
4351	5.898	8.094	8.385	33	535	9.1	12.1	CCECECEHCCCCCECCHCCCCCCCCCCCCHCCC	1
4352	6.507	7.715	15.863	33	535	27.3	3.0	CHCCHCCHCCCCCCCCCCHCHCCHCHCECCHHC	2
4353	6.575	7.603	15.276	33	535	21.2	3.0	CHCCCCCHCCCCCECCCCHCHCCHCCCCCCHHC	2
4354	6.031	8.156	8.498	33	535	6.1	9.1	CCECECCHCCCCCCCCHCCCCCCCCCCECCCCC	1
4355	6.046	8.044	8.286	33	535	9.1	12.1	CCEHECEHCCCCCEHCCCCCCCCCCCCCCCCCC	1
4356	9.133	7.883	16.297	33	535	15.2	12.1	CCCCCECHCCEHCCHECCCCHCCCCCCCCCEHC	0
4357	9.296	7.871	17.192	33	535	12.1	9.1	CECCCCCHCCCHECHCCCCCCECCCCCCCCCHC	0
4358	9.234	7.835	16.331	33	535	15.2	9.1	CCCCCCCHCCCHECHCCCCCHCCCCCCECCEHC	0
4359	9.256	7.858	15.916	33	535	15.2	6.1	CCCCCCCHCCCHCCHCCECCHCCCCCCCCCEHC	0
4360	9.350	7.849	15.734	33	535	15.2	9.1	CCCCCECHCCCHCCHCCCCCHECCCCCCCCEHC	0
4361	9.270	7.787	15.417	33	535	15.2	18.2	CCCCCECHCCEHECHCCCCCHECCCCCECCEHC	0
4362	9.413	7.783	15.392	33	535	15.2	3.0	CCCCCCCHCCCHECHCCCCCHCCCCCCCCCCHC	0
4363	9.276	7.792	15.184	33	535	15.2	9.1	CCCCCCCHCCEHCCHCCECCHECCCCCCCCCHC	0
4364	9.289	7.792	15.165	33	535	15.2	12.1	CCCCCCCHCCEHECHCCCCCHCCCCCCECCEHC	0
4365	9.322	7.771	15.323	33	535	15.2	9.1	CCCCCECHCCEHCCHCCCCCHCCCCCCECCCHC	0
4366	9.310	7.813	16.420	33	535	15.2	9.1	CCCCCECHCCEHECHCCCCCHCCCCCCCCCCHC	0
4367	9.294	7.817	16.158	33	535	15.2	3.0	CCCCCCCHCCCHCCHCCCCCHECCCCCCCCCHC	0
4368	9.098	7.797	15.646	33	535	12.1	18.2	CECCCECHECCHECCCCCCCHECCCCCCCCEHC	0
4369	9.160	7.817	15.072	33	535	15.2	9.1	CCCCCCCHCCEHCCHCCCCCHECCCCCECCCHC	0
4370	8.990	7.787	14.193	33	535	12.1	0.0	CCCCCCCCCCCHCCHCCCCCHCCCCCCCCCCHC	0
4371	9.063	7.786	15.390	33	535	9.1	6.1	CCCCCCCCCCCCCCHCCCCCHECCCCCCCCEHC	0
4372	6.602	7.583	15.359	33	535	18.2	3.0	CHCCCCCHCCCCCCCCCCHCHCCCCCCCCEHHC	2
4373	6.618	7.653	15.656	33	535	21.2	3.0	CHCCCCCHCCECCCCCCCHCHCCCCHCCCCHHC	2
4374	9.081	7.836	14.239	33	535	9.1	12.1	CCCCCECCCCCCCCHCCECCHECCCCCCCCEHC	0
4375	8.945	7.818	14.669	33	535	12.1	12.1	CCCCCCCCCCCHECHCCCCCHECCCCCECCEHC	0
4376	8.865	7.768	14.827	33	535	9.1	12.1	CCCCCECCCCCCECHCCCCCHECCCCCCCCEHC	0
4377	8.968	7.847	14.861	33	535	12.1	9.1	CCCCCECCCCCHCCHCCCCCHECCCCCCCCEHC	0
4378	8.984	7.803	14.706	33	535	9.1	9.1	CCCCCCCCCCCCECHCCCCCHECCCCCCCCEHC	0
4379	9.070	7.803	14.743	33	535	12.1	9.1	CCCCCECCCCCHECHCCCCCHECCCCCCCCCHC	0
4380	6.057	8.196	8.361	33	535	12.1	9.1	CEEHECCHCCCCCCCCCCCCHCCCCCCCCHCCC	1
4381	6.080	8.113	9.718	33	535	15.2	15.2	CEEHECEHCCCCCCCCHCCCHCCCCCCECHCCC	1
4382	9.179	7.786	16.471	33	535	15.2	15.2	CECCCECHCCCHCCHCCECCHECCCCCCCCEHC	0
4383	9.148	7.786	16.226	33	535	15.2	9.1	CCCCCCCHCCCHCCHCCECCHCCCCCCECCEHC	0
4384	9.016	7.823	16.218	33	535	12.1	18.2	CECCCCCCECCHECHCCCCCHECCCCCECCEHC	0
4385	9.131	7.836	15.865	33	535	12.1	12.1	CCCCCCCHECCCCCHCCECCHECCCCCCCCEHC	0
4386	9.147	7.832	16.548	33	535	15.2	15.2	CCCCCECHECCHCCHCCECCHCCCCCCECCEHC	0
4387	9.153	7.827	16.083	33	535	15.2	15.2	CECCCECHCCCHECHCCCCCHECCCCCCCCEHC	0
4388	9.245	7.860	16.663	33	535	15.2	12.1	CCCCCECHECCHCCHCCCCCHCCCCCCECCEHC	0
4389	9.252	7.798	17.152	33	535	15.2	12.1	CECCCECHECCHCCHECCCCHCCCCCCCCCCHC	0
4390	6.112	8.130	9.774	33	535	9.1	18.2	CCECECEHCCCCCECHCCCCCCCCCCHECECCC	1
4391	6.021	8.219	10.065	33	535	15.2	12.1	CCECECEHCCCCCEHCHCCCHCCCCCHCCCCCC	1
4392	9.209	7.779	16.277	33	535	15.2	9.1	CECCCCCHCCCHCCHCCCCCHCCCCCCECCEHC	0
4393	9.170	7.825	16.063	33	535	12.1	3.0	CCCCCCCCCCCHCCHECCCCHCCCCCCCCCCHC	0
4394	6.491	7.577	15.385	33	535	12.1	0.0	CCCCHHHHCCCCCCCCCCCCCCCCCCCCCCCCC	2
4395	6.520	7.668	16.364	33	535	12.1	0.0	CCCCHHHHCCCCCCCCCCCCCCCCCCCCCCCCC	2
4396	5.919	8.199	8.142	33	535	12.1	12.1	CCEHECEHCCCCCECHCCCCCCCCCCCCCHCCC	1
4397	5.836	8.177	8.288	33	535	12.1	12.1	CCEHECEHCCCCCECHCCCCCCCCCCCCCHCCC	1
4398	5.880	8.092	8.066	33	535	9.1	9.1	CCEHECCHCCCCCECCCCCCCCCCCCCCCHCCC	1
4399	5.883	8.120	8.571	33	535	15.2	12.1	CCECECEHCCHCCEHCCCCCHCCCCCCCCHCCC	1
4400	9.106	7.831	16.369	33	535	18.2	9.1	CCCCCCCHECCHECHECCCCHCCHCCCCCCCHC	0
4401	9.197	7.913	16.757	33	535	12.1	18.2	CECCCCCHECCCCCHECCCCHECCECCCCCEHC	0
4402	9.257	7.812	16.258	33	535	12.1	6.1	CCCCCCCHECCCCCHCCCCCHCCCECCCCCCHC	0
4403	9.120	7.823	16.281	33	535	12.1	12.1	CECCCECHCCCCECHCCCCCHECCCCCCCCCHC	0
4404	9.217	7.794	15.874	33	535	15.2	12.1	CCCCCECHECCHCCHCCCCCHECCCCCECCCHC	0
4405	9.240	7.871	16.259	33	535	12.1	6.1	CCCCCCCHECCCCCHCCCCCHECCCCCCCCCHC	0
4406	9.300	7.867	15.923	33	535	12.1	18.2	CECCCECHECCCCCHCCCCCHECCECCCCCEHC	0
4407	9.257	7.878	16.976	33	535	15.2	15.2	CECCCCCHECCCCCHCCCCCHECHCCCECCEHC	0
4408	9.208	7.722	16.454	33	535	9.1	9.1	CCCCCECHCCCCCCHCCCCCHCCCCCCECCECC	0
4409	9.190	7.879	17.308	33	535	18.2	6.1	CECCCCCHCCCHECHCCCCCHCCHCCCCCCCHC	0
4410	9.378	7.912	17.337	33	535	9.1	9.1	CCCCCCCHCCCCECHCCCCCHCCCECCCCCECC	0
4411	9.078	7.866	17.637	33	535	15.2	15.2	CECCCCCCECCHCCHCCCCCHECHECCCCCEHC	0
4412	9.008	7.807	17.073	33	535	15.2	6.1	CCCCCCCHCCCHCCHCCCCCHCCCECCCCCEHC	0
4413	9.052	7.742	16.772	33	535	15.2	15.2	CECCCECHECCHCCHCCCCCHECCCCCECCCHC	0
4414	9.019	7.864	16.273	33	535	15.2	15.2	CECCCECHCCCHECHCCCCCHCCCECCECCCHC	0
4415	9.083	7.910	16.263	33	535	12.1	9.1	CECCCCCHCCCCECHCCCCCHCCCCCCCCCEHC	0
4416	9.152	7.862	15.739	33	535	15.2	15.2	CCCCCECHECCHECHCCCCCHCCCCCCECCEHC	0
4417	9.200	7.770	15.837	33	535	18.2	12.1	CECCCECHCCCHCCHECCCCHCCHCCCCCCEHC	0
4418	6.491	7.650	15.705	33	535	12.1	0.0	CCCCHHHHCCCCCCCCCCCCCCCCCCCCCCCCC	2
4419	6.521	7.582	15.556	33	535	18.2	0.0	CHCCCCCHCCCCCCCCCCHCHCCCCCCCCCHHC	2
4420	9.098	7.815	16.279	33	535	15.2	9.1	CCCCCECHCCCHECHCCCCCHCCCECCCCCCHC	0
4421	9.204	7.885	17.594	33	535	18.2	9.1	CECCCCCHCCCHECHECCCCHCCHCCCCCCCHC	0
4422	9.235	7.836	17.150	33	535	18.2	15.2	CCCCCECHECCHECHCCCCCHCCHECCECCCHC	0
4423	9.230	7.780	17.078	33	535	15.2	18.2	CECCCECHECCHCCHCCCCCHECCCCCECCEHC	0
4424	6.018	8.125	8.898	33	535	6.1	12.1	CCECECCHCCCCCECHCCCCCCCCCCCECCCCC	1
4425	5.983	8.108	8.711	33	535	12.1	9.1	CCEHECEHCCCCCCCHCCCCHCCCCCCCCCCCC	1
4426	6.141	8.087	9.758	33	535	6.1	15.2	CCECECEHCCCCCCCHCCCCCCCCCCCECECCC	1
4427	6.011	8.086	9.817	33	535	6.1	9.1	CCECECEHCCCCCCCCHCCCCCCCCCCCCCCCC	1
4428	9.106	7.809	16.201	33	535	12.1	12.1	CCCCCCCCCCCHECHECCCCHCCCCCCECCEHC	0
4429	9.267	7.749	15.564	33	535	9.1	6.1	CCCCCCCCCCCHCCHCCCCCHCCCCCCECCECC	0
4430	5.827	8.062	8.818	33	535	9.1	12.1	CCEHECEHCCHCCECCCCCCCCCCCCCCCCCCC	1
4431	5.901	7.936	7.189	33	535	12.1	15.2	CCECECEHCCHCCECCHCCCCCCCCCCECHCCC	1
4432	9.248	7.899	17.145	33	535	12.1	9.1	CCCCCCCCCCCHCCHCCCECHECCCCCECCCHC	0
4433	9.272	7.864	16.763	33	535	12.1	3.0	CCCCCCCCCCCHECHCCCCCHCCCCCCCCCCHC	0
4434	9.344	7.780	16.675	33	535	12.1	3.0	CCCCCCCCCCCHCCHECCCCHCCCCCCCCCCHC	0
4435	9.280	7.812	15.888	33	535	9.1	9.1	CECCCCCCECCCCCHCCCECHCCCCCCCCCCHC	0
4436	9.173	7.886	16.234	33	535	12.1	9.1	CECCCCCCCCCHCCHECCCCHECCCCCCCCCHC	0
4437	9.364	7.864	15.919	33	535	9.1	9.1	CECCCCCCECCCCCHCCCCCHECCCCCCCCCHC	0
4438	5.974	8.092	8.382	33	535	9.1	12.1	CCEHECEHCCCCCCCCHCCCCCCCCCCECCCCC	1
4439	5.954	8.186	7.968	33	535	9.1	12.1	CEECECEHCCCCCCCCHCCCHCCCCCCCCCCCC	1
4440	9.263	7.936	16.525	33	535	12.1	6.1	CCCCCCCCCCCHCCHECCCCHCCCCCCECCCHC	0
4441	9.355	7.905	16.187	33	535	12.1	12.1	CCCCCECCCCCHECHCCCCCHECCCCCCCCEHC	0
4442	9.238	7.909	16.030	33	535	9.1	12.1	CECCCCCCCCCCECHCCCCCHECCCCCECCCHC	0
4443	9.258	7.907	15.640	33	535	9.1	15.2	CCCCCECCCCCCECHECCCCHECCCCCCCCEHC	0
4444	5.666	8.153	8.027	33	535	15.2	9.1	CCEHECCHCCCCCECCHCCCHCCCCCCCCHCCC	1
4445	5.656	8.135	6.521	33	535	12.1	12.1	CCEHECEHCCCCCCCCCCCCHCCCCCCECHCCC	1
4446	6.508	7.646	15.826	33	535	12.1	0.0	CCCCHHHHCCCCCCCCCCCCCCCCCCCCCCCCC	2
4447	6.490	7.772	16.649	33	535	18.2	6.1	CHCCCCCHECCCCCCCCCHCHCCHCCCCCEHCC	2
4448	9.441	7.760	15.168	33	535	9.1	9.1	CCCCCECHECCCCCHCCCCCHCCCCCCCCCECC	0
4449	9.446	7.849	16.527	33	535	12.1	6.1	CCCCCCCHECCCECHCCCCCHCCCCCCCCCCHC	0
4450	5.700	8.064	7.459	33	535	12.1	9.1	CCEHECCHCCCCCECCHCCCCCCHCCCCCCCCC	1
4451	5.808	8.112	8.425	33	535	15.2	18.2	CEEHECEHCCCCCECCHCCCHCCCCCCECHCCC	1
4452	9.198	7.837	15.220	33	535	15.2	15.2	CCCCCCCHECCHECHECCCCHECCCCCCCCEHC	0
4453	9.393	7.857	15.603	33	535	12.1	12.1	CCCCCCCHECCCCCHCCCCCHECCCCCECCEHC	0
4454	9.269	7.883	16.146	33	535	12.1	9.1	CCCCCECHECCCCCHCCCCCHCCCCCCCCCEHC	0
4455	9.376	7.839	16.218	33	535	12.1	9.1	CCCCCECHECCCCCHCCCCCHCCCCCCCCCEHC	0
4456	5.845	8.121	9.036	33	535	6.1	12.1	CCECECEHCCCCCCCCHCCCCCCCCCCECCCCC	1
4457	5.867	8.029	8.848	33	535	9.1	9.1	CCEHECEHCCCCCCCCCCCCCCCHCCCCCCCCC	1
4458	9.253	7.791	16.256	33	535	15.2	15.2	CCCCCCCHECCHECHCCCCCHECCCCCECCEHC	0
4459	9.330	7.875	15.974	33	535	12.1	12.1	CCCCCECHECCHCCHCCCECHECCCCCCCCCCC	0
4460	5.872	8.101	8.739	33	535	6.1	12.1	CEEHECEHCCCCCCCCCCCCCCCCCCCCCCCCC	1
4461	5.886	7.990	8.409	33	535	6.1	12.1	CCEHECEHCCCCCCCCCCCCCCCCCCCECCCCC	1
4462	5.798	8.138	9.130	33	535	9.1	9.1	CCEHECCHCCCCCECCHCCCCCCCCCCCCCCCC	1
4463	5.780	8.154	9.418	33	535	9.1	12.1	CCEHECEHCCCCCCHCCCCCCCCCCCCECCCCC	1
4464	5.818	8.192	9.035	33	535	12.1	6.1	CCEHECCHCCCCCCCCHCCCCCCCCHCCCCCCC	1
4465	5.783	8.023	7.451	33	535	6.1	15.2	CEEHECEHCCCCCECCCCCCCCCCCCCCCCCCC	1
4466	6.628	7.684	16.092	33	535	15.2	6.1	CHCCCCCHCCCCCCCCCCHCHCCCCCCECEHCC	2
4467	6.707	7.685	15.713	33	535	18.2	3.0	CHCCCCCHCCECCCCCCCHCHCCHCCCCCCHCC	2
4468	5.859	8.167	8.274	33	535	6.1	15.2	CEECECEHCCCCCEHCCCCCCCCCCCCCCCCCC	1
4469	5.919	8.107	9.058	33	535	6.1	15.2	CEECECEHCCCCCEHCCCCCCCCCCCCCCCCCC	1
4470	5.889	8.155	8.350	33	535	6.1	12.1	CCECECCHCCCCCECCCCCCCCCCCCCECHCCC	1
4471	5.969	8.170	9.152	33	535	15.2	6.1	CCEHECCHCCHCCCCCCCCCHCCCCCCCCHCCC	1
4472	6.002	8.133	7.803	33	535	15.2	15.2	CCECECEHCCHCCECCHCCCCCCHCHCECCCCC	1
4473	5.959	7.976	7.721	33	535	15.2	15.2	CEECECEHCCCCCEHCHCCCCCCHCCCCCHCCC	1
4474	5.881	8.072	7.999	33	535	15.2	12.1	CCEHECEHCCHCCEHCCCCCCCCCCCCCCHCCC	1
4475	5.842	8.088	7.626	33	535	6.1	9.1	CCECECEHCCCCCCCCHCCCCCCCCCCCCCCCC	1
4476	5.795	8.048	7.506	33	535	9.1	12.1	CCECECEHCCCCCCCCHCCCHCCCCCCECCCCC	1
4477	5.830	8.075	8.490	33	535	15.2	15.2	CCEHECEHCCHCCEHCCCCCCCCCCHCECCCCC	1
4478	9.082	7.765	14.860	33	535	9.1	12.1	CCCCCCCCECCHECHCCCCCCECCCCCCCCEHC	0
4479	9.117	7.818	15.622	33	535	9.1	15.2	CCCCCECCCCCCECHCCCCCHECCCCCECCEHC	0
4480	9.028	7.812	14.496	33	535	12.1	15.2	CCCCCCCHECCHECHCCCCCHECCCCCECCECC	0
4481	9.043	7.714	14.318	33	535	12.1	12.1	CCCCCECHECCCCCHCCCCCHECCCCCCCCEHC	0
4482	5.789	8.049	7.550	33	535	6.1	15.2	CCECECEHCCCCCECCCCCCCCCCCCCECHCCC	1
4483	5.882	8.061	7.485	33	535	12.1	9.1	CCEHECCHCCCCCEHCHCCCCCCCCCCCCCCCC	1
4484	5.876	8.185	8.965	33	535	3.0	12.1	CCECECEHCCCCCCCCCCCCCCCCCCCECCCCC	1
4485	5.942	8.119	9.518	33	535	6.1	12.1	CCEHECEHCCCCCCCCCCCCCCCCCCCECCCCC	1
4486	5.908	8.029	9.172	33	535	9.1	9.1	CCECECCHCCCCCCCCHCCCHCCCCCCECCCCC	1
4487	5.950	8.127	7.413	33	535	6.1	9.1	CCECECEHCCCCCCCCCCCCCCCCCCCCCHCCC	1
4488	9.000	7.782	14.738	33	535	6.1	9.1	CCCCCCCCECCCECHCCCCCHCCCCCCECCCCC	0
4489	9.006	7.742	14.325	33	535	9.1	3.0	CCCCCCCHECCCCCHCCCCCHCCCCCCCCCCCC	0
4490	9.015	7.694	13.624	33	535	9.1	9.1	CCCCCCCCECCCCCHCCCCCHECHCCCECCCCC	0
4491	9.019	7.737	14.114	33	535	9.1	3.0	CCCCCCCCCCCCECHCCCCCHCCHCCCCCCCCC	0
4492	9.003	7.637	13.709	33	535	12.1	6.1	CCCCCECCCCCHECHCCCCCHCCHCCCCCCCCC	0
4493	8.963	7.795	14.277	33	535	9.1	9.1	CECCCCCCECCCCCHCCCCCHECHCCCCCCCCC	0
4494	9.060	7.778	13.884	33	535	6.1	6.1	CCCCCCCCCCCCCCHCCCCCHECCECCCCCCCC	0
4495	8.960	7.696	14.423	33	535	18.2	3.0	CCCCCCCHCCCHECHCCCCCHCCHCCCCCCCHC	0
4496	8.880	7.779	14.029	33	535	12.1	3.0	CCCCCCCHCCCCCCHCCCCCHECHCCCCCCCCC	0
4497	8.950	7.765	14.350	33	535	15.2	6.1	CCCCCCCHCCCCCCHCCECCHECHCCCCCCCHC	0
4498	9.088	7.780	15.025	33	535	12.1	12.1	CECCCCCHECCCECHCCCCCHCCHCCCECCCCC	0
4499	9.099	7.787	15.999	33	535	18.2	9.1	CECCCCCHECCHECHCCCCCHCCHCCCCCCCHC	0
4500	9.006	7.707	15.516	33	535	12.1	6.1	CCCCCCCHCCCCCCHCCCCCCCCHECCCCCEHC	0
4501	9.005	7.734	15.318	33	535	9.1	6.1	CCCCCCCCCCCCECHCCCCCHECHCCCCCCCCC	0
4502	6.082	8.126	8.402	33	535	12.1	15.2	CCEHECEHCCCCCECCHCCCCCCCCCHECCCCC	1
4503	5.896	8.087	7.124	33	535	9.1	15.2	CEECECEHCCCCCECCHCCCCCCCCCHCCCCCC	1
4504	9.130	7.759	14.935	33	535	15.2	6.1	CCCCCCCHECCCCCHCCCCCHECHCCCCCCCHC	0
4505	9.023	7.702	14.703	33	535	15.2	18.2	CECCCCCHECCHCCHCCCCCHECHECCECCECC	0
4506	9.006	7.644	15.248	33	535	12.1	6.1	CCCCCCCHCCCHCCHCCCCCHECCCCCCCCECC	0
4507	9.188	7.634	14.344	33	535	12.1	9.1	CCCCCCCHECCCECHCCCCCHCCHCCCECCCCC	0
4508	9.127	7.643	14.880	33	535	12.1	9.1	CCCCCCCHCCCCECHCCECCHECHCCCCCCCCC	0
4509	9.098	7.718	14.744	33	535	12.1	12.1	CCCCCCCHECCCECHCCCCCHECHCCCECCCCC	0
4510	8.993	7.698	15.203	33	535	15.2	6.1	CCCCCCCHCCCHCCHCCCCCHECHCCCCCCECC	0
4511	8.961	7.759	15.268	33	535	15.2	6.1	CCCCCCCHCCCHCCHCCECCHECHCCCCCCCCC	0
4512	8.994	7.713	15.130	33	535	18.2	9.1	CCCCCCCHECCHCCHCCCCCHECHCCCECCCHC	0
4513	9.001	7.713	14.732	33	535	12.1	9.1	CCCCCCCHECCHECHCCCCCHECCCCCCCCCCC	0
4514	9.030	7.718	14.716	33	535	15.2	15.2	CCCCCCCHECCHCCHCCECCHECCCCCECCEHC	0
4515	9.160	7.802	15.315	33	535	12.1	9.1	CCCCCCCHECCCECHCCCCCHECCCCCCCCCHC	0
4516	9.157	7.730	14.334	33	535	12.1	6.1	CCCCCCCHECCCCCHCCCCCHECCCCCCCCCHC	0
4517	9.261	7.868	15.707	33	535	15.2	12.1	CCCCCCCHECCHCCHCCECCHECCCCCCCCEHC	0
4518	9.254	7.765	15.069	33	535	12.1	3.0	CCCCCCCHECCCCCHCCCCCHCCCCCCCCCCHC	0
4519	9.206	7.836	16.694	33	535	15.2	6.1	CCCCCCCHCCCHECHCCCCCHECCCCCCCCCHC	0
4520	9.191	7.900	16.436	33	535	12.1	15.2	CECCCCCHCCCCECHCCECCHECCCCCECCCHC	0
4521	9.253	7.860	16.266	33	535	12.1	6.1	CCCCCCCHCCCCECHCCECCHCCCCCCCCCCHC	0
4522	9.225	7.878	16.544	33	535	9.1	12.1	CECCCCCHECCCCCHCCECCHECCCCCCCCCCC	0
4523	9.253	7.922	17.011	33	535	9.1	6.1	CECCCCCHCCCCCCHCCECCCCCCCCCCCCCHC	0
4524	9.356	7.858	16.608	33	535	12.1	15.2	CECCCECHECCCECHCCCCCHCCCCCCECCCHC	0
4525	9.239	7.778	16.328	33	535	15.2	9.1	CCCCCCCHECCHCCHCCCCCHECCCCCECCCHC	0
4526	6.781	7.787	16.483	33	535	15.2	6.1	CCCCCCCHCCCCCCCCCCHCCCCCCHCECEHHC	2
4527	6.589	7.714	16.719	33	535	18.2	3.0	CHCCCCCHCCCCCCCCCHHCHCCCCCCCCEHCC	2
4528	6.762	7.679	16.715	33	535	18.2	6.1	CCCCCCCHCCCCCCCCCCHCHCCCCHCECEHHC	2
4529	6.630	7.764	16.412	33	535	12.1	0.0	CCCCHHHHCCCCCCCCCCCCCCCCCCCCCCCCC	2
4530	6.091	8.225	8.837	33	535	6.1	15.2	CCECECEHCCCCCECCCCCCCCCHCCCECCCCC	1
4531	6.051	8.103	8.119	33	535	18.2	21.2	CEECECEHCCHCCEHCHCCCHCCCCCHECECCC	1
4532	9.270	7.874	14.240	33	535	12.1	3.0	CCCCCECHCCCCCCCCCCCCHCCHCCCCCCCHC	0
4533	9.242	7.809	14.913	33	535	15.2	6.1	CECCCCCHCCCCCCHCCECCHCCHCCCCCCCHC	0
4534	9.279	7.752	15.437	33	535	15.2	9.1	CCCCCCCCCCCHECHCCCCCHECHCCCECCCHC	0
4535	9.246	7.831	14.432	33	535	9.1	9.1	CCCCCCCCCCCCCCHCCECCHECCCCCECCCHC	0
4536	9.200	7.821	15.523	33	535	15.2	18.2	CECCCCCHECCHECHCCECCHECCCCCECCCHC	0
4537	9.318	7.803	15.289	33	535	12.1	6.1	CCCCCCCHECCCCCHCCECCHCCCCCCCCCCHC	0
4538	6.669	7.641	15.337	33	535	12.1	0.0	CCCCHHHHCCCCCCCCCCCCCCCCCCCCCCCCC	2
4539	6.646	7.726	15.545	33	535	12.1	0.0	CCCCHHHHCCCCCCCCCCCCCCCCCCCCCCCCC	2
4540	9.293	7.773	14.957	33	535	15.2	9.1	CCCCCCCHCCCCECHCCCCCHECHECCCCCCHC	0
4541	9.282	7.707	14.718	33	535	12.1	15.2	CECCCECHECCCECHCCCCCHCCCCCCECCCHC	0
4542	5.965	8.162	7.567	33	535	12.1	9.1	CCEHECEHCCCCCCHHCCCCCCCCCCCCCCCCC	1
4543	6.043	8.192	7.297	33	535	12.1	12.1	CCECECEHCCHCCCHHCCCCCCCCCCCECCCCC	1
4544	6.594	7.702	16.655	33	535	12.1	0.0	CCCCHHHHCCCCCCCCCCCCCCCCCCCCCCCCC	2
4545	6.550	7.682	17.004	33	535	21.2	3.0	CHCCCCCHCCCCCCCCCCHCHCCCCHCCCEHHC	2
4546	9.231	7.785	15.827	33	535	15.2	9.1	CECCCECHCCCHCCHCCCCCHCCCCCCECCCHC	0
4547	9.317	7.792	16.425	33	535	15.2	9.1	CCCCCCCHCCCHECHCCECCHCCCECCCCCCHC	0
4548	9.312	7.791	15.089	33	535	15.2	9.1	CCCCCECHCCCCCCHCCCCCHECHCCCECCCHC	0
4549	9.235	7.753	15.362	33	535	18.2	12.1	CCCCCECHCCCHCCHCCCCCHECHECCECCCHC	0
4550	9.233	7.786	15.330	33	535	12.1	6.1	CCCCCCCCECCHCCHCCCCCHECCCCCCCCCHC	0
4551	9.304	7.693	16.053	33	535	15.2	12.1	CECCCECHCCCCCCHCCCCCHECHCCCCCCEHC	0
4552	6.571	7.752	16.259	33	535	21.2	6.1	CHCCCCCHCCCCCHCCCCHCHCCCCCCECEHHC	2
4553	6.704	7.665	15.605	33	535	12.1	0.0	CCCCHHHHCCCCCCCCCCCCCCCCCCCCCCCCC	2
4554	6.619	7.555	15.672	33	535	15.2	9.1	CHCCCCCHCCECCCCCCCHCCCCCCCCECEHHC	2
4555	6.592	7.597	15.146	33	535	24.2	0.0	CHCCCCCHCCCCCHCCCCHCHCCHCCCCCCHHC	2
4556	6.678	7.644	15.750	33	535	12.1	0.0	CCCCHHHHCCCCCCCCCCCCCCCCCCCCCCCCC	2
4557	6.602	7.656	15.918	33	535	21.2	3.0	CHCCCCCHECCCCCCCCCHCCCCHCHCCCCHHC	2
4558	6.572	7.622	15.809	33	535	18.2	0.0	CHCCCCCHCCCCCCCCCCHCHCCCCCHCCCHCC	2
4559	6.654	7.569	15.584	33	535	12.1	0.0	CCCCHHHHCCCCCCCCCCCCCCCCCCCCCCCCC	2
4560	5.972	8.176	9.459	33	535	15.2	9.1	CCEHECCHCCCCCCHHCCCCHCCCCCCECCCCC	1
4561	5.940	8.186	9.143	33	535	12.1	9.1	CCECECCHCCHCCCHCCCCCHCCCCCCECCCCC	1
4562	5.933	8.214	8.595	33	535	9.1	6.1	CCEHECCHCCCCCCCHCCCCCCCCCCCCCCCCC	1
4563	5.858	8.140	8.016	33	535	18.2	12.1	CCEHECEHCCHCCCHHCCCCHCCCCCCECCCCC	1
4564	5.897	8.138	7.993	33	535	9.1	15.2	CEEHECEHCCCCCCCHCCCCCCCCCCCECCCCC	1
4565	6.003	8.223	8.389	33	535	15.2	6.1	CCEHECCHCCCCCCHHCCCCCCCCCCCCCHCCC	1
4566	5.948	8.194	8.545	33	535	6.1	12.1	CCEHECEHCCCCCCCCCCCCCCCCCCCECCCCC	1
4567	5.917	8.054	8.019	33	535	6.1	6.1	CCECECCHCCCCCCHCCCCCCCCCCCCCCCCCC	1
4568	5.926	8.102	8.315	33	535	12.1	12.1	CCEHECEHCCCCCCHCCCCCCCCCCCCECHCCC	1
4569	5.994	8.058	7.635	33	535	9.1	12.1	CCECECEHCCHCCCHCCCCCCCCCCCCECCCCC	1
4570	9.273	7.780	16.136	33	535	15.2	21.2	CCCCCECHECCCECHCCECCHECHCCCECCEHC	0
4571	9.229	7.782	15.329	33	535	15.2	15.2	CCCCCECHCCCHECHCCECCHECCCCCECCCHC	0
4572	6.548	7.704	16.637	33	535	21.2	3.0	CHCCCCCHCCCCCHCCCCHCHCCCCCCCCEHHC	2
4573	6.535	7.717	15.792	33	535	12.1	6.1	CCCCCCCHCCECCCCCCCHCCCCCCCCCCEHHC	2
4574	6.591	7.654	15.789	33	535	12.1	0.0	CCCCHHHHCCCCCCCCCCCCCCCCCCCCCCCCC	2
4575	6.569	7.656	15.933	33	535	15.2	0.0	CHCCCCCHCCCCCCCCCCHCCCCCCCCCCCHHC	2
4576	9.263	7.877	15.470	33	535	12.1	9.1	CCCCCECHECCCECHCCCCCHCCCCCCCCCCHC	0
4577	9.254	7.747	15.518	33	535	12.1	15.2	CCCCCECHCCCHECHCCECCHECCCCCCCCECC	0
4578	9.404	7.694	15.358	33	535	15.2	18.2	CCCCCECHECCHECHCCECCHECCCCCECCCHC	0
4579	9.227	7.718	15.689	33	535	15.2	9.1	CECCCCCHCCCCCCHCCECCHECHCCCCCCCHC	0
4580	9.154	7.760	16.235	33	535	15.2	12.1	CCCCCECHECCHECHCCCCCHECCCCCCCCCHC	0
4581	9.274	7.717	15.926	33	535	15.2	12.1	CCCCCECHECCHECHCCCCCHCCCCCCECCCHC	0
4582	5.958	8.196	9.398	33	535	3.0	15.2	CEECECEHCCCCCECCCCCCCCCCCCCCCCCCC	1
4583	6.047	8.065	9.067	33	535	15.2	12.1	CCECECEHCCHCCEHCCCCCCCCCCCHCCHCCC	1
4584	6.714	7.650	15.974	33	535	18.2	6.1	CHCCCCCHCCECCCCCCCHCCCCCCHCCCEHHC	2
4585	6.608	7.616	15.734	33	535	15.2	3.0	CCCCCCCHCCCCCCCCCCHCHCCCCCCCCEHHC	2
4586	6.022	8.358	10.152	33	535	12.1	9.1	CCEHECEHCCCCCCCHCCCCCCCCCCCCCHCCC	1
4587	6.086	8.327	10.572	33	535	12.1	12.1	CCECECEHCCCCCEHHCCCCCCCCCCCCCHCCC	1
4588	5.966	8.258	9.050	33	535	12.1	12.1	CCEHECEHCCCCCEHHCCCCCCCCCCCCCCCCC	1
4589	6.009	8.153	9.184	33	535	6.1	9.1	CEEHECCCCCCCCCHCCCCCCCCCCCCCCCCCC	1
4590	6.467	7.704	15.897	33	535	15.2	0.0	CHCCCCCHCCCCCCCCCCHCCCCCCCCCCCHHC	2
4591	6.387	7.768	15.726	33	535	21.2	0.0	CHCCCCCHCCCCCHCCCCHCHCCCCCCCCCHHC	2
4592	6.095	8.142	7.862	33	535	24.2	12.1	CEEHECEHCCHCCCHHCCCCHCCCCCHCCHCCC	1
4593	6.068	8.186	7.932	33	535	15.2	9.1	CCEHECEHCCHCCCCCHCCCHCCCCCCCCCCCC	1
4594	5.925	8.169	7.336	33	535	9.1	9.1	CCECECEHCCCCCCCHCCCCHCCCCCCCCCCCC	1
4595	5.983	8.058	7.308	33	535	18.2	12.1	CCEHECEHCCHCCCCHCCCCHCCCCCCECHCCC	1
4596	9.105	7.867	15.543	33	535	15.2	18.2	CECCCCCHECCHECHCCECCHECCECCCCCCHC	0
4597	9.129	7.787	15.323	33	535	12.1	6.1	CCCCCCCHECCCCCHCCCCCHECCCCCCCCCHC	0
4598	9.059	7.752	15.109	33	535	15.2	9.1	CCCCCCCHECCHECHCCCCCHCCCCCCECCCHC	0
4599	9.118	7.795	14.205	33	535	15.2	6.1	CCCCCCCHECCHCCHCCECCHCCCCCCCCCCHC	0
4600	9.130	7.765	15.203	33	535	12.1	6.1	CCCCCCCHECCCCCHCCCCCHECCCCCCCCCHC	0
4601	9.142	7.794	14.540	33	535	12.1	6.1	CCCCCCCHCCCCECHCCCCCHECCCCCCCCCHC	0
4602	9.057	7.751	14.393	33	535	15.2	9.1	CCCCCCCHECCCCCHCCECCHECHCCCCCCCHC	0
4603	9.058	7.773	14.529	33	535	12.1	3.0	CCCCCCCHCCCCECHCCCCCHCCCCCCCCCCHC	0
4604	9.087	7.774	14.443	33	535	12.1	18.2	CECCCECHECCCECHCCCCCHECCCCCECCCHC	0
4605	9.175	7.767	13.997	33	535	9.1	12.1	CCCCCCCCCCCCECHCCECCHECCCCCCCCEHC	0
4606	6.007	8.029	8.728	33	535	9.1	18.2	CEEHECEHCCCCCECCCCCCCCCCCCCECHCCC	1
4607	6.119	8.116	7.684	33	535	12.1	9.1	CCEHECCHCCCCCCHCHCCCCCCCCCCECCCCC	1
4608	9.183	7.784	14.700	33	535	18.2	12.1	CCCCCCCHCCCHECHCCECCHECHCCCECCCHC	0
4609	9.340	7.854	15.736	33	535	12.1	9.1	CCCCCCCHECCCCCHCCCCCHECCCCCECCCHC	0
4610	6.036	8.125	8.903	33	535	15.2	6.1	CCEHECCHCCHCCCHCHCCCCCCCCCCCCCCCC	1
4611	6.012	8.138	9.216	33	535	12.1	12.1	CCEHECEHCCCCCECCCCCCHCCCCCCCCHCCC	1
4612	9.269	7.818	17.487	33	535	12.1	12.1	CCCCCCCHECCCCCHCCECCHECCCCCECCCHC	0
4613	9.140	7.803	15.486	33	535	12.1	6.1	CCCCCCCHCCCCCCHCCECCHECCCCCCCCCHC	0
4614	5.963	8.183	8.935	33	535	18.2	15.2	CEEHECEHCCCCCEHCHCCCHCCCCCCCCHCCC	1
4615	6.002	8.192	9.663	33	535	15.2	9.1	CCEHECCHCCCCCECCHCCCHCCCCCCCCHCCC	1
4616	6.629	7.622	16.389	33	535	12.1	0.0	CCCCHHHHCCCCCCCCCCCCCCCCCCCCCCCCC	2
4617	6.729	7.638	16.479	33	535	12.1	0.0	CCCCHHHHCCCCCCCCCCCCCCCCCCCCCCCCC	2
4618	5.851	8.134	8.637	33	535	12.1	18.2	CEEHECEHCCCCCECHCCCCCCCCCCCECHCCC	1
4619	5.979	8.096	10.030	33	535	12.1	9.1	CCEHECCHCCCCCEHCHCCCCCCCCCCCCCCCC	1
4620	9.019	7.798	14.780	33	535	15.2	6.1	CCCCCCCHCCCHECCCCECCHCCHCCCCCCCHC	0
4621	9.023	7.700	14.037	33	535	12.1	12.1	CCCCCECCCCCHECHCCECCHCCCCCCCCCEHC	0
4622	6.013	8.075	8.960	33	535	12.1	6.1	CCEHECCHCCCCCCHHCCCCCCCCCCCCCCCCC	1
4623	5.981	8.088	9.006	33	535	9.1	12.1	CEEHECCHCCCCCCCHCCCCCCCCCCCECCCCC	1
4624	6.818	7.721	16.892	33	535	15.2	6.1	CHCCCCCCCCECCCCCCCHCHCCCCCCECCHHC	2
4625	6.729	7.669	16.136	33	535	12.1	0.0	CCCCHHHHCCCCCCCCCCCCCCCCCCCCCCCCC	2
4626	9.119	7.765	15.980	33	535	15.2	12.1	CCCCCCCHECCCCCHCCECCHECHCCCECCCHC	0
4627	9.231	7.780	15.869	33	535	15.2	6.1	CCCCCCCHECCCECHCCCCCHCCHCCCCCCCHC	0
4628	9.251	7.700	16.200	33	535	15.2	12.1	CCCCCECHECCHECHCCCCCHCCCECCCCCCHC	0
4629	9.277	7.737	15.169	33	535	12.1	15.2	CCCCCECHECCHECHCCECCHCCCCCCCCCECC	0
4630	5.867	8.000	8.059	33	535	15.2	15.2	CCECECEHCCHCCEHCHCCCCCCCCCCECHCCC	1
4631	6.055	8.037	8.395	33	535	9.1	9.1	CCECECEHCCCCCCCCCCCCHCCCCHCCCCCCC	1
4632	5.977	8.058	8.104	33	535	12.1	9.1	CEECECCHCCCCCCCCHCCCHCCCCCCCCHCCC	1
4633	6.031	8.056	8.618	33	535	21.2	9.1	CCEHECCHCCHCCCHCHCCCCCCCCHCECHCCC	1
4634	9.258	7.773	15.321	33	535	15.2	15.2	CCCCCCCHECCHECHCCECCHCCCECCECCCHC	0
4635	9.132	7.727	14.974	33	535	15.2	6.1	CCCCCECHECCHCCHCCCCCHCCCCCCCCCCHC	0
4636	6.027	8.052	8.175	33	535	12.1	9.1	CCEHECCHCCCCCCCCHCCCHCCCCCCECCCCC	1
4637	5.993	8.128	7.657	33	535	18.2	12.1	CEEHECEHCCHCCCHCHCCCHCCCCCCCCCCCC	1
4638	6.529	7.701	16.275	33	535	12.1	0.0	CCCCHHHHCCCCCCCCCCCCCCCCCCCCCCCCC	2
4639	6.352	7.768	15.994	33	535	24.2	6.1	CHCCHCCHCCCCCECCCHHCHCCCCCCCCEHHC	2
4640	6.475	7.733	16.067	33	535	18.2	3.0	CHCCCCCHCCCCCCCCCCHCHCCCCCCCCEHHC	2
4641	6.487	7.632	15.564	33	535	18.2	3.0	CCCCCCCHCCCCCCCCCCHCHCCHCCCCCEHHC	2
4642	9.340	7.821	16.066	33	535	12.1	6.1	CCCCCCCHECCCCCHCCCCCHECCCCCCCCCHC	0
4643	9.282	7.906	16.677	33	535	15.2	6.1	CECCCCCHECCHCCHCCCCCHCCCCCCCCCCHC	0
4644	9.341	7.783	16.809	33	535	15.2	12.1	CECCCCCHECCHCCHCCECCHECCCCCCCCCHC	0
4645	9.263	7.765	14.980	33	535	12.1	6.1	CECCCCCHCCCCCCHCCECCHCCCCCCCCCCHC	0
4646	9.266	7.783	15.403	33	535	12.1	9.1	CCCCCCCHCCCCCCHCCECCHECCCCCECCCHC	0
4647	9.240	7.759	15.018	33	535	12.1	18.2	CECCCCCHECCCCCHCCECCHECCECCCCCEHC	0
4648	5.790	8.079	8.079	33	535	18.2	12.1	CCEHECCHCCCCCEHCHCCCHCCCCHCECCCCC	1
4649	5.861	8.026	8.469	33	535	15.2	15.2	CEEHECEHCCCCCEHCCCCCCCCCCHCCCHCCC	1
4650	6.368	7.681	15.733	33	535	21.2	0.0	CHCCCCCHCCCCCCCCCCHCHCCHCCCCCCHHC	2
4651	6.471	7.692	15.534	33	535	24.2	6.1	CHCCHCCHCCECCCCCCCHCHCCCCHCCCEHHC	2
4652	6.021	8.097	8.572	33	535	9.1	9.1	CEEHECCHCCCCCCCCCCCCHCCCCCCCCCCCC	1
4653	5.968	8.098	8.257	33	535	15.2	9.1	CCEHECCHCCCCCCHCHCCCCCCCCCCECHCCC	1
4654	5.966	8.164	8.505	33	535	21.2	15.2	CEEHECEHCCCCCEHCHCCCHCCHCCCCCHCCC	1
4655	5.985	8.220	8.988	33	535	21.2	6.1	CCEHECCHCCHCCCHHCCCCHCCCCCCCCHCCC	1
4656	5.878	8.342	8.936	33	535	15.2	18.2	CEEHECEHCCCCCECHCCCCHCCCCCCECHCCC	1
4657	5.894	8.284	9.878	33	535	15.2	6.1	CCEHECCHCCCCCCCCHCCCHCCCCCCCCHCCC	1
4658	5.968	8.241	8.920	33	535	12.1	12.1	CEEHECECCCHCCCCCCCCCHCCCCCCCCHCCC	1
4659	5.945	8.202	9.884	33	535	18.2	9.1	CEEHECCHCCHCCCHHCCCCHCCCCCCCCCCCC	1
4660	6.056	8.179	10.072	33	535	18.2	9.1	CEEHECCHCCCCCCHHCCCCHCCCCCCCCHCCC	1
4661	5.945	8.093	9.522	33	535	18.2	6.1	CCEHECCHCCCCCCHHCCCCHCCCCCCCCHCCC	1
4662	6.479	7.661	15.682	33	535	18.2	3.0	CHCCCCCHCCECCCCCCCHCCCCCCHCCCCHHC	2
4663	6.513	7.684	15.096	33	535	21.2	3.0	CHCCCCCHCCCCCCCCCCHCHCCCCHCCCEHHC	2
4664	5.975	8.068	8.540	33	535	18.2	12.1	CEEHECEHCCCCCCHCHCCCHCCCCCCCCHCCC	1
4665	5.956	8.138	7.907	33	535	6.1	9.1	CCECECECCCCCCCHCCCCCHCCCCCCCCCCCC	1
4666	5.997	8.104	8.955	33	535	18.2	12.1	CCEHECCHCCCCCEHCHCCCHCCCCCCECHCCC	1
4667	5.945	8.059	8.188	33	535	12.1	12.1	CCEHECCHCCCCCEHCCCCCCCCCCCCECHCCC	1
4668	8.991	7.680	14.247	33	535	9.1	6.1	CCCCCCCCCCCCCCCCCCCCHECHCCCCCCEHC	0
4669	9.105	7.712	14.351	33	535	9.1	12.1	CCCCCECCCCCCECHCCCCCHECCECCCCCCHC	0
4670	8.938	7.743	14.831	33	535	15.2	3.0	CCCCCCCCCCCHCCHCCCCCHECHCCCCCCCHC	0
4671	9.023	7.733	15.036	33	535	15.2	9.1	CCCCCECCCCCHCCHCCCCCHECHCCCECCCHC	0
4672	6.509	7.653	15.714	33	535	21.2	6.1	CHCCCCCHCCCCCECCCCHCHCCHCCCCCEHHC	2
4673	6.487	7.654	15.261	33	535	15.2	6.1	CHCCCCCHCCCCCECCCHCCCCCCCCCCCEHHC	2
4674	8.943	7.712	14.322	33	535	12.1	3.0	CCCCCCCCCCCHCCHCCCCCHECCCCCCCCCHC	0
4675	9.031	7.720	14.861	33	535	12.1	6.1	CCCCCCCCCCCHECHCCCCCHCCHCCCCCCECC	0
4676	6.010	8.105	9.057	33	535	15.2	9.1	CCEHECEHCCCCCCHCHCCCCCCCCCCCCHCCC	1
4677	6.036	8.105	9.776	33	535	18.2	12.1	CCEHECEHCCCCCCHCHCCCHCCCCCCECHCCC	1
4678	8.968	7.753	14.202	33	535	9.1	12.1	CECCCCCCCCCCECHCCCCCHECCCCCCCCEHC	0
4679	8.989	7.704	14.812	33	535	12.1	9.1	CCCCCCCCCCCHECHCCECCHECCCCCCCCCHC	0
4680	9.128	7.735	15.281	33	535	18.2	9.1	CCCCCCCHCCCHECHCCECCHECHCCCCCCCHC	0
4681	9.034	7.711	15.122	33	535	15.2	6.1	CECCCCCHCCCHCCHCCCCCHECCCCCCCCCHC	0
4682	8.926	7.761	15.895	33	535	15.2	12.1	CCCCCECHCCCHECHCCCCCHECCECCCCCCHC	0
4683	8.932	7.733	14.583	33	535	12.1	3.0	CCCCCCCCCCCHCCHCCCCCHECCCCCCCCCHC	0
4684	6.041	8.217	9.263	33	535	9.1	9.1	CCECECCHCCCCCCHCCCCCCCCCCCCECHCCC	1
4685	5.881	8.256	10.037	33	535	15.2	12.1	CEEHECCHCCCCCCHCHCCCCCCCCCCECHCCC	1
4686	5.928	8.232	10.055	33	535	12.1	9.1	CCEHECCHCCCCCEHCHCCCCCCCCCCCCCCCC	1
4687	5.853	8.119	9.300	33	535	12.1	9.1	CCEHECCHCCCCCCCHCCCCCCCCCHCECCCCC	1
4688	9.113	7.817	15.797	33	535	9.1	9.1	CECCCCCCCCCCCCHCCCCCHECCECCCCCCHC	0
4689	9.042	7.886	15.605	33	535	12.1	15.2	CECCCECCCCCCCCHCCECCHECHECCCCCCHC	0
4690	5.870	8.100	9.371	33	535	9.1	9.1	CCEHECECCCCCCCHCHCCCCCCCCCCCCCCCC	1
4691	5.888	8.105	9.570	33	535	18.2	12.1	CEEHECCHCCCCCEHHCCCCHCCCCCCCCHCCC	1
4692	5.836	8.076	9.056	33	535	15.2	6.1	CCEHECCHCCCCCCHHCCCCCCCCCCCCCHCCC	1
4693	5.747	8.077	8.360	33	535	12.1	9.1	CCEHECEHCCCCCCHHCCCCCCCCCCCCCCCCC	1
4694	5.912	8.076	8.423	33	535	15.2	9.1	CCEHECCHCCCCCEHHCCCCHCCCCCCCCCCCC	1
4695	5.910	8.076	8.179	33	535	12.1	6.1	CCEHECCHCCCCCCHHCCCCCCCCCCCCCCCCC	1
4696	6.466	7.665	15.777	33	535	18.2	3.0	CHCCCCCHCCCCCCCCCCHCHCCCCCCCCEHHC	2
4697	6.450	7.753	15.909	33	535	12.1	0.0	CCCCHHHHCCCCCCCCCCCCCCCCCCCCCCCCC	2
4698	8.960	7.793	15.158	33	535	15.2	12.1	CECCCECCCCCHCCHCCECCHECHCCCCCCCHC	0
4699	9.115	7.888	15.475	33	535	12.1	6.1	CCCCCECCCCCHCCHCCCCCHECCCCCCCCCHC	0
4700	5.859	8.122	8.686	33	535	9.1	9.1	CCEHECEHCCCCCCHCCCCCCCCCCCCCCCCCC	1
4701	5.857	8.164	8.709	33	535	12.1	15.2	CCEHECEHCCCCCEHCCCCCCCCCCCCECHCCC	1
4702	5.800	8.130	9.257	33	535	21.2	15.2	CEEHECEHCCCCCEHHCCCCHCCCCHCCCHCCC	1
4703	5.785	8.133	9.137	33	535	18.2	12.1	CCEHECCHCCCCCEHHCCCCHCCCCCCECHCCC	1
4704	9.173	7.795	15.483	33	535	12.1	9.1	CECCCCCCCCCHCCHCCCCCHECCCCCCCCEHC	0
4705	9.285	7.784	15.172	33	535	15.2	6.1	CCCCCCCCCCCHCCHCCCCCHECHCCCECCCHC	0
4706	9.206	7.797	16.215	33	535	15.2	15.2	CECCCECHCCCHCCHCCCCCHECCCCCECCEHC	0
4707	9.339	7.904	17.845	33	535	15.2	15.2	CECCCCCHCCCCECHCCECCHECHCCCCCCEHC	0
4708	5.894	8.069	9.497	33	535	12.1	15.2	CEEHECCCCCCCCEHCHCCCHCCCCCCECCCCC	1
4709	5.787	8.108	10.042	33	535	15.2	12.1	CEEHECECCCCCCCHHCCCCCCCCCHCCCHCCC	1
4710	5.789	8.218	10.144	33	535	18.2	12.1	CEEHECEHCCCCCCHHCCCCCCCCCHCCCHCCC	1
4711	5.860	8.185	9.501	33	535	12.1	12.1	CEEHECCHCCCCCCCCCCCCHCCCCCCECHCCC	1
4712	5.984	8.218	10.138	33	535	9.1	9.1	CCEHECECCCCCCCCCHCCCCCCCCCCCCHCCC	1
4713	5.910	8.152	9.927	33	535	18.2	9.1	CCEHECEHCCCCCCHHCCCCCCCCCHCCCHCCC	1
4714	5.962	8.164	9.392	33	535	12.1	9.1	CCEHECCHCCCCCCCCHCCCCCCCCCCECHCCC	1
4715	5.945	8.139	8.296	33	535	9.1	12.1	CEEHECECCCCCCCCCCCCCHCCCCCCCCHCCC	1
4716	5.890	8.149	8.392	33	535	12.1	12.1	CEEHECEHCCHCCCCCCCCCHCCCCCCCCCCCC	1
4717	5.786	8.131	8.339	33	535	12.1	9.1	CCECECCHCCCCCCCCHCCCHCCCCCCECHCCC	1
4718	5.951	8.068	9.223	33	535	6.1	12.1	CEEHECECCCCCCCCCCCCCHCCCCCCCCCCCC	1
4719	5.949	8.165	9.324	33	535	12.1	9.1	CCEHECCHCCCCCCCCCCCCHCCCCCCECHCCC	1
4720	6.061	8.172	9.557	33	535	15.2	9.1	CEEHECCHCCCCCCCCHCCCHCCCCCCCCHCCC	1
4721	6.049	8.078	9.810	33	535	15.2	12.1	CEEHECEHCCCCCCCCHCCCHCCCCCCCCHCCC	1
4722	6.015	8.146	9.899	33	535	15.2	9.1	CCEHECCHCCCCCCHCHCCCCCCHCCCECCCCC	1
4723	5.973	8.267	9.671	33	535	9.1	6.1	CCEHECCCCCCCCCHCCCCCCCCCCCCCCHCCC	1
4724	6.017	8.216	9.576	33	535	12.1	9.1	CEEHECCCCCHCCCCCHCCCCCCCCCCCCHCCC	1
4725	5.970	8.068	8.154	33	535	9.1	6.1	CCEHECCHCCCCCCCCCCCCCCCCCCCCCHCCC	1
4726	9.011	7.815	16.153	33	535	15.2	12.1	CCCCCCCHCCCHECHCCECCHECHCCCCCCECC	0
4727	9.100	7.851	16.490	33	535	15.2	6.1	CCCCCCCHCCCHECHCCCCCHECCCCCCCCCHC	0
4728	5.926	8.208	9.423	33	535	9.1	9.1	CCEHECCHCCCCCCCCCCCCCCCCCCCECHCCC	1
4729	5.945	8.154	8.762	33	535	9.1	9.1	CEEHECCHCCCCCCCCHCCCCCCCCCCCCCCCC	1
4730	9.147	7.795	16.901	33	535	15.2	15.2	CCCCCCCHCCCCECHECECCHCCHCCCECCEHC	0
4731	9.122	7.769	16.421	33	535	15.2	15.2	CECCCECHCCCHCCHCCECCHCCCECCCCCEHC	0
4732	9.178	7.850	16.721	33	535	18.2	6.1	CECCCCCHCCCHCCHCCCCCHECHCCCCCCCHC	0
4733	9.178	7.769	16.836	33	535	15.2	9.1	CECCCCCHCCCHECHCCCCCHCCCECCCCCCHC	0
4734	9.182	7.852	15.899	33	535	18.2	9.1	CCCCCECHECCHCCHCCCCCHCCHECCCCCCHC	0
4735	9.194	7.809	16.963	33	535	15.2	12.1	CECCCECHCCCHCCHCCCCCHECCECCCCCCHC	0
4736	5.713	8.165	9.541	33	535	9.1	9.1	CCEHECCHCCCCCCCCCCCCCCCCCCCECHCCC	1
4737	5.814	8.131	8.770	33	535	9.1	12.1	CEEHECEHCCCCCCCCCCCCCCCCCCCCCHCCC	1
4738	5.790	8.035	9.122	33	535	12.1	15.2	CEEHECEHCCCCCCHCCCCCCCCCCCCECHCCC	1
4739	5.808	8.126	9.677	33	535	9.1	9.1	CEEHECCHCCCCCCCCCCCCCCCCCCCCCHCCC	1
4740	9.347	7.816	16.942	33	535	12.1	12.1	CECCCECHCCCCCCHCCECCHCCCCCCCCCEHC	0
4741	9.295	7.838	17.493	33	535	15.2	6.1	CECCCCCHCCCCCCHCCCCCHCCHECCCCCCHC	0
4742	5.907	8.133	9.027	33	535	9.1	12.1	CEEHECEHCCCCCCCCCCCCHCCCCCCCCCCCC	1
4743	6.047	8.145	7.516	33	535	12.1	9.1	CCEHECECCCHCCCCCHCCCHCCCCCCCCCCCC	1
4744	5.918	8.099	7.401	33	535	15.2	9.1	CCEHECECCCCCCCCCHCCCHCCHCCCCCHCCC	1
4745	5.947	8.008	8.374	33	535	12.1	6.1	CCEHECCCCCCCCCCCHCCCHCCCCCCCCHCCC	1
4746	6.004	8.099	9.072	33	535	18.2	6.1	CCEHECCHCCHCCCCCHCCCHCCHCCCCCCCCC	1
4747	6.116	8.101	9.122	33	535	9.1	9.1	CCEHECCCCCCCCCCCHCCCCCCCCCCECHCCC	1
4748	5.940	8.159	11.467	33	535	15.2	9.1	CEEHECCHCCCCCCCCHCCCHCCCCCCCCHCCC	1
4749	6.056	8.067	9.877	33	535	9.1	12.1	CEEHECCHCCCCCCCCCCCCCCCCCCCECHCCC	1
4750	5.923	8.061	9.623	33	535	15.2	6.1	CCEHECCHCCCCCCCCHCCCCCCHCCCCCHCCC	1
4751	5.905	8.071	10.218	33	535	12.1	12.1	CEEHECEHCCCCCCCCCCCCHCCCCCCCCHCCC	1
4752	6.410	7.737	16.140	33	535	24.2	0.0	CHCCHCCHCCCCCCCCCCHCHCCCCHCCCCHHC	2
4753	6.505	7.726	16.290	33	535	21.2	3.0	CHCCCCCHCCCCCCCCCHCCHCCCCHCECCHHC	2
4754	6.635	7.694	15.273	33	535	18.2	0.0	CHCCCCCHCCCCCCCCCCHCHCCCCCCCCCHHC	2
4755	6.510	7.647	15.574	33	535	12.1	0.0	CCCCHHHHCCCCCCCCCCCCCCCCCCCCCCCCC	2
4756	6.093	8.064	9.880	33	535	12.1	9.1	CCEHECEHCCCCCCCCCCCCCCCCCHCCCHCCC	1
4757	6.032	8.054	9.475	33	535	15.2	9.1	CEEHECCHCCCCCCCCCCCCHCCHCCCCCHCCC	1
4758	6.067	8.045	8.976	33	535	21.2	9.1	CCEHECCHCCCCCCCCHCCCHCCHCHCECHCCC	1
4759	5.960	7.964	8.893	33	535	18.2	12.1	CEEHECCHCCCCCCCCHCCCHCCHCCCECHCCC	1
4760	6.054	8.199	9.513	33	535	18.2	15.2	CEEHECECCCHCCCHCHCCCCCCHCCCECHCCC	1
4761	5.988	7.910	8.773	33	535	12.1	9.1	CCEHECEHCCCCCCCCHCCCCCCCCCCCCHCCC	1
4762	9.150	7.829	15.606	33	535	12.1	9.1	CECCCCCCCCCHECHECCCCHCCCCCCCCCCHC	0
4763	9.210	7.764	15.188	33	535	15.2	6.1	CCCCCCCCCCCHCCHCCECCHECHCCCCCCCHC	0
4764	9.136	7.714	15.188	33	535	15.2	12.1	CCCCCECCCCCHCCHCCECCHCCHECCECCCHC	0
4765	9.090	7.728	15.187	33	535	9.1	3.0	CCCCCCCCCCCCCCHCCCCCHECCCCCCCCCHC	0
4766	6.031	8.070	9.614	33	535	9.1	12.1	CCEHECEHCCCCCCCCCCCCCCCCCCCECHCCC	1
4767	6.164	8.075	9.181	33	535	15.2	6.1	CCEHECCHCCCCCCCCHCCCHCCCCCCCCHCCC	1
4768	6.214	8.168	10.479	33	535	18.2	9.1	CCEHECCHCCCCCCHCHCCCHCCCCHCECCCCC	1
4769	5.996	8.178	9.978	33	535	9.1	9.1	CCEHECCCCCCCCCCCHCCCCCCCCCCECHCCC	1
4770	6.039	8.161	9.830	33	535	15.2	9.1	CEEHECCHCCHCCCCCHCCCCCCCCCCCCHCCC	1
4771	6.155	8.083	7.986	33	535	9.1	15.2	CEEHECECCCCCCCCHCCCCCCCCCCCECHCCC	1
4772	6.056	8.034	8.643	33	535	12.1	9.1	CCECECCHCCCCCCCCHCCCCCCHCCCECHCCC	1
4773	5.971	8.018	8.187	33	535	18.2	9.1	CCEHECCHCCHCCCHCHCCCCCCCCCCECHCCC	1
4774	5.803	8.030	7.556	33	535	6.1	9.1	CCECECCCCCCCCCHCCCCCHCCCCCCECCCCC	1
4775	5.704	8.130	8.196	33	535	9.1	9.1	CCEHECCHCCCCCCCCCCCCHCCCCCCECCCCC	1
4776	5.716	7.958	8.054	33	535	9.1	9.1	CCEHECCHCCCCCCCCHCCCCCCCCCCECCCCC	1
4777	5.629	7.926	7.700	33	535	12.1	6.1	CCEHECCHCCCCCCCCHCCCHCCCCCCCCCCCC	1
4778	9.127	7.739	15.647	33	535	15.2	9.1	CECCCCCCCCCHECHCCCCCHCCHCCCCCCEHC	0
4779	9.167	7.765	15.647	33	535	12.1	9.1	CECCCCCCCCCCCCHCCECCHCCHCCCECCCHC	0
4780	9.112	7.866	15.497	33	535	15.2	9.1	CCCCCCCCCCCHECHCCCCCHCCHCCCECCEHC	0
4781	9.273	7.856	15.418	33	535	12.1	9.1	CCCCCECCCCCCCCHCCCCCHECHCCCCCCEHC	0
4782	5.836	8.081	7.540	33	535	9.1	6.1	CCECECCHCCCCCCCCHCCCCCCCCCCCCHCCC	1
4783	5.866	8.061	7.436	33	535	15.2	6.1	CCEHECCHCCCCCCCCHCCCHCCCCCCCCHCCC	1
4784	9.128	7.727	15.141	33	535	15.2	9.1	CCCCCECCCCCHECHECCCCHCCHCCCCCCCHC	0
4785	9.085	7.838	15.797	33	535	12.1	6.1	CCCCCCCCCCCCCCHCCCCCHCCHECCECCCHC	0
4786	5.799	8.102	8.101	33	535	21.2	9.1	CCEHECEHCCHCCCCCHCCCHCCCCCHCCHCCC	1
4787	5.748	8.125	8.595	33	535	15.2	9.1	CCEHECEHCCCCCCCCHCCCHCCCCCCCCHCCC	1
4788	6.471	7.640	15.122	33	535	21.2	6.1	CHCCCCCHCCCCCECCCCHCHCCHCCCCCEHHC	2
4789	6.558	7.727	15.739	33	535	15.2	6.1	CHCCCCCHCCCCCECCCHCCHCCCCCCCCECHC	2
4790	5.911	8.070	8.443	33	535	12.1	9.1	CCEHECEHCCCCCCCCCCCCCCCHCCCCCHCCC	1
4791	5.977	8.173	7.877	33	535	12.1	6.1	CCEHECCCCCCCCCCCHCCCHCCCCCCCCHCCC	1
4792	5.966	8.141	8.486	33	535	15.2	9.1	CEEHECCHCCCCCCCCHCCCHCCCCCCCCHCCC	1
4793	5.995	8.127	7.669	33	535	18.2	9.1	CEEHECCHCCCCCCCCHCCCHCCCCHCCCHCCC	1
4794	9.131	7.821	17.225	33	535	12.1	15.2	CCCCCECHCCCCECHCCCCCHECCECCECCCHC	0
4795	9.066	7.764	16.796	33	535	12.1	12.1	CECCCECHCCCCECHCCCCCHCCCCCCCCCEHC	0
4796	8.963	7.748	16.261	33	535	15.2	12.1	CECCCCCHCCCHCCHCCECCHECCCCCECCCHC	0
4797	9.166	7.799	16.432	33	535	12.1	9.1	CCCCCECHCCCHCCCCCCCCHCCCCCCECCEHC	0
4798	5.864	8.134	7.550	33	535	15.2	12.1	CEEHECCHCCHCCCCCHCCCHCCCCCCECCCCC	1
4799	5.928	8.169	7.644	33	535	15.2	6.1	CCEHECCHCCCCCCHCHCCCHCCCCCCCCCCCC	1
4800	5.821	8.067	7.269	33	535	12.1	12.1	CCEHECEHCCHCCCCCCCCCCCCCCCCECHCCC	1
4801	5.872	8.262	8.736	33	535	9.1	12.1	CEEHECCHCCCCCCCCHCCCCCCCCCCECCCCC	1
4802	5.769	8.120	7.789	33	535	12.1	12.1	CEEHECCHCCHCCCCCCCCCCCCCCCCECHCCC	1
4803	5.965	8.146	8.119	33	535	15.2	9.1	CCEHECCHCCHCCCCCHCCCHCCCCCCECCCCC	1
4804	5.897	8.150	7.669	33	535	15.2	9.1	CEEHECCCCCHCCCCCHCCCHCCCCCCCCHCCC	1
4805	5.974	8.067	8.004	33	535	15.2	6.1	CCEHECCHCCCCCCCCHCCCHCCCCCCCCHCCC	1
4806	5.986	8.052	8.118	33	535	18.2	6.1	CCEHECCHCCCCCCCCHCCCHCCHCCCCCHCCC	1
4807	6.009	8.086	8.128	33	535	15.2	12.1	CEEHECCHCCCCCCCCCCCCHCCHCCCECHCCC	1
4808	5.953	8.043	8.518	33	535	12.1	12.1	CEEHECEHCCCCCCCCHCCCCCCCCCCCCHCCC	1
4809	5.941	8.090	8.773	33	535	12.1	6.1	CCEHECCHCCCCCCCCHCCCCCCCCCCCCHCCC	1
4810	5.950	8.062	8.888	33	535	15.2	6.1	CCEHECCHCCHCCCCCHCCCCCCCCCCCCHCCC	1
4811	5.906	8.115	9.180	33	535	12.1	9.1	CEEHECCHCCCCCCCCCCCCHCCCCCCCCHCCC	1
4812	5.942	8.099	8.909	33	535	12.1	12.1	CEEHECCHCCCCCCCCCCCCHCCCCCCECHCCC	1
4813	6.017	8.151	8.752	33	535	12.1	9.1	CCEHECECCCCCCCCCHCCCHCCCCCCCCHCCC	1
4814	6.041	7.963	6.926	33	535	15.2	12.1	CEEHECCHCCCCCCCCHCCCHCCCCCCECHCCC	1
4815	5.863	8.062	8.517	33	535	12.1	12.1	CCEHECEHCCCCCCCCCCCCHCCCCCCECHCCC	1
4816	6.012	8.117	8.849	33	535	15.2	12.1	CCEHECEHCCCCCCCCHCCCCCCCCHCECHCCC	1
4817	5.847	8.108	7.342	33	535	12.1	12.1	CCEHECEHCCCCCCCCCCCCHCCCCCCECHCCC	1
4818	5.927	8.055	7.969	33	535	12.1	9.1	CCEHECCHCCHCCCCCHCCCCCCCCCCECCCCC	1
4819	5.900	8.073	8.318	33	535	15.2	9.1	CCEHECCHCCCCCCCCHCCCCCCHCCCECHCCC	1
4820	6.015	8.103	8.319	33	535	12.1	12.1	CEEHECCHCCCCCCCCHCCCCCCCCCCECHCCC	1
4821	5.976	8.137	9.586	33	535	15.2	9.1	CCEHECCCCCCCCCHCHCCCCCCHCCCECHCCC	1
4822	9.205	7.806	15.709	33	535	15.2	6.1	CECCCCCHCCCHECHCCCCCHCCCCCCCCCCHC	0
4823	9.172	7.811	15.026	33	535	12.1	12.1	CECCCCCHCCCHECCCCECCHECCCCCCCCCHC	0
4824	9.238	7.832	15.848	33	535	15.2	12.1	CCCCCCCHCCCHECHCCECCHECCCCCCCCEHC	0
4825	9.211	7.711	15.685	33	535	15.2	3.0	CCCCCECHCCCHCCHCCCCCHCCCCCCCCCCHC	0
4826	9.222	7.780	15.480	33	535	15.2	9.1	CCCCCCCHCCCHECHCCCCCHECCCCCCCCEHC	0
4827	9.208	7.775	15.041	33	535	15.2	6.1	CCCCCCCHCCCHECHCCCCCHCCCCCCECCCHC	0
4828	6.145	8.048	9.646	33	535	9.1	12.1	CEEHECCCCCCCCCCCHCCCCCCCCCCECHCCC	1
4829	6.040	8.059	8.808	33	535	12.1	12.1	CEEHECCHCCCCCCCCCCCCHCCCCCCECHCCC	1
4830	9.162	7.684	14.911	33	535	15.2	6.1	CCCCCCCHCCCHECHCCCCCHCCCCCCCCCEHC	0
4831	9.170	7.751	13.743	33	535	15.2	12.1	CCCCCCCHCCCHECHCCECCHCCCCCCECCEHC	0
4832	5.991	8.060	8.821	33	535	12.1	12.1	CEEHECCCCCCCCCCCHCCCHCCCCCCECHCCC	1
4833	5.908	8.096	9.112	33	535	12.1	12.1	CEEHECCCCCHCCCCCHCCCCCCCCCCECHCCC	1
4834	6.540	7.615	15.648	33	535	21.2	3.0	CHCCCCCHCCCCCCCCCCHCHCCHCCCCCEHHC	2
4835	6.549	7.725	15.742	33	535	18.2	0.0	CHCCCCCHCCCCCCCCCCHCHCCCCCCCCCHHC	2
4836	5.868	8.188	7.746	33	535	9.1	9.1	CCEHECCHCCCCCCCCHCCCCCCCCCCECCCCC	1
4837	6.007	8.042	7.480	33	535	12.1	12.1	CCEHECEHCCCCCCCCHCCCCCCCCCCECHCCC	1
4838	5.903	8.123	7.444	33	535	15.2	9.1	CCEHECEHCCCCCCCCHCCCHCCCCCCCCHCCC	1
4839	6.030	8.017	6.253	33	535	15.2	12.1	CEEHECCHCCCCCCCCHCCCHCCHCCCECCCCC	1
4840	5.933	7.967	8.432	33	535	15.2	9.1	CCEHECEHCCCCCCCCHCCCHCCCCCCCCHCCC	1
4841	6.007	7.985	7.690	33	535	6.1	6.1	CCEHECCHCCCCCCCCCCCCCCCCCCCCCCCCC	1
4842	6.011	8.031	8.015	33	535	15.2	15.2	CEEHECEHCCCCCCCCHCCCHCCCCCCECHCCC	1
4843	5.931	8.029	7.074	33	535	15.2	9.1	CCEHECECCCHCCCCCHCCCHCCCCCCCCHCCC	1
4844	5.957	7.974	7.450	33	535	9.1	9.1	CCEHECCCCCCCCCCCCCCCHCCCCCCECHCCC	1
4845	5.953	8.068	7.735	33	535	15.2	9.1	CCEHECCHCCCCCCCCHCCCHCCCCCCECHCCC	1
4846	5.878	8.126	8.292	33	535	15.2	9.1	CCEHECCHCCCCCCCCHCCCHCCCCCCECHCCC	1
4847	5.794	8.241	9.582	33	535	15.2	12.1	CEEHECCHCCCCCCCCHCCCHCCCCCCECHCCC	1
4848	5.939	8.100	9.364	33	535	18.2	6.1	CCEHECCHCCCCCCHCHCCCCCCHCCCCCHCCC	1
4849	5.887	7.989	9.222	33	535	15.2	9.1	CCEHECCHCCHCCCCCHCCCCCCCCCCECHCCC	1
4850	9.333	7.715	16.996	33	535	15.2	0.0	CCCCCCCHCCCHCCHCCCCCHCCCCCCCCCCHC	0
4851	9.290	7.769	17.415	33	535	12.1	9.1	CECCCECHCCCCCCHCCECCHCCCCCCCCCCHC	0
4852	5.959	8.033	9.443	33	535	15.2	12.1	CEEHECCHCCCCCCCCHCCCHCCCCCCECHCCC	1
4853	5.852	8.162	8.986	33	535	15.2	6.1	CCEHECCHCCCCCCHCCCCCCCCHCCCCCHCCC	1
4854	6.004	8.126	10.085	33	535	12.1	6.1	CCEHECCCCCCCCCCCHCCCHCCCCCCCCHCCC	1
4855	5.989	7.986	9.175	33	535	9.1	6.1	CCEHECCHCCCCCCCCCCCCCCCCCCCCCHCCC	1
4856	6.630	7.670	15.620	33	535	15.2	6.1	CHCCCCCHCCCCCECCCCHCHCCCCCCCCEHCC	2
4857	6.547	7.713	15.309	33	535	15.2	3.0	CHCCCCCHCCCCCCCCCCHCHCCCCCCCCECHC	2
4858	6.009	8.033	9.024	33	535	12.1	9.1	CCEHECCHCCCCCCCCHCCCCCCCCCCECHCCC	1
4859	6.036	8.086	8.867	33	535	15.2	12.1	CCEHECEHCCCCCCCCCCCCHCCCCCCEHHCCC	1
4860	6.224	8.057	8.905	33	535	18.2	9.1	CCEHECECCCCCCCCCHCCCHCCHCHCCCHCCC	1
4861	6.015	8.092	9.730	33	535	15.2	9.1	CEEHECCHCCCCCCCCCCCCHCCCCHCCCHCCC	1
4862	5.982	8.037	9.526	33	535	18.2	9.1	CCEHECEHCCCCCCHCHCCCCCCHCCCCCHCCC	1
4863	6.003	8.122	9.703	33	535	12.1	6.1	CCEHECCHCCCCCCCCHCCCCCCCCCCCCHCCC	1
4864	9.250	7.704	16.502	33	535	15.2	3.0	CCCCCCCHCCCHCCHCCCCCHCCCCCCCCCEHC	0
4865	9.283	7.742	15.843	33	535	15.2	12.1	CECCCECHECCHCCHCCCCCHCCCCCCCCCEHC	0
4866	9.269	7.657	16.344	33	535	15.2	6.1	CCCCCECHCCCHCCHCCCCCHCCCCCCCCCEHC	0
4867	9.209	7.744	16.860	33	535	15.2	3.0	CCCCCCCHCCCHCCHCCCCCHCCCCCCCCCEHC	0
4868	9.324	7.774	16.910	33	535	15.2	6.1	CECCCECHCCCHCCHCCCCCHCCCCCCCCCCHC	0
4869	9.366	7.704	16.985	33	535	12.1	6.1	CECCCCCHCCCCCCHCCCCCHCCCCCCCCCEHC	0
4870	6.422	7.715	15.696	33	535	18.2	6.1	CHCCCCCHCCCCCECCCCHCHCCCCCCCCEHHC	2
4871	6.534	7.649	15.634	33	535	12.1	0.0	CCCCHHHHCCCCCCCCCCCCCCCCCCCCCCCCC	2
4872	6.055	8.009	9.243	33	535	15.2	12.1	CEEHECECCCHCCCCCHCCCCCCHCCCCCHCCC	1
4873	5.992	7.974	9.491	33	535	15.2	6.1	CCEHECCHCCHCCCCCHCCCCCCCCCCCCHCCC	1
4874	9.342	7.801	17.611	33	535	9.1	9.1	CECCCCCCCCCCCCHCCECCHCCCCCCCCCEHC	0
4875	9.302	7.744	16.682	33	535	15.2	9.1	CCCCCECHCCCHCCHCCECCHCCCCCCCCCEHC	0
4876	9.306	7.716	16.577	33	535	12.1	9.1	CECCCCCHECCCCCHCCECCHCCCCCCCCCCHC	0
4877	9.310	7.810	16.507	33	535	9.1	3.0	CCCCCCCHCCCCCCHCCCCCHCCCCCCCCCECC	0
4878	5.956	8.071	9.922	33	535	15.2	6.1	CCEHECCHCCCCCCCCHCCCCCCHCCCCCHCCC	1
4879	6.017	8.210	10.059	33	535	15.2	9.1	CCEHECCHCCCCCCCCHCCCCCCCCHCECHCCC	1
4880	9.243	7.699	16.158	33	535	15.2	3.0	CCCCCCCHCCCHCCHCCCCCHCCCCCCCCCEHC	0
4881	9.118	7.755	16.740	33	535	15.2	3.0	CCCCCCCHCCCHCCHCCCCCHCCCCCCCCCEHC	0
4882	6.053	8.031	9.521	33	535	12.1	12.1	CCEHECEHCCCCCCCCHCCCCCCCCCCECHCCC	1
4883	6.023	8.004	9.691	33	535	12.1	9.1	CCEHECCHCCCCCCCCHCCCCCCHCCCECCCCC	1
4884	5.967	8.125	9.320	33	535	12.1	12.1	CEEHECCHCCCCCCCCHCCCCCCCCCCECHCCC	1
4885	5.917	7.988	8.606	33	535	15.2	6.1	CCEHECCHCCCCCCCCHCCCCCCCCHCCCHCCC	1
4886	9.350	7.742	15.844	33	535	15.2	3.0	CCCCCCCHCCCHCCHCCCCCHCCCCCCCCCEHC	0
4887	9.266	7.664	15.572	33	535	15.2	6.1	CCCCCCCHCCCHECHCCCCCHCCCCCCCCCEHC	0
4888	9.245	7.673	15.678	33	535	15.2	3.0	CCCCCECHCCCHCCHCCCCCHCCCCCCCCCCHC	0
4889	9.259	7.685	15.883	33	535	12.1	9.1	CCCCCECHCCCHCCHCCCCCHECCCCCCCCECC	0
4890	6.011	8.155	8.836	33	535	24.2	9.1	CCEHECCHCCHCCCHCHCCCHCCCCHCECHCCC	1
4891	5.897	8.115	8.740	33	535	18.2	12.1	CEEHECCHCCHCCCCCHCCCHCCCCCCECHCCC	1
4892	9.294	7.749	16.846	33	535	15.2	6.1	CCCCCCCHCCCHECHCCCCCHECCCCCCCCCHC	0
4893	9.279	7.779	16.061	33	535	15.2	0.0	CCCCCCCHCCCHCCHCCCCCHCCCCCCCCCCHC	0
4894	5.785	8.136	8.600	33	535	12.1	12.1	CCEHECEHCCCCCCCCHCCCCCCCCCCECHCCC	1
4895	5.924	8.131	9.888	33	535	15.2	6.1	CCEHECCHCCCCCCCCHCCCHCCCCCCCCHCCC	1
4896	5.922	8.144	10.980	33	535	9.1	9.1	CCEHECEHCCCCCCCCCCCCHCCCCCCCCCCCC	1
4897	5.803	8.226	10.874	33	535	12.1	9.1	CEECECCHCCCCCCCCHCCCHCCCCCCCCHCCC	1
4898	6.509	7.632	15.800	33	535	12.1	0.0	CCCCHHHHCCCCCCCCCCCCCCCCCCCCCCCCC	2
4899	6.579	7.662	15.633	33	535	12.1	0.0	CCCCHHHHCCCCCCCCCCCCCCCCCCCCCCCCC	2
4900	9.165	7.754	16.374	33	535	15.2	3.0	CCCCCCCHCCCHCCHCCCCCHCCCCCCCCCEHC	0
4901	9.206	7.787	16.739	33	535	15.2	3.0	CCCCCECHCCCHCCHCCCCCHCCCCCCCCCCHC	0
4902	9.246	7.729	16.687	33	535	15.2	9.1	CECCCECHCCCHCCHCCCCCHCCCCCCCCCEHC	0
4903	9.361	7.816	17.633	33	535	15.2	3.0	CCCCCCCHCCCHCCHCCCCCHCCCCCCCCCEHC	0
4904	6.035	8.077	9.317	33	535	12.1	6.1	CCEHECCHCCCCCCCCCCCCCCCHCCCCCHCCC	1
4905	6.078	8.082	9.148	33	535	9.1	9.1	CCEHECECCCCCCCCCHCCCCCCCCCCCCHCCC	1
4906	5.965	8.127	8.367	33	535	12.1	12.1	CCEHECECCCCCCCHCCCCCCCCHCCCECHCCC	1
4907	5.908	8.058	7.395	33	535	21.2	6.1	CCEHECCHCCHCCCCCHCCCHCCHCCCCCHCCC	1
4908	5.937	8.079	8.244	33	535	18.2	12.1	CEEHECEHCCCCCCCCHCCCHCCHCCCCCHCCC	1
4909	6.069	8.173	10.503	33	535	15.2	6.1	CCEHECCHCCCCCCHCCCCCCCCHCCCCCHCCC	1
4910	5.951	8.150	10.579	33	535	9.1	15.2	CEEHECEHCCCCCCHCCCCCCCCCCCCECCCCC	1
4911	5.968	8.199	9.662	33	535	12.1	9.1	CCEHECCCCCCCCCHCCCCCHCCCCCCECHCCC	1
4912	6.068	8.203	10.217	33	535	18.2	9.1	CCEHECCHCCCCCCHCHCCCHCCCCCCECHCCC	1
4913	6.019	8.117	11.113	33	535	6.1	12.1	CEEHECECCCCCCCCCCCCCCCCCCCCCCHCCC	1
4914	5.999	8.150	10.555	33	535	9.1	15.2	CEEHECEHCCCCCCCCHCCCCCCCCCCECCCCC	1
4915	5.950	8.127	10.161	33	535	15.2	12.1	CCEHECEHCCCCCCCCHCCCHCCCCCCECHCCC	1
4916	5.958	8.165	10.411	33	535	15.2	12.1	CEEHECEHCCCCCCCCHCCCCCCHCCCCCHCCC	1
4917	6.030	7.980	9.004	33	535	12.1	9.1	CCEHECCCCCCCCCCCCCCCHCCCCHCECHCCC	1
4918	5.949	8.091	9.490	33	535	12.1	15.2	CEEHECECCCCCCCCCHCCCHCCCCCCECHCCC	1
4919	5.963	7.972	8.913	33	535	12.1	9.1	CCEHECCHCCCCCCCCHCCCCCCCCCCECHCCC	1
4920	5.861	8.136	8.446	33	535	15.2	12.1	CEEHECEHCCCCCCCCHCCCHCCCCCCCCHCCC	1
4921	5.963	8.236	9.072	33	535	12.1	12.1	CEEHECCHCCCCCCCCCCCCCCCCCHCECHCCC	1
4922	5.938	8.223	9.902	33	535	15.2	9.1	CEEHECCHCCCCCCCCHCCCHCCCCCCCCHCCC	1
4923	5.989	8.170	9.973	33	535	18.2	9.1	CCEHECEHCCCCCCCCHCCCHCCHCCCCCHCCC	1
4924	5.857	8.162	9.824	33	535	18.2	9.1	CEEHECCHCCCCCCCCHCCCCCCHCHCCCHCCC	1
4925	5.921	8.110	10.204	33	535	18.2	9.1	CEEHECCHCCHCCCHHCCCCCCCCCCCCCHCCC	1
4926	5.882	8.109	9.232	33	535	21.2	6.1	CCEHECCHCCHCCCCCHCCCHCCHCCCCCHCCC	1
4927	5.891	8.156	8.984	33	535	12.1	15.2	CEEHECEHCCCCCCCCCCCCCCCCCHCECHCCC	1
4928	5.910	8.127	10.033	33	535	24.2	6.1	CCEHECCHCCHCCCHCHCCCHCCCCHCCCHCCC	1
4929	5.832	8.218	9.419	33	535	15.2	9.1	CCEHECEHCCCCCCCCHCCCHCCCCCCCCHCCC	1
4930	6.545	7.651	15.435	33	535	18.2	6.1	CHCCCCCHCCECCCCCCCHCHCCCCCCCCEHHC	2
4931	6.556	7.646	15.525	33	535	18.2	9.1	CHCCHCCHCCECCCCCCCHCCCCCCCCECEHHC	2
4932	5.964	8.192	10.392	33	535	12.1	9.1	CEEHECCHCCCCCCCHCCCCCCCCCCCCCHCCC	1
4933	5.938	8.079	10.463	33	535	9.1	6.1	CCEHECCHCCCCCCCHCCCCCCCCCCCCCCCCC	1
4934	5.896	8.179	9.430	33	535	9.1	12.1	CCEHECEHCCCCCCCCCCCCCCCCCCCECHCCC	1
4935	5.923	8.149	10.731	33	535	15.2	12.1	CEEHECCHCCCCCCCHCCCCCCCCCHCECHCCC	1
4936	6.008	8.076	10.326	33	535	12.1	6.1	CCEHECCHCCCCCCCHCCCCCCCCCCCCCHCCC	1
4937	5.954	8.206	10.165	33	535	12.1	12.1	CCEHECEHCCCCCCCCCCCCHCCCCCCECHCCC	1
4938	5.876	8.190	10.330	33	535	9.1	12.1	CEEHECEHCCCCCCHCCCCCCCCCCCCCCCCCC	1
4939	5.790	8.268	9.968	33	535	12.1	6.1	CCEHECCHCCHCCCCHCCCCCCCCCCCCCCCCC	1
4940	5.927	8.087	10.011	33	535	12.1	15.2	CEEHECEHCCHCCCCCCCCCCCCCCCCECHCCC	1
4941	5.952	8.120	10.401	33	535	15.2	9.1	CCEHECCHCCCCCCCHCCCCHCCCCCCECHCCC	1
4942	5.950	8.105	10.118	33	535	15.2	9.1	CCEHECEHCCCCCCCHCCCCHCCCCHCCCCCCC	1
4943	5.815	8.195	11.051	33	535	12.1	9.1	CCEHECCCCCCCCCCHCCCCCCCCCHCECHCCC	1
4944	9.284	7.725	15.890	33	535	15.2	6.1	CCCCCCCHCCCHECHCCCCCHCCCCCCCCCEHC	0
4945	9.202	7.772	15.782	33	535	15.2	6.1	CCCCCCCHCCCHCCHCCCCCHECCCCCCCCEHC	0
4946	5.890	8.175	9.221	33	535	12.1	12.1	CEECECEHCCCCCCCCHCCCHCCCCCCCCHCCC	1
4947	5.903	8.204	9.533	33	535	12.1	6.1	CCEHECCHCCCCCCHCCCCCHCCCCCCCCCCCC	1
4948	5.888	8.116	9.331	33	535	12.1	9.1	CCEHECEHCCCCCCCCHCCCHCCCCCCCCCCCC	1
4949	5.982	8.148	9.624	33	535	18.2	9.1	CCEHECCHCCHCCCHCCCCCHCCCCCCECHCCC	1
4950	5.936	8.175	10.787	33	535	6.1	15.2	CEEHECEHCCCCCCCCCCCCCCCCCCCECCCCC	1
4951	5.927	8.091	9.371	33	535	12.1	12.1	CEEHECEHCCCCCCCCHCCCHCCCCCCCCCCCC	1
4952	5.707	8.167	8.104	33	535	15.2	6.1	CCEHECCHCCCCCCCCHCCCCCCHCCCCCHCCC	1
4953	5.825	8.152	8.196	33	535	9.1	9.1	CEEHECCHCCCCCCCCCCCCCCCCCCCCCHCCC	1
4954	5.760	8.122	7.907	33	535	15.2	6.1	CCEHECCHCCCCCCCCHCCCHCCCCCCCCHCCC	1
4955	5.821	8.134	9.294	33	535	9.1	12.1	CCEHECECCCHCCCCCCCCCCCCCCCCECHCCC	1
4956	5.856	8.099	8.446	33	535	15.2	9.1	CCEHECCHCCCCCCCCHCCCHCCCCCCECHCCC	1
4957	5.921	8.191	9.728	33	535	12.1	9.1	CEEHECCHCCCCCCCCHCCCCCCCCCCCCHCCC	1
4958	5.873	8.196	8.585	33	535	3.0	9.1	CCEHECECCCCCCCCCCCCCCCCCCCCCCCCCC	1
4959	5.814	8.199	8.061	33	535	18.2	6.1	CCEHECCHCCHCCCCCHCCCHCCCCCCCCHCCC	1
4960	5.856	8.113	8.977	33	535	12.1	15.2	CEEHECEHCCCCCCCCCCCCHCCCCCCECHCCC	1
4961	5.850	8.094	9.135	33	535	12.1	15.2	CEEHECEHCCCCCCCCCCCCHCCCCCCECHCCC	1
4962	9.253	7.716	16.789	33	535	15.2	3.0	CCCCCCCHCCCHCCHCCCCCHCCCCCCCCCEHC	0
4963	9.180	7.781	16.647	33	535	15.2	3.0	CCCCCCCHCCCHCCHCCCCCHCCCCCCCCCEHC	0
4964	5.925	8.106	8.757	33	535	9.1	9.1	CEEHECCHCCCCCCCCCCCCCCCCCCCCCHCCC	1
4965	5.910	8.115	10.073	33	535	12.1	15.2	CEEHECEHCCCCCCCCHCCCCCCCCCCECHCCC	1
4966	5.806	8.099	8.474	33	535	15.2	9.1	CCEHECEHCCHCCCCCCCCCHCCCCCCCCHCCC	1
4967	5.961	8.162	8.932	33	535	12.1	15.2	CEEHECEHCCCCCCCCHCCCCCCCCCCECHCCC	1
4968	5.922	8.113	8.701	33	535	15.2	6.1	CCEHECCHCCHCCCCHCCCCCCCCCCCCCHCCC	1
4969	5.957	8.124	8.443	33	535	9.1	9.1	CCEHECECCCCCCCCCCCCCHCCCCCCCCHCCC	1
4970	5.865	8.098	7.947	33	535	12.1	9.1	CCEHECCHCCCCCCCCCCCCHCCCCCCECHCCC	1
4971	5.877	8.150	8.321	33	535	18.2	9.1	CCEHECCHCCHCCCCCHCCCHCCCCCCECHCCC	1
4972	5.888	8.151	8.254	33	535	15.2	6.1	CCEHECCHCCCCCCCCHCCCHCCCCCCCCHCCC	1
4973	5.897	8.113	9.111	33	535	12.1	6.1	CCEHECCHCCCCCCCCHCCCHCCCCCCCCCCCC	1
4974	5.884	8.159	9.062	33	535	12.1	9.1	CCEHECEHCCCCCCCCHCCCHCCCCCCCCCCCC	1
4975	5.791	8.183	9.313	33	535	12.1	9.1	CCEHECEHCCCCCCCCCCCCHCCCCCCCCHCCC	1
4976	5.839	8.220	9.596	33	535	18.2	9.1	CCEHECCHCCCCCCHHCCCCHCCCCCCECHCCC	1
4977	5.897	8.234	9.702	33	535	15.2	9.1	CEEHECCHCCCCCCCCHCCCHCCCCCCCCHCCC	1
4978	5.873	8.348	9.197	33	535	15.2	9.1	CEEHECCHCCCCCCHCCCCCHCCCCCCCCHCCC	1
4979	6.034	8.166	9.998	33	535	15.2	9.1	CCEHECCHCCCCCCCCHCCCHCCCCCCECHCCC	1
4980	6.005	8.184	9.135	33	535	12.1	9.1	CEEHECCHCCCCCCCCCCCCHCCCCCCCCHCCC	1
4981	5.957	8.130	9.781	33	535	15.2	9.1	CCEHECCCCCCCCCHCHCCCCCCHCCCECHCCC	1
4982	5.906	8.146	9.802	33	535	9.1	9.1	CCEHECCHCCCCCCCCCCCCCCCCCCCECHCCC	1
4983	5.868	8.060	9.567	33	535	12.1	9.1	CCEHECEHCCCCCCCCCCCCHCCCCCCCCHCCC	1
4984	5.901	8.114	8.534	33	535	12.1	9.1	CCEHECECCCCCCCCCHCCCCCCCCHCCCHCCC	1
4985	5.895	8.112	8.976	33	535	9.1	9.1	CCEHECEHCCCCCCCCCCCCCCCCCCCCCHCCC	1
4986	5.823	8.137	10.144	33	535	9.1	12.1	CCEHECEHCCCCCCCCCCCCCCCCCCCECHCCC	1
4987	5.915	8.214	10.111	33	535	15.2	12.1	CEEHECCHCCCCCCCCHCCCHCCCCCCECHCCC	1
4988	5.844	8.248	9.836	33	535	9.1	6.1	CCEHECCCCCCCCCCCCCCCHCCCCCCCCHCCC	1
4989	5.923	8.259	9.244	33	535	9.1	15.2	CEEHECEHCCHCCCCCCCCCCCCCCCCECCCCC	1
4990	6.654	7.553	15.490	33	535	21.2	3.0	CHCCCCCHCCCCCCCCCCHCHCCCCHCECCHHC	2
4991	6.663	7.563	15.505	33	535	12.1	3.0	CCCCCCCHCCCCCCCCCCCCHCCCCCCCCEHHC	2
4992	5.740	8.127	10.046	33	535	6.1	12.1	CEEHECCCCCCCCCCCCCCCCCCCCCCECHCCC	1
4993	5.793	8.080	10.388	33	535	15.2	12.1	CCEHECECCCHCCCCCHCCCHCCCCCCECHCCC	1
4994	9.228	7.623	14.968	33	535	15.2	6.1	CCCCCECHCCCHCCHCCCCCHCCCCCCCCCEHC	0
4995	9.206	7.706	15.811	33	535	15.2	6.1	CCCCCCCHCCCHCCHCCECCHCCCCCCCCCEHC	0
4996	9.196	7.732	16.182	33	535	15.2	3.0	CCCCCCCHCCCHCCHCCCCCHCCCCCCCCCEHC	0
4997	9.233	7.633	15.441	33	535	15.2	0.0	CCCCCCCHCCCHCCHCCCCCHCCCCCCCCCCHC	0
4998	9.215	7.684	15.535	33	535	15.2	3.0	CCCCCCCHCCCHCCHCCCCCHCCCCCCCCCEHC	0
4999	9.299	7.768	15.607	33	535	15.2	3.0	CCCCCCCHCCCHCCHCCECCHCCCCCCCCCCHC	0
5000	9.318	7.670	15.484	33	535	15.2	3.0	CCCCCCCHCCCHCCHCCCCCHCCCCCCCCCEHC	0
